0,0,0,-0.022594822,-0.192799828,0.076976528,-0.013304097,-0.340241127,0.106768445,0.006288483,-0.452765858,0.117981828,0.026228677,-0.527946969,0.124301977,-0.008346809,-0.459044496,0.055160406,0.061396963,-0.669721316,0.043827471,0.099292391,-0.801314034,0.043392078,0.1235682,-0.905790959,0.043711973,0.032805324,-0.457132902,0.002850696,0.09301025,-0.709942597,-0.022635005,0.127712873,-0.862400634,-0.035573771,0.149103163,-0.988034071,-0.039457853,0.086851271,-0.426120555,-0.044461787,0.139832981,-0.689378222,-0.073671386,0.164557128,-0.832367892,-0.087553603,0.174028382,-0.958062247,-0.090348929,0.159053996,-0.371446404,-0.083747284,0.214211702,-0.578019162,-0.113611644,0.231203045,-0.695798953,-0.124223424,0.238129957,-0.808086593,-0.125343383,171.495414,174.9061536,176.4186091,176.937903,178.8621103,175.622653,178.2086057,173.0689975,172.7015788,173.4680041,0,0,0,-0.091334762,-0.274204524,0.018643203,-0.280183678,-0.485538678,0.003433079,-0.467618416,-0.593453838,-0.015222031,-0.600847584,-0.625527715,-0.04669196,-0.292190705,-0.622767343,-0.06853387,-0.58245859,-0.590298361,-0.10015288,-0.731725522,-0.558548302,-0.11300692,-0.831310711,-0.542076761,-0.122781458,-0.293948381,-0.489328306,-0.104433922,-0.60467781,-0.457806834,-0.125119854,-0.76839823,-0.439861113,-0.133064138,-0.889249899,-0.419597742,-0.149178745,-0.309288552,-0.321322139,-0.133172048,-0.607379831,-0.320986485,-0.162156196,-0.760755118,-0.326724255,-0.167840432,-0.868272558,-0.334039833,-0.176601083,-0.333619956,-0.122341538,-0.156420438,-0.582611623,-0.153532999,-0.1957277,-0.706285593,-0.169605168,-0.201437774,-0.800323478,-0.185344022,-0.201591065,161.6600625,161.9383315,174.2106242,177.2071781,178.7547735,174.2242665,175.8856383,176.8516334,173.6848087,176.6307527,ATTACK
0,0,0,-0.018080234,-0.193332984,0.082566355,-0.010118539,-0.34106634,0.114858874,0.009458331,-0.452457533,0.127540869,0.032192511,-0.533386205,0.135660497,-0.007864991,-0.456282795,0.060079995,0.067611365,-0.665335372,0.051215407,0.106132755,-0.796474696,0.052231601,0.132122649,-0.901129608,0.053101342,0.031343523,-0.450040892,0.005507385,0.092381888,-0.709494648,-0.018949836,0.125528684,-0.863363477,-0.031435322,0.147673295,-0.988427201,-0.034702539,0.085247367,-0.416553084,-0.043446133,0.139431311,-0.690301569,-0.071294619,0.165113624,-0.833708534,-0.083104813,0.176831075,-0.959313901,-0.084356716,0.158378665,-0.360088582,-0.083909398,0.213604532,-0.571363072,-0.11121753,0.229544164,-0.687768346,-0.118961783,0.237337099,-0.799910076,-0.11785026,170.9788274,174.2031927,175.5608152,177.506455,178.6322013,176.2404988,178.4418497,173.6716143,172.3810358,174.1892942,0,0,0,-0.097940435,-0.252889032,0.009893919,-0.29163551,-0.453205255,-0.010201984,-0.478247551,-0.557506299,-0.033409525,-0.600984777,-0.608784596,-0.070225205,-0.301133067,-0.60197056,-0.068528907,-0.587171735,-0.553421555,-0.10580257,-0.73839492,-0.523349269,-0.127965153,-0.841360915,-0.520470847,-0.145677408,-0.2917539,-0.473649647,-0.10221331,-0.59408886,-0.439647652,-0.125146631,-0.763045802,-0.429100956,-0.138720853,-0.89152363,-0.413581854,-0.160571151,-0.297425105,-0.311536137,-0.130391321,-0.582942962,-0.308177979,-0.159902267,-0.735284818,-0.311374256,-0.168260432,-0.842759321,-0.319152868,-0.180746211,-0.315981288,-0.118051535,-0.154390779,-0.554647072,-0.141417705,-0.193446304,-0.677419332,-0.149365983,-0.200383966,-0.768129753,-0.15722983,-0.203235945,163.1733159,168.7142586,178.1061482,170.3188213,177.1033809,173.9826691,176.6212689,175.4098046,173.6636693,177.9555456,ATTACK
0,0,0,-0.023423506,-0.190493144,0.076337674,-0.015354668,-0.336817986,0.104982086,0.001755151,-0.452505328,0.115418001,0.018153515,-0.541185134,0.121093214,-0.008375746,-0.454587142,0.050457001,0.060381499,-0.673964337,0.037620312,0.094614088,-0.81032823,0.036313259,0.116229511,-0.917997774,0.036604063,0.029917255,-0.447553304,-0.001822781,0.08854209,-0.709844843,-0.026190022,0.120287939,-0.864538626,-0.03834674,0.139476642,-0.989325978,-0.042194504,0.081964219,-0.414972934,-0.049105974,0.135142593,-0.687443576,-0.077289924,0.159324343,-0.83386672,-0.090951546,0.168720344,-0.958215024,-0.094281285,0.154285171,-0.360008499,-0.088376104,0.20943307,-0.569957367,-0.117917947,0.225534733,-0.688108953,-0.128420334,0.231591324,-0.800022422,-0.129824117,172.0690597,177.3756381,175.7254151,177.1161688,178.6540062,176.0656562,178.1965131,173.7000971,172.5542462,173.6235144,0,0,0,-0.091927752,-0.252605883,0.004520338,-0.285040711,-0.453621416,-0.014871592,-0.467584537,-0.562677927,-0.035448474,-0.586439,-0.62862172,-0.068324275,-0.288406035,-0.59670531,-0.075633905,-0.574771316,-0.566732006,-0.113454813,-0.727235411,-0.542968464,-0.135421903,-0.828772812,-0.538400905,-0.152512594,-0.281957361,-0.46441931,-0.105500243,-0.588868978,-0.43866329,-0.130456102,-0.761558896,-0.430924882,-0.144517617,-0.887706175,-0.416646733,-0.165988516,-0.292152081,-0.297297305,-0.130130899,-0.583077789,-0.299033044,-0.161677096,-0.739018573,-0.307796904,-0.16954739,-0.846484036,-0.315344678,-0.180482397,-0.314722714,-0.101211264,-0.151017378,-0.551864946,-0.127157096,-0.194106712,-0.675940476,-0.140753073,-0.203200463,-0.769694347,-0.153388469,-0.206149305,164.6735957,171.7092416,177.0261448,173.5879084,177.7156893,173.6911167,175.5930252,176.904143,173.8983777,177.1278934,ATTACK
0,0,0,-0.016403833,-0.201673677,0.082958662,-0.007054424,-0.344120542,0.114947899,0.015591554,-0.455171097,0.127001591,0.036355096,-0.537905649,0.134132231,-0.000129599,-0.458144803,0.06143299,0.076537366,-0.673595743,0.052657357,0.117323803,-0.809471706,0.052640697,0.145736699,-0.917737344,0.052356175,0.041397107,-0.450418727,0.006194305,0.100392055,-0.714400277,-0.015930437,0.130883529,-0.86737986,-0.027944574,0.150399905,-0.988102125,-0.03215679,0.094096562,-0.415547845,-0.043599788,0.1474032,-0.691873483,-0.068796724,0.172004661,-0.832414489,-0.078901453,0.183906934,-0.95164679,-0.080615323,0.164016088,-0.356214621,-0.085326238,0.216718559,-0.566512424,-0.111219789,0.232024524,-0.68367741,-0.11849664,0.240804358,-0.795865137,-0.11803925,169.8969506,177.0672792,176.3498393,177.9107604,178.5758158,176.749725,178.4744571,174.6519001,172.6100676,175.1759204,0,0,0,-0.089358921,-0.25672607,0.003229343,-0.276026486,-0.463132329,-0.019134756,-0.457575507,-0.574396324,-0.042449144,-0.586818108,-0.629797767,-0.07892874,-0.290377873,-0.601935869,-0.07792683,-0.581031619,-0.557556888,-0.119410354,-0.733701241,-0.528260262,-0.143129883,-0.835928291,-0.517886606,-0.160179026,-0.287346556,-0.466539041,-0.108867756,-0.598959508,-0.4316886,-0.136942325,-0.77325628,-0.417785334,-0.150859099,-0.901412342,-0.397683138,-0.171183852,-0.299290279,-0.29880388,-0.135049785,-0.594878563,-0.294275086,-0.170103927,-0.755657033,-0.304486608,-0.177894456,-0.867416586,-0.31212847,-0.187418347,-0.321642518,-0.101801894,-0.157474846,-0.568088576,-0.12804328,-0.200808778,-0.695538005,-0.146625579,-0.20826166,-0.792130857,-0.16489701,-0.209731557,163.6108951,168.352963,177.6834065,174.8923588,178.0305937,173.8321248,173.9629232,177.7856303,173.0116741,176.4792548,ATTACK
0,0,0,-0.019917505,-0.194294281,0.074170702,-0.010696168,-0.340739956,0.102020928,0.011652135,-0.456200735,0.111447494,0.034977173,-0.541537761,0.11688231,-0.010433211,-0.455959582,0.052655023,0.065217933,-0.669496872,0.040056543,0.104575899,-0.800232629,0.038267298,0.131716722,-0.904779723,0.037429388,0.029362233,-0.450946114,0.000835742,0.092227465,-0.711006045,-0.024550213,0.127806864,-0.863338639,-0.039029029,0.152175177,-0.98735641,-0.044385089,0.083620101,-0.417699492,-0.046192951,0.137680893,-0.691374898,-0.074508265,0.165753436,-0.834858693,-0.089051283,0.180202891,-0.958971477,-0.093107421,0.157658827,-0.361797816,-0.085719086,0.211657217,-0.56959052,-0.115636219,0.229262057,-0.688500467,-0.127537601,0.239167569,-0.803196107,-0.129823845,170.443048,175.5028076,176.2945125,177.7015537,179.3512481,176.4525258,179.511381,174.1318092,173.4661807,174.2685052,0,0,0,-0.090831915,-0.257277461,0.012322242,-0.280738713,-0.468396193,-0.00250392,-0.459785958,-0.591831205,-0.021799707,-0.585165079,-0.658323174,-0.054320233,-0.294756894,-0.618684763,-0.05317383,-0.581912815,-0.582710229,-0.089892632,-0.730645411,-0.556269108,-0.113262359,-0.828395115,-0.544712229,-0.130576113,-0.292028825,-0.486166532,-0.088214482,-0.601638659,-0.448799407,-0.112699275,-0.769524576,-0.427235446,-0.127761737,-0.893322597,-0.401540115,-0.148776334,-0.305068087,-0.318732182,-0.119461353,-0.599551213,-0.3054289,-0.152077098,-0.75822142,-0.310189497,-0.162583285,-0.870998567,-0.315392186,-0.174433719,-0.328464948,-0.118882556,-0.14669867,-0.576084606,-0.138472065,-0.189602302,-0.704330602,-0.156425832,-0.200233995,-0.806284716,-0.178257108,-0.20426011,166.4192482,169.7658403,176.6506933,176.430477,179.0945522,173.7995999,174.9934928,177.5167677,173.8272543,175.1454633,ATTACK
0,0,0,-0.021180648,-0.192475086,0.083408784,-0.012029693,-0.341732926,0.114535236,0.010657394,-0.458158852,0.126088481,0.039841905,-0.541114942,0.132426128,-0.01028983,-0.453486501,0.054775373,0.065631707,-0.663228062,0.045989408,0.10398531,-0.790790417,0.047594047,0.129925406,-0.89319688,0.048578409,0.031120767,-0.445005116,-0.000912097,0.092415946,-0.704541973,-0.023132611,0.126417907,-0.860647844,-0.035558179,0.148099033,-0.988138122,-0.04061685,0.085016474,-0.410588641,-0.050495711,0.138674034,-0.680940792,-0.075870869,0.16469197,-0.829532273,-0.089989298,0.175830476,-0.957924364,-0.095422627,0.157834634,-0.355422659,-0.091429564,0.210866172,-0.563357239,-0.120056705,0.226802386,-0.682592141,-0.132251028,0.233777898,-0.79676521,-0.135811947,170.3113042,171.5266434,175.6481111,177.4064561,178.859156,176.5232871,178.6286881,174.210846,173.0896091,174.2329189,0,0,0,-0.084813975,-0.264078573,0.00278594,-0.270186473,-0.474122904,-0.021300549,-0.452692966,-0.58980929,-0.047250253,-0.579312365,-0.657418976,-0.085991218,-0.273980934,-0.615085767,-0.085984874,-0.571998957,-0.584095759,-0.13270962,-0.725005984,-0.554858086,-0.158028787,-0.824855704,-0.537365265,-0.175646345,-0.274916109,-0.471693268,-0.118792147,-0.592994486,-0.434861914,-0.154305042,-0.767031341,-0.408814757,-0.171947449,-0.891719771,-0.381192222,-0.19614067,-0.290599618,-0.295426971,-0.147418238,-0.588986111,-0.286676641,-0.188727654,-0.754669525,-0.290766213,-0.202065595,-0.868731674,-0.294456797,-0.217011882,-0.317177921,-0.094985129,-0.171951422,-0.565200175,-0.1189329,-0.221193993,-0.697898075,-0.139397424,-0.235385036,-0.800954411,-0.161482404,-0.24332799,163.7627642,170.7241244,175.1347763,178.7179381,177.9431736,173.6026177,175.4739595,177.0292853,173.9044763,176.1949756,ATTACK
0,0,0,-0.017971091,-0.197508268,0.080867801,-0.007914675,-0.344516778,0.110332893,0.015727835,-0.459959123,0.119691641,0.038574672,-0.547859608,0.124139245,-0.004189338,-0.453596758,0.058842915,0.072766617,-0.665152287,0.049791855,0.112116263,-0.795765789,0.049675512,0.140479033,-0.901299974,0.049220053,0.037470861,-0.445319313,0.003484457,0.099241151,-0.708095603,-0.019194058,0.132326544,-0.862593682,-0.032643171,0.154112861,-0.987322053,-0.038005133,0.091547843,-0.411509704,-0.046344427,0.147043199,-0.687057794,-0.070724209,0.173053259,-0.830286949,-0.081671847,0.185591878,-0.954582085,-0.084490183,0.163592418,-0.355960944,-0.088386117,0.217323359,-0.566081746,-0.113325692,0.234424956,-0.683924912,-0.120900246,0.244297529,-0.798224362,-0.120999517,169.821428,176.4843961,176.0365329,178.1704408,178.7732672,176.6863548,178.6445629,174.5368182,173.2514595,175.0750432,0,0,0,-0.083172876,-0.260088246,-0.001591235,-0.26796426,-0.470392524,-0.027489422,-0.450120673,-0.589499508,-0.053951442,-0.576600103,-0.658938957,-0.093388629,-0.276145596,-0.609668328,-0.091568762,-0.57129498,-0.58023816,-0.141983762,-0.724827185,-0.549965176,-0.170071673,-0.824715664,-0.533007491,-0.189069003,-0.271968231,-0.464852859,-0.122255276,-0.591245312,-0.429312585,-0.161036682,-0.767588149,-0.403982719,-0.17940628,-0.891538431,-0.378518968,-0.202974166,-0.285730836,-0.287846044,-0.148913064,-0.588389202,-0.283131605,-0.193276768,-0.757426884,-0.285963843,-0.204322156,-0.871329544,-0.29054705,-0.215923447,-0.310896104,-0.086718373,-0.171722805,-0.563711447,-0.112690299,-0.22157677,-0.694524464,-0.128233052,-0.232067895,-0.792232259,-0.145959142,-0.235908472,164.4785248,170.5741105,174.5683675,178.2906104,177.869451,174.194141,175.0167561,177.4423917,173.3667865,175.7264614,ATTACK
0,0,0,-0.015273123,-0.204213014,0.080949209,-0.005053191,-0.35306651,0.110082708,0.018301931,-0.468964124,0.118481065,0.045873254,-0.551974989,0.12208599,-0.0033079,-0.461429511,0.063215872,0.075976571,-0.66605046,0.05568352,0.117289093,-0.793500721,0.056514638,0.146430033,-0.897827552,0.056299803,0.039614109,-0.457871404,0.007200017,0.105699464,-0.709921587,-0.015197362,0.141809258,-0.861528636,-0.028677632,0.165353029,-0.985651157,-0.033914204,0.094966145,-0.424517673,-0.043516947,0.153648146,-0.69216155,-0.067331438,0.180653711,-0.832349199,-0.077552772,0.193069439,-0.956308688,-0.079624394,0.167078528,-0.366607126,-0.0866739,0.22481804,-0.574928379,-0.109640069,0.243861405,-0.692636582,-0.115541993,0.254868796,-0.806854771,-0.114418833,169.8114983,172.7973808,175.9995752,177.5286557,178.6296699,176.2675279,178.2368426,173.9169294,172.9171425,174.9552344,0,0,0,-0.079603107,-0.251248389,-0.008806704,-0.271750743,-0.462262016,-0.036038592,-0.454453796,-0.580660232,-0.062260514,-0.582971328,-0.650316162,-0.100711883,-0.279912594,-0.602886903,-0.092153907,-0.574980638,-0.571808151,-0.141479089,-0.728311386,-0.543092291,-0.170041083,-0.827267721,-0.528727729,-0.189934478,-0.278812471,-0.458048741,-0.118970721,-0.592962063,-0.432739073,-0.156801163,-0.767666887,-0.409660644,-0.176082946,-0.890715356,-0.384806661,-0.200283887,-0.294794688,-0.280103161,-0.1424123,-0.587935004,-0.285021883,-0.186634737,-0.755612723,-0.29110802,-0.200369381,-0.8701566,-0.295309987,-0.213783551,-0.321953484,-0.079041598,-0.162602863,-0.564427834,-0.10786789,-0.212295924,-0.692473486,-0.126223468,-0.224736737,-0.789893419,-0.144407327,-0.230407692,165.2747906,170.9632425,175.3459793,177.434339,176.9932394,173.9158804,175.9119908,177.8950035,173.8089694,176.6436733,ATTACK
0,0,0,-0.022153353,-0.198011669,0.068923172,-0.013816856,-0.353837437,0.092739999,0.005983397,-0.474595316,0.098016682,0.028865957,-0.559207516,0.098946125,-0.007029711,-0.463938796,0.051105804,0.06628035,-0.674848226,0.036783147,0.105671461,-0.807508488,0.032854143,0.129944112,-0.913916411,0.031009832,0.035054884,-0.461303267,-0.000146807,0.103304978,-0.706496816,-0.025790136,0.141735248,-0.858818519,-0.041209102,0.164330008,-0.985261864,-0.047483756,0.089935749,-0.432031242,-0.04738046,0.151030419,-0.687434393,-0.074565245,0.178400079,-0.83099638,-0.088276025,0.189699296,-0.955957375,-0.091923667,0.161931014,-0.378478839,-0.087936648,0.222031388,-0.584197878,-0.112566682,0.241648256,-0.702380493,-0.119375949,0.251131901,-0.814692795,-0.118663847,171.1969634,173.8574415,176.6359806,176.209597,178.530187,175.0683664,177.256689,173.2556547,172.3912561,174.1225127,0,0,0,-0.089171092,-0.253481776,0.002954921,-0.27551652,-0.459476676,-0.021800253,-0.452252822,-0.575564752,-0.049193627,-0.58211554,-0.640894689,-0.089901457,-0.279707515,-0.603972342,-0.085192217,-0.574570096,-0.562914917,-0.135346592,-0.728648583,-0.532552309,-0.164910459,-0.830718932,-0.516034171,-0.185936878,-0.280062021,-0.46737387,-0.121358209,-0.596324706,-0.428899767,-0.160406689,-0.773259058,-0.404134335,-0.181204397,-0.902427775,-0.377759715,-0.20717555,-0.294495129,-0.2921593,-0.153619529,-0.598807075,-0.281074856,-0.198226784,-0.764503005,-0.280836591,-0.210987971,-0.879608546,-0.28435755,-0.225359688,-0.319149692,-0.084412529,-0.182245397,-0.567892601,-0.111960435,-0.235672834,-0.703234049,-0.132550161,-0.249992818,-0.808882375,-0.156578347,-0.257717545,165.3310792,169.4995254,176.601405,177.7969837,178.8026169,174.2436479,175.5629054,176.6658475,173.4740636,175.3870182,ATTACK
0,0,0,-0.034504356,-0.19040007,0.074746275,-0.029435947,-0.354931154,0.105469275,-0.013633615,-0.486196999,0.119317227,-0.011554051,-0.576774388,0.129385531,-0.012814151,-0.493024156,0.059903788,0.063387064,-0.704283954,0.053427783,0.103377679,-0.83409003,0.054468496,0.126269593,-0.9356059,0.055741491,0.035169821,-0.488175163,0.010978337,0.108974358,-0.726370076,-0.002993429,0.148152155,-0.869305994,-0.008527891,0.16792629,-0.985749379,-0.009945976,0.093169652,-0.456458369,-0.033991393,0.158705779,-0.696026842,-0.049456634,0.187252953,-0.830192616,-0.056919499,0.196664587,-0.944726767,-0.059180952,0.165253705,-0.401141663,-0.072208022,0.227165904,-0.596902096,-0.090550415,0.247208162,-0.713467532,-0.096972837,0.254049465,-0.821348796,-0.097741131,173.1566317,174.4362159,176.5405955,175.5372873,177.7816371,174.102808,176.652125,172.403876,171.9565581,173.2793605,0,0,0,-0.086125272,-0.264839523,0.009547339,-0.276001313,-0.486166073,-0.00844316,-0.456089705,-0.610922059,-0.028462499,-0.59086451,-0.684428975,-0.059211124,-0.285119897,-0.63231671,-0.079309501,-0.578108681,-0.611394942,-0.118726593,-0.72710452,-0.577678841,-0.134553717,-0.818028747,-0.556415514,-0.145707738,-0.284950362,-0.481456278,-0.114072303,-0.604046373,-0.453032071,-0.143147355,-0.765859824,-0.426777123,-0.150752971,-0.876908652,-0.412019229,-0.166568218,-0.302276025,-0.295175025,-0.144504834,-0.61592349,-0.283642249,-0.180450365,-0.773051155,-0.281857299,-0.182526419,-0.8797764,-0.288258638,-0.189267469,-0.332299249,-0.079322641,-0.170907503,-0.592549027,-0.104593173,-0.215901327,-0.722165897,-0.127490947,-0.224982433,-0.822503565,-0.158544264,-0.228890907,165.2760256,171.3936011,171.2050605,178.7652964,175.1384665,174.3341939,174.0182562,174.9723151,172.658376,172.5687337,ATTACK
0,0,0,-0.043101225,-0.18179629,0.091061452,-0.040142193,-0.341610462,0.131551329,-0.02028129,-0.480962115,0.154350363,-0.023856159,-0.580090647,0.173054985,-0.007588067,-0.490996351,0.067921496,0.063516314,-0.710368466,0.064985309,0.100985013,-0.843186074,0.069489176,0.123947622,-0.9445878,0.073527932,0.041437044,-0.481239256,0.014901748,0.116575331,-0.731308872,0.004190518,0.154419946,-0.874895273,0.003945154,0.172278067,-0.985029179,0.00614686,0.097833013,-0.443526531,-0.032403551,0.165780145,-0.690514291,-0.045580148,0.193967965,-0.828770169,-0.04996802,0.203756554,-0.937627213,-0.050182452,0.165979984,-0.382914471,-0.071239479,0.229269832,-0.580717554,-0.088843769,0.24873306,-0.696076482,-0.095363689,0.256317119,-0.798442189,-0.096401666,171.4533842,169.8509126,176.5566897,176.9281616,176.9772181,174.282816,175.94495,173.3755935,171.6710708,174.0273957,0,0,0,-0.087690152,-0.271640469,0.003202122,-0.279700221,-0.489362506,-0.019245393,-0.464931827,-0.608056212,-0.042881216,-0.598556752,-0.685538471,-0.077602718,-0.284707603,-0.630251087,-0.092802042,-0.590934875,-0.603772689,-0.137043266,-0.739142588,-0.563156942,-0.15417277,-0.826549426,-0.537916521,-0.165716213,-0.280452263,-0.467980341,-0.125187028,-0.608042862,-0.436128032,-0.160893022,-0.769980307,-0.403647094,-0.172860759,-0.877917293,-0.3792222,-0.192576047,-0.294047755,-0.273204775,-0.153207742,-0.607687459,-0.259774228,-0.197246308,-0.769000724,-0.255621385,-0.205816136,-0.876242925,-0.257634098,-0.216410858,-0.321630038,-0.057798937,-0.176553199,-0.583630131,-0.089936784,-0.226482156,-0.714831316,-0.109051996,-0.238476981,-0.814107065,-0.131593374,-0.244588156,164.0291403,172.9735431,169.5244261,178.6113964,173.8589251,173.8417805,174.9296724,176.2940586,174.2796683,175.1281405,ATTACK
0,0,0,-0.046692372,-0.183113931,0.078490001,-0.043631642,-0.347601382,0.114609662,-0.021370467,-0.486925491,0.135136263,-0.029165496,-0.581743423,0.151176255,-0.010818534,-0.491127164,0.05429193,0.062130181,-0.707036691,0.0461026,0.102625113,-0.841584876,0.045683723,0.126122828,-0.944418312,0.046573569,0.041725444,-0.480762118,0.007311706,0.116978725,-0.726254839,-0.006947934,0.155422676,-0.871336584,-0.011511215,0.17379959,-0.98470272,-0.012419957,0.101143408,-0.443224759,-0.034559787,0.166610009,-0.686369517,-0.050971933,0.195680769,-0.824142688,-0.059507742,0.206727913,-0.932791749,-0.062236627,0.169874469,-0.383954353,-0.068904378,0.232692776,-0.577754379,-0.087170199,0.254286877,-0.691818401,-0.094724243,0.264725798,-0.7927443,-0.096562266,171.0994835,166.3157969,177.264765,176.0221653,177.3309863,174.1943219,176.8042778,173.5391378,172.6285272,174.4558704,0,0,0,-0.088498386,-0.286481456,0.013184454,-0.284985926,-0.51702216,-0.005279069,-0.472201489,-0.638642938,-0.027555685,-0.616754281,-0.708041623,-0.060368306,-0.293256709,-0.641646523,-0.09408667,-0.614498613,-0.632962217,-0.141974046,-0.75285542,-0.582087476,-0.155470705,-0.819329345,-0.550131262,-0.161415674,-0.294809983,-0.475902123,-0.130225947,-0.635684111,-0.470141202,-0.170102387,-0.784552705,-0.437260937,-0.172667491,-0.86641653,-0.408141035,-0.181800896,-0.313294668,-0.276451784,-0.16174094,-0.639302101,-0.292264069,-0.210433892,-0.797811591,-0.293767237,-0.209875111,-0.893500893,-0.295162402,-0.210618962,-0.346261701,-0.059650857,-0.18745202,-0.617586217,-0.109748655,-0.241806578,-0.754566954,-0.134756538,-0.251220739,-0.856350348,-0.158885129,-0.252523732,163.3491144,170.6340415,161.2058935,174.4370967,167.1885525,171.2517085,171.014975,178.9664777,172.697714,175.5916114,ATTACK
0,0,0,-0.048473138,-0.180798518,0.069632512,-0.042086628,-0.351018862,0.101014896,-0.022994001,-0.489737739,0.118115586,-0.038133954,-0.582299684,0.130667896,-0.006851474,-0.498570718,0.045432247,0.064109449,-0.71281402,0.035671376,0.104123838,-0.84629602,0.033725415,0.126865449,-0.948037371,0.033341539,0.045317928,-0.487773749,0.000800492,0.119089215,-0.727785379,-0.010809379,0.157929995,-0.871258701,-0.014878285,0.176978595,-0.984070851,-0.016826653,0.104878519,-0.447846744,-0.039560015,0.171549961,-0.685056817,-0.053449289,0.200688993,-0.821944119,-0.062384649,0.210775883,-0.931761615,-0.066925097,0.173001706,-0.38694572,-0.073491585,0.235671757,-0.575999219,-0.092446897,0.256913959,-0.690136249,-0.101581055,0.26557083,-0.792583277,-0.105093004,173.3701562,162.9901759,177.6048594,175.8279371,177.7328563,174.3771871,176.2685563,173.0926785,172.1575693,173.7251853,0,0,0,-0.084563318,-0.293489615,0.014388697,-0.277063092,-0.526843217,-0.001594172,-0.463347442,-0.650364504,-0.02171498,-0.607981629,-0.71393075,-0.052756814,-0.290939275,-0.642107256,-0.089868704,-0.603641364,-0.631013828,-0.133284201,-0.744173943,-0.58543481,-0.143235543,-0.817779448,-0.55638977,-0.147197817,-0.293049744,-0.483655789,-0.125883988,-0.623750019,-0.471422501,-0.160710926,-0.776842821,-0.445569191,-0.161519189,-0.869921983,-0.422040044,-0.169668106,-0.31002542,-0.290472464,-0.157013706,-0.631463745,-0.293114887,-0.201474668,-0.788932731,-0.294066318,-0.199510659,-0.889405838,-0.294487163,-0.199395041,-0.341401167,-0.074717511,-0.1827291,-0.607994414,-0.115579863,-0.236130081,-0.743817785,-0.138877659,-0.245608314,-0.847612603,-0.161852325,-0.246217227,162.9720877,168.577605,163.631859,176.2201317,170.5952525,173.4877018,171.3914342,179.0107582,172.6405674,175.4065,ATTACK
0,0,0,-0.056866813,-0.175893066,0.092052913,-0.056434803,-0.340623538,0.1356174,-0.035394861,-0.483941802,0.162632725,-0.050214041,-0.580839005,0.184973663,-0.015692525,-0.491013663,0.06763251,0.053941447,-0.713075696,0.067346669,0.093466579,-0.847089824,0.072523236,0.117581396,-0.947513874,0.077350666,0.03900064,-0.48083555,0.018136726,0.114064603,-0.731035421,0.012027097,0.152340629,-0.875707274,0.01301804,0.170755387,-0.985190604,0.01555864,0.09892144,-0.441895724,-0.025043743,0.168024411,-0.687044669,-0.034786467,0.196928248,-0.826580834,-0.040603395,0.206780825,-0.934315725,-0.042342712,0.167076263,-0.381615093,-0.059080649,0.231125587,-0.579090178,-0.071728908,0.250855512,-0.691447047,-0.076469495,0.258301969,-0.79171542,-0.077078092,170.9280059,163.1464678,177.5492463,176.9610386,177.4081878,174.6161066,175.9323611,173.3459943,171.9062017,173.9057337,0,0,0,-0.091639519,-0.290905986,0.021988392,-0.285737284,-0.520575971,0.011646212,-0.467005302,-0.645784651,-0.00518925,-0.602523217,-0.714400926,-0.032845985,-0.296834945,-0.653742389,-0.061779219,-0.601692538,-0.635068956,-0.101741122,-0.740005154,-0.588667446,-0.119412662,-0.817905098,-0.560326693,-0.130634021,-0.297133169,-0.497112893,-0.100883336,-0.619378067,-0.466285615,-0.13160209,-0.768663879,-0.436953131,-0.139584619,-0.867367077,-0.417011175,-0.154265587,-0.314484344,-0.305632547,-0.135637087,-0.626355708,-0.295151389,-0.173525431,-0.778314052,-0.296358981,-0.175138718,-0.879675391,-0.298974716,-0.179054111,-0.348445421,-0.088519039,-0.165072191,-0.609441458,-0.125050382,-0.208447124,-0.73743948,-0.144929417,-0.214280266,-0.834835576,-0.164182611,-0.213992873,164.6629517,170.2408751,165.0569947,178.1740579,173.8411554,174.6480922,173.2296834,177.9579792,173.1502387,176.3029371,ATTACK
0,0,0,-0.055658493,-0.176847189,0.077936565,-0.054680895,-0.346489742,0.114516996,-0.037395169,-0.48893743,0.135505124,-0.051962354,-0.586985824,0.152020901,-0.01564226,-0.495511779,0.059739123,0.05386774,-0.712917661,0.055659655,0.092872648,-0.844823388,0.057075535,0.115109044,-0.944398712,0.058974811,0.039277941,-0.488198748,0.01302907,0.1146046,-0.731302052,0.006127755,0.1523154,-0.875674719,0.003488811,0.169247576,-0.98557005,0.002633304,0.100183631,-0.449064878,-0.029068175,0.167612201,-0.690920474,-0.039668011,0.197242241,-0.829269491,-0.049155525,0.20799953,-0.93653055,-0.054326732,0.169152048,-0.386837885,-0.06378161,0.233584657,-0.579416234,-0.079221916,0.253725294,-0.691396845,-0.087066325,0.260934121,-0.79037673,-0.090209549,172.4443436,164.7622443,177.8941469,176.0400041,177.3246945,174.0645003,176.2062448,173.5294743,171.6913273,173.5804275,0,0,0,-0.083840906,-0.284144173,0.021388338,-0.275589133,-0.519328503,0.010204232,-0.460882749,-0.651715977,-0.007048307,-0.602601271,-0.725213295,-0.035918671,-0.298512185,-0.662666225,-0.062211734,-0.602154712,-0.636908803,-0.096809335,-0.742371761,-0.589334402,-0.107542717,-0.819886877,-0.561006569,-0.114267837,-0.302001447,-0.50643993,-0.102206238,-0.625654993,-0.471301842,-0.124524777,-0.777591672,-0.44799017,-0.127118946,-0.880383905,-0.429847518,-0.138969179,-0.321022886,-0.313335076,-0.13740708,-0.637890832,-0.297559279,-0.169820675,-0.785613554,-0.303272398,-0.166177745,-0.884890483,-0.310965602,-0.168088737,-0.353555739,-0.09074901,-0.167841863,-0.615107696,-0.122741307,-0.211534375,-0.742069894,-0.146373029,-0.216348714,-0.840880233,-0.173020949,-0.215192791,164.5914376,169.9801708,165.9610779,178.3665951,176.0722513,174.2946754,171.1452431,176.5668452,171.8769175,174.6131496,ATTACK
0,0,0,-0.059378358,-0.179575291,0.070785394,-0.056769567,-0.346866037,0.104145768,-0.035168521,-0.493192936,0.122868558,-0.0461776,-0.59801042,0.137740125,-0.015196091,-0.504219944,0.05749716,0.057532463,-0.719265639,0.053484803,0.097297065,-0.848800103,0.05441262,0.120479918,-0.948120073,0.055388027,0.044913763,-0.495958919,0.014192585,0.119177316,-0.738628585,0.006840348,0.157201755,-0.877708263,0.00384656,0.176106886,-0.984368007,0.002447919,0.108431839,-0.455511665,-0.02514833,0.174604159,-0.698077974,-0.035256475,0.204384726,-0.828773015,-0.042841022,0.216523418,-0.930175637,-0.046759166,0.177937759,-0.391790847,-0.058096963,0.239007145,-0.58240119,-0.071379939,0.259285043,-0.694773108,-0.07748252,0.267930714,-0.792182786,-0.079450282,171.5384014,165.6995045,177.7978072,176.0237402,178.149303,174.7089775,177.358872,173.8770468,172.4224925,174.4686762,0,0,0,-0.087600616,-0.282833522,0.0059407,-0.280412775,-0.525124267,-0.009443781,-0.465482813,-0.655967135,-0.02710368,-0.605171436,-0.725126805,-0.056880431,-0.298016486,-0.652913313,-0.078442267,-0.602414833,-0.617358459,-0.115142849,-0.743303306,-0.571161157,-0.128378576,-0.824638874,-0.548656117,-0.137648801,-0.299329541,-0.493636514,-0.110075697,-0.618710301,-0.454505713,-0.135695925,-0.776995769,-0.427995811,-0.143037226,-0.882826706,-0.402786336,-0.158879367,-0.313454725,-0.303135655,-0.137213976,-0.617877126,-0.285050561,-0.173419315,-0.77579607,-0.291004558,-0.177962989,-0.880232168,-0.294457528,-0.185517733,-0.338719375,-0.089250579,-0.160369558,-0.589899171,-0.114701046,-0.207699658,-0.721792753,-0.138641366,-0.217834188,-0.822601039,-0.162227338,-0.220595507,163.7185356,169.0971489,168.4268378,176.9786393,176.7774771,173.1009167,172.4314587,177.3947458,172.2604767,175.9188045,ATTACK
0,0,0,-0.055625056,-0.178040119,0.078653969,-0.054319988,-0.346880553,0.116264604,-0.035524226,-0.491063861,0.13783046,-0.045696894,-0.59391434,0.155460645,-0.012260138,-0.500368294,0.067069885,0.056989093,-0.716039797,0.064458335,0.096102452,-0.845416649,0.065603507,0.119807448,-0.944154794,0.066725596,0.043048932,-0.493894936,0.02028173,0.116406957,-0.736115701,0.013770294,0.155213834,-0.876810211,0.010446409,0.17505299,-0.984519006,0.008875704,0.103772543,-0.455340033,-0.022310256,0.170750124,-0.697353923,-0.032143465,0.201659765,-0.830641907,-0.041011716,0.215417784,-0.934255099,-0.045721279,0.173585176,-0.391596706,-0.057749519,0.237479514,-0.582978474,-0.071342409,0.257680241,-0.694578907,-0.078223789,0.266583532,-0.79209423,-0.080786208,171.9757022,167.0152295,178.4106959,176.6208287,178.4832449,174.9599811,177.1368552,174.3689483,171.7880946,174.551842,0,0,0,-0.083061631,-0.283570755,0.004193228,-0.277325679,-0.506632908,-0.016685547,-0.459921416,-0.629032189,-0.040581311,-0.595386446,-0.715902712,-0.073774129,-0.282504665,-0.637516823,-0.08992322,-0.590131882,-0.627141031,-0.140975332,-0.733127441,-0.584894522,-0.161677373,-0.811987079,-0.557499078,-0.17283449,-0.284171084,-0.476653194,-0.122433477,-0.608173383,-0.462611374,-0.16164089,-0.762453214,-0.440817819,-0.168815281,-0.860005069,-0.421035088,-0.181266031,-0.301123453,-0.282643072,-0.151829452,-0.611853698,-0.281780215,-0.198940238,-0.769354074,-0.287967071,-0.199179014,-0.872200586,-0.293632249,-0.199987222,-0.333471453,-0.067724066,-0.177165098,-0.594369513,-0.098140201,-0.229634128,-0.729048801,-0.122718494,-0.237765984,-0.83091448,-0.14623039,-0.23724231,164.7854964,174.3975532,165.5487784,177.1970071,172.9918474,174.3103594,171.1167952,178.7790009,171.2749126,175.3959554,ATTACK
0,0,0,-0.04844593,-0.18128446,0.079678238,-0.045966916,-0.348607954,0.115861425,-0.029120676,-0.48932763,0.135732302,-0.040880862,-0.589800352,0.150981271,-0.007505237,-0.498462584,0.06166228,0.065111124,-0.715011212,0.058361409,0.106154938,-0.84273888,0.059839435,0.131364275,-0.94136708,0.061677462,0.047777194,-0.491435405,0.01394052,0.126218098,-0.730518229,0.009190556,0.166544631,-0.873137246,0.007405895,0.185026231,-0.982711894,0.006528926,0.108353479,-0.453341171,-0.029052753,0.178074156,-0.687092248,-0.035101711,0.210321081,-0.8200106,-0.04181197,0.223494525,-0.924303748,-0.046117532,0.176387041,-0.391490356,-0.065100845,0.242198324,-0.580357881,-0.076274276,0.26379878,-0.690419585,-0.081371281,0.272001648,-0.787248891,-0.082941824,172.7406777,166.6124221,178.2950896,176.4482254,177.5454302,173.7539635,176.6852707,173.5242303,171.8629719,173.4897368,0,0,0,-0.099675514,-0.264494885,0.006772315,-0.294785843,-0.48016104,-0.012346335,-0.47596579,-0.608228036,-0.034779938,-0.607978148,-0.68741967,-0.067693719,-0.291424194,-0.632225155,-0.073396752,-0.584807821,-0.608643875,-0.115692556,-0.73014627,-0.570673886,-0.1350648,-0.82008458,-0.552563797,-0.148776789,-0.289478974,-0.484105811,-0.107204072,-0.60962137,-0.453572219,-0.140219347,-0.770319954,-0.427433136,-0.154016541,-0.88159351,-0.408127935,-0.174241151,-0.305729409,-0.299529279,-0.13724145,-0.616907212,-0.282097796,-0.18039663,-0.774096701,-0.282650274,-0.19011098,-0.879559023,-0.289135674,-0.200624348,-0.336673807,-0.086429807,-0.162912149,-0.594605869,-0.110499614,-0.212694873,-0.725507349,-0.131366024,-0.225079349,-0.82546754,-0.155849892,-0.230392954,167.2641651,172.3864042,169.9958135,176.4934023,176.0529552,174.6123844,174.45946,175.9934815,173.3174198,174.6840592,ATTACK
0,0,0,-0.048175121,-0.178583147,0.080490416,-0.045858746,-0.344669196,0.117232184,-0.029296741,-0.48258225,0.137795825,-0.041648867,-0.57887851,0.154040688,-0.007224561,-0.498622893,0.063812627,0.066188709,-0.712729125,0.062111317,0.105747688,-0.841634102,0.064621624,0.128779004,-0.941410748,0.066977881,0.04626948,-0.491946044,0.016095834,0.126724839,-0.730817814,0.012354011,0.166684683,-0.872932654,0.011411143,0.185233351,-0.982632697,0.011026762,0.105505115,-0.454926374,-0.026909593,0.177285219,-0.687810523,-0.032205306,0.20913686,-0.820656655,-0.038515882,0.221218388,-0.925969035,-0.042787859,0.172925929,-0.394663804,-0.062899666,0.239015063,-0.583047039,-0.074043565,0.260409462,-0.694140686,-0.079693955,0.268679807,-0.793647818,-0.081797235,172.7842302,165.9618342,177.554901,175.8849447,177.0114733,173.8620793,176.0634735,173.0337661,171.555944,173.6043665,0,0,0,-0.088152557,-0.268151454,-0.001903716,-0.276847331,-0.48087771,-0.028001745,-0.449205333,-0.60320459,-0.056296115,-0.576283676,-0.68866588,-0.094757002,-0.269599468,-0.620756585,-0.100682747,-0.561708504,-0.606259209,-0.155734363,-0.709535865,-0.576382309,-0.182424948,-0.802680471,-0.561807437,-0.200191072,-0.266207878,-0.467968053,-0.134530227,-0.585766817,-0.449832806,-0.181800699,-0.750536538,-0.428034653,-0.199609169,-0.865273787,-0.414360217,-0.221659862,-0.282408843,-0.280814529,-0.164918466,-0.590736532,-0.271258988,-0.219283793,-0.753955559,-0.272866942,-0.229721933,-0.865743717,-0.275759822,-0.239563405,-0.318352561,-0.070086562,-0.19167037,-0.569825176,-0.092985415,-0.248763951,-0.704825323,-0.114748342,-0.262622611,-0.808349909,-0.133787024,-0.268720682,166.795244,173.346495,171.5130898,177.3221424,175.1406881,175.2049662,173.22931,178.2078204,172.0044319,177.1284829,ATTACK
0,0,0,-0.047495933,-0.190124616,0.07888189,-0.044285566,-0.351558126,0.112404929,-0.024767682,-0.486266406,0.128960777,-0.021656356,-0.576049816,0.141373355,-0.01647961,-0.500640758,0.06424561,0.066968661,-0.709446675,0.063842909,0.108507157,-0.836319493,0.067482173,0.130723443,-0.936775645,0.070008232,0.039676677,-0.498212086,0.015785655,0.123416353,-0.736730831,0.013356312,0.165003918,-0.875568596,0.011868499,0.185425116,-0.982601722,0.010553821,0.102602702,-0.463694995,-0.027992585,0.174262736,-0.702499526,-0.031453544,0.206808731,-0.831158201,-0.037009023,0.220063424,-0.933320384,-0.041691362,0.17483832,-0.405794294,-0.065104398,0.239962221,-0.596059094,-0.074517805,0.261972698,-0.705556966,-0.079107465,0.270940212,-0.802762161,-0.080805161,171.4913881,173.6911866,175.9514407,174.3082669,177.2851747,174.0961218,176.9829936,173.1719731,172.4505574,173.7248236,0,0,0,-0.096428372,-0.266405866,-0.002693443,-0.281357106,-0.476549428,-0.02939642,-0.453418267,-0.594774281,-0.057003822,-0.583984228,-0.670497789,-0.094439763,-0.276836796,-0.608528942,-0.109020399,-0.575434236,-0.587489245,-0.167988239,-0.724742553,-0.554452119,-0.193592161,-0.817671606,-0.536689518,-0.208272671,-0.268766636,-0.452534478,-0.141055334,-0.591959322,-0.43249028,-0.191574471,-0.754225779,-0.403827115,-0.203564609,-0.862193041,-0.382592037,-0.218100345,-0.28160122,-0.263976421,-0.169461452,-0.594741743,-0.247367365,-0.225808926,-0.761884185,-0.243299896,-0.228527301,-0.874156582,-0.246209472,-0.229658297,-0.314690378,-0.055883838,-0.194100183,-0.573842996,-0.071614953,-0.250978152,-0.711030777,-0.090077807,-0.259692111,-0.81641025,-0.112714292,-0.259362658,165.7705059,172.2676076,171.5121723,178.0768106,172.0174311,176.3906889,170.5859447,177.016466,170.2945687,174.1123987,ATTACK
0,0,0,-0.050322737,-0.193352256,0.07907698,-0.046349013,-0.354088147,0.110162725,-0.027886119,-0.486684286,0.123890715,-0.023708144,-0.57591056,0.133476661,-0.017914798,-0.506023442,0.06422325,0.069688977,-0.716173633,0.064195441,0.112900919,-0.838746218,0.06748414,0.136803336,-0.938068033,0.06997298,0.037322275,-0.499657868,0.015293982,0.124505431,-0.738877223,0.013266702,0.168101133,-0.875472592,0.011529353,0.191676199,-0.981406894,0.010037054,0.098929198,-0.46271141,-0.02885576,0.175990034,-0.700742629,-0.031005419,0.210412988,-0.828716961,-0.035456042,0.225467972,-0.931572231,-0.039424805,0.170598367,-0.403960331,-0.06630753,0.237682079,-0.596120683,-0.071301483,0.261250221,-0.706760183,-0.072361504,0.272580939,-0.80582195,-0.071925308,171.7755645,174.7359748,176.4373477,174.0800859,177.6129818,174.8099913,176.7413856,173.242814,172.7089802,174.4060162,0,0,0,-0.089955801,-0.271919179,-0.001692238,-0.276671237,-0.490763953,-0.026236957,-0.450326184,-0.620141588,-0.052109114,-0.578847427,-0.712460322,-0.087368309,-0.280701454,-0.608660378,-0.101846206,-0.581442643,-0.595537178,-0.160730632,-0.728157934,-0.561360254,-0.187468818,-0.816212971,-0.541258707,-0.2020777,-0.274505863,-0.450088064,-0.132662548,-0.600524213,-0.436284331,-0.181579332,-0.75856102,-0.411742781,-0.192311312,-0.859052438,-0.391374379,-0.205293975,-0.286669852,-0.261188845,-0.160428493,-0.601601212,-0.25456925,-0.213205473,-0.763892736,-0.252910197,-0.213505011,-0.869431954,-0.254682996,-0.212667291,-0.314797259,-0.055983321,-0.184778021,-0.574910303,-0.074328831,-0.238248274,-0.709379439,-0.093882,-0.245564287,-0.811478723,-0.116814636,-0.24396497,167.0691504,174.1381433,169.5028433,178.8135879,172.0778262,175.6658253,170.5582247,178.2039404,170.4940308,174.0470892,ATTACK
0,0,0,-0.053750926,-0.185543194,0.080827844,-0.049245189,-0.343507138,0.116027299,-0.031533879,-0.476773178,0.134149571,-0.030277338,-0.572346486,0.149128573,-0.01743241,-0.503360887,0.069623619,0.067760973,-0.713830953,0.070089932,0.110217751,-0.837401396,0.07385193,0.133084122,-0.937427266,0.076820618,0.037419701,-0.498953161,0.021485019,0.124588957,-0.73839193,0.019125306,0.167466195,-0.874553316,0.018107413,0.189127708,-0.981799381,0.017340283,0.097968921,-0.46490723,-0.022145266,0.1767995,-0.7024669,-0.024889135,0.211298219,-0.830178936,-0.028770394,0.226255022,-0.932439812,-0.031942166,0.169218764,-0.407896092,-0.059012239,0.237775357,-0.596272655,-0.064048931,0.261517652,-0.706298192,-0.065347522,0.27243736,-0.804636199,-0.065097166,172.3678065,173.1141771,176.5255263,173.8852369,177.4234623,173.9098512,176.5547099,173.1787459,172.1218005,174.0677099,0,0,0,-0.095786843,-0.264100427,-0.003950177,-0.279591137,-0.47157478,-0.032238786,-0.446279844,-0.589439931,-0.061643557,-0.574107223,-0.670393138,-0.100914044,-0.274163057,-0.600822572,-0.112644844,-0.563757609,-0.578832939,-0.176190276,-0.712906114,-0.551872379,-0.207529255,-0.810252464,-0.540517293,-0.226565663,-0.265743186,-0.449188969,-0.145554148,-0.579680115,-0.430128835,-0.199575788,-0.747533908,-0.410671789,-0.216076257,-0.863608557,-0.396183179,-0.234351929,-0.277316661,-0.264386825,-0.174922279,-0.584981852,-0.253817356,-0.232353371,-0.753036593,-0.254410232,-0.236952176,-0.867657705,-0.259304357,-0.240340256,-0.307683366,-0.057351742,-0.201054425,-0.561008832,-0.071791544,-0.260527514,-0.699916918,-0.093583454,-0.271786468,-0.807557772,-0.116855722,-0.273490567,166.67976,173.006953,174.1607119,176.3368584,174.7716066,176.5913757,170.7297615,177.6516639,169.7202612,175.0095918,ATTACK
0,0,0,-0.047768168,-0.187694743,0.098274765,-0.040878451,-0.343738531,0.143630287,-0.027343896,-0.476496301,0.169159834,-0.028824134,-0.57553572,0.191432432,-0.007028288,-0.510665391,0.094810197,0.070866762,-0.717371866,0.103276988,0.109297336,-0.839839561,0.111327728,0.131228782,-0.938863003,0.116213982,0.045543253,-0.508039206,0.039110666,0.129161078,-0.740283856,0.044690725,0.170855999,-0.874988887,0.047880459,0.191605652,-0.980262194,0.048716578,0.10335334,-0.474190784,-0.011822847,0.181524507,-0.70304962,-0.007403921,0.215157443,-0.828822373,-0.008417278,0.229995668,-0.931213297,-0.011649953,0.172733105,-0.417188156,-0.055146877,0.240175031,-0.599966149,-0.059129011,0.26371361,-0.710914248,-0.06186719,0.27490209,-0.810775054,-0.063585446,173.7315102,173.1799385,176.4499215,174.9646922,177.3505639,173.8627657,175.8041624,173.1147156,171.7054737,174.363714,0,0,0,-0.085124791,-0.276156827,0.007158403,-0.269960385,-0.494333704,-0.015847562,-0.441878216,-0.622566893,-0.042096877,-0.567610246,-0.725805821,-0.079297882,-0.278283701,-0.605433069,-0.100717418,-0.586429036,-0.587893351,-0.160476569,-0.733619605,-0.553774322,-0.189912574,-0.819542961,-0.534544929,-0.206424452,-0.271614654,-0.444401713,-0.136896134,-0.600850322,-0.431525587,-0.184908586,-0.762614139,-0.411357062,-0.197212457,-0.8655847,-0.392949332,-0.213093556,-0.282740167,-0.251539283,-0.168984615,-0.597652717,-0.253082011,-0.217898758,-0.761060925,-0.254304553,-0.218201487,-0.86739154,-0.254968023,-0.21977835,-0.309274724,-0.043211733,-0.197060836,-0.566579937,-0.0669175,-0.247811585,-0.703597497,-0.091287041,-0.254921438,-0.809912308,-0.114354867,-0.254830223,166.8307104,173.5110769,170.370161,179.0320761,173.7155155,174.6892522,171.2584168,178.9620091,170.4999395,176.2539562,ATTACK
0,0,0,-0.050190255,-0.188602146,0.085246972,-0.045227022,-0.354879505,0.12331535,-0.031929387,-0.48996853,0.142884415,-0.0374081,-0.58352819,0.15781598,-0.015230372,-0.509571636,0.078668942,0.063508853,-0.716675022,0.084000056,0.106194448,-0.839406319,0.090171013,0.13044889,-0.936913978,0.094030914,0.037605824,-0.507254344,0.027747664,0.120639167,-0.740019771,0.029873983,0.163589695,-0.876054148,0.029156776,0.185959185,-0.98216258,0.027854028,0.097737241,-0.47272115,-0.018719518,0.174040992,-0.704375666,-0.018795902,0.210193896,-0.832724205,-0.02565894,0.226042001,-0.935865806,-0.031869957,0.168979103,-0.416159549,-0.058164557,0.23682503,-0.605427317,-0.064587473,0.261015038,-0.716357061,-0.068985726,0.271584723,-0.815026501,-0.071419017,173.9138511,171.0656923,177.8192293,174.7320493,177.6951928,174.335553,176.116553,172.9723319,172.5543031,173.7284563,0,0,0,-0.088592019,-0.256249263,-0.010400133,-0.268732182,-0.466925555,-0.04194487,-0.442470825,-0.587559468,-0.073018348,-0.570088747,-0.662987287,-0.116895308,-0.273491767,-0.601661455,-0.105534055,-0.565128647,-0.566987951,-0.172343618,-0.722989694,-0.531271127,-0.214060291,-0.825188861,-0.511261579,-0.240156075,-0.263359619,-0.449819219,-0.134704095,-0.581855793,-0.409850985,-0.186146097,-0.763248,-0.376703768,-0.212879922,-0.891025395,-0.351364751,-0.239992461,-0.275392845,-0.266348578,-0.160568804,-0.578060085,-0.239969025,-0.213066292,-0.751175345,-0.234280153,-0.225707567,-0.868675923,-0.239465686,-0.236560791,-0.305498777,-0.059967228,-0.183595947,-0.546105256,-0.059970893,-0.233673152,-0.674637513,-0.07343777,-0.242038264,-0.769950144,-0.093183043,-0.243781243,165.3029344,170.880806,173.9484875,178.1930125,176.6787778,176.3339941,173.5631696,175.4205272,169.9852837,173.6410854,ATTACK
0,0,0,-0.051674212,-0.182666779,0.075328851,-0.045251061,-0.350193971,0.108299865,-0.024016983,-0.497806665,0.125598342,-0.029607961,-0.604512676,0.139001608,-0.012524587,-0.507455837,0.060263483,0.064862968,-0.718417339,0.05833411,0.104082352,-0.844763643,0.060685043,0.125184764,-0.94504006,0.06230203,0.044096466,-0.499909195,0.013697807,0.12996229,-0.736681078,0.009427598,0.171097879,-0.874655974,0.007400336,0.191522935,-0.98147377,0.005310695,0.106876432,-0.460347056,-0.028605241,0.184745252,-0.695095025,-0.034130458,0.21902595,-0.8264536,-0.041337868,0.23392425,-0.929543826,-0.047545071,0.17740074,-0.400205748,-0.064535644,0.243979192,-0.587410377,-0.076999613,0.268242294,-0.701721715,-0.084930413,0.28242539,-0.802636884,-0.089468993,172.5420162,168.8672464,176.6903387,174.6030507,176.6283366,174.1863243,175.852431,173.5672458,172.3965721,175.757729,0,0,0,-0.087802289,-0.27592432,0.005253396,-0.273756281,-0.493229408,-0.01765614,-0.450896101,-0.607227216,-0.043429645,-0.59006073,-0.682496749,-0.080218906,-0.282230105,-0.609583181,-0.093457935,-0.579202324,-0.589443083,-0.152157759,-0.730178763,-0.552720172,-0.182344483,-0.823639807,-0.530656125,-0.200053858,-0.281351381,-0.453100104,-0.12918242,-0.599278301,-0.425875123,-0.175973926,-0.762710519,-0.394695119,-0.192419811,-0.871224491,-0.368927791,-0.210201706,-0.294191277,-0.264839423,-0.161073632,-0.604532585,-0.242064531,-0.213282844,-0.76961574,-0.232454121,-0.219540193,-0.880598616,-0.230597966,-0.223743399,-0.321147683,-0.05382145,-0.188629779,-0.579628984,-0.06415005,-0.242130526,-0.716022158,-0.078041293,-0.251175818,-0.820179851,-0.096589986,-0.251385265,163.2242473,172.5080536,170.3735717,178.9994387,173.5234231,175.6896676,172.5716972,177.5235573,171.331843,174.3187273,ATTACK
0,0,0,-0.060696141,-0.17306081,0.055729073,-0.057987179,-0.341660966,0.077721751,-0.034549935,-0.488118581,0.087360751,-0.041482559,-0.59791013,0.093393551,-0.015915935,-0.501871048,0.032256589,0.059624674,-0.713776057,0.018743567,0.100283985,-0.841698089,0.013969902,0.123409793,-0.942667659,0.011482905,0.040733149,-0.491053711,-0.008097666,0.125164519,-0.728816146,-0.024615518,0.167196719,-0.869717466,-0.032417696,0.190236652,-0.981026092,-0.037387465,0.10375844,-0.449043156,-0.045249088,0.181331529,-0.683598776,-0.061533451,0.215573669,-0.819032508,-0.073261037,0.23168654,-0.926722239,-0.080726657,0.173622589,-0.386702641,-0.077333185,0.238425161,-0.573452094,-0.097736704,0.262739364,-0.690702948,-0.109675407,0.278148645,-0.794603097,-0.115982465,171.0458099,167.291152,177.5163949,175.1842805,176.9415425,175.0261244,175.7440893,174.2382912,172.5936973,175.9779856,0,0,0,-0.091444608,-0.272797934,0.00135493,-0.283433652,-0.495612446,-0.021255492,-0.462038615,-0.620133557,-0.045789668,-0.59953603,-0.70620294,-0.081686068,-0.287899209,-0.625744068,-0.098961536,-0.591072026,-0.600733864,-0.15418931,-0.733475667,-0.558853727,-0.180415102,-0.819902307,-0.537624626,-0.196773899,-0.286278489,-0.464629595,-0.13310205,-0.610337157,-0.43392358,-0.180009312,-0.774156081,-0.395426841,-0.196928527,-0.880467938,-0.364844843,-0.216619789,-0.301411398,-0.267781068,-0.163368566,-0.61327422,-0.246615392,-0.219503499,-0.785008042,-0.231672128,-0.230630505,-0.897470859,-0.226100019,-0.23881614,-0.331053668,-0.045986863,-0.188881644,-0.594448814,-0.055722829,-0.246846242,-0.734454898,-0.067007275,-0.259775586,-0.841784071,-0.082561181,-0.263671853,165.5457047,173.3079364,168.4932349,177.3063361,171.8475184,174.7777767,173.3992556,177.7050379,172.4201101,175.102009,ATTACK
0,0,0,-0.058541524,-0.176002336,0.060140838,-0.055180548,-0.347963039,0.083690854,-0.031491213,-0.496347766,0.093957388,-0.036988626,-0.609396015,0.100546404,-0.013710218,-0.49654122,0.036079895,0.06163468,-0.714410241,0.024436582,0.101928708,-0.843097069,0.021344482,0.124961304,-0.943312025,0.020214019,0.041570122,-0.484861315,-0.00615443,0.125701555,-0.726758341,-0.021158766,0.168211211,-0.869893126,-0.028376517,0.191267021,-0.980990604,-0.032777456,0.104148355,-0.441925659,-0.044687405,0.182389537,-0.679402183,-0.05895387,0.217675567,-0.816733193,-0.069619108,0.234694202,-0.924214185,-0.076481044,0.175221183,-0.378221472,-0.077780346,0.241385403,-0.566871386,-0.09642642,0.265134331,-0.6838055,-0.106901087,0.279410038,-0.786916941,-0.112101875,171.1725679,168.1408529,177.6328963,175.4638196,177.2597207,175.1216043,176.0141311,174.5234565,172.1604705,175.765564,0,0,0,-0.08315965,-0.2999242,0.013795146,-0.275639978,-0.531537949,-0.008033904,-0.459819298,-0.659170734,-0.033866543,-0.601013495,-0.747184994,-0.071772843,-0.287790749,-0.625803054,-0.106689465,-0.616170071,-0.604633734,-0.160749503,-0.756276706,-0.557173408,-0.177538635,-0.828065605,-0.529335148,-0.184693407,-0.285790763,-0.448226957,-0.146993724,-0.635519883,-0.425006016,-0.19433677,-0.788635328,-0.390442328,-0.2004369,-0.874679062,-0.359669321,-0.209857438,-0.297745356,-0.241532421,-0.181568692,-0.630553587,-0.229158117,-0.235285873,-0.796104358,-0.221861957,-0.233232817,-0.898450176,-0.218613518,-0.230841688,-0.321107441,-0.021199103,-0.210078908,-0.599973036,-0.042957283,-0.265533815,-0.740010717,-0.061603475,-0.270805528,-0.846844525,-0.081928678,-0.267688178,164.3206061,173.1404609,164.8376653,177.1444098,169.552294,172.1149192,170.1037407,178.7937143,170.3894645,174.9984866,ATTACK
0,0,0,-0.05445752,-0.176889456,0.063404882,-0.049759812,-0.348305603,0.089050877,-0.023695545,-0.499010493,0.101565936,-0.02883828,-0.611264673,0.11016273,-0.008291221,-0.492591339,0.034155307,0.06890391,-0.715128936,0.021466604,0.111308138,-0.847759289,0.018851082,0.136474721,-0.948593235,0.018637549,0.047641399,-0.477106453,-0.007616966,0.131548009,-0.726158992,-0.023827282,0.175741859,-0.8704369,-0.029780006,0.19972517,-0.979304177,-0.03275952,0.110394599,-0.431894222,-0.045152447,0.185238052,-0.67645378,-0.061476921,0.220484486,-0.814370802,-0.07189971,0.237287906,-0.919501128,-0.077749016,0.181493224,-0.367813967,-0.076500913,0.246542312,-0.561204015,-0.096776779,0.270492824,-0.677751405,-0.107946334,0.285008877,-0.779694747,-0.113195507,170.9483383,167.5866542,177.5022657,176.1150691,177.9123715,175.3024081,177.2298267,174.6200739,173.0263663,175.6855785,0,0,0,-0.079877228,-0.292262868,-0.002703712,-0.273155218,-0.522646509,-0.030156528,-0.464122613,-0.646982693,-0.059236633,-0.608711061,-0.736808396,-0.100358123,-0.294047047,-0.626287703,-0.105200494,-0.617793508,-0.594477448,-0.162582669,-0.762170871,-0.538996629,-0.187225663,-0.838665896,-0.506211081,-0.200972277,-0.292795111,-0.449861644,-0.138965129,-0.634100731,-0.411873454,-0.187576809,-0.804945848,-0.366637987,-0.203833447,-0.90890124,-0.324658784,-0.221751219,-0.305299258,-0.244420252,-0.168689723,-0.630838962,-0.226182353,-0.225505794,-0.805177328,-0.213390232,-0.231756552,-0.912663524,-0.208528335,-0.235516752,-0.330450001,-0.023871936,-0.193885074,-0.598253006,-0.033397271,-0.252937954,-0.739463783,-0.046288136,-0.261501088,-0.841766276,-0.063695619,-0.260373086,163.0314319,173.5509172,164.76462,177.6796607,171.1082864,171.9017255,172.0819634,178.2349687,170.4731794,173.9231311,ATTACK
0,0,0,-0.052992016,-0.178658575,0.061292487,-0.047531789,-0.351643068,0.085790947,-0.019742635,-0.502768861,0.098169013,-0.025276852,-0.615689284,0.106821083,-0.006197576,-0.491012829,0.026206718,0.068567325,-0.713736268,0.009862466,0.10928568,-0.846149309,0.005726263,0.133326125,-0.946372027,0.004876893,0.050039007,-0.471567713,-0.015084934,0.13202951,-0.722716591,-0.036324726,0.174724162,-0.868184868,-0.043455954,0.197956104,-0.979107639,-0.046493139,0.112813789,-0.424704073,-0.051831076,0.188322098,-0.670596217,-0.07195872,0.221899885,-0.808734751,-0.081676635,0.238674948,-0.914690488,-0.086121061,0.182664534,-0.358887925,-0.082394246,0.245980598,-0.55373405,-0.105187997,0.26865562,-0.670627787,-0.116056932,0.283243855,-0.772412043,-0.120396696,170.7588131,166.8015054,177.2556743,176.1420758,177.3919426,175.2943403,176.5203837,175.0585261,172.9007852,175.9818401,0,0,0,-0.078227927,-0.285665512,-0.01220742,-0.268776654,-0.518055156,-0.045708437,-0.460525163,-0.643273696,-0.078087599,-0.608602822,-0.723532432,-0.122827725,-0.28987988,-0.622404181,-0.120656057,-0.609725666,-0.590109854,-0.18029597,-0.756463992,-0.536217033,-0.205127934,-0.834123898,-0.506396795,-0.218631218,-0.293718733,-0.444625393,-0.150007867,-0.634922703,-0.405073945,-0.196585159,-0.808313449,-0.36224394,-0.209109717,-0.911495044,-0.32453659,-0.224388451,-0.308987225,-0.239112223,-0.175365841,-0.634014255,-0.219511702,-0.229182087,-0.80986911,-0.210164539,-0.232847809,-0.916343587,-0.207776403,-0.23571719,-0.332993172,-0.020665742,-0.197287882,-0.594013573,-0.01665386,-0.255527359,-0.733664428,-0.023480901,-0.263604924,-0.833070266,-0.035823656,-0.261872994,162.5467965,171.7498276,165.7201856,178.8300401,171.860549,172.666532,171.7790499,178.0648792,170.0217976,173.8873929,ATTACK
0,0,0,-0.048361233,-0.178269101,0.06044661,-0.043573622,-0.35237806,0.082480049,-0.015923702,-0.501912822,0.092335058,-0.023222158,-0.613587662,0.098328504,-0.008132903,-0.486748204,0.018490408,0.064827095,-0.70877168,-0.002563792,0.106231099,-0.841750983,-0.010103272,0.131302902,-0.942923146,-0.012928047,0.0437223,-0.466798316,-0.023655165,0.126334149,-0.717554865,-0.04787958,0.170700685,-0.865179193,-0.056687857,0.194561816,-0.978983144,-0.061136763,0.104106131,-0.420861745,-0.061151009,0.180046309,-0.663210752,-0.08314773,0.21382808,-0.803271247,-0.094241156,0.230534459,-0.911706964,-0.099709167,0.173925671,-0.356498913,-0.092481667,0.237548625,-0.551614004,-0.117465507,0.260398846,-0.669902019,-0.129907158,0.275418198,-0.774689922,-0.135336616,170.4602772,165.7837858,177.7098068,176.2411968,177.4766669,174.9696463,176.1058765,174.9295796,172.822006,175.900767,0,0,0,-0.081999111,-0.288928182,0.009683371,-0.267499863,-0.521740245,-0.011060242,-0.452407885,-0.651485778,-0.034755073,-0.593559041,-0.745286742,-0.07047194,-0.289707733,-0.618761378,-0.095004803,-0.613531186,-0.600085207,-0.145277408,-0.755470445,-0.55584096,-0.165589689,-0.830779639,-0.527795808,-0.176739291,-0.292536513,-0.4456515,-0.131164577,-0.634692017,-0.417363383,-0.175450114,-0.794245889,-0.381282328,-0.188513295,-0.888361449,-0.349672404,-0.204464523,-0.308867092,-0.243969238,-0.162442704,-0.637132634,-0.230732183,-0.213361994,-0.805746861,-0.223344026,-0.221352158,-0.911153177,-0.21943578,-0.227694931,-0.335737754,-0.028209226,-0.188003206,-0.612971689,-0.046606295,-0.241560814,-0.751835332,-0.05849075,-0.252098013,-0.856482263,-0.072628033,-0.254268945,163.536635,173.8868478,166.0850115,176.8069776,171.5370693,172.5985439,173.8712058,178.8914723,173.2960307,175.7200251,ATTACK
0,0,0,-0.042376212,-0.184979289,0.06836316,-0.036164049,-0.358219564,0.092841227,-0.009412236,-0.507383052,0.103574698,-0.017181451,-0.618808809,0.110040231,-0.00622218,-0.485855742,0.023747628,0.065023246,-0.711000775,0.004397036,0.106323982,-0.844493331,-0.000931847,0.130445893,-0.945419658,-0.00222453,0.042850398,-0.466547944,-0.022047462,0.123956668,-0.720777597,-0.048410044,0.168084527,-0.86750038,-0.056356542,0.191000746,-0.97979671,-0.059305335,0.101301076,-0.421877824,-0.062474981,0.176275803,-0.668842595,-0.086912106,0.210528036,-0.810323565,-0.097118932,0.226595403,-0.919300546,-0.101131817,0.171099535,-0.358353768,-0.095823327,0.234642653,-0.557115366,-0.122011018,0.257545257,-0.676042126,-0.133765263,0.271166815,-0.780903388,-0.13849692,170.9873833,165.8425005,177.4248733,175.9294074,177.1240497,174.5583475,176.414371,174.4111566,173.0056543,175.3690996,0,0,0,-0.077253516,-0.29640553,-0.004311257,-0.26660614,-0.524591532,-0.033919085,-0.459947361,-0.649868069,-0.064398113,-0.607264727,-0.738987389,-0.107578983,-0.286579308,-0.621362612,-0.105789165,-0.602183463,-0.593763979,-0.161354986,-0.752082526,-0.541545742,-0.188313298,-0.837737185,-0.505828708,-0.205751616,-0.292608135,-0.437338286,-0.138710021,-0.628590907,-0.404752529,-0.186594521,-0.79625037,-0.363051627,-0.207242551,-0.896688673,-0.325570451,-0.231566812,-0.308777415,-0.228583174,-0.167609434,-0.632109129,-0.220888402,-0.223079604,-0.802221252,-0.211510966,-0.234609691,-0.907704948,-0.205293049,-0.245433894,-0.333190723,-0.010059461,-0.192021342,-0.601158641,-0.031924833,-0.25204809,-0.740470574,-0.040596222,-0.264616573,-0.843807401,-0.053436857,-0.26911273,162.6405031,173.2045267,165.9845861,176.3939981,171.5310723,171.2195703,173.8498249,177.8781742,172.4548373,175.5183143,ATTACK
0,0,0,-0.038773672,-0.184388648,0.066297897,-0.032205483,-0.358407647,0.090115913,-0.007607949,-0.506423163,0.099777268,-0.011788656,-0.618170878,0.105564863,-0.003313788,-0.478431563,0.027553834,0.067048764,-0.707519838,0.006673183,0.109114849,-0.841871359,-0.000830341,0.134879042,-0.944133656,-0.003275112,0.043269111,-0.459698277,-0.018283443,0.122962423,-0.715913653,-0.04356612,0.168279523,-0.865193179,-0.052513567,0.191343048,-0.979911561,-0.056224284,0.099891934,-0.416283115,-0.059533351,0.173367771,-0.665262438,-0.082223172,0.208807826,-0.806045673,-0.092310363,0.225665772,-0.914259509,-0.096322761,0.169826396,-0.352925258,-0.094300325,0.235431683,-0.550319613,-0.118397262,0.257771631,-0.668112445,-0.128574386,0.269842618,-0.771870836,-0.132206244,171.6657755,168.4051328,177.9860141,176.280791,177.8140162,174.2669256,177.4344437,174.3779027,172.1750959,174.9666301,0,0,0,-0.077934899,-0.299587205,0.011222495,-0.266175635,-0.530523318,-0.015688574,-0.454160767,-0.657316003,-0.045031237,-0.604531941,-0.743555273,-0.085355968,-0.291094328,-0.611765332,-0.117423058,-0.620348933,-0.604833483,-0.173503549,-0.761764911,-0.56168563,-0.190952258,-0.827953959,-0.524912806,-0.197379807,-0.294282992,-0.428898697,-0.156503124,-0.644298689,-0.413782405,-0.201096866,-0.793751458,-0.390357147,-0.200018133,-0.869968488,-0.361785994,-0.205994559,-0.30898569,-0.219554803,-0.190727988,-0.645660385,-0.224004429,-0.239252117,-0.805957168,-0.230450169,-0.230430814,-0.898604609,-0.221173252,-0.225929817,-0.333319675,-0.004243403,-0.219673484,-0.62305198,-0.032322049,-0.27426536,-0.765759763,-0.055375384,-0.280071001,-0.872261878,-0.072626585,-0.278532593,163.1316711,172.9373846,164.1180881,167.799884,169.9873469,167.4620683,168.5334761,171.9431125,170.9064281,176.7907923,ATTACK
0,0,0,-0.03554269,-0.187191912,0.062773552,-0.027803084,-0.361951371,0.084970405,-0.003102207,-0.51126714,0.093390391,-0.009688105,-0.623241092,0.09790839,-0.002662768,-0.479957607,0.025265816,0.068591464,-0.706169632,0.003559945,0.110101732,-0.840007731,-0.004694835,0.134635878,-0.942142134,-0.007864423,0.044610835,-0.46329865,-0.019130433,0.122129558,-0.71764963,-0.044895655,0.165493436,-0.866751417,-0.054130495,0.186146207,-0.980792431,-0.058273471,0.101289998,-0.422430038,-0.059256664,0.170999781,-0.670528582,-0.082636174,0.203630041,-0.811035317,-0.09247024,0.217325846,-0.918753933,-0.096425505,0.169988019,-0.361377988,-0.093361485,0.231960606,-0.557348944,-0.117647537,0.253717424,-0.675001179,-0.127834688,0.265080065,-0.777835338,-0.131751019,172.0466835,167.2127115,178.0621181,175.8899404,177.699575,173.876817,177.0509223,173.875875,172.7010336,175.0000636,0,0,0,-0.074088167,-0.28087879,-0.002504833,-0.259910331,-0.509092145,-0.026106416,-0.444957038,-0.626048064,-0.051141193,-0.587452593,-0.717381362,-0.087985288,-0.286206298,-0.599699461,-0.094297805,-0.592935161,-0.577843794,-0.151125331,-0.746494168,-0.536535491,-0.182561512,-0.837902546,-0.506942807,-0.202307474,-0.283565384,-0.425494601,-0.126929228,-0.611946012,-0.391246175,-0.175807032,-0.78003384,-0.352703023,-0.198865498,-0.884310115,-0.315529644,-0.222670988,-0.293487306,-0.225640882,-0.156378085,-0.609263054,-0.211520179,-0.210940373,-0.783474236,-0.204253082,-0.225481187,-0.896944711,-0.197838417,-0.236945743,-0.316661532,-0.012363044,-0.181673239,-0.579783384,-0.02090966,-0.239292186,-0.722795173,-0.035708927,-0.253787576,-0.830317426,-0.053022973,-0.259290515,161.4284931,174.2011152,169.1768929,177.0438311,173.0388024,171.9655172,174.9401717,178.5163539,172.2712306,175.6185251,ATTACK
0,0,0,-0.031131342,-0.19338323,0.059485232,-0.021372893,-0.364648173,0.077668306,0.003757507,-0.510861063,0.081831427,0.003390679,-0.622764356,0.08140464,0.002127489,-0.477788509,0.021060011,0.070966169,-0.701597194,-0.002403039,0.111690964,-0.834852243,-0.011932979,0.136911735,-0.936756988,-0.016007185,0.048882046,-0.461518574,-0.023275244,0.12093114,-0.714698036,-0.051810513,0.162084028,-0.8642798,-0.063641676,0.182864786,-0.980696491,-0.069244942,0.105124988,-0.42126491,-0.063312148,0.170442824,-0.670386837,-0.090219295,0.201663392,-0.811287017,-0.101782534,0.213629872,-0.920848775,-0.106069779,0.172818332,-0.360794282,-0.097346159,0.232985115,-0.558413213,-0.122847121,0.254904719,-0.675434064,-0.132270329,0.265465247,-0.77769953,-0.135239082,172.1303046,169.8784385,178.1226166,176.4300132,178.0509757,174.4676403,177.3673495,173.2976028,173.2055032,174.4526816,0,0,0,-0.07485845,-0.284255841,-0.007695977,-0.253261174,-0.503690793,-0.037457184,-0.437419346,-0.612827542,-0.068404009,-0.580259551,-0.686990678,-0.111346631,-0.29050755,-0.588753601,-0.102039681,-0.598370732,-0.568642857,-0.163568359,-0.753135538,-0.527623164,-0.195462841,-0.840572319,-0.497815025,-0.213584591,-0.291720222,-0.425294009,-0.132757257,-0.619118847,-0.38680576,-0.181857478,-0.786587195,-0.350299492,-0.201833857,-0.888644982,-0.31041343,-0.222083323,-0.301754266,-0.234054888,-0.160861463,-0.615582654,-0.209984769,-0.21459496,-0.784188607,-0.20550024,-0.223827819,-0.891813186,-0.200946454,-0.230305145,-0.322179797,-0.028224267,-0.185714402,-0.57916093,-0.03510769,-0.242107593,-0.716890854,-0.051546022,-0.252681564,-0.818551144,-0.068350509,-0.253681231,159.793626,172.5621047,169.0935186,176.0204667,174.1386337,170.2460763,172.8341413,178.8116441,170.422018,175.3442604,ATTACK
0,0,0,-0.033525763,-0.195908959,0.062226996,-0.024358186,-0.368412638,0.082786384,0.002336076,-0.517296764,0.090070054,-0.000843143,-0.630533897,0.092721115,0.000789551,-0.481764024,0.01776931,0.070531757,-0.704871068,-0.005530777,0.110634911,-0.837859768,-0.014011289,0.134515451,-0.940273752,-0.017161725,0.049025315,-0.460940139,-0.026238275,0.124019442,-0.712811091,-0.056283342,0.163683066,-0.862788934,-0.066988309,0.18206646,-0.980688093,-0.071432965,0.106132323,-0.417518198,-0.065181388,0.173355801,-0.663392386,-0.092757483,0.202431708,-0.805858464,-0.103101767,0.212306488,-0.916676935,-0.10639137,0.172976549,-0.35533638,-0.097694288,0.232936353,-0.551670159,-0.124531248,0.254317938,-0.669922586,-0.134753469,0.264903171,-0.773001885,-0.138020503,171.823067,168.1363449,177.6748132,175.8958476,176.8470881,173.7619175,175.6810751,173.1168684,172.8047914,174.625618,0,0,0,-0.078787975,-0.287015255,0.002011484,-0.26109248,-0.512660196,-0.019600262,-0.445788171,-0.625852255,-0.043637182,-0.587538956,-0.711168305,-0.079398655,-0.296759757,-0.605560746,-0.094054916,-0.603467581,-0.585859022,-0.147024196,-0.753064263,-0.540668812,-0.171455122,-0.840068487,-0.509705166,-0.185702936,-0.296933412,-0.441325794,-0.127433114,-0.62210998,-0.401585107,-0.170092245,-0.785125382,-0.368227071,-0.185041087,-0.886858976,-0.332382324,-0.203454287,-0.307331943,-0.24744746,-0.157245925,-0.620151863,-0.223590993,-0.206395735,-0.786345238,-0.221937458,-0.213255288,-0.895264292,-0.219329128,-0.219887987,-0.328216594,-0.037703372,-0.183015236,-0.58924651,-0.046883725,-0.23886442,-0.728420856,-0.062298405,-0.250367997,-0.834362144,-0.079454821,-0.252688397,160.4070024,174.0874681,166.9987161,177.1470756,174.8615267,170.9601489,172.4302931,178.4487581,171.4651307,175.4426151,ATTACK
0,0,0,-0.035042094,-0.197400019,0.062554014,-0.025989307,-0.365913534,0.081657817,0.00456884,-0.515115549,0.087430612,0.01167387,-0.626749187,0.088357144,-0.004418873,-0.479198331,0.012781989,0.067380119,-0.703975278,-0.011052035,0.108180878,-0.83790565,-0.018584766,0.132287313,-0.94259642,-0.020751856,0.046152112,-0.461304272,-0.030747185,0.123387636,-0.716057888,-0.061114535,0.162968272,-0.864552705,-0.069825699,0.181829778,-0.980661716,-0.072391509,0.104562908,-0.419399057,-0.068765702,0.172752409,-0.670505357,-0.096601629,0.201458077,-0.811076377,-0.104347472,0.211907917,-0.920725862,-0.105343228,0.171415952,-0.359155028,-0.100132707,0.232568547,-0.560128905,-0.124314172,0.253466322,-0.675595841,-0.130388348,0.263786014,-0.776826801,-0.13048883,170.489742,171.8701771,177.1618121,175.5468541,176.178285,173.9413762,175.249928,173.3600132,172.4260175,174.6605838,0,0,0,-0.076975539,-0.28795897,0.009922878,-0.254555454,-0.519956534,-0.009688146,-0.435846176,-0.636922279,-0.03291079,-0.579971803,-0.715848973,-0.068709647,-0.290600202,-0.60542189,-0.092369402,-0.601599628,-0.585203496,-0.144029856,-0.750161818,-0.542489419,-0.16681079,-0.837159951,-0.516522002,-0.179911748,-0.294661994,-0.441107448,-0.130024925,-0.619620325,-0.402689662,-0.172794101,-0.785039258,-0.373042237,-0.186508901,-0.890337718,-0.341870725,-0.20331693,-0.308902968,-0.249345108,-0.163104347,-0.623651623,-0.230551542,-0.211161724,-0.788177084,-0.226868179,-0.216065911,-0.895927256,-0.224079661,-0.221033526,-0.333161504,-0.04069675,-0.191531557,-0.594464047,-0.053270468,-0.247167859,-0.732860778,-0.065828633,-0.257913198,-0.839979878,-0.082746517,-0.259226705,160.1972522,172.6051849,167.7715107,179.0311442,175.5740431,172.4972195,172.7028168,178.8069143,172.0207028,174.6357742,ATTACK
0,0,0,-0.030892431,-0.199237188,0.066622438,-0.021553008,-0.37118358,0.086977642,0.003526062,-0.518931149,0.092632476,0.00352223,-0.63091093,0.093398849,-0.003326929,-0.482609064,0.02233426,0.067430985,-0.704575093,0.000601206,0.107423093,-0.835298373,-0.00688027,0.131539926,-0.937750805,-0.009465999,0.044117964,-0.465190149,-0.024450144,0.120898045,-0.717643255,-0.052238853,0.161264378,-0.865418313,-0.061055205,0.180854121,-0.981408914,-0.06425209,0.100644718,-0.423846255,-0.065981375,0.170267986,-0.673271562,-0.091654395,0.20074261,-0.813366735,-0.099644331,0.212243378,-0.922371111,-0.101312847,0.168257691,-0.362272978,-0.100727409,0.230125117,-0.563658389,-0.123191482,0.251952543,-0.679899749,-0.128912556,0.262489254,-0.780333745,-0.129412208,172.0291921,170.1894225,177.6509215,175.8193587,176.7954254,174.0274629,175.8382751,173.3134518,172.7525719,174.6961324,0,0,0,-0.075686709,-0.275665326,-0.008556256,-0.257514674,-0.489685094,-0.041891574,-0.442938073,-0.595540453,-0.074298379,-0.583591423,-0.671883266,-0.119587067,-0.283473865,-0.584527955,-0.119398963,-0.591076695,-0.56027731,-0.177192187,-0.74664195,-0.520632288,-0.206262822,-0.838722611,-0.495883222,-0.225042691,-0.289108858,-0.409772671,-0.150070467,-0.616026587,-0.377649229,-0.201762662,-0.788432109,-0.342578253,-0.224430602,-0.894193283,-0.308321522,-0.248240953,-0.302772662,-0.212780628,-0.175841449,-0.617204203,-0.204910565,-0.231475408,-0.790192608,-0.200878691,-0.246117234,-0.899903017,-0.196174001,-0.258219391,-0.325245491,-0.006657052,-0.197306139,-0.582639547,-0.028469067,-0.256244146,-0.722643325,-0.043663984,-0.270447272,-0.826587489,-0.059691981,-0.275822175,160.1603999,172.7053278,170.350696,178.6363666,173.9334395,172.0377691,174.7766016,178.0383054,172.7575636,176.1068458,ATTACK
0,0,0,-0.039952434,-0.190610301,0.061068353,-0.033596972,-0.368000152,0.082518623,-0.007712234,-0.519615689,0.090792448,-0.011437212,-0.634046099,0.094770622,-0.010038719,-0.484431851,0.020535826,0.057199933,-0.706452641,-0.002081271,0.096717711,-0.837604453,-0.010986767,0.120375787,-0.938844189,-0.014596417,0.037729048,-0.467955479,-0.022393116,0.112655363,-0.720977251,-0.050538068,0.152662141,-0.867912356,-0.061392852,0.172742759,-0.982728233,-0.066371369,0.095540352,-0.427168902,-0.060710835,0.16353298,-0.676393045,-0.087690909,0.193558659,-0.816679961,-0.099904776,0.206400434,-0.925205994,-0.104682966,0.165436853,-0.366966844,-0.092625284,0.227768062,-0.56601888,-0.118780484,0.248687832,-0.682942662,-0.129570035,0.260184302,-0.78571174,-0.133589786,171.477362,168.3935756,178.084354,175.9512971,177.5816567,174.4240633,176.6166514,174.1489168,172.5190912,175.1780688,0,0,0,-0.075080376,-0.287967138,0.014075027,-0.257823288,-0.523103973,-0.006340093,-0.445710448,-0.645432423,-0.031107708,-0.59338209,-0.731350655,-0.068676234,-0.2932202,-0.611136476,-0.099134453,-0.619745639,-0.599080667,-0.149757988,-0.767109748,-0.543770067,-0.169401282,-0.843396699,-0.506284687,-0.179882807,-0.301067662,-0.437336222,-0.138853204,-0.641122633,-0.405707752,-0.181579307,-0.801888869,-0.373436171,-0.192260572,-0.8942927,-0.340544555,-0.206514566,-0.315902647,-0.237427388,-0.172848229,-0.647125858,-0.223110834,-0.220116494,-0.811543709,-0.216005842,-0.223243527,-0.913464559,-0.208823447,-0.227232182,-0.337022268,-0.025320436,-0.201421781,-0.615887293,-0.034479922,-0.257904319,-0.760458604,-0.045088931,-0.269502094,-0.86977403,-0.061757095,-0.271373094,160.8429959,173.2486656,161.6348828,174.3897772,173.0713027,170.600023,172.9516715,177.9272964,172.7329597,174.2115495,ATTACK
0,0,0,-0.042797161,-0.191073682,0.067679067,-0.040304663,-0.36879962,0.093694377,-0.018279155,-0.519960783,0.105390271,-0.027003236,-0.631274253,0.112377038,-0.011895734,-0.487741549,0.032357973,0.052884978,-0.709556971,0.013769436,0.091573002,-0.840975437,0.006040927,0.114420395,-0.942013835,0.002880651,0.03821555,-0.471904504,-0.012690925,0.109390246,-0.723520306,-0.035825205,0.148449871,-0.869962216,-0.045505045,0.167874066,-0.984524421,-0.05029874,0.097304205,-0.431157213,-0.052978398,0.162624637,-0.67807532,-0.07600332,0.192292557,-0.817749271,-0.087516248,0.205026455,-0.926481291,-0.092413375,0.168089178,-0.370660926,-0.086352501,0.228721025,-0.569642811,-0.109255756,0.249567773,-0.685347681,-0.118258211,0.26121041,-0.785815981,-0.121443612,171.5626884,167.2218697,178.5370871,176.0074852,178.2907386,174.5114002,177.0926008,174.2864138,173.0109983,175.5317824,0,0,0,-0.074749961,-0.289109212,0.003891739,-0.256898937,-0.517549247,-0.020008707,-0.443102971,-0.630987034,-0.047084523,-0.583654589,-0.722817638,-0.086011463,-0.285568181,-0.598550543,-0.081585605,-0.596119795,-0.578733244,-0.134638051,-0.749015335,-0.53880131,-0.165387835,-0.838048325,-0.513401639,-0.184644962,-0.298852843,-0.42030375,-0.115627002,-0.619376686,-0.396234863,-0.157858797,-0.783108996,-0.370242587,-0.17776316,-0.882490287,-0.342746491,-0.199905382,-0.318897628,-0.223097532,-0.146543502,-0.625814232,-0.219451568,-0.189765794,-0.788304657,-0.222872745,-0.199654183,-0.890866464,-0.224491974,-0.210102854,-0.344825295,-0.018431112,-0.173599816,-0.601012406,-0.03173546,-0.219553932,-0.73659061,-0.049031366,-0.229685028,-0.838403444,-0.071104314,-0.233653528,159.8753598,173.736614,169.0963519,178.3507868,175.2343709,171.7102879,175.0598578,177.5312803,172.6819269,174.580773,ATTACK
0,0,0,-0.046811784,-0.193454181,0.055412806,-0.042291926,-0.373320449,0.075205055,-0.017693543,-0.527879804,0.083036584,-0.028100224,-0.641235562,0.08700127,-0.010302713,-0.49827122,0.020298419,0.05784769,-0.716873606,-0.001285083,0.095862704,-0.846794828,-0.010549441,0.116746184,-0.947077678,-0.014454005,0.04096181,-0.481285628,-0.019704193,0.114901063,-0.727721015,-0.04353804,0.153167632,-0.871954591,-0.052365254,0.171868844,-0.983484861,-0.056732956,0.101523408,-0.438911881,-0.055890941,0.167769597,-0.678125786,-0.077058592,0.197345588,-0.812704781,-0.08567945,0.210857387,-0.916274476,-0.089315199,0.170952183,-0.376747724,-0.08690272,0.230397598,-0.568715112,-0.109038273,0.252388943,-0.684569394,-0.117530585,0.266359459,-0.783902507,-0.120300285,171.6737875,165.6872707,178.152273,175.1040169,177.3099806,174.5086807,176.6270672,174.7623033,173.193022,176.2144095,0,0,0,-0.075898789,-0.289076012,0.006884393,-0.259920794,-0.525647631,-0.015590466,-0.445941886,-0.65130768,-0.042645162,-0.588200112,-0.748580297,-0.081147483,-0.291257921,-0.609785187,-0.08289886,-0.606334669,-0.599312022,-0.139850135,-0.751131726,-0.5566498,-0.172290401,-0.828726623,-0.525819955,-0.19163914,-0.300472006,-0.434315588,-0.119469128,-0.628839828,-0.409704749,-0.166526227,-0.785680508,-0.380302108,-0.188284817,-0.878770352,-0.349373584,-0.210980409,-0.315711456,-0.236764131,-0.152909866,-0.630009112,-0.227692007,-0.2011557,-0.792152267,-0.223932049,-0.212315799,-0.894415659,-0.222480458,-0.22272731,-0.337531841,-0.030842443,-0.182103522,-0.60209973,-0.04022433,-0.231439442,-0.740987867,-0.05280059,-0.243088371,-0.846183189,-0.069884084,-0.247747256,161.8140158,174.2380863,165.6284607,174.7312945,173.6925217,170.7003033,175.1677783,177.914577,173.4040361,175.3007236,ATTACK
0,0,0,-0.055302608,-0.19133232,0.062120295,-0.050973777,-0.371976094,0.086743511,-0.026855387,-0.526402583,0.098494074,-0.040874962,-0.638027101,0.106063245,-0.012849493,-0.499529118,0.031038803,0.056841577,-0.718957362,0.014942928,0.094427432,-0.848040559,0.009157078,0.114647342,-0.947448067,0.007400169,0.041288018,-0.48216806,-0.010579681,0.114562718,-0.728133323,-0.02866195,0.151853268,-0.872891935,-0.03559067,0.170069851,-0.984658194,-0.039044668,0.103001155,-0.438949906,-0.047995679,0.168531762,-0.680139179,-0.064959233,0.197491224,-0.817195717,-0.073886624,0.210453386,-0.923411468,-0.078144695,0.173057106,-0.376943028,-0.079500728,0.232781769,-0.571228108,-0.097610023,0.253890331,-0.68629906,-0.104965923,0.265523913,-0.784972555,-0.107394753,171.7599215,163.9891139,177.8732028,175.0045371,177.4114447,174.7051827,176.6928278,174.8145816,173.140284,175.6786062,0,0,0,-0.081570618,-0.290646349,-0.000611049,-0.272218452,-0.525133219,-0.022652255,-0.462382118,-0.654593509,-0.047170992,-0.603528987,-0.756997111,-0.082421594,-0.293705921,-0.620246875,-0.083584987,-0.61202318,-0.607389496,-0.134897134,-0.756227022,-0.56099389,-0.161291817,-0.830525393,-0.52815772,-0.17685303,-0.300653767,-0.442859081,-0.113913112,-0.634755975,-0.415952091,-0.155937972,-0.784011423,-0.374437284,-0.17447784,-0.865557362,-0.333536859,-0.195076574,-0.315679181,-0.242087091,-0.141397648,-0.626560206,-0.228349866,-0.188726224,-0.784585215,-0.217765734,-0.199315126,-0.880045354,-0.21121373,-0.208458385,-0.338807493,-0.031674461,-0.164785508,-0.597368603,-0.042302755,-0.213576317,-0.73290907,-0.053623691,-0.224647985,-0.833588862,-0.069166232,-0.228257805,163.3089289,174.3618851,164.6646536,173.9573903,169.1221471,167.5586976,174.9728423,178.1905333,173.4861899,175.1572985,ATTACK
0,0,0,-0.0581222,-0.188031572,0.056097094,-0.05660579,-0.36874799,0.074654966,-0.032886694,-0.529609872,0.081379847,-0.048049521,-0.64868377,0.083770618,-0.016431287,-0.495846711,0.017087167,0.060250037,-0.717510096,-0.001284429,0.097485276,-0.845452568,-0.006264375,0.115755824,-0.945282185,-0.007053605,0.041860152,-0.478109464,-0.022844819,0.122865411,-0.727179941,-0.04093562,0.158959729,-0.871713613,-0.045377375,0.174850683,-0.983449409,-0.047481558,0.107037446,-0.432656922,-0.058499804,0.179161728,-0.67833325,-0.07489956,0.207633861,-0.813402595,-0.081460799,0.218541112,-0.917420649,-0.08503458,0.179090829,-0.36879301,-0.088619519,0.23992241,-0.566004191,-0.105755079,0.260452924,-0.678099168,-0.110932312,0.271453242,-0.77509831,-0.112221414,171.3604952,164.3051264,176.2788624,173.8755703,175.3985409,174.0120218,175.4244616,174.008306,172.8971196,175.632504,0,0,0,-0.079028137,-0.308009454,0.008986027,-0.266861139,-0.5620955,-0.012252013,-0.460133085,-0.69648749,-0.038354353,-0.60723152,-0.779957729,-0.075470327,-0.295794178,-0.651791868,-0.082756955,-0.629292254,-0.642374833,-0.137579546,-0.764482898,-0.583133248,-0.160085559,-0.820816944,-0.545164031,-0.170457395,-0.306081046,-0.474714469,-0.118972126,-0.65631527,-0.45980131,-0.163051965,-0.798823172,-0.416569916,-0.174071199,-0.868354155,-0.373920266,-0.186559184,-0.323458816,-0.271201702,-0.151752189,-0.650238077,-0.270485865,-0.202029081,-0.800387758,-0.259865198,-0.202918333,-0.883534319,-0.253033542,-0.202383901,-0.347877899,-0.05332328,-0.179512811,-0.617618915,-0.086442717,-0.229038519,-0.75112488,-0.102775237,-0.233258357,-0.848189276,-0.120048094,-0.229452584,161.1908142,172.0198804,158.2110643,169.7634914,165.3271851,164.7546018,170.7102259,178.7296429,171.4450871,174.8603953,ATTACK
0,0,0,-0.056123115,-0.18851063,0.046625975,-0.0534579,-0.365889697,0.062227754,-0.02857601,-0.523459416,0.06746468,-0.043710159,-0.638607538,0.06845383,-0.016920812,-0.4952067,0.011641077,0.059351739,-0.714934495,-0.008536857,0.100767509,-0.842900379,-0.015970108,0.123859396,-0.942229806,-0.018932607,0.042228327,-0.479434408,-0.02438841,0.121187306,-0.726409878,-0.043451963,0.159942673,-0.870635941,-0.051161804,0.179034822,-0.982249724,-0.055964383,0.107848757,-0.43513187,-0.056935776,0.176070274,-0.680094213,-0.075318933,0.206130179,-0.813617678,-0.085370769,0.220086444,-0.915821401,-0.091329534,0.178849703,-0.371144411,-0.084865357,0.239321188,-0.565836034,-0.105497501,0.260993506,-0.675920355,-0.113825807,0.273916839,-0.771396127,-0.117108899,171.2988149,163.4746051,177.7797982,174.8946178,177.0018847,174.6147921,177.0898871,174.9815122,173.6925424,175.8289582,0,0,0,-0.083543155,-0.302745575,0.02858798,-0.267007868,-0.541733003,0.016213204,-0.446734982,-0.674192901,-0.004429262,-0.586735412,-0.764701276,-0.036603656,-0.297422658,-0.632408482,-0.066225877,-0.612344487,-0.633359255,-0.113841311,-0.748855805,-0.591664568,-0.12893622,-0.812092094,-0.568232977,-0.132731739,-0.307181768,-0.465211412,-0.109446142,-0.636181396,-0.466272785,-0.140002934,-0.78337579,-0.445912466,-0.135610805,-0.863081982,-0.429539519,-0.136751075,-0.326069456,-0.269618602,-0.148716462,-0.644286164,-0.285779499,-0.185022799,-0.789114139,-0.283702823,-0.168878155,-0.871618875,-0.283516938,-0.157195718,-0.353152767,-0.055801381,-0.18281618,-0.619247906,-0.098573814,-0.223905378,-0.745692875,-0.123467121,-0.219668313,-0.839902411,-0.151516937,-0.209197849,163.6673392,173.3485886,162.7832932,175.5474263,169.3158228,175.435977,166.5988731,177.9935283,169.242104,173.0925498,ATTACK
0,0,0,-0.055187474,-0.183942591,0.05415318,-0.053322248,-0.359744144,0.074578029,-0.030088103,-0.51518958,0.083074586,-0.041063076,-0.630280871,0.087198921,-0.013428972,-0.494363953,0.025434579,0.06130847,-0.714351395,0.00906671,0.102042553,-0.842495693,0.003311654,0.126151069,-0.942001079,0.000731699,0.044907033,-0.480576891,-0.014034595,0.123101643,-0.726515831,-0.030905707,0.162522034,-0.870524431,-0.038086965,0.18261867,-0.982252644,-0.042780424,0.108036241,-0.437809163,-0.050103652,0.176586254,-0.681198374,-0.066925809,0.207449226,-0.815402596,-0.076803759,0.222109865,-0.919801781,-0.082997731,0.177261024,-0.374866746,-0.081077435,0.237339714,-0.568523745,-0.101616738,0.259501674,-0.680720524,-0.110977842,0.273584265,-0.778954174,-0.115287683,171.3645827,166.015029,177.9943273,175.8178608,177.4289983,174.8455293,177.1686474,174.9616847,173.839042,176.2218802,0,0,0,-0.078225243,-0.302346734,0.016521783,-0.266610608,-0.543551746,-0.002295603,-0.450841095,-0.675965006,-0.026751866,-0.59564787,-0.753846966,-0.061738684,-0.293206035,-0.63335615,-0.078378056,-0.613930911,-0.63202293,-0.133227746,-0.752654836,-0.58445519,-0.153828658,-0.815803534,-0.555570605,-0.160642135,-0.30624029,-0.459763341,-0.115402932,-0.639984968,-0.459950094,-0.151409783,-0.782564179,-0.432458353,-0.148672366,-0.85417358,-0.411351026,-0.150667372,-0.329535269,-0.260554531,-0.149582405,-0.647293126,-0.278995089,-0.191952769,-0.794508797,-0.282117489,-0.178726772,-0.876389269,-0.284913196,-0.167645834,-0.36004314,-0.050085863,-0.178956394,-0.628483826,-0.099228436,-0.222187718,-0.756296761,-0.128262324,-0.218698711,-0.847432086,-0.156331898,-0.208279383,163.5361875,170.5905491,161.4486796,173.836608,166.8794724,173.844014,167.0988025,177.2020729,169.1813846,173.5646495,ATTACK
0,0,0,-0.049797279,-0.185934926,0.065079202,-0.046573922,-0.358556302,0.090024312,-0.023842398,-0.511910648,0.101472172,-0.034729816,-0.624585586,0.108226403,-0.010151949,-0.495007002,0.032604771,0.065711567,-0.71155455,0.018121451,0.106445957,-0.838210479,0.014056364,0.1309797,-0.937687853,0.012683296,0.044721205,-0.481768552,-0.011027452,0.12663302,-0.726529083,-0.027498832,0.167497492,-0.869945229,-0.032582302,0.18863706,-0.981405207,-0.035494768,0.104506784,-0.440627881,-0.050316018,0.178000342,-0.681497714,-0.066077668,0.209198033,-0.815796888,-0.074056824,0.223566281,-0.921067179,-0.078891672,0.171683114,-0.37880223,-0.083451447,0.235276819,-0.571454989,-0.102531471,0.257907844,-0.682533786,-0.110659465,0.271440024,-0.78037483,-0.1142426,171.6462554,166.0453596,177.5695806,175.8610564,176.860274,174.7822755,176.0763185,174.6206129,173.1302606,175.7895697,0,0,0,0,0,0,0,0,0,0,0,0,0,0,0,0,0,0,0,0,0,0,0,0,0,0,0,0,0,0,0,0,0,0,0,0,0,0,0,0,0,0,0,0,0,0,0,0,0,0,0,0,0,0,0,0,0,0,0,0,0,0,0,0,0,0,0,0,0,0,0,0,0,ATTACK
0,0,0,-0.043724064,-0.188500162,0.058208877,-0.040267768,-0.353250722,0.077616861,-0.023268519,-0.498690761,0.083089573,-0.042966582,-0.601852802,0.082839721,-0.013358988,-0.491102761,0.027207079,0.063473725,-0.708856369,0.010258508,0.107700901,-0.837644167,0.003843683,0.135782365,-0.938404865,0.000706748,0.041012275,-0.480898223,-0.015748046,0.121144579,-0.724421722,-0.034847118,0.163854978,-0.868854936,-0.044283867,0.187171878,-0.981052552,-0.050025778,0.101525473,-0.440530276,-0.054905148,0.172601883,-0.681225109,-0.073764829,0.205517113,-0.816754209,-0.086311888,0.221633555,-0.923420574,-0.093776732,0.170001137,-0.379349717,-0.088496841,0.234462174,-0.572559125,-0.108751587,0.259183097,-0.68377647,-0.11796518,0.275068803,-0.782318482,-0.122317523,172.8656434,162.3695265,178.3441306,176.4304943,178.0753646,175.1847586,177.0421991,174.7855921,173.9864805,175.9656051,0,0,0,0,0,0,0,0,0,0,0,0,0,0,0,0,0,0,0,0,0,0,0,0,0,0,0,0,0,0,0,0,0,0,0,0,0,0,0,0,0,0,0,0,0,0,0,0,0,0,0,0,0,0,0,0,0,0,0,0,0,0,0,0,0,0,0,0,0,0,0,0,0,ATTACK
0,0,0,-0.037695942,-0.198732115,0.058878909,-0.035081573,-0.362605813,0.0764364,-0.012110697,-0.503447746,0.079661389,-0.003360499,-0.603298547,0.078482442,-0.0155778,-0.496111136,0.026868437,0.068360317,-0.704859539,0.009191929,0.112288645,-0.828780116,0.003510166,0.138716879,-0.928121105,0.001107336,0.035667948,-0.484465038,-0.017044137,0.11835585,-0.724895732,-0.039910844,0.161573817,-0.86722671,-0.049875076,0.187111337,-0.980811236,-0.054760087,0.095381758,-0.444688351,-0.056929966,0.16635353,-0.689085712,-0.079296402,0.199891902,-0.823889076,-0.089986797,0.216990196,-0.933561494,-0.094738654,0.165485122,-0.383952204,-0.090964573,0.228747822,-0.577764243,-0.112064323,0.252492761,-0.689281036,-0.119369534,0.267879155,-0.789328166,-0.121271583,170.3617978,175.2721189,176.8361033,175.203909,177.4946228,175.5132564,177.6472983,174.5070324,173.5380212,175.7766044,0,0,0,0,0,0,0,0,0,0,0,0,0,0,0,0,0,0,0,0,0,0,0,0,0,0,0,0,0,0,0,0,0,0,0,0,0,0,0,0,0,0,0,0,0,0,0,0,0,0,0,0,0,0,0,0,0,0,0,0,0,0,0,0,0,0,0,0,0,0,0,0,0,ATTACK
0,0,0,-0.032710175,-0.200195291,0.072378592,-0.028083396,-0.367261784,0.095903581,-0.003702289,-0.507759771,0.103080325,0.010931971,-0.605901063,0.105307147,-0.011813693,-0.492011232,0.03415822,0.072156742,-0.705034871,0.019799371,0.116413638,-0.830314439,0.01785172,0.143222652,-0.930873626,0.017857791,0.036441848,-0.480806755,-0.015054053,0.122369642,-0.723896005,-0.036921658,0.166096519,-0.866248909,-0.044275024,0.19091416,-0.980464731,-0.047335971,0.09403457,-0.442183042,-0.058908415,0.170245404,-0.687844703,-0.080096417,0.203176161,-0.823059097,-0.088941045,0.218681375,-0.933659323,-0.092772203,0.164401804,-0.38245746,-0.095517422,0.231428213,-0.580050552,-0.116522371,0.255276382,-0.691663421,-0.12363741,0.269764526,-0.792559367,-0.125634946,170.2969314,177.8134313,176.5299519,175.352659,176.8354372,174.9739107,176.2698402,174.0297903,172.9760878,175.36468,0,0,0,-0.077715509,-0.291178314,0.044450902,-0.242399367,-0.518703653,0.041882616,-0.410360553,-0.616700217,0.028336509,-0.553814523,-0.630564738,0.001798011,-0.288901242,-0.651155433,-0.032313661,-0.597207138,-0.629192914,-0.063725767,-0.741784907,-0.584831242,-0.076195873,-0.823002567,-0.562152865,-0.08155324,-0.298257556,-0.49806122,-0.078898284,-0.620740436,-0.466891955,-0.094039357,-0.776788384,-0.445268079,-0.093042364,-0.882448038,-0.432459628,-0.098643533,-0.320241554,-0.313410025,-0.119521185,-0.632426187,-0.302916115,-0.140687272,-0.782662928,-0.308068688,-0.131587969,-0.881837694,-0.316807603,-0.127146158,-0.354340567,-0.104110982,-0.154162078,-0.607696658,-0.139133585,-0.184255373,-0.732649653,-0.167300358,-0.178837763,-0.827970924,-0.195088194,-0.168000545,155.9248997,154.6301949,167.0131944,178.0226947,176.1059949,176.409962,171.6737126,176.7121897,169.6522694,174.7438004,ATTACK
0,0,0,-0.033315999,-0.199489099,0.067474581,-0.026116366,-0.363609887,0.08814304,0.002335776,-0.498592513,0.092754283,0.024467921,-0.585120005,0.092939856,-0.013754792,-0.489437778,0.032794811,0.068464679,-0.703705102,0.016506839,0.113696132,-0.829552354,0.012203556,0.141410624,-0.930635163,0.011082361,0.034014927,-0.479512417,-0.014331697,0.118802813,-0.723807926,-0.036182993,0.163507373,-0.865552131,-0.044686514,0.189987472,-0.980607648,-0.048097824,0.09189404,-0.442953175,-0.056636147,0.166728431,-0.687719006,-0.076734584,0.200473911,-0.820542729,-0.085105515,0.21779151,-0.931094947,-0.08824832,0.162365552,-0.385639275,-0.092319901,0.2278763,-0.582772127,-0.108382795,0.251792521,-0.692192104,-0.111102321,0.266635789,-0.791141775,-0.110054333,169.2531922,176.9003569,177.4176421,175.3560152,177.6942562,175.1455889,177.0441087,174.2986176,173.2157211,175.6632361,0,0,0,-0.0762693,-0.289792881,0.039020493,-0.235548321,-0.516954671,0.030888136,-0.407522432,-0.6189778,0.013510855,-0.553382141,-0.633764486,-0.017159777,-0.290870598,-0.635708252,-0.051307512,-0.599163411,-0.617717182,-0.090137117,-0.743704048,-0.575527481,-0.104016796,-0.824895834,-0.554623992,-0.109266146,-0.300364227,-0.485243403,-0.097017175,-0.624822175,-0.454948888,-0.11951579,-0.785865445,-0.434854533,-0.119103349,-0.896414935,-0.423990607,-0.124154136,-0.319534232,-0.304837228,-0.13645364,-0.635486125,-0.29137946,-0.164404878,-0.789383792,-0.29555742,-0.155382126,-0.891405844,-0.306207679,-0.149806315,-0.348218479,-0.099551734,-0.170057507,-0.604813194,-0.131683874,-0.206150383,-0.732857505,-0.159819264,-0.202779826,-0.832159423,-0.190734781,-0.192503061,155.5326824,154.453786,166.992674,177.3910579,175.5011999,176.787826,170.6785041,175.5339298,169.2040905,173.528476,ATTACK
0,0,0,-0.022168116,-0.213062371,0.077751015,-0.014095465,-0.372491283,0.101948766,0.024160909,-0.499875157,0.106655599,0.06367582,-0.573761421,0.106229723,-0.021325974,-0.477243465,0.046386985,0.073241286,-0.68385646,0.036162191,0.127306797,-0.799095259,0.037559522,0.164412522,-0.890821686,0.038759025,0.029991541,-0.470634751,-0.007530691,0.114898464,-0.719494688,-0.030084404,0.163582886,-0.863994738,-0.03976251,0.195227699,-0.97980815,-0.043152453,0.090893944,-0.434761838,-0.05575801,0.161848064,-0.693727587,-0.077305266,0.198059279,-0.826051142,-0.084535584,0.21868201,-0.93954551,-0.086330412,0.163180016,-0.375975671,-0.096710681,0.226106734,-0.581247257,-0.116148812,0.249641985,-0.694893388,-0.11982017,0.266469888,-0.802076619,-0.118408473,164.7414637,168.3288525,176.7074771,176.8260413,178.6237878,176.0627536,178.3523114,174.5317638,173.6732808,176.1723199,0,0,0,0,0,0,0,0,0,0,0,0,0,0,0,0,0,0,0,0,0,0,0,0,0,0,0,0,0,0,0,0,0,0,0,0,0,0,0,0,0,0,0,0,0,0,0,0,0,0,0,0,0,0,0,0,0,0,0,0,0,0,0,0,0,0,0,0,0,0,0,0,0,ATTACK
0,0,0,-0.018045075,-0.214578487,0.080561032,-0.008587897,-0.372437774,0.107464124,0.030607757,-0.498220596,0.114027875,0.071167203,-0.569469862,0.115414964,-0.018520899,-0.475330642,0.053914045,0.07408837,-0.677518394,0.044656973,0.12685716,-0.790667744,0.045215591,0.163850817,-0.882096542,0.045065058,0.03100294,-0.470582147,-0.001360165,0.113600495,-0.718909035,-0.023726959,0.160325043,-0.863548728,-0.034246982,0.190203067,-0.980987101,-0.038562947,0.090262545,-0.436254427,-0.051143777,0.162159177,-0.696947067,-0.073080752,0.197027112,-0.825789283,-0.080343906,0.216990821,-0.939359512,-0.082296025,0.160979518,-0.378822862,-0.093645037,0.223213814,-0.582181741,-0.114439509,0.246050345,-0.695245169,-0.119238634,0.263010113,-0.804140231,-0.118702645,164.6154837,167.5037157,177.2790719,176.9396282,178.8454194,175.8594949,178.3736961,174.3710447,173.5412552,176.2500771,0,0,0,-0.087626519,-0.273932805,0.030622375,-0.258645095,-0.490331874,0.018661344,-0.433519427,-0.595365851,-0.000524477,-0.579495425,-0.615845744,-0.03272835,-0.297279051,-0.616621663,-0.064448706,-0.597572355,-0.58461166,-0.103840607,-0.745662771,-0.549921105,-0.11722135,-0.840490039,-0.527599793,-0.123348909,-0.299558395,-0.477482215,-0.108115199,-0.619872496,-0.439391002,-0.135801762,-0.781710777,-0.411032302,-0.138292629,-0.899068843,-0.38761825,-0.145542048,-0.315429117,-0.304395856,-0.14520535,-0.62819515,-0.285079322,-0.178733129,-0.783348482,-0.283540217,-0.173155522,-0.88965034,-0.28576804,-0.169845303,-0.342912706,-0.099269885,-0.176745976,-0.601053254,-0.124140875,-0.218490305,-0.734365542,-0.146845483,-0.219037471,-0.838857664,-0.170145686,-0.211882304,159.1528337,156.2413033,172.5234518,178.3900541,174.8486629,176.9960954,171.2959056,178.0717718,170.1529158,174.9583595,ATTACK
0,0,0,-0.00502701,-0.220895872,0.086176019,0.01359869,-0.37366077,0.111101814,0.059566952,-0.480473245,0.112618927,0.114035563,-0.536913238,0.109920019,-0.013838282,-0.484737423,0.072483109,0.083598246,-0.681234643,0.068407167,0.134676179,-0.796100068,0.070191448,0.169902279,-0.890574434,0.07043631,0.025207745,-0.490865881,0.012996369,0.120338365,-0.729825925,-0.002327666,0.168154333,-0.868802054,-0.010548572,0.198613888,-0.979988852,-0.01320506,0.07724247,-0.463731965,-0.041464361,0.166343237,-0.717781746,-0.054948366,0.203932625,-0.83999488,-0.058041298,0.225158267,-0.94938443,-0.057852728,0.146473425,-0.410705832,-0.089000571,0.220148146,-0.608790396,-0.097721845,0.246826273,-0.71558787,-0.093544419,0.267360521,-0.819878239,-0.087400461,161.6679082,159.1177214,176.9043824,176.354356,177.2303072,175.8390064,177.2743821,173.6773437,172.1557,176.8332516,0,0,0,-0.093235882,-0.261968541,0.027709683,-0.262423989,-0.472859591,0.015481749,-0.440068836,-0.572415271,-0.003249286,-0.584808561,-0.603201598,-0.035185842,-0.311762946,-0.591718337,-0.063111578,-0.606601463,-0.549793144,-0.10280105,-0.754795069,-0.516300493,-0.119270787,-0.856458452,-0.499804289,-0.12913014,-0.3185428,-0.46129855,-0.106958932,-0.631940573,-0.413105989,-0.133991124,-0.796466468,-0.385386224,-0.140252973,-0.918777509,-0.359348244,-0.15266642,-0.333993434,-0.297534039,-0.144849,-0.638866769,-0.277169559,-0.1770123,-0.796076702,-0.277570416,-0.175263664,-0.908313459,-0.277515249,-0.177366002,-0.356467634,-0.099205092,-0.177850959,-0.605851891,-0.117608787,-0.221823054,-0.739123768,-0.135777269,-0.2261648,-0.84827207,-0.154471632,-0.22328176,157.8925461,161.5909519,175.1498861,176.3554513,177.1053493,175.6613964,172.2433766,178.1452604,171.1254544,176.0626245,ATTACK
0,0,0,0.01047867,-0.224073762,0.099306673,0.030166274,-0.3792146,0.131882575,0.07268213,-0.485628725,0.137321094,0.124629422,-0.544045439,0.138363583,-0.012243182,-0.493697839,0.099637934,0.08832052,-0.686047393,0.103258075,0.138594831,-0.795936764,0.107262578,0.175664669,-0.89048132,0.107303276,0.021054882,-0.499601094,0.03314744,0.118488481,-0.730389451,0.024674631,0.165609701,-0.867324483,0.015004226,0.199029139,-0.979946986,0.009555455,0.070381821,-0.472664785,-0.028755105,0.160736914,-0.72098965,-0.037092513,0.198235409,-0.844270987,-0.043449286,0.221709549,-0.954665995,-0.047671141,0.143731457,-0.421795519,-0.083205031,0.214931473,-0.616355854,-0.089280804,0.242271975,-0.724722301,-0.087872109,0.26639021,-0.830921939,-0.085600734,162.9710584,160.0354645,176.7929413,176.2570631,175.6452374,177.215582,176.7214237,175.005094,173.5683077,178.4165845,0,0,0,-0.095521624,-0.262320149,0.030787912,-0.259741502,-0.466107155,0.016585369,-0.430883207,-0.563299531,-0.004881407,-0.572186772,-0.59331192,-0.039565309,-0.313731873,-0.5834545,-0.063098668,-0.60393062,-0.546202427,-0.106374446,-0.75318203,-0.514908589,-0.126675798,-0.858079994,-0.494446072,-0.13864273,-0.322067447,-0.454753376,-0.109705434,-0.631277738,-0.412405002,-0.140504339,-0.793110255,-0.382273632,-0.1502991,-0.913559279,-0.35592232,-0.164988135,-0.336510162,-0.293224541,-0.149879532,-0.63660112,-0.27269702,-0.182671931,-0.79011954,-0.269655477,-0.182192945,-0.899344362,-0.268515631,-0.185892126,-0.355881371,-0.099226801,-0.184963273,-0.601999999,-0.116086514,-0.225186034,-0.731170749,-0.130208223,-0.22756484,-0.837092297,-0.147494609,-0.224865958,158.2992789,161.1981887,175.4069355,178.3998557,176.4258873,176.1118026,173.0025785,177.7044445,171.4485367,176.0111873,ATTACK
0,0,0,0.018240474,-0.219449187,0.107039808,0.038682361,-0.376893812,0.14307786,0.077378025,-0.487338748,0.15031255,0.125556553,-0.552447988,0.152686169,-0.001883185,-0.495656604,0.108010805,0.097587734,-0.685891828,0.116296551,0.146833815,-0.795761123,0.122155397,0.178932843,-0.894346726,0.12241537,0.025372313,-0.500875695,0.036487508,0.125648727,-0.72664584,0.032875664,0.17085899,-0.864853495,0.025619131,0.195900826,-0.980438017,0.019082994,0.069461069,-0.478302291,-0.030496522,0.168456969,-0.707850208,-0.031724955,0.206677086,-0.830224479,-0.036422777,0.227376173,-0.938831314,-0.043557236,0.140667642,-0.432938616,-0.090094609,0.208930129,-0.626318323,-0.093461655,0.232278092,-0.73881865,-0.092554133,0.250951563,-0.844926644,-0.093257925,165.0134839,162.7131353,176.4518281,173.3161316,173.8085277,174.0806597,173.7257618,173.2342966,172.1372017,177.9649094,0,0,0,-0.092778571,-0.261203578,0.032906717,-0.262036815,-0.46213267,0.020343738,-0.437695945,-0.555926527,0.001035407,-0.581280031,-0.580799121,-0.031084552,-0.321112514,-0.570598035,-0.058755793,-0.611784203,-0.528011564,-0.099253437,-0.762921323,-0.497242238,-0.118613365,-0.869083989,-0.477168129,-0.130397837,-0.333934047,-0.439535169,-0.104964043,-0.64452206,-0.40090552,-0.13208981,-0.80477902,-0.370401348,-0.139995808,-0.922428442,-0.348228674,-0.154033943,-0.351112531,-0.277925706,-0.144688813,-0.649838504,-0.26039475,-0.174516462,-0.803545655,-0.252575253,-0.174593647,-0.913584508,-0.249209615,-0.179338248,-0.370682484,-0.083661928,-0.179031868,-0.617005336,-0.103061311,-0.216334295,-0.747207942,-0.113416114,-0.219065289,-0.855563467,-0.128464504,-0.217570874,158.0840778,160.6838856,176.7309005,178.5873619,175.6898851,176.0269501,174.2913928,177.2084783,172.587528,176.0320698,ATTACK
0,0,0,0.018240474,-0.219449187,0.107039808,0.038682361,-0.376893812,0.14307786,0.077378025,-0.487338748,0.15031255,0.125556553,-0.552447988,0.152686169,-0.001883185,-0.495656604,0.108010805,0.097587734,-0.685891828,0.116296551,0.146833815,-0.795761123,0.122155397,0.178932843,-0.894346726,0.12241537,0.025372313,-0.500875695,0.036487508,0.125648727,-0.72664584,0.032875664,0.17085899,-0.864853495,0.025619131,0.195900826,-0.980438017,0.019082994,0.069461069,-0.478302291,-0.030496522,0.168456969,-0.707850208,-0.031724955,0.206677086,-0.830224479,-0.036422777,0.227376173,-0.938831314,-0.043557236,0.140667642,-0.432938616,-0.090094609,0.208930129,-0.626318323,-0.093461655,0.232278092,-0.73881865,-0.092554133,0.250951563,-0.844926644,-0.093257925,165.0134839,162.7131353,176.4518281,173.3161316,173.8085277,174.0806597,173.7257618,173.2342966,172.1372017,177.9649094,0,0,0,-0.092778571,-0.261203578,0.032906717,-0.262036815,-0.46213267,0.020343738,-0.437695945,-0.555926527,0.001035407,-0.581280031,-0.580799121,-0.031084552,-0.321112514,-0.570598035,-0.058755793,-0.611784203,-0.528011564,-0.099253437,-0.762921323,-0.497242238,-0.118613365,-0.869083989,-0.477168129,-0.130397837,-0.333934047,-0.439535169,-0.104964043,-0.64452206,-0.40090552,-0.13208981,-0.80477902,-0.370401348,-0.139995808,-0.922428442,-0.348228674,-0.154033943,-0.351112531,-0.277925706,-0.144688813,-0.649838504,-0.26039475,-0.174516462,-0.803545655,-0.252575253,-0.174593647,-0.913584508,-0.249209615,-0.179338248,-0.370682484,-0.083661928,-0.179031868,-0.617005336,-0.103061311,-0.216334295,-0.747207942,-0.113416114,-0.219065289,-0.855563467,-0.128464504,-0.217570874,158.0840778,160.6838856,176.7309005,178.5873619,175.6898851,176.0269501,174.2913928,177.2084783,172.587528,176.0320698,ATTACK
0,0,0,0.02223224,-0.217307368,0.123262858,0.041638845,-0.371676802,0.165834408,0.078431065,-0.481894796,0.176619579,0.123425273,-0.551184963,0.181938866,-0.000655405,-0.499521712,0.125263306,0.096336669,-0.686115745,0.140406533,0.14333867,-0.793425577,0.151101452,0.174206482,-0.888559413,0.154570369,0.023987318,-0.503948994,0.04697136,0.124900929,-0.729097447,0.049411641,0.169205904,-0.866755313,0.047365396,0.193768926,-0.980046997,0.044288679,0.065779488,-0.481646794,-0.025895857,0.166083252,-0.706298614,-0.020187149,0.203858161,-0.828852213,-0.019633131,0.224351347,-0.937635815,-0.024341869,0.13625196,-0.436925515,-0.090370353,0.205655864,-0.626777407,-0.088529475,0.229183309,-0.738755401,-0.084369511,0.248136535,-0.84442693,-0.083327414,165.0515454,165.4009367,176.0070149,173.4465027,173.5302249,174.3173318,172.9683298,172.9768305,171.6216051,177.6285465,0,0,0,-0.097762827,-0.257438438,0.031634296,-0.267157848,-0.457603944,0.018086277,-0.444061668,-0.546223135,-0.001382583,-0.586295331,-0.561295966,-0.033722688,-0.327687364,-0.565257345,-0.067453671,-0.619228529,-0.516162336,-0.108056027,-0.770033648,-0.47772886,-0.124784363,-0.875582877,-0.450951111,-0.134321362,-0.33861744,-0.438227405,-0.113940157,-0.64470701,-0.391054759,-0.141639012,-0.808985076,-0.35772141,-0.147531844,-0.930475616,-0.329746516,-0.15963196,-0.353073503,-0.278432122,-0.153444759,-0.651130137,-0.251932983,-0.182780986,-0.806477588,-0.240067256,-0.179860564,-0.917389012,-0.235216829,-0.182661549,-0.367749636,-0.083867435,-0.18781662,-0.614549841,-0.095773435,-0.228093081,-0.747650368,-0.105052276,-0.231423704,-0.858731374,-0.122389082,-0.22966098,156.7579258,158.4987963,174.9730905,178.6685088,175.8536695,176.1096905,173.2661369,176.7894929,172.054659,174.5430755,ATTACK
0,0,0,0.017543847,-0.218791281,0.133881363,0.036420943,-0.369245177,0.180628295,0.073634963,-0.479826647,0.194171379,0.118033124,-0.549670297,0.201383232,-0.005875278,-0.49535811,0.134910588,0.093553412,-0.682873086,0.156535043,0.14087518,-0.787966934,0.172034039,0.171827001,-0.880795068,0.178616555,0.022167547,-0.499424187,0.053923946,0.12263328,-0.730050324,0.062923642,0.165643007,-0.867956489,0.064584732,0.189267101,-0.979871525,0.063480385,0.065170967,-0.477301313,-0.020349951,0.165871417,-0.707718801,-0.007481097,0.202747078,-0.828996862,-0.002966611,0.221768915,-0.936369029,-0.00629847,0.135259005,-0.433799132,-0.085263852,0.203716533,-0.626231179,-0.076355072,0.226222648,-0.736582873,-0.068123639,0.243303894,-0.840835082,-0.065006953,164.6393121,166.1138859,175.8587836,173.0535014,173.6111479,174.4313176,173.2325575,172.1334803,171.7649656,176.6013813,0,0,0,-0.093613411,-0.260227588,0.035051209,-0.266135974,-0.460381753,0.023831663,-0.444082742,-0.554510354,0.005312905,-0.587392941,-0.582781328,-0.02575307,-0.321255813,-0.575880927,-0.05582281,-0.614515122,-0.53108277,-0.09782092,-0.765111826,-0.493501022,-0.119344756,-0.87016153,-0.474459332,-0.133068611,-0.332797971,-0.445583456,-0.102741384,-0.643231047,-0.397766275,-0.132566735,-0.80488515,-0.361352646,-0.142050864,-0.924885025,-0.337428767,-0.157336154,-0.349279722,-0.284294399,-0.143475407,-0.649141308,-0.260832489,-0.175826416,-0.804766161,-0.248611872,-0.177255538,-0.917317128,-0.244563189,-0.182880729,-0.367213869,-0.091407411,-0.178675538,-0.61431147,-0.108484543,-0.218280095,-0.747644263,-0.120007807,-0.223476616,-0.85945706,-0.137236958,-0.223999576,158.4954494,162.1466385,174.6932024,176.1856218,175.4919585,175.8494164,174.3581724,176.5598855,173.0432802,175.6479802,ATTACK
0,0,0,0.01971366,-0.223452026,0.13825,0.039927061,-0.375529521,0.187502771,0.078006321,-0.491679256,0.202502044,0.124555903,-0.561798007,0.210766106,-0.00329014,-0.496506648,0.139616046,0.091487646,-0.689259869,0.161588536,0.1379223,-0.796645695,0.176779281,0.169508294,-0.892375349,0.182270011,0.024434867,-0.502347639,0.05597446,0.119378882,-0.734437269,0.065889215,0.163124793,-0.870233245,0.067481897,0.187511414,-0.980083015,0.065396887,0.067698207,-0.480607204,-0.02097407,0.163343377,-0.713000112,-0.00825563,0.200075106,-0.837035733,-0.004664277,0.219510874,-0.945317912,-0.009614869,0.139257296,-0.43762797,-0.088315263,0.204394961,-0.62932693,-0.08258841,0.22725697,-0.741368125,-0.077529733,0.24522912,-0.846235546,-0.07712661,165.052124,164.58946,176.765651,173.3093134,175.2909362,174.3636735,173.9640551,172.4055425,172.6913751,176.99156,0,0,0,-0.096077037,-0.269360277,0.038329561,-0.265988732,-0.466914558,0.027107426,-0.444593271,-0.555047888,0.008746944,-0.587494653,-0.571893055,-0.022145936,-0.324296421,-0.576165419,-0.067079011,-0.617505225,-0.527759324,-0.105915844,-0.767940072,-0.489409359,-0.118769118,-0.874037708,-0.469067221,-0.126625541,-0.333235552,-0.449674561,-0.116000263,-0.643494429,-0.39585142,-0.14505399,-0.80514664,-0.355708806,-0.149517821,-0.925524111,-0.328778829,-0.161223158,-0.347262536,-0.288399915,-0.157001843,-0.648918181,-0.260622628,-0.189248856,-0.806191864,-0.244777167,-0.186898403,-0.919084672,-0.23922699,-0.190050843,-0.363153373,-0.091939517,-0.191806642,-0.613010403,-0.108697356,-0.234521168,-0.747556981,-0.119287585,-0.239092455,-0.859050116,-0.135263895,-0.238268298,156.842064,159.509491,174.372974,176.4450765,174.429729,175.8386818,173.0328555,176.1128521,172.2091568,175.592627,ATTACK
0,0,0,0.028293905,-0.219665085,0.133519324,0.047883713,-0.37604854,0.179826499,0.084034072,-0.492401009,0.192400467,0.128525085,-0.5653332,0.198396301,-0.000289114,-0.4941604,0.130070331,0.094440163,-0.690834032,0.146117212,0.140887782,-0.803693383,0.158334713,0.172384306,-0.901454154,0.162158462,0.024352473,-0.498953414,0.046886248,0.120480148,-0.736313997,0.049273584,0.162903275,-0.87318751,0.048828212,0.186362103,-0.981384613,0.046404824,0.066022625,-0.477673752,-0.030011533,0.164012877,-0.715792314,-0.0243249,0.200854448,-0.842565037,-0.02257023,0.221438746,-0.951704877,-0.027504562,0.137225668,-0.43514829,-0.097553123,0.20446417,-0.630872903,-0.097672982,0.227008694,-0.745552769,-0.095166706,0.245078709,-0.852912666,-0.095944879,165.5617305,165.788213,176.2969298,174.2101183,175.0950219,174.8619099,173.7951966,173.5341433,172.0423556,177.6428039,0,0,0,-0.101328138,-0.260663639,0.027061535,-0.275377911,-0.454041237,0.012410957,-0.452252698,-0.541895473,-0.008441066,-0.593772932,-0.560005411,-0.042083276,-0.336366687,-0.568067887,-0.062702862,-0.628828459,-0.51645573,-0.106333443,-0.777589267,-0.477656187,-0.127018428,-0.879314515,-0.452437061,-0.139174419,-0.341722748,-0.444592952,-0.106615335,-0.650986498,-0.388129904,-0.136430467,-0.814064047,-0.349419029,-0.146499358,-0.934640475,-0.316725784,-0.161653827,-0.351677748,-0.284915707,-0.144619288,-0.650875487,-0.255531848,-0.177468915,-0.808436361,-0.2437803,-0.179032674,-0.919727086,-0.236136011,-0.183754393,-0.364101684,-0.088386947,-0.177763006,-0.610509146,-0.1010152,-0.219216374,-0.743363651,-0.11207553,-0.22371723,-0.852501891,-0.125054099,-0.222086882,158.2880145,159.8126671,175.3499683,178.5634071,176.3684303,176.0246458,174.1494549,177.9917431,172.1602975,176.4855853,ATTACK
0,0,0,0.024432191,-0.218506479,0.131657892,0.043631069,-0.372181938,0.175781055,0.080911848,-0.485404095,0.186415291,0.126493156,-0.55721886,0.19075755,-0.00585596,-0.491862689,0.128989089,0.098493214,-0.676828014,0.145121796,0.148955203,-0.782033569,0.158149309,0.183461684,-0.875368812,0.163043875,0.01934571,-0.496860129,0.047384589,0.117844918,-0.731469483,0.049426481,0.161664878,-0.868164712,0.049084971,0.188661928,-0.980899175,0.047365446,0.061207405,-0.476784859,-0.027912042,0.158833109,-0.718540843,-0.023735105,0.196093341,-0.842174833,-0.021707737,0.216188517,-0.952583629,-0.025289216,0.131733212,-0.435288747,-0.093805785,0.201003024,-0.629645248,-0.093217686,0.224069096,-0.742158821,-0.089633956,0.241460179,-0.850094475,-0.089086879,164.6417592,165.6748494,175.6678049,173.5700598,174.9386101,175.5927997,174.756311,172.9642906,171.7886716,177.0697532,0,0,0,-0.101323816,-0.254788512,0.02997222,-0.272381627,-0.444169654,0.015781976,-0.446175447,-0.530567077,-0.00617649,-0.585717323,-0.55555329,-0.041344915,-0.332039833,-0.561765673,-0.056350438,-0.618080124,-0.50291509,-0.098396034,-0.764629691,-0.465801555,-0.120183763,-0.869144616,-0.448387611,-0.134752744,-0.339107608,-0.44179794,-0.104121838,-0.639465327,-0.385150184,-0.13398824,-0.805685525,-0.352606859,-0.146887441,-0.931115398,-0.325036472,-0.165455153,-0.349034268,-0.284627358,-0.146097834,-0.641378829,-0.257204477,-0.178850051,-0.796590169,-0.246188176,-0.18259892,-0.907758774,-0.24212855,-0.190466604,-0.360165324,-0.090165018,-0.183355812,-0.600958753,-0.105485749,-0.225816374,-0.733999597,-0.116720465,-0.232213815,-0.844492116,-0.131885571,-0.233330723,158.3480728,162.3197698,177.3838232,175.2301758,178.6102506,175.8630248,174.8216172,176.6194667,172.643928,176.2428021,ATTACK
0,0,0,0.026868202,-0.219158108,0.133582022,0.046763299,-0.373796924,0.177100874,0.083147378,-0.491012404,0.186927397,0.126885614,-0.566645502,0.190542363,-0.002109021,-0.48905924,0.126924551,0.101653744,-0.672957441,0.142141332,0.152958426,-0.776530745,0.155322473,0.187846774,-0.867286707,0.1606755,0.022132986,-0.494206659,0.044637983,0.120881572,-0.731921378,0.04566435,0.164520384,-0.868653357,0.047356988,0.190568233,-0.980537293,0.047226747,0.0624235,-0.474943628,-0.03107784,0.161084824,-0.717221812,-0.026865297,0.198688764,-0.840111914,-0.0222807,0.219483262,-0.949026152,-0.024309689,0.130060773,-0.433992777,-0.097284547,0.200248607,-0.625376029,-0.096021321,0.223749629,-0.738060475,-0.091351032,0.241671507,-0.845913908,-0.090288874,165.2807453,167.0214229,176.0741618,173.6891186,175.0960125,175.3063481,174.7119871,173.0403495,171.3961144,176.9934071,0,0,0,-0.096866698,-0.264155246,0.030757396,-0.269755026,-0.460875125,0.016519609,-0.444842076,-0.556659412,-0.00437865,-0.583140704,-0.589897758,-0.037473078,-0.324877911,-0.576205248,-0.063818693,-0.617152685,-0.52789041,-0.106230904,-0.766924617,-0.492727228,-0.124553166,-0.870520402,-0.473162323,-0.135320531,-0.331999253,-0.448511935,-0.109418115,-0.644569909,-0.39881961,-0.138923092,-0.804882886,-0.362512573,-0.144788636,-0.921637532,-0.336378195,-0.157144508,-0.345358833,-0.285343274,-0.148851184,-0.647867853,-0.261336852,-0.18107303,-0.804471138,-0.250302557,-0.178698537,-0.915168772,-0.246546676,-0.181129071,-0.361578476,-0.087387018,-0.183096035,-0.612103786,-0.107760872,-0.222911993,-0.74304391,-0.119445489,-0.225150779,-0.850221271,-0.134044552,-0.222545622,159.8466577,163.4336282,175.9339192,177.2290357,175.010692,176.0873038,173.032497,176.9431936,171.9397601,176.3762103,ATTACK
0,0,0,0.048247803,-0.21398679,0.122619514,0.069925148,-0.373393677,0.161547321,0.107024341,-0.489641747,0.167510992,0.14834518,-0.56686837,0.168525684,0.009399005,-0.493966477,0.120346039,0.108638497,-0.679665147,0.126341011,0.156984656,-0.786427626,0.130591606,0.190248694,-0.883464296,0.129453075,0.025713415,-0.496284677,0.039609343,0.125915243,-0.728985096,0.033668899,0.169574352,-0.866060612,0.029278818,0.195948624,-0.980323747,0.023863925,0.061029273,-0.477251391,-0.03664879,0.1620769,-0.708380002,-0.038161864,0.200238572,-0.832744979,-0.038584711,0.222406646,-0.941617702,-0.044532938,0.124894272,-0.437820651,-0.105114817,0.193797293,-0.617581067,-0.109549324,0.217632273,-0.731045427,-0.110689693,0.237114572,-0.839985191,-0.114628393,165.376131,169.318974,176.1775073,173.8862192,174.3352592,175.2113241,173.4219136,173.7200379,170.8439604,177.6432822,0,0,0,-0.098279798,-0.26183391,0.04247805,-0.268593773,-0.449612237,0.033034843,-0.440864162,-0.539686618,0.01459772,-0.577161812,-0.576065479,-0.016414238,-0.32604327,-0.576778842,-0.052475928,-0.617292,-0.525926035,-0.090411963,-0.765956839,-0.492456133,-0.106245168,-0.870721476,-0.47780939,-0.116371383,-0.333150122,-0.453980696,-0.103970871,-0.644036904,-0.401304665,-0.13092404,-0.803407209,-0.365543773,-0.136888404,-0.921457132,-0.343029257,-0.149863774,-0.346776121,-0.29475432,-0.148286496,-0.646744476,-0.26567561,-0.177970361,-0.801604904,-0.25109832,-0.175228185,-0.913113365,-0.248614311,-0.178179193,-0.361856461,-0.099156893,-0.186525679,-0.612687148,-0.11507165,-0.224593738,-0.743727668,-0.127873831,-0.226405666,-0.852196493,-0.148330124,-0.224115112,159.5859022,165.6723612,176.8610662,175.2201074,175.8478709,175.4817796,173.3405173,175.1349802,171.9166553,174.4838077,ATTACK
0,0,0,0.060954995,-0.20347312,0.145616524,0.081520224,-0.363945844,0.196927683,0.116035526,-0.486113266,0.211249659,0.150363196,-0.572922559,0.219142241,0.003564591,-0.493878806,0.146138399,0.096733073,-0.682635418,0.164684346,0.142764777,-0.78972823,0.176490608,0.174901244,-0.888064495,0.179740747,0.018470928,-0.495252612,0.056185922,0.11805019,-0.726761919,0.063810104,0.162948777,-0.864398575,0.064809404,0.189747409,-0.979887635,0.061774948,0.052941546,-0.476186347,-0.027468581,0.152784414,-0.707819765,-0.016985793,0.192187987,-0.834608504,-0.013433922,0.213775198,-0.944106313,-0.018849169,0.118450779,-0.441303734,-0.101622202,0.185470905,-0.625640475,-0.097905566,0.20959183,-0.740808059,-0.094991297,0.228546437,-0.848287855,-0.097134566,166.0970786,173.9747147,176.8613472,173.4571826,174.6016627,174.6294351,173.8693455,172.4976188,171.8252716,176.8035812,0,0,0,-0.096658428,-0.251325592,0.038066148,-0.270019716,-0.444868729,0.027142882,-0.442583157,-0.544067694,0.007193967,-0.58198945,-0.582921881,-0.026760117,-0.322805349,-0.572756701,-0.050545581,-0.61154208,-0.514142064,-0.091621751,-0.760754067,-0.475759057,-0.115557689,-0.8684555,-0.458415178,-0.132373671,-0.33384146,-0.44582805,-0.100971951,-0.640265146,-0.386358616,-0.129804711,-0.806432292,-0.349055998,-0.143162549,-0.932545722,-0.322055902,-0.163212969,-0.349792345,-0.284908689,-0.145095736,-0.644089465,-0.252907773,-0.174553789,-0.803221597,-0.2436884,-0.179043164,-0.920875718,-0.244337185,-0.189407048,-0.366530599,-0.08947711,-0.18382601,-0.609956037,-0.101408558,-0.221147967,-0.743558148,-0.115406606,-0.226955907,-0.856410014,-0.136542398,-0.229762887,161.4866342,164.0169332,176.8989963,174.7392375,178.0844761,175.5652863,174.9832605,174.9712131,172.989597,175.2014804,ATTACK
0,0,0,0.069480678,-0.198766426,0.133820697,0.089649071,-0.361855816,0.179535591,0.121125133,-0.478494922,0.189891406,0.154136325,-0.560265405,0.194268296,0.009633977,-0.4922247,0.131098092,0.099953631,-0.679445567,0.1412983,0.144884957,-0.789528468,0.147057007,0.176657757,-0.891189283,0.145926971,0.018967981,-0.494508249,0.043817619,0.117372083,-0.724386492,0.04299091,0.160888894,-0.863872461,0.039019682,0.186972228,-0.981822056,0.032662451,0.049977859,-0.476487347,-0.038198503,0.149854801,-0.705960444,-0.035718296,0.188338017,-0.833015751,-0.036941493,0.209901623,-0.942914183,-0.044730781,0.114551713,-0.440655786,-0.111727613,0.182215234,-0.623823003,-0.115933048,0.207351281,-0.739184277,-0.118435343,0.227322162,-0.846742817,-0.124065505,166.7235932,172.8010139,176.4110781,174.0571195,173.9749355,174.8991422,173.2211963,173.2709587,171.9997707,177.4416949,0,0,0,-0.103516645,-0.266899274,0.048310655,-0.283363511,-0.463450166,0.042104346,-0.460036665,-0.560336921,0.026314481,-0.597896659,-0.591163861,-0.003147139,-0.329693,-0.582669841,-0.048509028,-0.620277453,-0.531661073,-0.086815851,-0.768668279,-0.489750575,-0.105990872,-0.87535695,-0.468621099,-0.118930549,-0.333853949,-0.458136595,-0.101409052,-0.646644548,-0.39913936,-0.128491087,-0.809782612,-0.358461366,-0.13750319,-0.932412278,-0.326440108,-0.153322403,-0.348633618,-0.296059756,-0.146192453,-0.65632713,-0.261997473,-0.173655328,-0.817441719,-0.245599361,-0.173022737,-0.936311957,-0.242103029,-0.178818451,-0.367384707,-0.095282491,-0.184279592,-0.626367674,-0.107848874,-0.221007347,-0.763291672,-0.122270822,-0.223607379,-0.877746569,-0.144539302,-0.222639444,160.9573175,162.4389328,174.196828,175.4016749,176.1962912,175.8531655,174.6554462,174.8472371,172.2896033,174.7193781,ATTACK
0,0,0,0.067345091,-0.205336497,0.164947998,0.088636632,-0.359088272,0.22661677,0.120806848,-0.47528459,0.248266867,0.152027465,-0.562189908,0.261982212,0.010314707,-0.493495058,0.168235869,0.099650366,-0.678467973,0.195297314,0.143284028,-0.783332038,0.212982126,0.174458755,-0.878266085,0.220029425,0.021281088,-0.493790684,0.070666813,0.11854345,-0.727150167,0.08391141,0.1616905,-0.864771518,0.089083189,0.187580444,-0.9781665,0.089464384,0.051157277,-0.474377955,-0.019566497,0.151669432,-0.706271227,-0.005115033,0.19110527,-0.833814643,0.001589413,0.213573878,-0.942712202,-0.001337957,0.113257204,-0.440006958,-0.098505311,0.181637926,-0.628713769,-0.092891347,0.206820689,-0.743000019,-0.088124812,0.226950947,-0.848470597,-0.088574581,166.3855518,175.3831516,176.52566,173.4550788,174.6778962,175.0506719,173.7229107,172.9235707,172.4561144,176.8929771,0,0,0,-0.106039254,-0.267503038,0.051194967,-0.287022008,-0.466463288,0.04860747,-0.460735847,-0.567343324,0.034971246,-0.592949263,-0.60993848,0.008453017,-0.33007486,-0.588384809,-0.030445853,-0.616953338,-0.547607092,-0.067856808,-0.764493016,-0.506187983,-0.090295938,-0.868763564,-0.483898685,-0.105318244,-0.335982627,-0.461836057,-0.083707071,-0.646904223,-0.413690555,-0.109897848,-0.806783979,-0.378740835,-0.122204097,-0.924225731,-0.354247605,-0.139926361,-0.35230742,-0.299518396,-0.129949193,-0.657095703,-0.274125225,-0.157057844,-0.81481394,-0.26031937,-0.159048078,-0.929176256,-0.259575176,-0.165831315,-0.372109519,-0.100902506,-0.169564783,-0.630389554,-0.116083553,-0.203283193,-0.763600939,-0.129834917,-0.205511403,-0.874338768,-0.151168799,-0.204489909,162.1307192,165.977452,172.3972783,176.3412148,176.4125344,175.8077009,175.6145763,174.6131066,173.0290633,174.7295397,ATTACK
0,0,0,0.070973108,-0.203318014,0.153472058,0.09256046,-0.356171964,0.208205382,0.123505512,-0.468550878,0.224349901,0.154041118,-0.551606827,0.233067802,0.007977871,-0.490735868,0.154686492,0.097613562,-0.67769358,0.174378138,0.142250546,-0.784385154,0.186279818,0.173842104,-0.881641776,0.189450328,0.018762085,-0.490202693,0.060132682,0.116052602,-0.723658927,0.067570536,0.16039399,-0.863338213,0.067447152,0.187821002,-0.98012679,0.063833742,0.049814334,-0.47112297,-0.027771388,0.148809701,-0.705001335,-0.018061758,0.187690515,-0.834434468,-0.015502848,0.209615988,-0.945513404,-0.021140915,0.113577622,-0.437714582,-0.105386574,0.180312154,-0.62614362,-0.103736277,0.205241208,-0.741358197,-0.101764696,0.225057686,-0.848397146,-0.104154302,166.3392238,174.691331,177.0156386,173.7323483,174.6750811,175.2588859,173.6629256,173.1673062,172.6701613,177.1237402,0,0,0,-0.098778159,-0.253735298,0.036609307,-0.274349234,-0.448955919,0.025157207,-0.447781309,-0.551884243,0.004773516,-0.580487364,-0.605816048,-0.028498187,-0.317037491,-0.581841106,-0.047322391,-0.60551661,-0.540204505,-0.093124014,-0.75703872,-0.500213277,-0.121444573,-0.864642621,-0.475788203,-0.140029499,-0.324766828,-0.452433326,-0.096729959,-0.634087249,-0.401521827,-0.128971035,-0.802936452,-0.362241554,-0.144111087,-0.929090428,-0.331345394,-0.164320441,-0.342580298,-0.28854185,-0.140763812,-0.643424461,-0.262105052,-0.172930055,-0.804798737,-0.248990857,-0.176075649,-0.922476035,-0.246869841,-0.183984031,-0.363463421,-0.09099543,-0.179577172,-0.616531675,-0.104398747,-0.217918009,-0.751558092,-0.119032156,-0.222580062,-0.864302756,-0.142263941,-0.223522357,162.3881865,168.8149031,173.3659059,177.8090893,176.1293559,176.0388497,174.9902264,175.4242558,172.6348754,174.2985823,ATTACK
0,0,0,0.059189618,-0.209668957,0.148749154,0.081409037,-0.35882556,0.201099984,0.114073246,-0.473689854,0.216541131,0.148968362,-0.556305943,0.224636142,0.008146472,-0.490108566,0.144832602,0.099699668,-0.678600896,0.162399367,0.143846005,-0.783153269,0.174266083,0.173983206,-0.878608081,0.177968663,0.022541971,-0.488106349,0.053168576,0.119845032,-0.721879097,0.056778061,0.163370448,-0.863313776,0.056210171,0.187452111,-0.980849167,0.052883048,0.054747464,-0.466411517,-0.031771074,0.151603231,-0.697676194,-0.024479969,0.188793372,-0.830202583,-0.022734415,0.208754405,-0.94347346,-0.02870573,0.116946068,-0.428992583,-0.106476975,0.181614971,-0.617439937,-0.106134635,0.205626649,-0.73358096,-0.105046861,0.224365602,-0.839571854,-0.108016859,166.1906436,172.6473695,176.7286124,173.3721294,174.3884333,174.2776385,172.8725274,173.1962688,172.7073108,177.2476762,0,0,0,-0.091835007,-0.262393666,0.032471158,-0.264478092,-0.461663823,0.020493736,-0.439233501,-0.565005022,8.95E-05,-0.575731645,-0.616369039,-0.033438965,-0.314535856,-0.585183399,-0.046990238,-0.597181266,-0.538248091,-0.09182279,-0.74737757,-0.501171687,-0.120453424,-0.857158955,-0.479278512,-0.140028138,-0.327215932,-0.453767997,-0.095038359,-0.631575701,-0.4000484,-0.126754302,-0.800187044,-0.363004773,-0.143790191,-0.927323541,-0.335258772,-0.166350851,-0.346573873,-0.288719874,-0.138152238,-0.642488813,-0.259430918,-0.169829109,-0.801166072,-0.249468937,-0.175523343,-0.917314555,-0.250979114,-0.186218688,-0.366599377,-0.088819116,-0.176576436,-0.615598537,-0.097926767,-0.21384503,-0.750710086,-0.112278401,-0.219556368,-0.864247038,-0.137293335,-0.222438199,161.2826038,167.7905307,175.3126889,177.3029058,177.5629064,175.7510155,175.4444755,174.5697921,172.7098925,173.5277787,ATTACK
0,0,0,0.061357689,-0.206754961,0.139122443,0.08333619,-0.359606728,0.187330694,0.115202054,-0.475027987,0.20007923,0.148946658,-0.557635193,0.206077784,0.009440695,-0.485297481,0.134437742,0.097428719,-0.675481164,0.146301811,0.14187419,-0.78189922,0.154205663,0.172935114,-0.879590271,0.155301293,0.021159796,-0.48553779,0.045632534,0.116249548,-0.72011087,0.043109167,0.159813102,-0.862791225,0.038623247,0.184540126,-0.982268743,0.033061443,0.051666284,-0.466224209,-0.03722196,0.148517322,-0.696754131,-0.036489099,0.186757562,-0.830453917,-0.039294093,0.208035015,-0.944205243,-0.047269735,0.112963412,-0.430026346,-0.11046733,0.178385363,-0.617405533,-0.116001132,0.202298373,-0.73407575,-0.118675699,0.221727266,-0.840779078,-0.123768466,166.6830528,172.8507521,177.6741205,173.949531,174.7619273,174.6129433,173.0282811,173.9289511,172.3134315,178.0112513,0,0,0,-0.091360422,-0.259034055,0.028391615,-0.259286116,-0.459617711,0.017315272,-0.433335742,-0.562580144,-0.000752534,-0.570913566,-0.604386487,-0.032014234,-0.315322486,-0.57771142,-0.050010105,-0.599718781,-0.530094623,-0.089690798,-0.749609778,-0.493948388,-0.113386185,-0.859093965,-0.473824672,-0.129905218,-0.327033993,-0.451543991,-0.094320492,-0.631457291,-0.397164217,-0.121959657,-0.800831013,-0.364840159,-0.137494756,-0.927801034,-0.337405576,-0.159193963,-0.346054978,-0.290434076,-0.133325422,-0.639404286,-0.258979308,-0.163778071,-0.798997252,-0.253345879,-0.171382877,-0.916906571,-0.253447732,-0.183346322,-0.367296152,-0.091208129,-0.167650341,-0.612111712,-0.096366061,-0.206389056,-0.744069309,-0.107671269,-0.213641563,-0.856546125,-0.128905913,-0.217010338,160.3962166,164.674272,175.8527772,176.8041161,179.1448849,175.406852,174.8018348,176.2421807,173.0654344,173.9909863,ATTACK
0,0,0,0.069532991,-0.214527125,0.141709433,0.089517487,-0.36493104,0.189226223,0.121995901,-0.480855855,0.200326168,0.15587815,-0.566677664,0.204591668,0.011172124,-0.487049138,0.136266726,0.098902616,-0.68006909,0.14715331,0.142338141,-0.7849086,0.153888826,0.173958843,-0.883037271,0.154059705,0.022694978,-0.484550618,0.045043236,0.118250511,-0.720393894,0.040522983,0.161169193,-0.863136138,0.034599201,0.185730868,-0.982190227,0.028397226,0.05269917,-0.46223697,-0.040004422,0.146825656,-0.696278307,-0.039970255,0.18317064,-0.832987181,-0.041581395,0.20382935,-0.948970197,-0.048446123,0.113066315,-0.421231852,-0.115296995,0.177067327,-0.611554029,-0.118579815,0.20044323,-0.728985865,-0.117984909,0.2200283,-0.834699963,-0.120719802,165.5159589,173.5309138,177.9369683,174.2683757,174.5123577,174.8543215,172.930894,174.482725,172.5507083,177.9974987,0,0,0,-0.089515358,-0.263664575,0.03294748,-0.264566291,-0.464781263,0.023231932,-0.438834742,-0.569454829,0.005419238,-0.569010173,-0.637425977,-0.025875841,-0.310302355,-0.5895674,-0.046176878,-0.59651715,-0.546956475,-0.090548274,-0.74905028,-0.511314468,-0.119531699,-0.860328018,-0.490228444,-0.139684552,-0.317508188,-0.456181563,-0.094228776,-0.629395522,-0.403872051,-0.12730165,-0.800323481,-0.369364446,-0.147178689,-0.924517119,-0.340142405,-0.171616452,-0.336450417,-0.289663948,-0.137131688,-0.640157761,-0.262813456,-0.171582398,-0.803665805,-0.254255191,-0.180461312,-0.919904388,-0.254493798,-0.192292912,-0.359668678,-0.086925216,-0.174790074,-0.616811811,-0.100477023,-0.21508845,-0.753749123,-0.117019657,-0.222495523,-0.865938724,-0.144009818,-0.225779445,161.8203798,172.1837874,175.0254394,177.4899875,177.9755946,175.2553912,176.0426474,175.8259501,172.9975339,173.175631,ATTACK
0,0,0,0.123281667,-0.198343664,0.111104474,0.139622697,-0.362846141,0.149065773,0.161711953,-0.486030186,0.154545992,0.188019669,-0.578166976,0.155477352,0.024901629,-0.482556414,0.124884614,0.106172296,-0.674025199,0.123331482,0.146959222,-0.790693379,0.116360247,0.178612752,-0.899135318,0.106409385,0.024516958,-0.478846107,0.044850271,0.115726847,-0.709228072,0.029134057,0.160731832,-0.855661603,0.010856503,0.1930641,-0.981178986,-0.003748366,0.04700171,-0.460262194,-0.032922071,0.135204986,-0.697514328,-0.045588615,0.172684819,-0.840219811,-0.056432636,0.198414224,-0.960425557,-0.066946567,0.102616738,-0.424854958,-0.104030528,0.161339008,-0.614637522,-0.116986299,0.187032331,-0.738031443,-0.122649482,0.209660709,-0.847322305,-0.128704892,168.6527338,173.8788651,175.3073611,176.4546698,174.4757745,177.2932081,174.1568323,177.2265113,174.4293966,179.1871697,0,0,0,-0.089046958,-0.258433836,0.021329994,-0.250092543,-0.46409333,0.008258953,-0.420111358,-0.569813348,-0.010629093,-0.553845213,-0.615509197,-0.043259742,-0.303340502,-0.560086491,-0.04853733,-0.580139405,-0.517182567,-0.092870595,-0.731519582,-0.487940278,-0.124053749,-0.845779731,-0.474160306,-0.145972703,-0.313383328,-0.436392644,-0.090139658,-0.61167451,-0.400166048,-0.122740653,-0.787978878,-0.378280921,-0.148208162,-0.917808681,-0.355242477,-0.177285105,-0.330361085,-0.282304531,-0.127249716,-0.613854221,-0.268075764,-0.161095003,-0.778288783,-0.266781838,-0.178137196,-0.897462742,-0.270644566,-0.196278384,-0.351143611,-0.092990859,-0.160081456,-0.584053117,-0.111723414,-0.198056242,-0.71167718,-0.124923507,-0.208188005,-0.818751769,-0.148121747,-0.214737687,159.8266767,165.0697034,176.7428792,175.9125904,177.9630327,174.7739961,177.3813194,176.3757663,175.0729208,173.5629491,ATTACK
0,0,0,0.114984788,-0.188567097,0.125757716,0.128327706,-0.358750276,0.171730413,0.151735076,-0.489678912,0.18380942,0.17879147,-0.58246408,0.190277874,0.026613028,-0.478013787,0.133433331,0.104012944,-0.666925669,0.138693371,0.144820823,-0.782386718,0.137219084,0.177808061,-0.890023815,0.130405594,0.028695979,-0.475591166,0.049010641,0.118515875,-0.709216084,0.03949328,0.164686074,-0.856014056,0.02673653,0.195206465,-0.980643246,0.01527286,0.051290827,-0.459480943,-0.031369075,0.136808333,-0.69572374,-0.038870427,0.174049323,-0.837563446,-0.046050182,0.197167667,-0.956703505,-0.05543388,0.104310393,-0.431003087,-0.103597091,0.159142136,-0.618737506,-0.115652493,0.183868474,-0.741363924,-0.122049982,0.20614732,-0.849951336,-0.129032805,168.6485043,173.7174601,176.4085949,176.2652332,175.5850326,176.254467,174.6794111,175.9003767,175.060428,179.0666977,0,0,0,-0.083105731,-0.255054258,0.018522409,-0.243774233,-0.461532365,0.004790985,-0.411131935,-0.569002294,-0.01479496,-0.544276546,-0.625999137,-0.047409301,-0.299379537,-0.562260569,-0.045551064,-0.572315299,-0.527190399,-0.094374452,-0.725265145,-0.50001046,-0.131461616,-0.842440253,-0.483485967,-0.15649927,-0.311938317,-0.438440522,-0.086053805,-0.605424276,-0.407054237,-0.121096363,-0.781815517,-0.387969035,-0.149665158,-0.913116519,-0.365756136,-0.18011294,-0.329626781,-0.286036866,-0.12300178,-0.606685967,-0.275832824,-0.157854548,-0.771210464,-0.278359805,-0.176981494,-0.893214231,-0.283274718,-0.195942614,-0.348721181,-0.100365988,-0.156233274,-0.5754114,-0.120032042,-0.19427428,-0.704342599,-0.134075015,-0.205197922,-0.813849844,-0.155527887,-0.211834378,160.4690039,168.222613,175.6534422,177.4277952,177.5677582,174.9391649,176.9382536,177.3096275,175.1235483,174.8958287,ATTACK
0,0,0,0.1462961,-0.172357535,0.112509729,0.165216098,-0.337909467,0.153763293,0.181740695,-0.454081752,0.162298051,0.205169119,-0.541712469,0.165818872,0.036191004,-0.484051189,0.134504314,0.111796955,-0.672504862,0.138995478,0.153192731,-0.792527194,0.133765388,0.186051777,-0.903309354,0.123714757,0.025666748,-0.482173878,0.054047641,0.117584566,-0.709113834,0.04395247,0.161674306,-0.855923127,0.025725929,0.194023156,-0.980946344,0.009964149,0.038760466,-0.468667587,-0.024307883,0.131735345,-0.706081838,-0.034072041,0.17170865,-0.847661977,-0.047354575,0.198030779,-0.963985243,-0.06031097,0.087745525,-0.440511213,-0.09586122,0.151102789,-0.629900743,-0.107725369,0.182086821,-0.749891601,-0.115039619,0.208815927,-0.855296224,-0.123088387,170.1155874,172.8402564,175.3697302,176.3324251,173.0705357,177.7296413,173.6379758,176.7716342,175.9531625,178.9170348,0,0,0,-0.08515632,-0.257891756,0.025024509,-0.244474941,-0.462267849,0.014916514,-0.412517574,-0.571927575,-0.002093773,-0.54460693,-0.624756689,-0.032398754,-0.303919826,-0.565319727,-0.036797424,-0.575877838,-0.525411434,-0.078848354,-0.725247248,-0.497662934,-0.109614791,-0.839232798,-0.483355019,-0.131301585,-0.315613204,-0.445917719,-0.079736178,-0.609633472,-0.410305274,-0.109853536,-0.784429477,-0.390028915,-0.135249156,-0.91510546,-0.368219807,-0.164305114,-0.333034556,-0.296240623,-0.118507577,-0.612916334,-0.280836,-0.150743931,-0.776656385,-0.282341811,-0.168339313,-0.897798203,-0.288384733,-0.187107879,-0.352841066,-0.110365026,-0.152959434,-0.58581886,-0.127775549,-0.189927892,-0.713404912,-0.141550363,-0.200035467,-0.822293443,-0.166200348,-0.206712545,160.9170143,166.6854762,176.4724456,176.5439834,177.5238369,174.9432515,176.2826308,176.4173882,175.1003468,173.2980016,ATTACK
0,0,0,0.13409778,-0.187002765,0.120973055,0.148845445,-0.35950681,0.165927651,0.169012638,-0.489918297,0.176945401,0.192351779,-0.584200822,0.18228777,0.032275509,-0.480625068,0.138298308,0.108151305,-0.666115516,0.143133962,0.148014433,-0.783645125,0.139875866,0.180925169,-0.893057509,0.131376223,0.027718608,-0.479238619,0.054814234,0.114498391,-0.709587142,0.043785707,0.15852715,-0.855986727,0.028401708,0.190296192,-0.981601097,0.01570498,0.044987335,-0.463689166,-0.025746966,0.130361419,-0.702933363,-0.035901219,0.168215338,-0.8458959,-0.04513587,0.193337384,-0.965271547,-0.054726119,0.094951763,-0.433150384,-0.098716517,0.151872174,-0.623746486,-0.111600059,0.179827161,-0.746900584,-0.117773727,0.205163542,-0.85483117,-0.124256394,169.4754641,174.610591,175.423553,176.5500245,174.9489794,177.4020608,175.0058731,176.8670556,176.0255306,179.078541,0,0,0,-0.082309954,-0.266557261,0.027181794,-0.24192533,-0.470327431,0.017713577,-0.411092932,-0.578456694,0.001288344,-0.541451827,-0.638770407,-0.02792566,-0.303136597,-0.564943274,-0.039061468,-0.575002054,-0.531439806,-0.078947017,-0.724034494,-0.505423654,-0.105532278,-0.837397515,-0.492551689,-0.124535386,-0.31622556,-0.439998588,-0.082911889,-0.611479541,-0.408693858,-0.111746568,-0.784500442,-0.39232869,-0.134388841,-0.912502184,-0.375694659,-0.161843404,-0.334618957,-0.287337505,-0.122169768,-0.61744639,-0.278336038,-0.153949804,-0.780818189,-0.282929685,-0.169485743,-0.901131068,-0.292446573,-0.187113566,-0.353580446,-0.100802512,-0.156731246,-0.592293663,-0.123836583,-0.194962758,-0.722412449,-0.137952224,-0.205276562,-0.832689928,-0.163375829,-0.211965401,160.5154504,169.715969,176.6540037,176.5215275,177.9499253,174.9700177,176.4078599,175.8680874,175.3607937,173.0976898,ATTACK
0,0,0,0.137825639,-0.183900015,0.117940973,0.155113831,-0.351885251,0.160945981,0.174680317,-0.474989268,0.170953526,0.199351939,-0.563910003,0.175797343,0.036596595,-0.483951581,0.131796864,0.113940319,-0.672799791,0.134779029,0.152997062,-0.789469998,0.130744209,0.185291663,-0.897525156,0.122050752,0.031054314,-0.48053135,0.04969883,0.1203261,-0.712912477,0.036971035,0.163608409,-0.858267827,0.020887936,0.195532827,-0.9806673,0.007652493,0.048392328,-0.463487987,-0.029583058,0.136050156,-0.702485076,-0.040774534,0.174446748,-0.845651912,-0.051500404,0.20118711,-0.964613516,-0.06220633,0.100773365,-0.432087804,-0.101456329,0.161046523,-0.622341413,-0.115267024,0.188995785,-0.745695341,-0.122844689,0.213641499,-0.854232982,-0.130439294,169.8022415,173.3161237,175.3291041,176.7981502,174.5657182,177.96623,174.6079367,177.4383567,175.1396993,179.2277958,0,0,0,-0.083183584,-0.26116806,0.023469243,-0.241939567,-0.467034608,0.011479254,-0.409588608,-0.573933508,-0.00673764,-0.539281847,-0.632173181,-0.038059199,-0.300214981,-0.561753039,-0.045235924,-0.574150768,-0.523078926,-0.088441808,-0.724985536,-0.495044519,-0.117673847,-0.839699898,-0.479286158,-0.137869209,-0.312885924,-0.434354348,-0.087773246,-0.608882881,-0.39973883,-0.119147989,-0.785595523,-0.380864806,-0.143546676,-0.916946522,-0.360145613,-0.171767907,-0.330897736,-0.280867216,-0.125753019,-0.61199011,-0.271051974,-0.158468393,-0.776670337,-0.273397523,-0.174204031,-0.897727131,-0.280231099,-0.191573166,-0.350008296,-0.095754398,-0.159327376,-0.583785161,-0.119345757,-0.196809103,-0.713027682,-0.133364031,-0.206178296,-0.822364764,-0.158261091,-0.2120418,160.0344194,169.0520381,176.8407895,177.1135826,178.0369965,174.9302896,176.916473,176.3356015,175.0053533,173.2436318,ATTACK
0,0,0,0.116000555,-0.187235841,0.115422426,0.130711853,-0.357591678,0.160449673,0.148004776,-0.480691176,0.173707859,0.170436956,-0.565694661,0.181888983,0.025694574,-0.486315234,0.129559835,0.104808159,-0.675259977,0.132638108,0.145963069,-0.795224981,0.129148622,0.177717811,-0.905401796,0.121139109,0.026122252,-0.483524789,0.050966184,0.113700033,-0.711439674,0.040002026,0.157819972,-0.856809617,0.024718754,0.189411072,-0.98182809,0.011706692,0.049297546,-0.466649504,-0.024900097,0.135154879,-0.700961478,-0.035250098,0.173538219,-0.842873158,-0.046875176,0.199966169,-0.961774088,-0.058198204,0.105593539,-0.435769493,-0.093388395,0.162246131,-0.624408738,-0.109239451,0.189062706,-0.747388767,-0.119367322,0.213807455,-0.856168101,-0.128341858,170.8116486,173.1719107,175.4676441,176.2100006,174.7728937,177.2537316,174.5554476,177.2282504,175.5667633,179.2028382,0,0,0,-0.089883653,-0.260106227,0.028115896,-0.249711499,-0.466786646,0.019896969,-0.417500944,-0.575929412,0.004329234,-0.549870997,-0.635312048,-0.023868424,-0.306355824,-0.569266986,-0.036106053,-0.579033351,-0.529903061,-0.071341179,-0.72607095,-0.501551213,-0.094050013,-0.837059853,-0.488307358,-0.111208942,-0.320004126,-0.448291294,-0.080718645,-0.615073585,-0.413106161,-0.106541667,-0.786572766,-0.394074591,-0.127386742,-0.914642599,-0.373861515,-0.153806646,-0.338354006,-0.296196698,-0.120579129,-0.621908213,-0.283948445,-0.150780514,-0.782990637,-0.284095126,-0.165324433,-0.902784555,-0.28890846,-0.182692931,-0.357449649,-0.106123854,-0.155760661,-0.595015383,-0.126942325,-0.194854697,-0.724756733,-0.138111023,-0.205599236,-0.836572529,-0.159850278,-0.212481684,160.6009413,169.0167807,176.9618647,175.8807795,177.9557889,174.6527504,177.2722572,176.1368734,175.3683729,173.7653166,ATTACK
0,0,0,0.112422226,-0.187178545,0.115514608,0.131100626,-0.352401271,0.159432234,0.153868934,-0.469156196,0.171197865,0.180685854,-0.555082104,0.178582852,0.023703565,-0.488235246,0.133010903,0.102065228,-0.678686531,0.139528107,0.144723753,-0.792779202,0.139086085,0.178606317,-0.8948308,0.133602801,0.021919405,-0.489764105,0.0547941,0.112375133,-0.720764169,0.046394287,0.158091985,-0.863410419,0.032110243,0.190755104,-0.981422882,0.020533332,0.04586922,-0.472402796,-0.02055979,0.136644735,-0.70813387,-0.027570979,0.176375227,-0.847973737,-0.0397795,0.202537111,-0.963544053,-0.051318602,0.106411048,-0.435340254,-0.088492641,0.171245195,-0.621607037,-0.097977998,0.199276678,-0.741683118,-0.10474515,0.223117557,-0.848441417,-0.111792957,169.7878396,173.6207428,177.1982613,176.4942401,174.9454305,177.6393331,173.8763325,176.7617565,173.9200635,179.0068831,0,0,0,-0.087845211,-0.253981627,0.02036978,-0.251791712,-0.461294705,0.005781368,-0.421335594,-0.571501414,-0.014768048,-0.555569966,-0.635685299,-0.047846326,-0.297394906,-0.574833469,-0.052072004,-0.579031161,-0.53527476,-0.094435937,-0.729603564,-0.505861936,-0.121500616,-0.841357898,-0.49124886,-0.141204527,-0.309986881,-0.451002668,-0.095433927,-0.611053943,-0.413337041,-0.129200525,-0.784642223,-0.388371216,-0.152069273,-0.914303914,-0.363235889,-0.17918717,-0.331195663,-0.293909558,-0.134560591,-0.621651466,-0.282628811,-0.17172837,-0.786672114,-0.280704137,-0.186634845,-0.909359676,-0.282062068,-0.203347608,-0.355597217,-0.100361227,-0.169331936,-0.599083654,-0.123585066,-0.214643979,-0.733471594,-0.140023094,-0.227503857,-0.848734077,-0.164645796,-0.235262168,161.2274315,170.0015963,176.5716274,176.3860784,178.4100188,174.9640502,177.3175564,177.0271764,174.6780686,174.6223014,ATTACK
0,0,0,0.080810086,-0.204920843,0.102029125,0.098613976,-0.373070167,0.134877787,0.127342898,-0.486579628,0.137824847,0.160274332,-0.568322331,0.137048961,0.010112042,-0.487144705,0.110733076,0.101613953,-0.681636236,0.108684079,0.14750065,-0.795423751,0.10428253,0.180200547,-0.898416396,0.097987391,0.01949568,-0.487343181,0.037198915,0.116770805,-0.716449071,0.023786008,0.16126619,-0.859911474,0.007932168,0.19035389,-0.981708628,-0.00368329,0.053440248,-0.469568911,-0.033721119,0.145663367,-0.7038359,-0.041998555,0.183675489,-0.840130857,-0.051162857,0.207964103,-0.955250235,-0.059767568,0.11970737,-0.429269468,-0.098446775,0.183313998,-0.623239935,-0.103670016,0.207930728,-0.741571116,-0.103344826,0.229092436,-0.847977272,-0.104623381,167.4622222,171.9915339,176.3924328,175.4284888,173.5184358,176.1067615,173.8072977,176.2601061,173.3725931,178.8409521,0,0,0,-0.083330895,-0.253627243,0.023142701,-0.248975222,-0.466405992,0.00885998,-0.420965114,-0.578319519,-0.011188357,-0.556989559,-0.64364665,-0.04384744,-0.291153861,-0.587243161,-0.055853633,-0.574636193,-0.54810535,-0.099575511,-0.725269371,-0.518374971,-0.127102299,-0.835544672,-0.505415889,-0.147248031,-0.304648149,-0.457732326,-0.099781656,-0.609999411,-0.420201668,-0.136113395,-0.783488606,-0.392077884,-0.15840119,-0.911946724,-0.366600176,-0.184275566,-0.326891626,-0.297648381,-0.138857984,-0.62322087,-0.287498542,-0.177751262,-0.787567798,-0.283895755,-0.190877848,-0.907285924,-0.285443689,-0.205287603,-0.351687262,-0.104378552,-0.173069004,-0.600329739,-0.129538006,-0.218534493,-0.73728247,-0.148592398,-0.230815474,-0.852234874,-0.175968062,-0.237572964,160.8311499,170.1159236,176.3791578,175.5538145,177.700735,175.5353773,176.9611083,176.8912858,174.3206496,174.2088205,ATTACK
0,0,0,0.075961507,-0.194466164,0.115625751,0.097325205,-0.35489369,0.154279701,0.124598636,-0.466869173,0.161364133,0.157406062,-0.547351111,0.163799981,0.013804365,-0.483066948,0.115517399,0.109129126,-0.669403289,0.120365447,0.155360239,-0.777597425,0.12287929,0.187259041,-0.874791851,0.121038985,0.024187786,-0.485562986,0.03758207,0.122479284,-0.715245533,0.0295942,0.166586317,-0.859638941,0.018970822,0.194627405,-0.980822516,0.01036176,0.058124531,-0.466932829,-0.035831137,0.153206537,-0.702424268,-0.040119839,0.190235967,-0.838346462,-0.047307359,0.211768049,-0.95515903,-0.055833326,0.126400969,-0.427395282,-0.101407059,0.190674102,-0.620413004,-0.105862502,0.21512145,-0.738294439,-0.106604344,0.235405933,-0.846082268,-0.109045201,168.3815711,171.2805204,176.0048969,174.5067643,173.4295028,176.0090224,172.9614121,175.033278,173.2170134,178.4594446,0,0,0,-0.0858898,-0.258745099,0.024427656,-0.254520753,-0.481749278,0.012334204,-0.422576917,-0.603502088,-0.00519513,-0.5599011,-0.678513107,-0.035304427,-0.290897935,-0.602903194,-0.056064274,-0.571296764,-0.565406813,-0.097039838,-0.721537736,-0.541678849,-0.12319511,-0.831797182,-0.536243167,-0.14337613,-0.301979819,-0.469878378,-0.099672994,-0.610545041,-0.43530943,-0.134152346,-0.776497447,-0.408760148,-0.15427462,-0.897256855,-0.38568927,-0.178679834,-0.322340486,-0.306325683,-0.138109122,-0.622850955,-0.293092119,-0.175283834,-0.783009683,-0.286682575,-0.186815939,-0.898909624,-0.2871735,-0.200178919,-0.345863779,-0.109812166,-0.171669471,-0.597989814,-0.132307969,-0.215864948,-0.735427815,-0.150895062,-0.228071521,-0.851073309,-0.178193424,-0.234855962,162.8843749,170.5642709,177.9002744,173.872911,177.2241885,175.2352422,177.0106163,176.4095405,174.4537281,174.1211915,ATTACK
0,0,0,0.04155045,-0.217617096,0.113012107,0.061215253,-0.370813711,0.145865938,0.095322507,-0.471867609,0.148104733,0.13890308,-0.536628246,0.146315662,0.001690487,-0.503555292,0.108970904,0.104718768,-0.687662669,0.113119218,0.152117079,-0.794086379,0.115979324,0.188522859,-0.885381189,0.114159966,0.022029779,-0.499558584,0.032117547,0.12383304,-0.733364462,0.022873442,0.165370907,-0.872114362,0.014884405,0.19394893,-0.980971007,0.008927313,0.062903972,-0.471864281,-0.039997301,0.163071653,-0.71190674,-0.042413145,0.199334133,-0.835846684,-0.043112264,0.22360649,-0.942845935,-0.047079766,0.132951019,-0.42340848,-0.10469333,0.199830588,-0.618847713,-0.106003637,0.222161527,-0.733497987,-0.10234524,0.243115929,-0.843289255,-0.101160029,164.3949305,164.4914785,174.7399115,176.5869159,173.0418734,177.9521794,173.6336064,176.0097091,171.8227475,178.6378887,0,0,0,-0.086918231,-0.259489145,0.014886666,-0.250052524,-0.476676739,-0.004298773,-0.419985209,-0.586875862,-0.027477591,-0.56106529,-0.642748334,-0.06305178,-0.290231167,-0.589400454,-0.066124317,-0.574172478,-0.544094183,-0.107755114,-0.723655428,-0.519094895,-0.133092652,-0.832907298,-0.512877546,-0.152601911,-0.305535325,-0.45645046,-0.105350518,-0.611111072,-0.419683027,-0.137003415,-0.777120619,-0.404537169,-0.155222719,-0.901150584,-0.394276401,-0.180204729,-0.327291878,-0.293853396,-0.139728214,-0.62034558,-0.287171749,-0.173015675,-0.775579038,-0.291186617,-0.181126434,-0.889320532,-0.299386525,-0.194245018,-0.351298544,-0.10151202,-0.170431102,-0.589844964,-0.127991407,-0.212665129,-0.720333544,-0.145811253,-0.222442766,-0.831426493,-0.171011807,-0.228135201,159.8016545,166.9684598,178.5655299,173.7842647,178.2377369,174.8230664,175.5064148,175.5097895,174.0596574,174.7680559,ATTACK
0,0,0,0.008531977,-0.212709056,0.1216136,0.016869375,-0.37082881,0.161666021,0.041513156,-0.485002755,0.172241705,0.081352809,-0.5468061,0.176442965,-0.004151221,-0.497655313,0.105079591,0.097822604,-0.691993116,0.118770809,0.143006219,-0.800840472,0.132111631,0.175691634,-0.891113573,0.137336312,0.025191191,-0.494217653,0.029253744,0.121856325,-0.736087913,0.026961756,0.162982746,-0.873602025,0.026142271,0.189982843,-0.98146996,0.024964721,0.070199075,-0.464178422,-0.039343375,0.163682513,-0.717130819,-0.038556239,0.197456747,-0.841816957,-0.036857513,0.217519401,-0.951624203,-0.039412584,0.139755135,-0.414570354,-0.098363245,0.20468869,-0.620597404,-0.099190375,0.225901127,-0.732422086,-0.094923972,0.245162198,-0.839432738,-0.093103595,167.2289014,159.3312649,174.0932619,175.6950139,174.8387227,177.3176376,174.8146586,174.7363784,172.8249514,178.5454401,0,0,0,-0.084109837,-0.248990916,0.021927531,-0.25327109,-0.463836313,0.005481425,-0.424254254,-0.577866731,-0.0159471,-0.562686572,-0.644025765,-0.049557018,-0.294376846,-0.592516715,-0.064895647,-0.578302461,-0.550498715,-0.1040212,-0.726848875,-0.52599822,-0.125195245,-0.834396712,-0.519380127,-0.141830941,-0.310486134,-0.457535324,-0.108327499,-0.619179548,-0.427232675,-0.138546346,-0.780303186,-0.409574506,-0.15174953,-0.900637312,-0.399011372,-0.172169561,-0.33213814,-0.292549069,-0.146276106,-0.629381791,-0.287900133,-0.180143301,-0.782343606,-0.289773702,-0.184724766,-0.895598867,-0.295513752,-0.194454199,-0.355455223,-0.096562996,-0.17983185,-0.600258119,-0.12653967,-0.223666323,-0.731543601,-0.144397316,-0.232760423,-0.843825802,-0.168967786,-0.237199739,161.7968795,169.6989015,178.8790896,174.1248073,178.7610027,174.8676694,174.9271143,176.0669678,173.7726777,175.0478028,ATTACK
0,0,0,-0.008331288,-0.213764419,0.103512194,-0.003510727,-0.370986722,0.139877342,0.027136565,-0.482146557,0.151127134,0.069142598,-0.540622856,0.156791589,-0.017602693,-0.485153887,0.089781739,0.081636484,-0.680913591,0.097032017,0.130030592,-0.794459558,0.106285753,0.162253773,-0.886434066,0.110122518,0.017791956,-0.486762191,0.02530138,0.107727858,-0.73199426,0.016027187,0.151977641,-0.87211357,0.010383722,0.180173211,-0.983598197,0.008497064,0.068740685,-0.459036516,-0.03271639,0.15171202,-0.718863405,-0.0418329,0.186222787,-0.849444383,-0.046108869,0.204726547,-0.965846705,-0.04807984,0.141738708,-0.408408992,-0.081753935,0.209091135,-0.615746721,-0.08913877,0.231696256,-0.727504475,-0.086731155,0.249637773,-0.835421705,-0.082803158,164.6006152,159.7605733,175.4806578,175.6660186,177.3345999,176.3864181,177.0485651,174.1346457,172.7009411,177.7361617,0,0,0,-0.089303525,-0.256936021,0.021330818,-0.259640205,-0.472411007,0.003844008,-0.431775742,-0.583889932,-0.019254369,-0.571967182,-0.637475126,-0.055687548,-0.296541518,-0.590511924,-0.068389458,-0.584710237,-0.541083207,-0.11064769,-0.733391867,-0.513905275,-0.132738985,-0.83891848,-0.504312665,-0.149237085,-0.307779195,-0.457149351,-0.112716901,-0.617666839,-0.413580154,-0.146784238,-0.782898126,-0.391999625,-0.163726253,-0.906892947,-0.377850458,-0.186478453,-0.325311721,-0.291205801,-0.151312123,-0.622263247,-0.276344226,-0.189681516,-0.778986072,-0.273906908,-0.197541931,-0.893652992,-0.276553259,-0.208750296,-0.347580201,-0.091904991,-0.185119618,-0.590274264,-0.114928893,-0.231804445,-0.721350861,-0.129287667,-0.242103473,-0.831511575,-0.150075658,-0.247086296,161.116653,166.1401413,179.1593806,174.8165447,179.1234475,175.3332107,175.0742162,176.4373372,173.5436253,175.1210899,ATTACK
0,0,0,-0.015710163,-0.210878991,0.098874322,-0.014689098,-0.364557177,0.134662302,0.002104583,-0.480279243,0.146669788,0.02511828,-0.554020298,0.153053239,-0.017202129,-0.487233486,0.083900725,0.071195468,-0.692177703,0.089337547,0.115299681,-0.812255653,0.097916422,0.143227087,-0.910747077,0.101908311,0.020952736,-0.490920256,0.021685411,0.10645939,-0.732266601,0.013892632,0.150739154,-0.871586575,0.008990684,0.177619003,-0.984074737,0.006957131,0.073206105,-0.46336789,-0.034554614,0.152533385,-0.715659428,-0.043466173,0.1863895,-0.843711196,-0.049111567,0.203527473,-0.957418316,-0.052364313,0.145787037,-0.411124097,-0.082104256,0.212037942,-0.613828185,-0.09270994,0.234094943,-0.724409817,-0.093705656,0.249561677,-0.831071568,-0.09205777,169.3645655,170.8648142,175.970898,175.3372678,178.0499421,175.6685826,177.2594486,173.6815234,172.7717551,176.6070281,0,0,0,-0.090526677,-0.261730193,0.02823772,-0.263977352,-0.477275372,0.013055799,-0.438250622,-0.590150933,-0.00873521,-0.580223152,-0.645687883,-0.04415205,-0.301193983,-0.597846381,-0.067008001,-0.593448647,-0.549973319,-0.10476277,-0.741002747,-0.520458154,-0.121235024,-0.843741942,-0.509653027,-0.134026571,-0.312675356,-0.459445468,-0.114488655,-0.629096713,-0.41747632,-0.144853964,-0.790035718,-0.393689512,-0.156309301,-0.908892109,-0.378415753,-0.175261666,-0.331033987,-0.289334927,-0.155433057,-0.635026901,-0.275780042,-0.190988849,-0.789756089,-0.27409625,-0.194375974,-0.901394971,-0.276524398,-0.202845354,-0.354177575,-0.088023227,-0.190941198,-0.602914343,-0.115873976,-0.236070428,-0.734335248,-0.132557769,-0.244013835,-0.84417878,-0.154715977,-0.247343493,161.5858884,166.5646632,177.6897006,174.6171502,178.2684068,174.8793818,174.2301545,176.3271173,173.1317613,175.4311403,ATTACK
0,0,0,-0.03574078,-0.202300161,0.076316827,-0.034825669,-0.351853471,0.104321487,-0.02365802,-0.479201455,0.113278755,-0.023213653,-0.569154809,0.11824228,-0.020502537,-0.491750191,0.067683864,0.052030356,-0.698321467,0.063061287,0.093453844,-0.818848125,0.063655052,0.119034241,-0.914689052,0.063717258,0.025450848,-0.496112404,0.016182503,0.097740953,-0.736490853,0.003081216,0.139100673,-0.875039113,-0.005485301,0.163533025,-0.986487706,-0.009947691,0.081965233,-0.470671725,-0.031626741,0.147457528,-0.71078186,-0.044166814,0.179608839,-0.836218589,-0.052555922,0.196840749,-0.943208839,-0.05687951,0.152442279,-0.419882208,-0.073080346,0.206892767,-0.610281593,-0.084426894,0.22862343,-0.721342861,-0.087145173,0.243332458,-0.824161887,-0.086921871,171.9244548,175.1590903,178.3831191,175.9188497,179.3444505,175.5545139,178.687602,174.5540076,174.7271829,176.6446709,0,0,0,-0.090737138,-0.269132062,0.028795239,-0.268819401,-0.490129314,0.015208025,-0.443047146,-0.606510509,-0.005727557,-0.589440116,-0.660852775,-0.03948147,-0.300103143,-0.607746096,-0.060804142,-0.589796762,-0.567720207,-0.10091231,-0.733568564,-0.536147062,-0.120728714,-0.832062152,-0.527497208,-0.135476781,-0.314870845,-0.464567113,-0.108001736,-0.631063904,-0.426956783,-0.140628874,-0.787216176,-0.406338868,-0.153074287,-0.900981571,-0.398423179,-0.171729961,-0.335865535,-0.290059359,-0.149549455,-0.642096963,-0.279002891,-0.18782338,-0.794402918,-0.27856603,-0.191622918,-0.903568744,-0.285593384,-0.198876045,-0.361490656,-0.085757962,-0.185633556,-0.611244415,-0.11547631,-0.230980804,-0.742487393,-0.131694302,-0.239010348,-0.851614304,-0.154744178,-0.241849201,162.39502,165.2731932,175.4827162,172.623549,178.3792317,174.0314636,173.9748849,175.4310545,173.2216965,174.6710328,ATTACK
0,0,0,-0.039129953,-0.202525313,0.086881998,-0.041650332,-0.354106258,0.122087772,-0.032914784,-0.482673869,0.13761688,-0.04097304,-0.569020429,0.147566404,-0.029300507,-0.488875212,0.071966114,0.046006459,-0.690362678,0.068917944,0.091554832,-0.812678001,0.071753696,0.121800867,-0.906340009,0.073584081,0.02078576,-0.489769368,0.017433903,0.094045643,-0.727521487,0.004219881,0.138852803,-0.870912398,-0.002926959,0.167396569,-0.98587425,-0.005509325,0.08058033,-0.460186266,-0.032076835,0.143820812,-0.701102872,-0.04737889,0.175809,-0.833232644,-0.056967171,0.192862319,-0.946075567,-0.060663171,0.15273334,-0.404330685,-0.073572853,0.209324709,-0.601210486,-0.091221853,0.230843918,-0.714981175,-0.097744046,0.24544514,-0.820358472,-0.098776914,172.1582807,170.8145173,177.8734367,177.385255,179.3662641,176.2402267,178.6818399,174.5034682,174.3939492,176.0640449,0,0,0,-0.100558388,-0.259162134,0.022070485,-0.278161638,-0.472506943,0.005993416,-0.453734893,-0.577636327,-0.016461723,-0.594596925,-0.620550945,-0.053467973,-0.303481066,-0.606647757,-0.064140755,-0.595280017,-0.526766657,-0.105329613,-0.743184508,-0.480394211,-0.125960219,-0.845350852,-0.45648421,-0.140716095,-0.315183047,-0.470857791,-0.109761398,-0.624236958,-0.40884623,-0.144953524,-0.793425428,-0.371830226,-0.165608343,-0.920849406,-0.340503789,-0.189983003,-0.331453102,-0.304007994,-0.149311308,-0.627541397,-0.275743203,-0.191365842,-0.784813433,-0.26210925,-0.203432214,-0.899485956,-0.258831105,-0.216166048,-0.351105021,-0.099911524,-0.183372335,-0.592685843,-0.123336231,-0.231509468,-0.725285315,-0.138709033,-0.242093919,-0.835796318,-0.162844735,-0.246989113,160.5276906,164.1707366,177.8405233,175.7220792,178.7962659,175.9512043,176.2484527,176.0960405,173.2044404,173.9014422,ATTACK
0,0,0,-0.050222758,-0.191953986,0.075902577,-0.054578578,-0.355874801,0.106349139,-0.04423107,-0.49806899,0.119664754,-0.062211267,-0.598984067,0.12759664,-0.028470156,-0.497117929,0.055888314,0.044595993,-0.71203094,0.048202708,0.090584431,-0.837176721,0.046134086,0.123851897,-0.935314708,0.044703042,0.02558272,-0.490892455,0.006522956,0.099607576,-0.73320683,-0.003931883,0.144234049,-0.874925175,-0.010183306,0.17173209,-0.985034755,-0.014649944,0.086918445,-0.455297926,-0.038467105,0.152914476,-0.695826442,-0.049489515,0.184901256,-0.828372174,-0.057729707,0.202199056,-0.935723047,-0.063410611,0.158771466,-0.39703545,-0.076856959,0.215993221,-0.595756847,-0.092007139,0.235342821,-0.708240415,-0.098061849,0.246973844,-0.809288305,-0.100566065,172.3298281,165.7451571,178.1731721,178.4153531,179.300354,176.4908814,177.9344381,175.5255913,173.5802767,176.3583464,0,0,0,-0.098401201,-0.275385989,0.02352892,-0.282720721,-0.498918538,0.01054349,-0.467605439,-0.615206931,-0.009411706,-0.616268686,-0.665603783,-0.042970189,-0.318387199,-0.634735452,-0.059227637,-0.629010048,-0.579228791,-0.095573499,-0.76984788,-0.530491201,-0.110204286,-0.856063949,-0.502770258,-0.11990239,-0.330674363,-0.489889297,-0.102654909,-0.658354542,-0.428855731,-0.133256178,-0.812152642,-0.384143315,-0.146937871,-0.920337041,-0.344094241,-0.165227637,-0.35073237,-0.310240537,-0.140631887,-0.662290516,-0.281479019,-0.179253003,-0.812090804,-0.268174933,-0.188878051,-0.916222201,-0.257999528,-0.198960312,-0.376741644,-0.096622128,-0.173055003,-0.62945899,-0.118525374,-0.21926712,-0.761424185,-0.135259601,-0.230576976,-0.871402498,-0.154812394,-0.23489217,161.5226634,165.0463236,171.0233339,178.43841,174.3235338,174.1589158,176.5703814,177.9511275,174.0563408,176.0399892,ATTACK
0,0,0,-0.048039024,-0.197274442,0.086710627,-0.05351584,-0.357891295,0.122532731,-0.042957766,-0.496153798,0.139999006,-0.057818624,-0.594955871,0.152206976,-0.028248326,-0.495541704,0.065148475,0.044549591,-0.711920147,0.060095444,0.088390463,-0.838850108,0.060249436,0.119516865,-0.938149684,0.060877724,0.025521877,-0.48875419,0.012312178,0.100550898,-0.734729485,0.003716665,0.144875208,-0.876281534,-2.60E-05,0.171741922,-0.985139539,-0.002191031,0.08673078,-0.45464076,-0.035233432,0.154988936,-0.697127465,-0.044354628,0.186884855,-0.829155014,-0.050146774,0.203083701,-0.934722315,-0.053441522,0.158868976,-0.397242879,-0.075146253,0.217853729,-0.597817087,-0.087835309,0.236740352,-0.711548824,-0.091474848,0.245978772,-0.81293499,-0.091827693,171.7506029,167.1612332,178.4951999,178.2115669,179.1962068,176.4105479,177.7705634,175.0594501,172.8304556,175.4349914,0,0,0,-0.098941975,-0.271276554,0.029143078,-0.28633561,-0.492086154,0.017300929,-0.470510899,-0.606812798,-0.002801875,-0.622827153,-0.65803476,-0.036183656,-0.328156743,-0.621396337,-0.055897583,-0.631857408,-0.563984123,-0.093296161,-0.772292132,-0.516444904,-0.108409345,-0.860012544,-0.491548798,-0.118451787,-0.342463684,-0.477346952,-0.103121502,-0.663814532,-0.419533701,-0.13359611,-0.816567768,-0.381797415,-0.143711319,-0.923494987,-0.349070965,-0.159080073,-0.361402424,-0.297131157,-0.144895704,-0.67177434,-0.274229877,-0.183556779,-0.822356069,-0.265489471,-0.187087935,-0.927192049,-0.258935499,-0.192643885,-0.383533007,-0.083222038,-0.181006206,-0.636123963,-0.10787734,-0.228633251,-0.766037605,-0.123116886,-0.237396789,-0.872750979,-0.140831496,-0.239069115,162.0300759,165.3201807,171.9591934,177.0203115,175.9390287,174.7588085,174.1621683,178.1422857,173.0870555,175.911506,ATTACK
0,0,0,-0.047759679,-0.196430016,0.08992311,-0.051791616,-0.362324402,0.128201371,-0.040417232,-0.502478898,0.147743129,-0.057818544,-0.601329849,0.161695595,-0.025632064,-0.496351801,0.067715373,0.045335063,-0.713177503,0.064466964,0.090718794,-0.83945171,0.065849632,0.123340144,-0.937662575,0.066947899,0.02773635,-0.489218084,0.013865864,0.102246735,-0.734588726,0.006511918,0.147734726,-0.875611913,0.003200941,0.175659352,-0.984450456,0.001044499,0.08923304,-0.454314872,-0.034393279,0.156268713,-0.696286897,-0.042957081,0.189038481,-0.828614987,-0.049248664,0.206535871,-0.935036152,-0.053169553,0.162319556,-0.396487098,-0.074675817,0.220564999,-0.597790261,-0.087270416,0.239964343,-0.711678219,-0.091603483,0.250515557,-0.814175849,-0.092820662,172.1745687,165.5032402,177.7733609,178.4702349,178.8387211,176.4572345,178.2068852,175.3561989,173.3861505,175.8844204,0,0,0,-0.104170498,-0.285150993,0.034208925,-0.292403606,-0.507714157,0.028362235,-0.476458841,-0.624857719,0.013767923,-0.623758415,-0.664592848,-0.014385623,-0.329611425,-0.63450377,-0.048518145,-0.641541485,-0.57991434,-0.079769541,-0.776558641,-0.525553287,-0.088849638,-0.856215307,-0.496369293,-0.094928479,-0.337361535,-0.488676775,-0.0954788,-0.664828883,-0.426893396,-0.120092595,-0.819264814,-0.386686962,-0.128636271,-0.925110383,-0.35151738,-0.143548987,-0.353713995,-0.308768013,-0.136069347,-0.666845217,-0.285840412,-0.170232639,-0.815278864,-0.273923917,-0.173175902,-0.914388463,-0.266922044,-0.178357346,-0.376539125,-0.094231278,-0.17043536,-0.632829772,-0.118177002,-0.21500841,-0.762227417,-0.131569752,-0.22213238,-0.864761443,-0.149552097,-0.222274388,162.5023052,161.5269147,167.8443973,177.9587102,175.8928516,174.0473423,174.8739774,177.926419,173.2577607,174.8800948,ATTACK
0,0,0,-0.051228372,-0.190121538,0.083707409,-0.054873023,-0.358935441,0.119334539,-0.043356203,-0.50005256,0.137650543,-0.064367571,-0.599204747,0.151013217,-0.024813664,-0.494375758,0.060783044,0.04644258,-0.710620571,0.055062307,0.089648706,-0.837164656,0.054597353,0.118457098,-0.93561427,0.054937239,0.029772866,-0.485088776,0.010199686,0.104972236,-0.732287112,0.001592275,0.148677571,-0.874555041,-0.001516022,0.173671896,-0.984797617,-0.00342432,0.092065511,-0.450498484,-0.035322059,0.160747095,-0.691362322,-0.044835314,0.192095781,-0.824514892,-0.051005595,0.20658106,-0.931236779,-0.054671509,0.165327527,-0.395268763,-0.073413486,0.223335062,-0.593846388,-0.086382933,0.242357473,-0.708464931,-0.090989358,0.251325907,-0.81135047,-0.092374875,172.5987636,163.4987422,178.52048,177.3530471,179.1190952,175.6501505,177.2560972,174.415088,173.0007891,175.268465,0,0,0,-0.095759248,-0.290247754,0.023613451,-0.286864648,-0.515465034,0.012801786,-0.474077997,-0.626154856,-0.005275712,-0.621214429,-0.673246438,-0.036938647,-0.326617906,-0.632924665,-0.047845623,-0.630234066,-0.575222196,-0.087695441,-0.770214017,-0.526745756,-0.108221393,-0.857269158,-0.500402339,-0.121190306,-0.338435715,-0.473570617,-0.088987384,-0.655678114,-0.410505401,-0.119720751,-0.81276451,-0.368577211,-0.136728231,-0.921158691,-0.337920361,-0.156730239,-0.355602825,-0.287003649,-0.125222325,-0.65667161,-0.261762709,-0.161544944,-0.808057525,-0.25591666,-0.169893357,-0.91031921,-0.258399773,-0.177692448,-0.377764619,-0.071371394,-0.15606057,-0.622624148,-0.096941154,-0.194175299,-0.746745701,-0.116023174,-0.198333489,-0.843777698,-0.141265366,-0.196711319,160.7547084,165.5601444,171.69496,177.614962,176.2349605,175.7572611,175.4561182,176.13508,172.535468,173.4651228,ATTACK
0,0,0,-0.050279809,-0.190826375,0.081818099,-0.054931164,-0.355758793,0.115688765,-0.042880109,-0.495088884,0.132693926,-0.062463902,-0.593197991,0.144961508,-0.026435255,-0.493195341,0.05734265,0.044945601,-0.713343086,0.050554798,0.089100973,-0.840661349,0.050268453,0.119334567,-0.939121191,0.050873637,0.028226891,-0.483318311,0.006932322,0.102497543,-0.733689659,-0.003592596,0.145863,-0.875619284,-0.006284778,0.17173992,-0.985112947,-0.007608005,0.090626745,-0.448587117,-0.038533279,0.158187281,-0.691616712,-0.049837696,0.189055772,-0.824007317,-0.054915426,0.203614234,-0.928712591,-0.057485563,0.163599418,-0.392228092,-0.076796794,0.220886337,-0.591570732,-0.091355111,0.239806522,-0.705991447,-0.096064052,0.248957895,-0.807692134,-0.097290898,172.002347,163.876514,177.9873967,177.8002575,178.5604139,176.2407632,177.5007149,174.7035563,173.1316935,175.4030924,0,0,0,-0.091131506,-0.283675262,0.026912307,-0.284505945,-0.507343348,0.01908234,-0.471118372,-0.618914073,0.002923312,-0.621546785,-0.682190808,-0.025879447,-0.325496605,-0.627965332,-0.045922413,-0.628758608,-0.576754213,-0.080606533,-0.766832971,-0.529167709,-0.096839807,-0.854007836,-0.508883837,-0.108202852,-0.342549563,-0.479668346,-0.088451063,-0.658511709,-0.425792055,-0.115162313,-0.80997778,-0.395651282,-0.128084251,-0.915457346,-0.370245123,-0.146586063,-0.365451307,-0.298318559,-0.126030353,-0.665838226,-0.272893233,-0.159869792,-0.811049135,-0.267635385,-0.166407468,-0.911232827,-0.265880656,-0.174706858,-0.39242114,-0.087105925,-0.158498968,-0.634050309,-0.106623417,-0.200383812,-0.761706047,-0.123223008,-0.209004098,-0.86591022,-0.144459058,-0.211032404,161.5339658,170.1292455,170.6089636,174.0056361,178.327293,174.5563046,175.2464873,177.4754184,173.3867867,175.0061876,ATTACK
0,0,0,-0.047985412,-0.189967517,0.076315316,-0.051278074,-0.358572369,0.107868554,-0.040416064,-0.496904549,0.122908155,-0.060664887,-0.596243325,0.133046946,-0.0212685,-0.494348017,0.052844576,0.045342474,-0.712042161,0.041751172,0.089329398,-0.839875047,0.036957888,0.120276542,-0.9393794,0.034165345,0.029805513,-0.486161871,0.00339685,0.10124118,-0.730752661,-0.01019637,0.144594319,-0.873357646,-0.017341828,0.170684996,-0.985071431,-0.022380974,0.089861048,-0.451590702,-0.041786945,0.156597016,-0.690139666,-0.056499276,0.187577506,-0.823340641,-0.066166359,0.202966402,-0.930511496,-0.072063422,0.161918336,-0.394589059,-0.08023526,0.21871057,-0.592002502,-0.098851273,0.237209983,-0.707046437,-0.107210761,0.246913584,-0.810492338,-0.111163496,172.8913846,164.056914,177.8224938,178.1117962,179.1426907,176.1861131,177.33897,174.9633025,173.0030129,175.7174864,0,0,0,-0.081787438,-0.28778774,0.036192064,-0.273201232,-0.513586132,0.032445217,-0.45797196,-0.624630734,0.019926157,-0.604655835,-0.689636377,-0.005559091,-0.310267892,-0.617695666,-0.04248302,-0.617357966,-0.576424851,-0.071710879,-0.760147337,-0.540732472,-0.082944755,-0.846397682,-0.524748835,-0.090827448,-0.324634729,-0.460059303,-0.088182861,-0.646198166,-0.421171615,-0.111363844,-0.791865001,-0.399924234,-0.117130424,-0.883336699,-0.380567533,-0.129029956,-0.347424059,-0.273803357,-0.127938832,-0.65525887,-0.265320667,-0.15862612,-0.800614952,-0.267095839,-0.157329213,-0.89509475,-0.26746348,-0.159241048,-0.37678113,-0.058969743,-0.161535594,-0.637197028,-0.087050708,-0.201282572,-0.763638587,-0.10914494,-0.20461354,-0.863564925,-0.134719548,-0.202183533,161.1204365,170.9048478,173.5344345,176.3072519,177.6065169,173.7614893,173.3677366,178.0964678,171.9130676,174.6713477,ATTACK
0,0,0,-0.047353734,-0.190776395,0.075220111,-0.050414011,-0.35248773,0.104264999,-0.036422713,-0.49117343,0.116637159,-0.052926426,-0.589344633,0.123822555,-0.028970669,-0.487793751,0.049110216,0.042444699,-0.707880161,0.037413606,0.088371718,-0.836421182,0.034563375,0.120458107,-0.9351569,0.033907255,0.024281948,-0.480550431,-0.000269022,0.095350452,-0.729398472,-0.017690391,0.139143974,-0.873547334,-0.024731353,0.166144033,-0.985717666,-0.027510799,0.086066669,-0.446749664,-0.044907871,0.150304081,-0.690953778,-0.062967873,0.180927105,-0.825293653,-0.071119042,0.195660475,-0.933944546,-0.073645037,0.15801716,-0.38935577,-0.082583444,0.214566552,-0.59237369,-0.100583779,0.232618833,-0.708604691,-0.105429082,0.241575903,-0.812813437,-0.105513142,171.4916869,164.7043541,177.5542971,178.0412462,178.4056869,176.3475461,177.9177001,174.4503239,172.7985361,175.4079773,0,0,0,-0.080715011,-0.285889276,0.036672005,-0.266699819,-0.509679148,0.030863442,-0.451344921,-0.617699433,0.016799831,-0.59775821,-0.68119599,-0.010032042,-0.305801233,-0.603963257,-0.051192507,-0.619383666,-0.570549558,-0.082251974,-0.762497239,-0.536138821,-0.089743733,-0.846002376,-0.524940687,-0.09336624,-0.319033237,-0.449405505,-0.097290451,-0.647289269,-0.417542254,-0.121545278,-0.793272558,-0.399703653,-0.120558682,-0.881666417,-0.384996454,-0.125107193,-0.339838642,-0.265917085,-0.137197846,-0.65639655,-0.265170584,-0.167973774,-0.804174011,-0.26940664,-0.158791114,-0.898695496,-0.27428251,-0.1532286,-0.365979957,-0.05557445,-0.170901344,-0.633065027,-0.087555381,-0.211548446,-0.760821986,-0.113854327,-0.211471488,-0.860866122,-0.145181044,-0.204549264,159.8995836,171.0277343,172.0824528,174.0537263,175.1597641,175.8070897,170.7035381,178.4706503,170.1153443,173.0955602,ATTACK
0,0,0,-0.044789387,-0.19128838,0.084306126,-0.050345472,-0.345027942,0.117793311,-0.036841154,-0.480241326,0.13338987,-0.050027049,-0.574960583,0.143095485,-0.025097367,-0.483356202,0.05322527,0.043569358,-0.702405448,0.042915557,0.090260183,-0.831703841,0.043466348,0.123093536,-0.928366535,0.045374357,0.026651406,-0.477515587,0.000691746,0.097610798,-0.729053192,-0.020494903,0.142270054,-0.874259559,-0.026220615,0.169470959,-0.985180944,-0.026421622,0.086425716,-0.443192109,-0.046270036,0.149000978,-0.688129444,-0.068632514,0.180954798,-0.824282198,-0.077067685,0.197858942,-0.933856822,-0.078205337,0.155565369,-0.38377388,-0.084940216,0.211332193,-0.585482039,-0.108012631,0.231822049,-0.703351616,-0.115775423,0.24493608,-0.808451005,-0.11679598,170.4121497,166.4151361,176.2432951,178.4842072,177.1427039,176.052335,177.9798135,174.6860492,173.8362426,175.7641994,0,0,0,-0.079091508,-0.275487647,0.030939817,-0.262412678,-0.498136745,0.021850665,-0.443464655,-0.6061566,0.005827181,-0.589099291,-0.665882483,-0.022279964,-0.300272626,-0.598990563,-0.057083921,-0.607290893,-0.566230028,-0.093459314,-0.752886707,-0.534808169,-0.106651891,-0.842679612,-0.52610965,-0.114453957,-0.315822225,-0.451464229,-0.10160058,-0.636568335,-0.420262763,-0.130267115,-0.790266744,-0.405552894,-0.133806506,-0.890229774,-0.393600436,-0.141841758,-0.338524116,-0.273802596,-0.140391998,-0.649167169,-0.273528123,-0.173686079,-0.799107258,-0.279072855,-0.167520915,-0.898358654,-0.283863355,-0.16437959,-0.365356533,-0.0679957,-0.173668217,-0.624519049,-0.098102298,-0.215691245,-0.752135194,-0.123730331,-0.21730494,-0.852943242,-0.153691008,-0.211933963,160.1484287,169.7452319,173.6957342,173.3346777,176.1868757,176.4043179,171.2386091,178.8746562,170.3170266,173.6152613,ATTACK
0,0,0,-0.040569561,-0.188117353,0.082029407,-0.043702278,-0.348734059,0.115252047,-0.032660301,-0.484028651,0.130260662,-0.048600307,-0.578551656,0.139377069,-0.016864078,-0.481968999,0.055047176,0.0468898,-0.696160101,0.04474759,0.089985373,-0.826148442,0.04252442,0.119876896,-0.925751134,0.04098926,0.029160518,-0.477576193,0.001982781,0.096962538,-0.722875563,-0.017297981,0.140093952,-0.869498867,-0.026350659,0.165451491,-0.98572532,-0.03116727,0.085220396,-0.445366831,-0.0460801,0.147248451,-0.685835376,-0.066667126,0.177992259,-0.823155966,-0.078451225,0.194439572,-0.937585746,-0.084332097,0.154104442,-0.390179034,-0.086473422,0.207791156,-0.584832615,-0.109142839,0.227621454,-0.699967248,-0.119272492,0.241303429,-0.805285713,-0.123768864,172.1388254,165.7961828,177.4886238,178.2463946,178.5823034,175.742014,178.0932927,175.1523798,174.1706059,176.4767512,0,0,0,-0.080309582,-0.27399322,0.031550066,-0.258541164,-0.494637686,0.01940165,-0.437608592,-0.597767121,-0.000404689,-0.5830339,-0.656510325,-0.033739849,-0.293617098,-0.596829537,-0.063897243,-0.596610045,-0.560690402,-0.106820927,-0.745621666,-0.53101826,-0.124919376,-0.840797796,-0.523905251,-0.136317105,-0.305604599,-0.45121603,-0.112827979,-0.628114793,-0.421234375,-0.146482585,-0.793694763,-0.407384459,-0.153442339,-0.903230682,-0.39545628,-0.165213992,-0.325249982,-0.273886588,-0.156184046,-0.642132294,-0.277272394,-0.194256226,-0.801158662,-0.282973687,-0.18960955,-0.906369412,-0.290726632,-0.188434658,-0.349568459,-0.067494836,-0.194019995,-0.610548054,-0.102990029,-0.24116105,-0.741890014,-0.132671069,-0.244539366,-0.844152754,-0.168202153,-0.24108382,158.7011113,169.7783482,175.3789346,173.0219175,176.3860116,175.9724788,171.3386156,177.4992373,169.959224,172.7555014,ATTACK
0,0,0,-0.017392102,-0.200873193,0.085369757,-0.01955847,-0.352900486,0.114657745,-0.006932195,-0.480573419,0.123356322,-0.004117681,-0.576136301,0.127077492,-0.014448204,-0.473724127,0.06008874,0.068508719,-0.685756059,0.053051447,0.113714557,-0.812256132,0.053306115,0.144065062,-0.915710449,0.053287044,0.021177963,-0.471852025,0.003688448,0.103280405,-0.718310382,-0.014749703,0.147740624,-0.864269297,-0.023929453,0.176629645,-0.983897609,-0.027339791,0.071663774,-0.442169777,-0.046961192,0.150079674,-0.697307153,-0.066049771,0.184317207,-0.826670887,-0.073148986,0.202201292,-0.93984257,-0.074266196,0.139929425,-0.388913365,-0.089749983,0.206923717,-0.588923869,-0.107450068,0.230764547,-0.702327641,-0.110554546,0.248745182,-0.81275499,-0.108543404,170.476111,175.6668123,177.412091,176.6268449,178.3249209,176.1176142,177.4595363,173.626615,172.5861633,176.2774088,0,0,0,-0.07535704,-0.254692483,0.01973057,-0.249426121,-0.469139807,0.003119938,-0.426298795,-0.579791974,-0.017983445,-0.56568372,-0.641576042,-0.051336068,-0.277408038,-0.580998572,-0.075296637,-0.575955589,-0.558147573,-0.121208453,-0.729158258,-0.533932549,-0.146589381,-0.833171334,-0.528061708,-0.16424482,-0.297238854,-0.442876015,-0.117115907,-0.614610098,-0.421547059,-0.152028348,-0.778585542,-0.409747689,-0.164736263,-0.89579344,-0.397931351,-0.182605454,-0.324022435,-0.273857147,-0.153693903,-0.62874432,-0.277201479,-0.191045387,-0.784866992,-0.284646445,-0.194666822,-0.89602213,-0.288788095,-0.201808607,-0.354572762,-0.074978447,-0.185732826,-0.606530703,-0.101406895,-0.23287972,-0.741195024,-0.12280136,-0.242603121,-0.852424227,-0.146041574,-0.245845428,161.0088763,169.6206627,175.381572,174.2727034,178.0584266,175.4382164,173.938416,177.478161,172.8435904,176.235045,ATTACK
0,0,0,-0.009547105,-0.210126675,0.089034579,-0.007779318,-0.359162688,0.119418901,0.011121622,-0.480281913,0.128021748,0.034222104,-0.559924037,0.131684287,-0.007329426,-0.477654508,0.064228584,0.078107254,-0.682149358,0.056503134,0.124962766,-0.804324473,0.05735046,0.157966871,-0.902826907,0.05701942,0.026955721,-0.475903595,0.005014687,0.108702068,-0.723887533,-0.018725306,0.152733386,-0.866038732,-0.028569947,0.182617855,-0.982666182,-0.031904449,0.076193092,-0.44537141,-0.048681479,0.155170834,-0.705562467,-0.073624744,0.187356935,-0.832647571,-0.080435063,0.207221219,-0.946521324,-0.080911333,0.142719412,-0.390637202,-0.094140833,0.205420514,-0.594537649,-0.118646858,0.227001343,-0.709003735,-0.124906846,0.246875875,-0.820884341,-0.124689341,168.9342761,172.5263291,177.0427761,177.4030511,178.185815,176.3652822,176.4637631,174.8538562,172.702449,176.6969621,0,0,0,-0.085673388,-0.248778319,0.0212269,-0.25776933,-0.466237569,0.005058474,-0.423850374,-0.582405799,-0.017840592,-0.56204962,-0.645882159,-0.053545594,-0.286932872,-0.592773584,-0.057059504,-0.569624941,-0.559795709,-0.106254484,-0.722739001,-0.536682484,-0.140302371,-0.832820477,-0.528636529,-0.164175129,-0.300438847,-0.455052405,-0.100870128,-0.610278122,-0.423375805,-0.136268162,-0.774279866,-0.402606419,-0.157035225,-0.894671555,-0.387091835,-0.18210479,-0.324914417,-0.287109815,-0.140713447,-0.62293786,-0.277808061,-0.176743335,-0.780150907,-0.281301156,-0.185948037,-0.893817011,-0.288155295,-0.198268463,-0.355685897,-0.089351734,-0.176509421,-0.600942116,-0.105722175,-0.216943683,-0.73403275,-0.122881427,-0.225587385,-0.844665898,-0.147654769,-0.230212664,163.0962131,167.79201,176.7396562,175.6367903,178.3781851,175.439816,175.2955794,176.3703117,173.3193566,174.5146358,ATTACK
0,0,0,0.00077141,-0.21353177,0.092745944,0.007518911,-0.362041831,0.122577924,0.032525322,-0.480116678,0.129541523,0.069957673,-0.550622884,0.131995802,-0.00498139,-0.480169882,0.069917757,0.087371641,-0.681544741,0.064080672,0.133873812,-0.798286682,0.065441807,0.169787197,-0.893320252,0.064433448,0.02712981,-0.477013408,0.008537031,0.115252636,-0.727818849,-0.013546706,0.159306894,-0.868009136,-0.02338167,0.192596262,-0.980896205,-0.027373604,0.07432654,-0.444960909,-0.047078362,0.159145518,-0.708583907,-0.067791324,0.192385623,-0.832237006,-0.072417533,0.216140022,-0.94348553,-0.073267401,0.138891916,-0.390331349,-0.094699469,0.200571506,-0.589459495,-0.115571233,0.221937004,-0.702466663,-0.120906955,0.245012609,-0.815195883,-0.121170941,167.7111696,163.9211759,176.3486252,178.3100725,177.8249895,177.7786484,176.4098234,176.5319947,172.8066001,177.2587066,0,0,0,-0.084534325,-0.253749715,0.021287691,-0.255580781,-0.466245724,0.006366923,-0.425086183,-0.576862547,-0.015119316,-0.562095449,-0.637953517,-0.049867571,-0.288451566,-0.588545951,-0.057487491,-0.57534908,-0.553561165,-0.104267469,-0.728167785,-0.530454762,-0.135033947,-0.838104927,-0.522462663,-0.156884978,-0.300434226,-0.453074561,-0.100736262,-0.609506724,-0.419809342,-0.135468966,-0.778095872,-0.402881737,-0.156066682,-0.902855717,-0.389721695,-0.181552636,-0.322493377,-0.28630218,-0.139839501,-0.61877326,-0.280748757,-0.176621447,-0.779237146,-0.288619392,-0.187453752,-0.895793594,-0.299220159,-0.201104165,-0.350715585,-0.087994112,-0.174626383,-0.595442559,-0.112976353,-0.217981328,-0.729401782,-0.132483741,-0.228315246,-0.840394265,-0.158270305,-0.233959694,161.7761413,168.6218323,177.3176935,175.589515,179.1268327,175.3914789,174.9414667,176.2668124,173.8362927,174.9263248,ATTACK
0,0,0,0.018309456,-0.218910138,0.118708527,0.027652238,-0.368800443,0.157498702,0.056028833,-0.481225237,0.168329369,0.097543362,-0.543511672,0.173485115,-0.000704971,-0.491167178,0.094572032,0.099217681,-0.677486709,0.098395753,0.149007586,-0.78271894,0.104650683,0.189545317,-0.869104084,0.105462212,0.02857118,-0.485177525,0.020946199,0.121238618,-0.736026664,0.008850837,0.164593786,-0.872329463,0.004733051,0.196828387,-0.980435607,0.002146083,0.072554587,-0.452211831,-0.045330846,0.164601745,-0.718039644,-0.054490673,0.197891507,-0.838534925,-0.053510273,0.219757654,-0.945236382,-0.05462751,0.138009464,-0.399589797,-0.101994478,0.201336774,-0.602233661,-0.11415363,0.223055989,-0.714595907,-0.115883828,0.246187799,-0.824248366,-0.116432236,166.1171325,160.4848779,176.4276373,177.324198,177.1655805,178.7538963,175.6444108,175.952435,173.1298972,178.7019719,0,0,0,-0.086234284,-0.256618379,0.028583585,-0.258807081,-0.471317838,0.018301184,-0.428004184,-0.584715185,0.000622651,-0.565161258,-0.649146373,-0.029856356,-0.295773311,-0.592347212,-0.049925168,-0.582026203,-0.555153086,-0.090708108,-0.731121302,-0.529866752,-0.114882464,-0.837763083,-0.522223496,-0.132475702,-0.307738545,-0.460866253,-0.095382577,-0.619982913,-0.426397532,-0.126902864,-0.785323764,-0.405664818,-0.142714389,-0.906081187,-0.390246146,-0.163477301,-0.32952854,-0.297703452,-0.135927187,-0.632772492,-0.288979162,-0.170872091,-0.791473237,-0.291917635,-0.177356769,-0.90464715,-0.299755676,-0.186654472,-0.355259438,-0.10025131,-0.171599205,-0.6077643,-0.121925557,-0.214448751,-0.744444273,-0.142479755,-0.222957868,-0.857571541,-0.170788205,-0.226131346,162.4219226,169.2761767,177.5043538,174.4934388,178.9522999,175.6875888,174.9505301,176.2100091,172.90435,174.1255785,ATTACK
0,0,0,0.025400183,-0.21919668,0.121012864,0.0409448,-0.368344763,0.159273019,0.075813299,-0.475540291,0.168490146,0.121609714,-0.53448838,0.172305997,-0.004479765,-0.489348128,0.098608504,0.104340202,-0.657663727,0.101077614,0.160226888,-0.744601718,0.10704129,0.205766583,-0.813383876,0.108415747,0.025265829,-0.48260099,0.022985479,0.122135347,-0.733701707,0.008305421,0.168289968,-0.870094356,0.003694358,0.203449085,-0.979084435,0.001462275,0.069760356,-0.451004726,-0.045586328,0.164598859,-0.719872167,-0.056661605,0.200371456,-0.841250998,-0.056396825,0.224592944,-0.948704485,-0.057349031,0.137256853,-0.400097498,-0.104416599,0.200697729,-0.605312817,-0.115963277,0.223089526,-0.718077718,-0.117144918,0.247200637,-0.825550635,-0.117490839,164.6847691,160.1307112,177.3357466,177.4298005,177.234116,178.759943,176.1527757,176.180335,173.5328477,178.3969172,0,0,0,-0.085869963,-0.254997283,0.027181623,-0.254798467,-0.471612598,0.017594905,-0.423836335,-0.587094241,0.000877834,-0.561810643,-0.645497808,-0.028473999,-0.294057652,-0.5947178,-0.052570529,-0.581336787,-0.564212744,-0.093901001,-0.728350319,-0.539522132,-0.118555372,-0.834966017,-0.533135478,-0.136375633,-0.300499133,-0.466766843,-0.097534298,-0.610087554,-0.431531744,-0.130386115,-0.776953735,-0.410708676,-0.147409262,-0.901193835,-0.393269672,-0.169232031,-0.319013881,-0.305611659,-0.137709952,-0.618776036,-0.293216505,-0.174566134,-0.780308077,-0.295528143,-0.184180383,-0.897890711,-0.300626098,-0.195635126,-0.34416431,-0.110100901,-0.173025487,-0.597874625,-0.127155258,-0.217461168,-0.734854273,-0.145953947,-0.228240939,-0.848212706,-0.169340132,-0.233192901,162.1128852,167.0066809,176.3045619,173.934924,179.1475588,175.7696344,175.1710732,177.1985675,173.2479037,175.6130769,ATTACK
0,0,0,0.022356378,-0.214402513,0.107154431,0.036739849,-0.366196485,0.138471141,0.072245282,-0.473715541,0.142335115,0.117266776,-0.536415978,0.141778381,-0.009488662,-0.478952562,0.089422996,0.104518248,-0.651204646,0.088482718,0.164240052,-0.741397951,0.092264811,0.211411087,-0.814902489,0.092618277,0.020096817,-0.476265502,0.018452413,0.119769297,-0.722943646,8.51E-05,0.167884027,-0.863593544,-0.009003882,0.204028896,-0.978873623,-0.013365652,0.066341534,-0.44953467,-0.046558322,0.160064956,-0.714398893,-0.060955632,0.197842849,-0.839264594,-0.06422911,0.223347154,-0.951188913,-0.066096639,0.136472562,-0.402145302,-0.103012119,0.199656894,-0.606823335,-0.113054544,0.221887688,-0.719831966,-0.112738637,0.245155246,-0.82811455,-0.111502582,163.9933539,162.4229885,177.664861,177.9278885,176.8189558,177.8607628,176.9126573,175.9254087,173.3157724,178.7174804,0,0,0,-0.084156487,-0.257407656,0.022592275,-0.253009192,-0.470883588,0.007589612,-0.427073163,-0.580669089,-0.013254699,-0.567174671,-0.637615278,-0.047350507,-0.290246193,-0.59100094,-0.062894313,-0.585721441,-0.554878972,-0.105270497,-0.735885663,-0.527531919,-0.12939271,-0.84392076,-0.515952653,-0.146937437,-0.30023397,-0.456906299,-0.106496945,-0.618253956,-0.420495805,-0.141080219,-0.784716802,-0.395335956,-0.160302672,-0.907113355,-0.371239093,-0.1850321,-0.3221585,-0.291710988,-0.144883862,-0.625003644,-0.279206949,-0.182552906,-0.78649243,-0.281050225,-0.195162682,-0.903629457,-0.28461985,-0.210306525,-0.350841174,-0.09549563,-0.178218646,-0.603376534,-0.119429204,-0.222872763,-0.737582708,-0.137971454,-0.235009436,-0.850141361,-0.162010729,-0.242429322,160.4602422,167.8383285,176.5257592,175.7850134,177.8515774,174.6305783,175.9773159,176.8298484,174.5289897,175.5272557,ATTACK
0,0,0,0.038283016,-0.20696283,0.104017146,0.058694678,-0.362864953,0.135889202,0.094409256,-0.466651311,0.140092475,0.139682342,-0.529209181,0.140442409,-0.006814548,-0.481551523,0.091483919,0.103370069,-0.661781658,0.088904424,0.160932893,-0.763639523,0.090766523,0.206743561,-0.846541563,0.089942227,0.015999335,-0.479303538,0.020247366,0.119100934,-0.722513502,0.000903097,0.167877612,-0.862732678,-0.009899176,0.205516085,-0.978543727,-0.014673531,0.060836772,-0.453338712,-0.04578822,0.158232039,-0.715973735,-0.061778731,0.197097775,-0.839764772,-0.066450329,0.22380544,-0.951110122,-0.06793435,0.134705479,-0.407911068,-0.103865516,0.201038299,-0.617198039,-0.115242723,0.225963257,-0.732490331,-0.115032826,0.249832839,-0.842662754,-0.113150793,165.270098,162.9755872,177.3959697,178.3449645,176.1851624,177.6753447,176.8055596,175.7979725,173.7779364,178.9324823,0,0,0,-0.08788097,-0.261483697,0.033837857,-0.258825748,-0.472734775,0.026125547,-0.431649669,-0.584747526,0.010369656,-0.568850166,-0.646686096,-0.018548837,-0.307085237,-0.596756822,-0.03966817,-0.593522005,-0.552873805,-0.073554494,-0.740603721,-0.524573018,-0.094137802,-0.847275694,-0.513884769,-0.110147171,-0.32111131,-0.46564492,-0.087350357,-0.630437087,-0.424812385,-0.112651793,-0.79332305,-0.401625849,-0.128781918,-0.911800632,-0.381511763,-0.151882788,-0.343939796,-0.302578405,-0.129625804,-0.640961807,-0.286016158,-0.159214856,-0.797779397,-0.28647896,-0.16935079,-0.910232982,-0.290380555,-0.183689993,-0.368230743,-0.104423867,-0.166554462,-0.618050101,-0.126504245,-0.204269627,-0.7508491,-0.144048111,-0.213275162,-0.862397594,-0.169911947,-0.219147578,161.7396991,169.2269801,177.4824835,174.7903935,178.7511218,174.4632439,176.0685118,175.942514,174.6557932,174.3608055,ATTACK
0,0,0,0.040362647,-0.218607308,0.123355711,0.059892574,-0.369984351,0.160245444,0.093444001,-0.476495536,0.165319638,0.137847939,-0.54419153,0.165488426,-4.15E-05,-0.487813141,0.111116172,0.107804242,-0.667530547,0.115317653,0.162372098,-0.764860491,0.120795471,0.205172282,-0.847704052,0.121629161,0.021141301,-0.483489936,0.03007146,0.125409241,-0.725288663,0.016941716,0.172110288,-0.865905155,0.010325986,0.204702955,-0.978801038,0.006725144,0.060569844,-0.456879574,-0.044900068,0.162423105,-0.710283322,-0.051660674,0.201352479,-0.836602539,-0.051281436,0.22756632,-0.946673942,-0.052938651,0.127885509,-0.410461287,-0.110925517,0.196812548,-0.610041541,-0.114382809,0.221273636,-0.724141219,-0.110585546,0.244060702,-0.831742491,-0.10862147,165.1222667,164.0189344,177.5636861,176.9086547,175.0175279,177.5224877,174.9499991,176.0857469,172.484237,178.9328103,0,0,0,-0.091656298,-0.261771189,0.035913441,-0.260431946,-0.468560815,0.031006375,-0.433867746,-0.568748133,0.016524442,-0.569741948,-0.618138508,-0.012327418,-0.315003314,-0.579809497,-0.027344392,-0.598371279,-0.536585693,-0.063950171,-0.747415348,-0.510744358,-0.088702288,-0.853770231,-0.502008809,-0.106668457,-0.32517185,-0.456211055,-0.075303887,-0.628582306,-0.41256697,-0.100565446,-0.796353485,-0.389962886,-0.120035077,-0.917775959,-0.369927922,-0.144362812,-0.341764607,-0.300603854,-0.118570595,-0.633584194,-0.283163293,-0.149599652,-0.793024764,-0.27761443,-0.162636894,-0.906122026,-0.278839194,-0.176994614,-0.359570055,-0.107827071,-0.156571647,-0.601007156,-0.127462634,-0.195588265,-0.733040176,-0.139764244,-0.20531344,-0.844314567,-0.16153629,-0.210148224,159.0237878,167.7409675,177.6125886,174.8736916,178.0084871,175.0404508,177.9399622,176.2860003,174.9635376,173.9580486,ATTACK
0,0,0,0.081591086,-0.179685658,0.113416113,0.100492651,-0.350832373,0.15399901,0.124200367,-0.469171392,0.164087731,0.15430106,-0.549163615,0.169821626,0.015512446,-0.484886516,0.117561879,0.110680212,-0.670131762,0.126665644,0.160551217,-0.776394308,0.131004014,0.199193325,-0.869931189,0.129751068,0.019105426,-0.487312106,0.042669351,0.121947474,-0.717606514,0.039826233,0.170449591,-0.860627633,0.030813347,0.204418912,-0.978624214,0.022528991,0.047297758,-0.471746895,-0.027716491,0.150072211,-0.706443924,-0.02806505,0.193285659,-0.838847084,-0.036027633,0.219900085,-0.950140814,-0.045619463,0.109834464,-0.437968969,-0.090469316,0.184406052,-0.623813761,-0.091771259,0.214901464,-0.736744932,-0.093432921,0.240358601,-0.839765479,-0.097364221,170.1565982,170.6611993,177.8415051,176.0400799,173.9753371,177.2320625,173.5587582,175.1029265,173.2104085,178.089371,0,0,0,-0.09211075,-0.257784587,0.030177766,-0.269709691,-0.462694983,0.019432586,-0.442620381,-0.567956686,0.001033365,-0.577669753,-0.622172087,-0.031120974,-0.308622231,-0.587683621,-0.049505645,-0.597468788,-0.537045406,-0.093421736,-0.747946185,-0.503659643,-0.123906524,-0.859171594,-0.490185536,-0.146772995,-0.319813354,-0.458987585,-0.096380426,-0.631864099,-0.403614831,-0.132231632,-0.799074971,-0.366639914,-0.155700727,-0.922428662,-0.336488427,-0.183076839,-0.339839073,-0.296115134,-0.138049308,-0.640374532,-0.268587521,-0.176209211,-0.803395366,-0.256622618,-0.190882743,-0.921720493,-0.252051025,-0.206905975,-0.362592202,-0.097541345,-0.174253634,-0.614354682,-0.111431039,-0.216831395,-0.752405013,-0.124512055,-0.228503895,-0.869145231,-0.144951774,-0.235917989,162.0402617,168.1514385,176.2812718,174.4535106,177.2058274,175.4160158,177.6185552,176.6850894,174.6955909,175.2760103,ATTACK
0,0,0,0.093283831,-0.183987607,0.128317855,0.113685456,-0.347508116,0.171442476,0.140310211,-0.46189456,0.179944915,0.167917915,-0.549419581,0.183480805,0.014766784,-0.487861153,0.133662295,0.109915193,-0.669023021,0.14391028,0.160279931,-0.773827155,0.14749345,0.195842143,-0.868580795,0.14587465,0.015655067,-0.48966981,0.04959465,0.124693462,-0.717965391,0.048449974,0.17286701,-0.860218532,0.040034215,0.203301097,-0.978607882,0.031548024,0.042550299,-0.475248636,-0.029473871,0.153607937,-0.707028546,-0.026100668,0.197953263,-0.838807446,-0.030408625,0.22271827,-0.949828054,-0.038698472,0.105744151,-0.443298694,-0.100279216,0.186715781,-0.629215278,-0.095276992,0.218433133,-0.744620842,-0.091735695,0.242688848,-0.85002593,-0.093161055,167.9198874,175.1491978,177.6135282,174.2050043,172.5555173,175.6090969,172.5387475,173.4970137,171.8120772,176.5049843,0,0,0,-0.091875968,-0.252415883,0.022879201,-0.262391973,-0.452273983,0.008594098,-0.433659272,-0.552291235,-0.010964615,-0.571088411,-0.595667371,-0.044875379,-0.31263989,-0.572852995,-0.063049944,-0.605693378,-0.51263773,-0.107872914,-0.758185075,-0.475530845,-0.135845321,-0.86698802,-0.458280958,-0.155365917,-0.321525136,-0.446819904,-0.104705575,-0.633071644,-0.388703838,-0.138710337,-0.801688119,-0.354300796,-0.159789873,-0.926003723,-0.328582485,-0.185878068,-0.337309096,-0.287467142,-0.140792165,-0.630466083,-0.260099734,-0.177221732,-0.793186276,-0.252847229,-0.191585557,-0.910887722,-0.250876913,-0.207744283,-0.357173568,-0.091355081,-0.171728523,-0.595697265,-0.105946812,-0.213033946,-0.727743534,-0.120583242,-0.223732177,-0.839649941,-0.141437878,-0.230355113,160.6411196,165.2824167,177.3612557,175.3531218,178.6091589,175.3231824,176.536152,176.7344043,174.0608292,175.5339089,ATTACK
0,0,0,0.076351371,-0.198373947,0.114672461,0.093583836,-0.363258481,0.150239332,0.11954762,-0.48034293,0.153833393,0.151661925,-0.567312651,0.153514807,0.008532714,-0.493637327,0.118785174,0.106238303,-0.678246795,0.123106412,0.157810068,-0.783028365,0.123920324,0.193903416,-0.878622696,0.121246668,0.015208779,-0.496007952,0.040801447,0.123521473,-0.7221233,0.034365805,0.172155877,-0.861485481,0.024624478,0.203152604,-0.979012118,0.016257056,0.045030626,-0.480770739,-0.033192966,0.153332617,-0.710013729,-0.033813438,0.196955918,-0.838717342,-0.038177544,0.221968404,-0.948959231,-0.045286729,0.107119544,-0.445708478,-0.099999159,0.184750125,-0.629428057,-0.096906715,0.215040216,-0.743400433,-0.093082188,0.238616618,-0.8486976,-0.093302613,167.7395797,171.9765322,178.0576186,174.1253724,173.2254807,175.5043882,173.2012704,173.7801914,171.9011557,176.927677,0,0,0,-0.097533987,-0.252327909,0.020696544,-0.275774446,-0.445157905,0.004100347,-0.454254428,-0.539783503,-0.017604329,-0.591491598,-0.578094761,-0.053596261,-0.310255307,-0.578633335,-0.064368858,-0.609734907,-0.508683336,-0.109340249,-0.762372705,-0.463133049,-0.137026412,-0.868393176,-0.442923156,-0.156725811,-0.322446529,-0.454482437,-0.105422121,-0.635204047,-0.38687712,-0.139300385,-0.802820852,-0.351490818,-0.160326389,-0.926671574,-0.32622273,-0.186704374,-0.341408967,-0.293477214,-0.140961731,-0.63894234,-0.257131699,-0.17786173,-0.797348617,-0.247376419,-0.190405409,-0.912308503,-0.249982245,-0.205417848,-0.363753925,-0.093619491,-0.171503237,-0.607902124,-0.101206994,-0.214130482,-0.736060883,-0.1135893,-0.223803452,-0.844237338,-0.139821094,-0.229345413,160.5815429,165.4339019,176.2054636,174.2053668,178.8775464,175.1510751,175.7272546,174.3449045,173.2542531,171.7447364,ATTACK
0,0,0,0.074552612,-0.197191531,0.120592608,0.091614288,-0.362735466,0.158615294,0.118457789,-0.48042222,0.163432049,0.149812941,-0.566868274,0.163650089,0.004213768,-0.498358613,0.12574172,0.103454638,-0.680676895,0.133800058,0.157005863,-0.785773369,0.136722217,0.19261841,-0.881305065,0.135502848,0.011174846,-0.500334779,0.045754302,0.122923637,-0.724080741,0.04507461,0.172617835,-0.861528283,0.038477644,0.203165288,-0.978640922,0.031397652,0.04250367,-0.486367581,-0.029852168,0.153329981,-0.711866895,-0.023920382,0.198560181,-0.839768916,-0.024809677,0.223816896,-0.949664153,-0.031135294,0.10662995,-0.454622287,-0.098149701,0.18331126,-0.639090591,-0.089257539,0.21368551,-0.753033682,-0.081904864,0.236541103,-0.858419227,-0.080585913,167.355489,172.5649865,178.1573211,173.0831933,172.8930485,174.6597451,173.0640633,172.8556897,172.2768474,176.0164428,0,0,0,-0.093754179,-0.256632639,0.03295526,-0.26381549,-0.453435586,0.022664359,-0.439549927,-0.555636999,0.005950474,-0.57898403,-0.595103819,-0.024847664,-0.318166145,-0.589000644,-0.051889519,-0.612254271,-0.521051823,-0.086015444,-0.76061257,-0.480056372,-0.104142759,-0.865954002,-0.461394655,-0.117166507,-0.332691207,-0.46655371,-0.096749627,-0.644995737,-0.402681889,-0.119014515,-0.807086496,-0.367234373,-0.130948322,-0.928796002,-0.338613037,-0.150596144,-0.352319451,-0.308034002,-0.134770229,-0.647667058,-0.268352226,-0.159472394,-0.802656747,-0.261288966,-0.16589732,-0.917817763,-0.260046429,-0.178044891,-0.373379419,-0.106975089,-0.167338217,-0.617208174,-0.112764305,-0.200260767,-0.745801974,-0.124389368,-0.205197253,-0.857350069,-0.145065079,-0.207798801,160.8861664,164.0113916,177.5034674,174.5878342,179.0529153,175.0578448,174.4112364,175.7896021,173.2951649,174.5490414,ATTACK
0,0,0,0.074698372,-0.21151702,0.146040344,0.089754668,-0.371604767,0.19852281,0.119241626,-0.487446952,0.212937429,0.152051629,-0.575252818,0.221362869,0.000477007,-0.506589482,0.167199302,0.095871359,-0.69326762,0.193048206,0.145117383,-0.795018264,0.205911265,0.180626553,-0.889894617,0.209023811,0.012301669,-0.509118758,0.077302434,0.119820566,-0.73225153,0.091858048,0.170024878,-0.864359187,0.090885558,0.202579828,-0.975526442,0.08549605,0.045057307,-0.493209944,-0.007526062,0.154045368,-0.718109023,0.010684422,0.19939105,-0.842987045,0.013211885,0.225621275,-0.951121602,0.005915841,0.111252747,-0.458456839,-0.08329488,0.187876465,-0.641843718,-0.069356083,0.217590417,-0.75540916,-0.061526107,0.240509105,-0.860621172,-0.061603174,165.8171139,173.5505768,178.5391129,172.8695664,173.7901559,174.9371088,173.3323858,172.0151397,171.9821872,175.4249466,0,0,0,-0.095520998,-0.259899576,0.02807259,-0.271318897,-0.448183707,0.014836472,-0.45171163,-0.550145723,-0.004399863,-0.58948151,-0.593531831,-0.037588089,-0.312971522,-0.584572387,-0.05333926,-0.616793637,-0.516866351,-0.09118397,-0.769589298,-0.473208483,-0.112582236,-0.874961007,-0.451114239,-0.127424124,-0.327065635,-0.46000266,-0.095568401,-0.645666863,-0.394826391,-0.120555202,-0.810556639,-0.355324742,-0.135486587,-0.932325122,-0.325723561,-0.157079688,-0.34974607,-0.299929152,-0.131497242,-0.650543522,-0.258584437,-0.156878455,-0.809039063,-0.248784053,-0.163967332,-0.925216824,-0.250235426,-0.176773861,-0.376432738,-0.098303104,-0.162471232,-0.622791078,-0.099158504,-0.194138188,-0.747307502,-0.107288207,-0.197843811,-0.852993924,-0.129721974,-0.19971445,162.3920647,165.9031459,176.5218016,175.8710014,177.9231982,175.2072651,175.1475169,174.3090299,173.3352373,171.6910337,ATTACK
0,0,0,0.061507573,-0.19656761,0.095035776,0.081803302,-0.359747793,0.121360775,0.112088164,-0.471620715,0.120098834,0.148459789,-0.555396481,0.117045028,0.009379976,-0.500821669,0.099082203,0.105807332,-0.684133877,0.096049989,0.158692392,-0.790886755,0.092486487,0.194248171,-0.886204754,0.088158764,0.015855841,-0.505411681,0.031696819,0.123783729,-0.727508406,0.02160848,0.173167177,-0.863979118,0.012135562,0.204046335,-0.978950969,0.004482595,0.046430366,-0.493126633,-0.032978868,0.153756261,-0.708768877,-0.033451106,0.199065508,-0.834460059,-0.035074323,0.225415922,-0.944203764,-0.040232216,0.106723687,-0.460379158,-0.092627325,0.183312316,-0.629762866,-0.085432288,0.213561358,-0.738752743,-0.077902439,0.236191602,-0.84261755,-0.075724578,167.3820143,171.5545338,178.2642928,174.0268656,173.8040663,175.1135181,173.3176901,173.3669329,171.0320818,175.7907777,0,0,0,-0.09857432,-0.256750021,0.027230201,-0.273773305,-0.449634318,0.013852716,-0.451905614,-0.547162687,-0.006729287,-0.586935148,-0.602736071,-0.041461054,-0.31707976,-0.592637604,-0.051522893,-0.619073038,-0.525456622,-0.093495636,-0.770903427,-0.480380967,-0.121491423,-0.877024682,-0.459256255,-0.141107758,-0.329718397,-0.461793868,-0.093901521,-0.646228877,-0.390706899,-0.123592089,-0.812468807,-0.34855903,-0.143927233,-0.932567955,-0.315081884,-0.169731708,-0.3527373,-0.29711747,-0.130613286,-0.651871111,-0.254435972,-0.159108986,-0.810695915,-0.244179135,-0.169126138,-0.923528365,-0.245131344,-0.18388466,-0.379917001,-0.0967841,-0.162585616,-0.623909928,-0.097506069,-0.196365672,-0.751257308,-0.107432814,-0.202136465,-0.857824272,-0.130165657,-0.205616309,160.7886529,170.1557481,175.4020179,174.7538925,177.7507498,174.8507932,175.2093685,174.2915841,173.1713751,172.348669,ATTACK
0,0,0,0.053601297,-0.203042006,0.106639181,0.07415502,-0.361894258,0.13703608,0.107090804,-0.474025879,0.137403945,0.144263941,-0.556051987,0.134375868,0.000713581,-0.495238309,0.106573487,0.101799348,-0.681848075,0.106598629,0.155015665,-0.788817103,0.105651362,0.19151592,-0.88480138,0.102366968,0.013995324,-0.497797216,0.032746539,0.119906491,-0.727714342,0.024467234,0.168776136,-0.864260972,0.015325883,0.199734725,-0.979821758,0.007440635,0.049317445,-0.483009381,-0.037273963,0.151652543,-0.71352089,-0.038041114,0.194926077,-0.840100468,-0.039959861,0.220443514,-0.950945817,-0.045641243,0.11485268,-0.44950155,-0.100949813,0.187268365,-0.632560591,-0.097326179,0.216102533,-0.744309057,-0.091859247,0.238333307,-0.850523912,-0.090888972,166.1463218,171.6906552,177.8789805,174.1688551,174.6510218,175.2738493,174.8678343,173.7212999,172.6765781,176.498393,0,0,0,-0.094040988,-0.264083139,0.028527371,-0.277986837,-0.456112497,0.017483929,-0.461003159,-0.552360789,-0.000219095,-0.590638043,-0.604694154,-0.031144507,-0.309099545,-0.603938171,-0.056066164,-0.613994358,-0.538547409,-0.094272482,-0.76384004,-0.491852004,-0.11577884,-0.870734484,-0.473869642,-0.131411645,-0.323743306,-0.47229066,-0.098067977,-0.641423691,-0.402255006,-0.12692738,-0.807021852,-0.359344006,-0.143363408,-0.928894264,-0.327930091,-0.165453807,-0.350281901,-0.305249573,-0.133643148,-0.65169974,-0.261197578,-0.164901746,-0.812483518,-0.247539071,-0.173645184,-0.929100665,-0.245010441,-0.185655703,-0.383672258,-0.09830738,-0.163833157,-0.629598911,-0.099592827,-0.200743168,-0.758019706,-0.108110849,-0.206787454,-0.865400046,-0.12755365,-0.208995879,161.3695493,170.5047118,174.7468331,172.2743025,177.8069834,175.4839388,175.5508262,175.400439,173.1701632,173.3168197,ATTACK
0,0,0,0.038539466,-0.206881871,0.088958714,0.053745722,-0.365775992,0.111578514,0.086244817,-0.466728909,0.108481265,0.131581401,-0.531881423,0.102842384,-0.009079476,-0.494931019,0.08427698,0.09989209,-0.671707327,0.077268494,0.157622319,-0.777669335,0.072247466,0.202320663,-0.868621075,0.066279514,0.010776417,-0.495574786,0.017919843,0.115874118,-0.722947069,0.00103091,0.161395744,-0.862611208,-0.012931844,0.195925088,-0.980366352,-0.02225253,0.053517742,-0.472732399,-0.045063096,0.153303334,-0.713424173,-0.055544886,0.192064722,-0.834105654,-0.060087513,0.219010016,-0.943762543,-0.06432153,0.125157448,-0.429081809,-0.102428357,0.189516334,-0.626737319,-0.10691375,0.214648624,-0.740175285,-0.103781972,0.239952564,-0.851238002,-0.101763001,164.2659732,162.8528055,176.8515506,177.3175693,173.0681065,177.8949349,175.2563038,175.951993,173.7735933,179.1034904,0,0,0,-0.090515262,-0.263067057,0.030811452,-0.263783632,-0.466023342,0.019854961,-0.442228121,-0.570710744,0.00155745,-0.581032612,-0.61179257,-0.030897146,-0.303597748,-0.600122007,-0.054384905,-0.60848808,-0.543943507,-0.092318964,-0.757936355,-0.50347529,-0.114076943,-0.863787632,-0.486903236,-0.12960002,-0.32082882,-0.463764574,-0.098434024,-0.637606639,-0.402527529,-0.125755143,-0.802515589,-0.36599997,-0.140934123,-0.923279445,-0.338552745,-0.161972924,-0.347571906,-0.295768348,-0.135963017,-0.648766415,-0.265580638,-0.165515399,-0.806675487,-0.26066483,-0.172315707,-0.919260837,-0.263853048,-0.183015132,-0.380055405,-0.092809749,-0.16802193,-0.629196892,-0.104866727,-0.203287781,-0.75748544,-0.116319931,-0.207121243,-0.862262216,-0.137132578,-0.207687652,160.7314931,164.2999078,175.1863654,173.7645893,178.3408861,175.4343764,174.9569903,175.440143,173.2184777,173.6668377,ATTACK
0,0,0,0.028507092,-0.203989544,0.085434506,0.032652793,-0.3620211,0.107777432,0.051699305,-0.465902085,0.105578421,0.090283753,-0.531453024,0.100558156,-0.00942603,-0.486699692,0.078446843,0.086114915,-0.675841794,0.070116777,0.133989246,-0.78868669,0.065421616,0.171793317,-0.885824382,0.059771735,0.010307696,-0.488420657,0.014117563,0.106357342,-0.719920355,-0.005938541,0.150140986,-0.862664459,-0.020706624,0.184525953,-0.98238967,-0.029337833,0.051288704,-0.465066899,-0.046808375,0.142702869,-0.707896218,-0.061406544,0.179081096,-0.833935665,-0.067948638,0.204419477,-0.947629116,-0.071946327,0.119190649,-0.420546065,-0.101973166,0.181883321,-0.61380415,-0.111553923,0.205408189,-0.725348245,-0.111442442,0.229058304,-0.835392665,-0.11032991,167.1858011,159.7510524,176.1538268,177.9521179,174.4143847,177.9454011,175.4336262,176.3074329,173.318265,179.1581607,0,0,0,-0.095537661,-0.262055129,0.025771739,-0.268377011,-0.459649327,0.009940018,-0.44782803,-0.559288635,-0.012132702,-0.583943134,-0.60527284,-0.048725187,-0.298566274,-0.609438061,-0.067770897,-0.608501702,-0.53946175,-0.106694838,-0.756182667,-0.483378443,-0.126850203,-0.86000701,-0.458885587,-0.141749213,-0.312990103,-0.47061366,-0.11102711,-0.632810821,-0.398695643,-0.142300851,-0.80245224,-0.356016275,-0.159544767,-0.92866338,-0.322431946,-0.183362936,-0.339793708,-0.297387024,-0.147248966,-0.644579092,-0.259019269,-0.181255523,-0.806144792,-0.251777135,-0.190029859,-0.922651385,-0.256134075,-0.203242829,-0.373148546,-0.08997111,-0.177836652,-0.623813853,-0.107933687,-0.218582455,-0.753418919,-0.124208995,-0.224768868,-0.860912009,-0.153457908,-0.2276998,160.100758,166.9293826,171.9670581,172.4820661,178.4557043,175.1883417,174.3700209,174.1898339,172.8007196,171.8201935,ATTACK
0,0,0,0.01757801,-0.191199041,0.069672838,0.019342654,-0.351633768,0.08445237,0.029437027,-0.461224571,0.078527214,0.057580426,-0.536846867,0.070002852,-0.001835487,-0.480708509,0.045537085,0.087442012,-0.671528944,0.027554249,0.131197936,-0.789042957,0.019318367,0.16336411,-0.888863473,0.01283136,0.015784142,-0.480207866,-0.013326089,0.106844928,-0.709537457,-0.0426877,0.148970641,-0.856999419,-0.058974334,0.179747652,-0.981376606,-0.067754987,0.054176501,-0.455561809,-0.06898133,0.144225623,-0.689136279,-0.093990657,0.181706587,-0.816955282,-0.104388856,0.207126181,-0.929496026,-0.109083412,0.118650435,-0.406485552,-0.119467257,0.181371213,-0.600567116,-0.1405691,0.202121873,-0.715092492,-0.146122371,0.220793678,-0.825078427,-0.147397709,170.4404557,164.5990881,175.1998736,177.3598136,174.2560984,176.9914968,175.0923231,175.7653775,171.7302515,177.7406445,0,0,0,-0.088596661,-0.262840529,0.020940678,-0.260838097,-0.469354476,0.002973173,-0.439445123,-0.571389751,-0.0199524,-0.576860044,-0.620942468,-0.056425476,-0.292611999,-0.608884868,-0.071718273,-0.597273753,-0.548730969,-0.115916424,-0.748369492,-0.507524335,-0.140597615,-0.856019626,-0.491966037,-0.158744504,-0.305193237,-0.469784108,-0.115201181,-0.626710467,-0.409637765,-0.151503794,-0.793360581,-0.369713199,-0.168993657,-0.914549291,-0.340028615,-0.191734784,-0.328408492,-0.295425749,-0.152908599,-0.636662478,-0.267437319,-0.191253191,-0.797882835,-0.259560387,-0.198381371,-0.912906895,-0.261562674,-0.209084784,-0.357998055,-0.084521039,-0.185599138,-0.61547203,-0.102104434,-0.229861436,-0.750172727,-0.120281353,-0.23682805,-0.861480475,-0.148981866,-0.239695595,159.4874193,167.590921,175.8335142,173.0057362,177.0469557,175.4406303,174.849753,175.2494143,172.2119204,173.0295949,ATTACK
0,0,0,0.03828762,-0.202150695,0.106960036,0.048175949,-0.360371668,0.139690088,0.068205845,-0.471810259,0.14496084,0.101606451,-0.544657675,0.145335475,0.002791754,-0.472685328,0.079536503,0.095557842,-0.660340953,0.070393299,0.138372345,-0.768911492,0.068074258,0.176286845,-0.864056478,0.063512136,0.021029177,-0.464431103,0.004918056,0.113259736,-0.706097593,-0.021980643,0.155107285,-0.855418742,-0.036805705,0.189840748,-0.980769971,-0.045285261,0.058846598,-0.432033531,-0.063854506,0.146665249,-0.683699094,-0.087159339,0.180180061,-0.8181356,-0.096549879,0.205038376,-0.937613426,-0.102121085,0.122711349,-0.380647487,-0.124079644,0.178206706,-0.576070782,-0.148608136,0.198166942,-0.697592056,-0.159387483,0.219293199,-0.814055247,-0.165456273,168.851983,165.35102,175.0003882,178.4429904,174.7500715,178.1770531,174.6375521,177.3642506,173.2222505,177.6486046,0,0,0,-0.072816481,-0.264215832,0.016884344,-0.243124751,-0.479023641,-0.00209336,-0.418847754,-0.588632568,-0.025000377,-0.556949602,-0.644545326,-0.060766905,-0.280246743,-0.61414931,-0.072204011,-0.576163038,-0.569797119,-0.12155728,-0.731356012,-0.533555604,-0.152025931,-0.843499217,-0.508551618,-0.172870829,-0.291744264,-0.464977236,-0.112852367,-0.612157719,-0.416346878,-0.152211744,-0.779792604,-0.380567797,-0.174405119,-0.902539986,-0.349654542,-0.200269265,-0.3155832,-0.288038862,-0.148357248,-0.619749855,-0.266051543,-0.186767536,-0.781849989,-0.262694629,-0.197532671,-0.898880277,-0.264209181,-0.210506986,-0.344833976,-0.083215758,-0.179299703,-0.598944361,-0.099870043,-0.219816657,-0.732409575,-0.121294574,-0.228097057,-0.842395766,-0.151434213,-0.232551422,160.2966644,167.8662938,175.192169,178.9603357,176.5376254,175.302677,175.4907221,176.7536799,172.2890389,173.6340329,ATTACK
0,0,0,0.034389796,-0.200914878,0.104926568,0.041200429,-0.359591374,0.134433839,0.057573662,-0.472423936,0.136609683,0.090412023,-0.542664996,0.13395864,0.003079823,-0.470869705,0.072465085,0.09685295,-0.659140329,0.060130726,0.139610985,-0.766964118,0.056448118,0.179321115,-0.859715009,0.050763352,0.021396471,-0.460614751,-0.00317669,0.114141962,-0.706179973,-0.034011727,0.156185174,-0.855395793,-0.049889882,0.192985581,-0.979424306,-0.059030454,0.05961582,-0.42752394,-0.072993751,0.148976485,-0.683184528,-0.099419307,0.182114064,-0.817507386,-0.109287638,0.207856847,-0.935668286,-0.115086582,0.124753123,-0.376183692,-0.134373913,0.180060045,-0.572298563,-0.162003677,0.198756235,-0.694669136,-0.174686262,0.219953389,-0.81217336,-0.182109094,168.9332552,162.9145546,174.8931671,177.8186938,174.9801923,177.9545854,174.387994,177.8649629,172.722985,177.1794298,0,0,0,-0.079883699,-0.262444474,0.017306385,-0.250843679,-0.476260397,-0.000438659,-0.426428246,-0.582099282,-0.022418279,-0.564733425,-0.631835656,-0.057365193,-0.283468876,-0.593605607,-0.074483789,-0.578817607,-0.553991431,-0.124183549,-0.734578761,-0.521982691,-0.153070116,-0.845902197,-0.504672559,-0.172496616,-0.293100869,-0.450730114,-0.115664249,-0.610608091,-0.411293707,-0.157364979,-0.779795322,-0.379949893,-0.178145911,-0.901063769,-0.351589393,-0.2010123,-0.313987845,-0.278887678,-0.151683922,-0.617264607,-0.26521824,-0.195442021,-0.784276679,-0.262572177,-0.207533584,-0.903525968,-0.261087921,-0.218988465,-0.341938534,-0.076954658,-0.182584984,-0.598143705,-0.09712403,-0.229838044,-0.736902809,-0.114599451,-0.240568809,-0.850475703,-0.136385572,-0.244738165,159.6524873,166.700517,175.9615951,177.1361214,176.5274955,175.5547458,175.577735,178.4810965,173.3849629,175.5952621,ATTACK
0,0,0,0.037245986,-0.20341076,0.108404065,0.048678691,-0.361444903,0.140957107,0.072139339,-0.472275555,0.14570958,0.111745451,-0.539107676,0.145280266,-0.002769212,-0.471813241,0.079676844,0.092812287,-0.65760032,0.071000214,0.138391695,-0.762148234,0.06926259,0.180784632,-0.851270184,0.065370977,0.017245442,-0.462707285,0.004316872,0.108993366,-0.709279721,-0.022491499,0.151686987,-0.858033336,-0.036865761,0.188654962,-0.981053657,-0.044079777,0.056732546,-0.429873179,-0.064692739,0.143657265,-0.688782513,-0.088067044,0.177373182,-0.822195699,-0.09655672,0.202652141,-0.939325145,-0.100442823,0.121646128,-0.378873285,-0.124783506,0.178410007,-0.579069549,-0.148011951,0.197670129,-0.698656138,-0.156438839,0.21762523,-0.811913475,-0.160033301,167.9536419,161.0964426,175.9995222,177.5774304,175.5702177,177.7229064,175.4031324,177.3281093,172.9110165,177.5781159,0,0,0,-0.079857285,-0.257004362,0.014241945,-0.253011497,-0.46951475,-0.001910024,-0.430869873,-0.582248322,-0.02204436,-0.566742759,-0.635182972,-0.055123604,-0.296038516,-0.595192547,-0.058192466,-0.584979887,-0.554185507,-0.108694161,-0.738819438,-0.523089699,-0.143022487,-0.848446424,-0.50281675,-0.16526942,-0.30598172,-0.458326665,-0.094694293,-0.617113191,-0.412531501,-0.131229199,-0.783462037,-0.38082319,-0.153147782,-0.904034583,-0.355006172,-0.177065849,-0.326041813,-0.289838883,-0.127502027,-0.620879229,-0.266605238,-0.164149779,-0.779889989,-0.264173515,-0.17554577,-0.893975158,-0.268690168,-0.187107453,-0.351011436,-0.089569774,-0.156357159,-0.594435739,-0.100631844,-0.194173832,-0.718738895,-0.113551299,-0.200555286,-0.820551821,-0.136919744,-0.202079127,161.4725456,166.8285991,175.8217406,178.435127,177.4292236,176.1208867,175.2945097,176.3785016,173.2069236,172.6681107,ATTACK
0,0,0,0.040809205,-0.205882319,0.113809661,0.050906335,-0.362052601,0.146236479,0.072463557,-0.473693123,0.149784116,0.111703698,-0.542826392,0.148323905,0.002808014,-0.470706501,0.080847949,0.099667711,-0.653675363,0.069954204,0.145815769,-0.755263603,0.0663253,0.189068458,-0.843394299,0.06031984,0.020237352,-0.458898942,0.00100875,0.113265255,-0.706098213,-0.028938965,0.156298778,-0.855198641,-0.044882451,0.193324351,-0.979620441,-0.054492993,0.058238251,-0.425169632,-0.072414876,0.14800421,-0.681955068,-0.097117299,0.181345105,-0.814109727,-0.105913863,0.208068128,-0.930962994,-0.111907788,0.123153846,-0.374414802,-0.136797028,0.176375266,-0.570332777,-0.164478669,0.195093861,-0.693613852,-0.177628632,0.218040368,-0.812136162,-0.185669461,167.7475983,161.1253571,176.3120006,177.5482882,175.4385598,178.2147626,174.6693395,178.3710432,173.2338873,176.7459913,0,0,0,-0.08013223,-0.258893371,0.016362651,-0.249561388,-0.470017115,-0.000114377,-0.423924654,-0.583391637,-0.020686472,-0.561273363,-0.639872081,-0.054205363,-0.287402928,-0.596208291,-0.061883932,-0.582170212,-0.55814604,-0.110291248,-0.735526346,-0.527780427,-0.142650458,-0.845256359,-0.508474238,-0.164303491,-0.297692516,-0.455810317,-0.100133821,-0.613433704,-0.412130342,-0.137900975,-0.780808152,-0.379579972,-0.162142724,-0.9030307,-0.350683993,-0.188832049,-0.31990761,-0.286832462,-0.133869032,-0.616645673,-0.265827335,-0.171451218,-0.778004661,-0.263100183,-0.186427423,-0.895328762,-0.266211035,-0.201734727,-0.347183998,-0.089889736,-0.163065309,-0.59516647,-0.102702237,-0.202414618,-0.724344036,-0.118702071,-0.212177924,-0.832199803,-0.145020139,-0.217415707,161.7038462,167.2989252,175.4669971,178.4525366,176.5812244,175.4400001,176.3556474,176.6679969,173.7393176,173.1348185,ATTACK
0,0,0,0.057969484,-0.199870123,0.100750486,0.069765245,-0.365559224,0.129719398,0.091994294,-0.477855845,0.130421289,0.126543498,-0.55298905,0.126850564,0.0002589,-0.472569047,0.085033181,0.092963473,-0.659130443,0.074449299,0.139875982,-0.763058481,0.068000892,0.181920781,-0.854887254,0.060710999,0.012423618,-0.46664547,0.010464641,0.105175123,-0.704385991,-0.014391898,0.150351062,-0.854543217,-0.032862944,0.188318038,-0.98110606,-0.0443533,0.048018604,-0.438247617,-0.059692088,0.13449532,-0.684128947,-0.079586908,0.171029813,-0.819948439,-0.09147826,0.199547613,-0.937942415,-0.099334745,0.113509767,-0.388758324,-0.122618303,0.168882493,-0.582484757,-0.141057422,0.18953419,-0.70248293,-0.14909552,0.211306818,-0.814963884,-0.154081081,168.1009996,166.1976959,177.7824461,178.8655719,175.2902249,178.1683256,175.6407934,178.0640844,173.6420856,178.1493053,0,0,0,-0.081156663,-0.259735913,0.017387361,-0.249082885,-0.465819481,-0.000832441,-0.42309742,-0.571414287,-0.024053999,-0.56021993,-0.627366227,-0.06066858,-0.283959379,-0.597076466,-0.067447737,-0.581056943,-0.552504299,-0.117044492,-0.735533248,-0.517891733,-0.148557856,-0.848678693,-0.499638669,-0.170440768,-0.291553041,-0.456313136,-0.109559862,-0.609892635,-0.407529559,-0.150535091,-0.784855256,-0.373493521,-0.175550577,-0.915913063,-0.345914313,-0.203584254,-0.313354217,-0.28454315,-0.147026045,-0.615747151,-0.265539005,-0.189644416,-0.785942693,-0.260838995,-0.205057462,-0.911567951,-0.262457765,-0.220863141,-0.343050647,-0.081576602,-0.179699644,-0.595387296,-0.095574799,-0.225858876,-0.731473068,-0.111545216,-0.237883333,-0.845629466,-0.136127781,-0.244543956,160.3305218,168.4218521,175.5169421,176.5015912,177.5506723,176.0190831,176.4893048,176.8775836,173.5992698,174.2369096,ATTACK
0,0,0,0.102238397,-0.185713644,0.124454519,0.118315832,-0.349426644,0.16598388,0.134926994,-0.464722705,0.174199654,0.158345059,-0.548458266,0.176622897,0.017900609,-0.472758706,0.11448077,0.10306931,-0.65603055,0.113117488,0.146244826,-0.756975814,0.110340435,0.18510152,-0.849433625,0.103842457,0.018996494,-0.466790575,0.028650892,0.1122597,-0.703012118,0.011960183,0.157049596,-0.854137341,-0.003491741,0.192889431,-0.981094165,-0.015745036,0.043485605,-0.443196024,-0.052114087,0.133044149,-0.683485098,-0.065516604,0.169832489,-0.823337993,-0.07637535,0.196320776,-0.942191676,-0.087106248,0.103327296,-0.401989606,-0.124071286,0.164427872,-0.589743952,-0.139954418,0.18818455,-0.71045996,-0.148770478,0.210087684,-0.820936265,-0.157180421,169.5343548,172.1657405,177.8660908,177.6257868,174.6342534,179.0353791,174.1416695,177.6405379,173.0884892,179.3687204,0,0,0,-0.091783267,-0.254072228,0.028715506,-0.259015791,-0.455166911,0.017910781,-0.432955971,-0.553564482,-0.00139255,-0.567844499,-0.596199939,-0.034221502,-0.307794221,-0.578137763,-0.036535087,-0.593952171,-0.529905289,-0.0808721,-0.743798445,-0.498799957,-0.111554344,-0.85192127,-0.484166512,-0.132537162,-0.315200966,-0.458111688,-0.082760543,-0.62203172,-0.409265568,-0.114348415,-0.793805276,-0.379032851,-0.13702264,-0.921055972,-0.353725942,-0.162892159,-0.331215946,-0.304269505,-0.124982008,-0.62314527,-0.280799649,-0.159239779,-0.787106221,-0.269061045,-0.173717213,-0.905042101,-0.265509419,-0.188793225,-0.352482699,-0.110635941,-0.162804461,-0.588763927,-0.115133002,-0.201892522,-0.718393192,-0.121423145,-0.21177462,-0.826810772,-0.137919998,-0.216793658,159.0516755,165.9887886,176.5585422,175.9715553,178.0756802,175.8847504,178.2049677,176.6760936,174.6575127,173.8446831,ATTACK
0,0,0,0.127470197,-0.187911751,0.113255704,0.145278837,-0.342575373,0.152116844,0.163039979,-0.458933535,0.159332278,0.186806595,-0.543237951,0.161514237,0.025194742,-0.47786733,0.117813859,0.101200683,-0.66828544,0.115709373,0.141806837,-0.777125293,0.109542991,0.176941634,-0.878394724,0.10025491,0.019643195,-0.472045023,0.037683958,0.108251603,-0.709120048,0.019017172,0.154544107,-0.855243088,0.001066079,0.191161739,-0.981480345,-0.012390427,0.039355041,-0.448080144,-0.039286873,0.125043643,-0.693812574,-0.055644345,0.163986486,-0.834240226,-0.068117297,0.193154269,-0.953456899,-0.078501267,0.094874739,-0.408130219,-0.108717465,0.151216237,-0.596608489,-0.125532292,0.178195919,-0.72091206,-0.134674573,0.203091728,-0.832240196,-0.14281875,169.2737262,172.6130336,177.1755399,177.5937213,176.166075,178.2861484,176.0377858,178.1654417,175.5181663,179.3067268,0,0,0,-0.088367873,-0.25265159,0.019413191,-0.261495436,-0.447770423,0.006821759,-0.437697714,-0.544794485,-0.010120282,-0.571410894,-0.577105664,-0.040596887,-0.312337348,-0.571250584,-0.051742256,-0.592752572,-0.517843716,-0.095003401,-0.746780774,-0.48668825,-0.124063718,-0.860645312,-0.46782868,-0.143685703,-0.319060929,-0.452891984,-0.089418668,-0.620922908,-0.404157944,-0.118958272,-0.792946759,-0.375205053,-0.14232019,-0.922101887,-0.348146513,-0.168884919,-0.334963121,-0.302722398,-0.121771616,-0.619196412,-0.279435179,-0.152840924,-0.778893249,-0.269082804,-0.168463315,-0.895433344,-0.263733576,-0.184249518,-0.356912629,-0.111621548,-0.149905268,-0.585319317,-0.123243604,-0.183655849,-0.708670019,-0.129509426,-0.1906919,-0.812011634,-0.142468519,-0.193801455,160.3519006,163.079074,177.9607332,177.7368957,177.7952766,175.5804601,178.7192978,177.5244101,174.8300341,175.4319516,ATTACK
0,0,0,0.137691178,-0.172749331,0.122941809,0.157480313,-0.32545473,0.169962382,0.1740473,-0.43399684,0.183891314,0.195566386,-0.512357495,0.191797594,0.0305312,-0.482052879,0.137104427,0.101338138,-0.664724222,0.144418236,0.139228056,-0.780153009,0.142052891,0.16992344,-0.887986961,0.133793026,0.021988623,-0.477362705,0.052774605,0.104290658,-0.704767214,0.043230385,0.148553035,-0.852131384,0.028182832,0.182673269,-0.983063235,0.014736074,0.035818214,-0.457717147,-0.028094762,0.117527165,-0.696318429,-0.038196302,0.15385979,-0.837586605,-0.048277388,0.18064875,-0.960535983,-0.058515198,0.082836187,-0.427079829,-0.100978207,0.134992783,-0.622593734,-0.11496062,0.163649588,-0.747032998,-0.121970832,0.191618362,-0.855455219,-0.129187503,170.1512332,173.1238702,175.5332762,176.1061585,175.3812831,177.8276913,175.204405,177.6941076,177.8120909,178.3019231,0,0,0,-0.09053976,-0.248976263,0.019226357,-0.260302075,-0.434562882,0.005166862,-0.431661876,-0.529664429,-0.012586749,-0.559436679,-0.562269754,-0.044079185,-0.310494713,-0.553270388,-0.05935679,-0.590839785,-0.508389286,-0.103520747,-0.74497192,-0.480605816,-0.131886399,-0.860094086,-0.466896089,-0.150878539,-0.314508291,-0.43854799,-0.096701032,-0.615084129,-0.397669741,-0.1276529,-0.787424218,-0.375329563,-0.150200891,-0.917737202,-0.356226863,-0.175672565,-0.327892271,-0.291766623,-0.128069047,-0.6087882,-0.274253861,-0.15859021,-0.767467689,-0.268314004,-0.172682541,-0.884945168,-0.269460211,-0.187691467,-0.348149255,-0.104366677,-0.155073926,-0.569915416,-0.120419136,-0.187232723,-0.690049457,-0.125729613,-0.192462177,-0.792480718,-0.140292904,-0.194842698,161.4181474,163.298768,178.1187927,176.4275898,178.3137178,176.2726031,178.1177567,176.4606922,174.0100356,174.2743445,ATTACK
0,0,0,0.153656393,-0.164820415,0.094340359,0.171212942,-0.329755526,0.129165048,0.184501617,-0.443325936,0.13533676,0.207087725,-0.525765731,0.136377545,0.039350952,-0.483501404,0.109852949,0.103060786,-0.662856457,0.103531698,0.140684671,-0.777195479,0.09016808,0.17313938,-0.884931058,0.074753677,0.02206921,-0.479691252,0.035509301,0.101742657,-0.702431508,0.015180296,0.145600881,-0.851433507,-0.008233739,0.180576769,-0.983179551,-0.027386134,0.026448894,-0.462329261,-0.038105595,0.108804496,-0.69472268,-0.05991558,0.148956968,-0.835986504,-0.0782114,0.177543888,-0.957252752,-0.092761048,0.062552778,-0.431338648,-0.106163046,0.118853126,-0.617772283,-0.130983138,0.150724063,-0.742716091,-0.145562001,0.179099202,-0.850625252,-0.157623872,171.1947018,171.0088618,175.3388032,177.860262,175.077227,178.2905525,175.8096107,177.3200336,177.3428613,179.220563,0,0,0,-0.094919668,-0.24682426,0.023631354,-0.261786943,-0.434956846,0.014549106,-0.431386116,-0.53462897,0.000392878,-0.560243963,-0.568117335,-0.027298782,-0.316913651,-0.555451412,-0.047921917,-0.593523603,-0.508923831,-0.085454672,-0.7446233,-0.480895857,-0.10916939,-0.857603506,-0.468564445,-0.126475921,-0.319476264,-0.450943893,-0.087150784,-0.617831608,-0.405315676,-0.112861106,-0.788899194,-0.381132277,-0.133542458,-0.919942952,-0.358281285,-0.159183812,-0.331036979,-0.310328661,-0.120631844,-0.612203503,-0.287160585,-0.14913098,-0.768969433,-0.275432287,-0.163787193,-0.885383709,-0.268694651,-0.180234584,-0.349198277,-0.12471689,-0.149778709,-0.573508544,-0.13294875,-0.183891578,-0.693456207,-0.135239222,-0.192225541,-0.796853147,-0.14525815,-0.197214221,161.9184054,162.5244617,178.4138162,175.7171481,177.8767507,175.4852349,179.1846265,177.0589447,175.1878872,175.3453415,ATTACK
0,0,0,0.156102501,-0.16061696,0.09282192,0.179504304,-0.319389564,0.126136999,0.190913932,-0.423750569,0.131272938,0.211570415,-0.498680175,0.131328302,0.044697532,-0.491014322,0.105722006,0.11045714,-0.669971181,0.097899264,0.147773486,-0.785964862,0.084165922,0.178042975,-0.893595583,0.069454013,0.022949055,-0.485487135,0.031785221,0.107016064,-0.704824078,0.010348149,0.150459114,-0.851257932,-0.012415899,0.184301501,-0.982399954,-0.030385632,0.025018676,-0.468783106,-0.041337977,0.111509598,-0.697805283,-0.062527514,0.150898168,-0.839442904,-0.078740295,0.179080486,-0.963159622,-0.091548216,0.059417668,-0.439563471,-0.109171971,0.116802841,-0.630818194,-0.13138613,0.149258923,-0.754402318,-0.142308018,0.178284344,-0.858446641,-0.151526437,170.8059804,170.3996794,175.2678514,177.5609719,174.4905596,177.7032503,174.6810641,177.1994718,177.4862487,178.9427868,0,0,0,-0.091962711,-0.239830149,0.022795452,-0.257457931,-0.424950575,0.012171169,-0.425859386,-0.520286936,-0.003412672,-0.553903008,-0.55454559,-0.032456687,-0.312143697,-0.548524076,-0.048535515,-0.586677889,-0.500723038,-0.089943645,-0.739470626,-0.473066141,-0.117889472,-0.853924595,-0.460004953,-0.137630751,-0.315829944,-0.447787659,-0.088149144,-0.60938759,-0.403280158,-0.116294683,-0.783061202,-0.381977594,-0.139517973,-0.917507843,-0.361249218,-0.166368149,-0.327735413,-0.311941482,-0.122220941,-0.605819066,-0.287401279,-0.151591509,-0.765686512,-0.277661705,-0.166604206,-0.886533195,-0.274461033,-0.183270643,-0.345368089,-0.130055216,-0.152199331,-0.567403532,-0.135360217,-0.186060927,-0.688708227,-0.137328533,-0.193481575,-0.793886429,-0.148929778,-0.197845985,161.2177654,163.6647958,178.132436,176.2198088,177.2660082,175.9483516,178.2389706,176.7661205,174.7786404,174.4773602,ATTACK
0,0,0,0.163424835,-0.168061999,0.105306578,0.18518644,-0.331264868,0.140155516,0.200026528,-0.443911204,0.143781889,0.22096698,-0.52853528,0.141584217,0.048291866,-0.496514895,0.115001979,0.119611392,-0.673797598,0.110431641,0.155488419,-0.78608165,0.098668067,0.182113906,-0.896076599,0.083666163,0.028990131,-0.4881424,0.031910667,0.118278425,-0.705616379,0.012549377,0.16119983,-0.850448727,-0.009334061,0.191313761,-0.980055768,-0.02853046,0.030050608,-0.471149065,-0.049921113,0.117740526,-0.705170894,-0.069257633,0.156765336,-0.84998792,-0.084497686,0.183793836,-0.977883273,-0.099820492,0.060716595,-0.4436456,-0.12562559,0.114703193,-0.63214128,-0.148176116,0.14743554,-0.758115051,-0.160834704,0.176750234,-0.866028319,-0.173592081,169.8615666,172.7883945,173.9541944,175.4743119,173.2111032,176.564533,174.3701881,176.7013101,178.1922119,178.7124792,0,0,0,-0.090994839,-0.239423073,0.020247385,-0.251862299,-0.43199168,0.004883942,-0.418911066,-0.530205284,-0.014754553,-0.550580105,-0.562094906,-0.047800752,-0.30216837,-0.552089337,-0.058710215,-0.576548305,-0.50458945,-0.108769059,-0.731516716,-0.474869829,-0.143081054,-0.850981309,-0.458291695,-0.166342396,-0.309160028,-0.442624589,-0.100262885,-0.605384864,-0.401357388,-0.137367065,-0.778843735,-0.375384505,-0.164124968,-0.913952282,-0.357288555,-0.192447692,-0.323207862,-0.299018534,-0.136408382,-0.603592985,-0.279843501,-0.173625904,-0.763995826,-0.269847558,-0.1898512,-0.886079951,-0.270175341,-0.205871112,-0.342233831,-0.114664657,-0.168183686,-0.565533243,-0.126765565,-0.205482114,-0.687795957,-0.130938812,-0.21272704,-0.793337587,-0.144582119,-0.2165135,160.255084,161.616607,177.6289929,176.7410504,178.2224801,176.7574895,178.1130273,175.8783978,173.7853865,174.3841631,ATTACK
0,0,0,0.159993119,-0.170783256,0.085657478,0.183599734,-0.340596563,0.11535371,0.20162098,-0.457104216,0.11814282,0.221802197,-0.540861238,0.116205753,0.036956668,-0.494619184,0.093820929,0.105261892,-0.669037719,0.085800456,0.136849208,-0.784119138,0.070720128,0.158659747,-0.895172976,0.053675932,0.022317785,-0.485944854,0.020267303,0.098162996,-0.702654773,-0.00289432,0.133259039,-0.853588715,-0.029771278,0.157501621,-0.986158135,-0.051820567,0.023816496,-0.464668362,-0.052471158,0.099674259,-0.693605411,-0.076286698,0.131963698,-0.838567345,-0.096259379,0.150322227,-0.96412974,-0.113097987,0.047847593,-0.429186624,-0.120270421,0.097711052,-0.62204815,-0.142840426,0.127723876,-0.747643103,-0.154921774,0.151943715,-0.849522915,-0.166251314,171.4664036,174.5224543,172.3174225,175.5475183,172.6131489,177.204262,173.9003966,175.7615177,178.3811325,178.9749506,0,0,0,-0.086074616,-0.234118367,0.002666546,-0.241356451,-0.427232378,-0.023913864,-0.408297536,-0.526290905,-0.051343188,-0.538585143,-0.572257124,-0.091899539,-0.28081006,-0.554083426,-0.085592772,-0.557868952,-0.509394524,-0.146232518,-0.715373239,-0.47906573,-0.190046642,-0.835972517,-0.464748636,-0.219937966,-0.28744109,-0.439456456,-0.120327719,-0.587460208,-0.399619521,-0.16747707,-0.765008661,-0.375949165,-0.200008646,-0.902911121,-0.361145931,-0.233077508,-0.303224212,-0.293292617,-0.15080699,-0.58354459,-0.274786476,-0.195170383,-0.749930555,-0.269258081,-0.2157161,-0.875910824,-0.272427899,-0.235388759,-0.325571221,-0.112505497,-0.178234988,-0.547301321,-0.120725305,-0.222670951,-0.671685338,-0.123334231,-0.235448052,-0.778149416,-0.133981465,-0.243620534,159.5490092,166.2096253,176.4449645,175.7010611,178.4752898,176.5164342,177.2661282,176.1603742,174.4314204,175.2136808,ATTACK
0,0,0,0.159585714,-0.170729399,0.08235469,0.185189401,-0.339507137,0.110192021,0.206791807,-0.454482222,0.110732154,0.231753669,-0.538910322,0.106616498,0.038482204,-0.494297716,0.096603148,0.102770985,-0.664363626,0.086343545,0.136809675,-0.773258326,0.068538408,0.162629816,-0.880560236,0.049613286,0.023423422,-0.486355528,0.022279712,0.095600796,-0.703280432,-0.00236616,0.132384716,-0.852795215,-0.032040682,0.158597827,-0.985750406,-0.056061279,0.023911149,-0.46724168,-0.052150344,0.097169096,-0.695640413,-0.077946125,0.13150044,-0.84258667,-0.099999004,0.152333106,-0.97150973,-0.117830379,0.04718895,-0.434102808,-0.122178301,0.097084699,-0.627324257,-0.146341519,0.127585437,-0.754370256,-0.159219612,0.153048684,-0.858601691,-0.170889914,170.765986,173.44084,173.4280929,176.078457,173.415141,177.189056,174.8931115,175.9943869,178.3165916,179.1419151,0,0,0,-0.090078614,-0.231785015,0.006526143,-0.243928787,-0.427067496,-0.020519499,-0.405135394,-0.529976667,-0.048875596,-0.534359998,-0.590666855,-0.089548379,-0.27785306,-0.556308726,-0.09054744,-0.553460648,-0.51377476,-0.150672439,-0.709091017,-0.482772533,-0.191225057,-0.829188679,-0.464588426,-0.219047301,-0.284296486,-0.436373663,-0.129272813,-0.587356643,-0.400133485,-0.176634808,-0.765844429,-0.376599756,-0.206542954,-0.902086395,-0.359494135,-0.23875532,-0.301545983,-0.285501306,-0.163420569,-0.588471001,-0.271638214,-0.207845846,-0.758372135,-0.268378404,-0.225698801,-0.886484083,-0.273755912,-0.244864091,-0.324395545,-0.10133556,-0.194015238,-0.55754968,-0.113180189,-0.24011251,-0.686409683,-0.117380368,-0.253136839,-0.79627403,-0.131779823,-0.262080418,160.8084164,169.5935218,176.7037013,176.9788571,178.9547645,176.166208,176.7128499,175.6722457,174.4703537,174.2628996,ATTACK
0,0,0,0.16554243,-0.16630161,0.094670507,0.186023933,-0.340637923,0.126798415,0.20231413,-0.459345608,0.129500812,0.225140244,-0.546314921,0.126445533,0.045046765,-0.492611934,0.102757078,0.107466491,-0.669168878,0.093789823,0.140037386,-0.79045137,0.078012412,0.1649763,-0.905305015,0.059817597,0.029693784,-0.482277746,0.022152091,0.102794749,-0.703298224,-0.00214781,0.139102258,-0.853911013,-0.029008693,0.165033872,-0.984963699,-0.05109141,0.030003783,-0.464050886,-0.057589324,0.103415982,-0.698772979,-0.08293627,0.137966197,-0.846763079,-0.101619917,0.159064467,-0.974988913,-0.117704691,0.05366432,-0.434115411,-0.131941502,0.100111543,-0.632192444,-0.158665487,0.130017377,-0.761106821,-0.1719452,0.155709105,-0.866011426,-0.18392985,170.8371132,172.3592337,173.7272444,176.7419491,173.8877815,177.5693632,175.6268682,176.1918604,178.1696154,178.9057997,0,0,0,-0.087104303,-0.231608383,0.006777462,-0.247733021,-0.424331695,-0.01900652,-0.410476223,-0.528132284,-0.04629108,-0.534426127,-0.603707208,-0.084981858,-0.266567865,-0.555310283,-0.090860597,-0.552217162,-0.521123549,-0.15674004,-0.712298438,-0.494253053,-0.202892088,-0.831068268,-0.481902513,-0.233626408,-0.269238569,-0.434058615,-0.128830166,-0.581438223,-0.40968379,-0.179914827,-0.7609357,-0.391877327,-0.210057849,-0.893583345,-0.378746856,-0.240955648,-0.285672173,-0.282844659,-0.162931187,-0.580169372,-0.273764932,-0.212795802,-0.756204379,-0.273650017,-0.231639142,-0.888369089,-0.280604487,-0.249173082,-0.309638279,-0.10041127,-0.1931789,-0.550565262,-0.113122116,-0.244304833,-0.684175851,-0.117903713,-0.259375788,-0.795881749,-0.131731254,-0.268178968,162.330671,173.0045275,176.003384,176.1923969,178.6938882,176.384333,176.0737348,176.5916338,174.3549306,174.6004054,ATTACK
0,0,0,0.161881907,-0.171348748,0.089721519,0.183362838,-0.339394494,0.118338424,0.201253826,-0.457344939,0.118014438,0.226449848,-0.547085966,0.112914967,0.034370878,-0.500140441,0.102147628,0.102081743,-0.675754083,0.092789883,0.136543985,-0.790226507,0.077520787,0.164547644,-0.900455165,0.060144043,0.018738486,-0.487323775,0.024666379,0.099182742,-0.705578266,0.000631914,0.138478429,-0.852907399,-0.025057798,0.170029108,-0.984348987,-0.046337621,0.022454624,-0.464866581,-0.052785673,0.101935465,-0.69706932,-0.07736946,0.137372543,-0.843206057,-0.095331845,0.161945196,-0.970948019,-0.111159427,0.053923836,-0.43331181,-0.125503908,0.102804471,-0.62605631,-0.150925151,0.132449352,-0.753210544,-0.164547951,0.159884175,-0.860077004,-0.177084838,170.1507039,172.3179349,173.7930008,177.0898536,173.5807378,178.3629387,174.6331741,177.2204767,178.200368,178.5065156,0,0,0,-0.09164609,-0.221387305,0.001339504,-0.248588411,-0.413294804,-0.025795465,-0.408706062,-0.51640345,-0.05363168,-0.530565258,-0.585998431,-0.093435611,-0.274170772,-0.549685903,-0.086208761,-0.55115068,-0.512262308,-0.146994916,-0.706046942,-0.487124036,-0.190677184,-0.823208812,-0.477661374,-0.220920817,-0.280249388,-0.434009746,-0.121689972,-0.585050695,-0.4054293,-0.168036959,-0.761824853,-0.387752625,-0.198839733,-0.896306956,-0.378154071,-0.231588727,-0.297774955,-0.286311489,-0.153745988,-0.583068097,-0.278192536,-0.197302816,-0.749964373,-0.279769928,-0.215185849,-0.875011773,-0.291615454,-0.234110555,-0.322873565,-0.106123767,-0.183074558,-0.549371465,-0.11626225,-0.226944328,-0.673893761,-0.124366898,-0.239035842,-0.779355232,-0.144068304,-0.247601516,162.0759775,171.8905835,176.3589982,175.3709215,178.6287729,175.8204519,176.6136585,174.5471355,174.4314726,173.0650099,ATTACK
0,0,0,0.160526863,-0.175787259,0.097289245,0.177694821,-0.347598472,0.132484052,0.186889561,-0.474251644,0.137672884,0.206410501,-0.570013689,0.137954033,0.041128896,-0.496242611,0.116387808,0.104453274,-0.673139822,0.112467691,0.14015224,-0.790689662,0.100951449,0.169756938,-0.900998123,0.08572847,0.022480651,-0.487376919,0.037495724,0.101848728,-0.706019453,0.018229332,0.143133363,-0.853902372,-0.004024516,0.175460227,-0.984213441,-0.023186465,0.024171887,-0.467001912,-0.041585291,0.105955165,-0.697329088,-0.062864006,0.143084683,-0.842689364,-0.080214107,0.168740986,-0.96817075,-0.096147261,0.056126207,-0.43533353,-0.115375344,0.106663192,-0.620987261,-0.140978635,0.138614246,-0.747619982,-0.157484594,0.168041217,-0.855003683,-0.172395621,170.6754074,172.2935826,174.9585135,177.0318968,174.4089106,178.2603214,174.5390303,177.1488039,178.7629068,178.6356453,0,0,0,-0.091413762,-0.228679486,0.015562264,-0.248268502,-0.414171309,-0.007366108,-0.409492259,-0.514983955,-0.03382978,-0.528911223,-0.586350343,-0.073602548,-0.274147771,-0.538981344,-0.078610592,-0.55566227,-0.504691734,-0.135724119,-0.710841254,-0.481755233,-0.175546096,-0.824641461,-0.475282363,-0.203121708,-0.280428154,-0.424344687,-0.120336888,-0.584815121,-0.40587137,-0.163804555,-0.763056982,-0.393856115,-0.19170166,-0.896336843,-0.383638057,-0.222265841,-0.297234288,-0.278434833,-0.156963628,-0.583974256,-0.282414461,-0.198897412,-0.753087132,-0.287641878,-0.216045903,-0.878658932,-0.299323982,-0.234589049,-0.319771397,-0.099672009,-0.189170233,-0.551968386,-0.12590651,-0.233313561,-0.679182692,-0.139079935,-0.245313408,-0.786129601,-0.161241811,-0.253791548,162.1703203,171.8683563,176.7631526,174.916309,179.0114092,175.9176362,177.2405932,175.5949811,174.6045808,174.1118632,ATTACK
0,0,0,0.164849,-0.177739123,0.0916325,0.184451342,-0.349902933,0.121976368,0.198451234,-0.481224113,0.122669267,0.222211685,-0.583501811,0.118183466,0.051815565,-0.49915763,0.114758362,0.112062231,-0.678498644,0.108751448,0.147708327,-0.791810169,0.094440114,0.177433896,-0.899264552,0.077001027,0.032805938,-0.493477603,0.037398187,0.106749666,-0.71355893,0.016979209,0.14834333,-0.856704766,-0.008056525,0.179614693,-0.98328193,-0.029920038,0.031350763,-0.474375343,-0.040935076,0.109949901,-0.706059718,-0.063911204,0.148455045,-0.850619975,-0.083646501,0.173485407,-0.974232032,-0.101692842,0.05775623,-0.441826206,-0.11435553,0.111307841,-0.625401757,-0.139981759,0.146534981,-0.750153407,-0.156654619,0.17682392,-0.856246398,-0.172406499,170.3447458,172.4644269,174.8020404,177.1074004,174.8941087,177.6426963,175.6080695,176.4640502,179.2232135,178.9942141,0,0,0,-0.088728403,-0.222188531,0.008483732,-0.250519143,-0.405552428,-0.017164912,-0.416011194,-0.50553185,-0.044596991,-0.53496503,-0.577847778,-0.085199341,-0.271434092,-0.53039773,-0.081529742,-0.551122332,-0.498334685,-0.137588747,-0.707455246,-0.481865389,-0.176519676,-0.822613373,-0.481530538,-0.203887705,-0.278403589,-0.414842509,-0.119484907,-0.576932587,-0.403674525,-0.163230786,-0.756416578,-0.400184094,-0.192299027,-0.89163335,-0.393822572,-0.223369093,-0.296217712,-0.271110347,-0.152726387,-0.574785564,-0.285144773,-0.19518823,-0.74310777,-0.297828045,-0.213355558,-0.868005888,-0.313666121,-0.232053217,-0.320159104,-0.09762565,-0.182172384,-0.542384697,-0.130607373,-0.226347255,-0.666207109,-0.148838219,-0.238753787,-0.770129972,-0.174099645,-0.2474372,162.5615681,171.793079,177.2525193,174.2559511,178.5735151,175.917122,177.0707529,176.2480945,174.5046611,174.5915016,ATTACK
0,0,0,0.166738844,-0.167192537,0.094602652,0.184681876,-0.338970602,0.128583801,0.197396332,-0.460827229,0.132624209,0.221052381,-0.550500188,0.132085079,0.049865562,-0.493632022,0.118599019,0.113284288,-0.670735569,0.11445176,0.151710913,-0.786314415,0.101356092,0.183032886,-0.894890561,0.085509056,0.031143289,-0.488241449,0.041877004,0.114496366,-0.706208681,0.023904394,0.158213067,-0.851671205,0.001045669,0.191842015,-0.981249777,-0.018588059,0.032734658,-0.471901912,-0.035237824,0.12101181,-0.697429138,-0.054691767,0.161590105,-0.839383862,-0.071967028,0.188516875,-0.963460742,-0.087637017,0.064245403,-0.443245736,-0.107452956,0.123530838,-0.626073457,-0.128469897,0.159828687,-0.74819161,-0.141409102,0.191316927,-0.851722521,-0.153965489,170.7422166,170.8822775,174.9252664,177.0045042,174.0926455,177.7668102,174.1953317,176.2585519,178.436328,178.920905,0,0,0,-0.086082792,-0.223696027,0.012322525,-0.249563294,-0.408706492,-0.011533002,-0.413068501,-0.515922211,-0.036790479,-0.524099083,-0.612120053,-0.072572651,-0.264473373,-0.537064807,-0.091963115,-0.549464451,-0.531986201,-0.151324485,-0.703157654,-0.518069447,-0.188952642,-0.815967037,-0.512385019,-0.21433716,-0.270052534,-0.421994865,-0.130652571,-0.580084854,-0.428685911,-0.176666775,-0.75368524,-0.423532518,-0.200567532,-0.880054354,-0.41671029,-0.227721032,-0.288851055,-0.278060898,-0.164414861,-0.580630525,-0.297468196,-0.208905007,-0.750331325,-0.306195706,-0.224061201,-0.874227465,-0.315069167,-0.240395895,-0.31205925,-0.103810514,-0.19385277,-0.549429004,-0.137100729,-0.242671392,-0.679982623,-0.152875369,-0.258338616,-0.788544528,-0.173326611,-0.268495541,164.6966954,170.1552451,175.4774184,177.4534788,176.9867698,175.4680338,176.3075875,177.2694,175.1247979,175.8785531,ATTACK
0,0,0,0.168028642,-0.174660411,0.114733123,0.184490007,-0.346837596,0.156674651,0.19624857,-0.475286937,0.164547497,0.218102336,-0.574130313,0.167291704,0.048685508,-0.494173623,0.141839224,0.118929686,-0.670850106,0.146757513,0.157094143,-0.789058455,0.141440363,0.18739381,-0.898913571,0.130112629,0.033047525,-0.490294105,0.056048744,0.122465379,-0.710743447,0.04299817,0.165686421,-0.854373675,0.024784771,0.19797726,-0.980164704,0.009064079,0.038785508,-0.475253248,-0.028909726,0.129452788,-0.7083566,-0.044164118,0.167371656,-0.852144337,-0.057807995,0.191458374,-0.97573498,-0.071293246,0.0775592,-0.448831243,-0.107337714,0.137889804,-0.636936918,-0.126461797,0.172934066,-0.761603708,-0.13877473,0.204577586,-0.868737333,-0.150986021,169.8456907,172.4896609,174.5133808,175.895041,173.462901,177.6017432,173.2880956,176.1321733,177.8606523,178.7465005,0,0,0,-0.091373263,-0.235690129,0.023293508,-0.255326145,-0.423868925,0.007147518,-0.418508906,-0.534586175,-0.012648767,-0.530983149,-0.63438549,-0.042861471,-0.271661349,-0.532244023,-0.075314727,-0.55474955,-0.537543488,-0.129286092,-0.706766248,-0.533484666,-0.16354747,-0.816898476,-0.539827841,-0.187548462,-0.276885949,-0.419243521,-0.117369312,-0.586692223,-0.440795619,-0.158381564,-0.754925083,-0.445127479,-0.177805852,-0.872678424,-0.44455966,-0.201987814,-0.293829983,-0.27612849,-0.154458779,-0.58775052,-0.309704297,-0.196362636,-0.757411324,-0.322943742,-0.208775673,-0.878991873,-0.334023793,-0.223182667,-0.313813214,-0.101788886,-0.186499781,-0.55473221,-0.144547655,-0.235523935,-0.68701821,-0.1649209,-0.25208444,-0.796384445,-0.190116896,-0.262848705,165.1234323,170.7310619,176.7727578,175.2209534,177.2917372,174.6496442,175.5744178,177.2578419,175.4943131,175.4664731,ATTACK
0,0,0,0.161197158,-0.167791365,0.110471415,0.179446622,-0.331634052,0.152758728,0.188576588,-0.451157256,0.163092859,0.208423192,-0.537779474,0.169119311,0.043062415,-0.486712477,0.131085747,0.118008733,-0.667091066,0.13494509,0.157833528,-0.784918219,0.13015932,0.188161577,-0.893778887,0.12042584,0.030506792,-0.481037029,0.051166472,0.122603898,-0.701462202,0.036416658,0.168096216,-0.849210611,0.01862885,0.200873343,-0.979609481,0.003894221,0.041066797,-0.463125484,-0.027151557,0.13308906,-0.695173629,-0.043375686,0.171780546,-0.837730966,-0.056335857,0.196648871,-0.961702191,-0.067751506,0.085297448,-0.435789688,-0.098791407,0.147895648,-0.625158144,-0.116847643,0.181182686,-0.748243288,-0.127183866,0.210226958,-0.854077069,-0.13666579,170.3245392,171.4002344,174.8505541,175.8318453,173.6673625,176.9493696,173.4253346,176.1295404,176.7639931,179.2919764,0,0,0,-0.092259424,-0.234293589,0.027064123,-0.255498009,-0.424866773,0.01316166,-0.415629922,-0.537439236,-0.005296727,-0.527265282,-0.631558621,-0.034375468,-0.274787114,-0.524027141,-0.070742865,-0.557531533,-0.533436569,-0.123301539,-0.70759586,-0.53240368,-0.155988536,-0.815106718,-0.540737074,-0.178821965,-0.281309798,-0.411378021,-0.115010348,-0.589812278,-0.438149977,-0.155963809,-0.756755182,-0.44624255,-0.174454876,-0.871686753,-0.448562175,-0.197368133,-0.298111447,-0.268892332,-0.154208216,-0.589474991,-0.307913925,-0.196340383,-0.759410195,-0.324963587,-0.208170073,-0.87972302,-0.339091636,-0.221565922,-0.316682291,-0.095028403,-0.188067227,-0.555864908,-0.14407498,-0.236804958,-0.688768592,-0.169317071,-0.252927608,-0.79880435,-0.199427161,-0.263310466,165.5502073,172.2803117,177.0859524,175.2205212,177.4572378,174.7476779,175.3709663,177.380443,175.3959424,175.1523549,ATTACK
0,0,0,0.161312903,-0.170337929,0.112105313,0.181047929,-0.331744409,0.15279329,0.195411519,-0.451540969,0.160346037,0.217540963,-0.540443039,0.163204897,0.040298092,-0.48790823,0.135187621,0.117030549,-0.664219012,0.139749347,0.157074285,-0.777762181,0.13478439,0.189279342,-0.883530962,0.12458504,0.030136367,-0.481569989,0.052679659,0.124175398,-0.703623804,0.039838025,0.16927745,-0.850444824,0.022212633,0.202131149,-0.979331235,0.007302787,0.044043513,-0.461246637,-0.02843323,0.137949499,-0.694236299,-0.041557772,0.176089494,-0.835613638,-0.05345859,0.201126914,-0.957627593,-0.064888172,0.091958898,-0.42992111,-0.103169211,0.151622168,-0.621950172,-0.118284899,0.183727442,-0.746723592,-0.127303683,0.212846677,-0.853760371,-0.136422213,169.5186101,172.6173583,174.4436518,176.1254768,173.1635631,177.1841883,172.9474125,176.4167284,177.1144304,178.7917922,0,0,0,-0.088134188,-0.239521208,0.029866737,-0.249715129,-0.427143147,0.021046708,-0.407265677,-0.540226219,0.006899116,-0.516829551,-0.640811015,-0.016869717,-0.278377718,-0.517398688,-0.062230985,-0.552877908,-0.541189985,-0.114574579,-0.703222127,-0.546540968,-0.146293728,-0.812567934,-0.55833272,-0.167325806,-0.283524744,-0.407343617,-0.105083475,-0.586171396,-0.44409165,-0.146166717,-0.753016205,-0.455644925,-0.161405549,-0.86610681,-0.463901042,-0.179758848,-0.298389151,-0.268351867,-0.143523252,-0.586445349,-0.311903381,-0.184737838,-0.753323306,-0.330553542,-0.193777836,-0.867945719,-0.349129736,-0.203188458,-0.315673931,-0.099018881,-0.177002591,-0.552354111,-0.149542907,-0.223947337,-0.684660727,-0.176508495,-0.238855696,-0.790625271,-0.20770186,-0.247005775,166.2488932,171.564094,176.8703891,175.7670553,176.12287,175.9516438,174.5346735,176.7120524,175.2571902,174.6645648,ATTACK
0,0,0,0.161252876,-0.170328034,0.108221541,0.180428943,-0.33491985,0.147909953,0.194866972,-0.454620982,0.155248306,0.218577969,-0.543022384,0.157860346,0.042318751,-0.489655076,0.13117717,0.117716156,-0.668133974,0.133278272,0.157989783,-0.783601504,0.126162088,0.189958497,-0.890370167,0.114543096,0.032229224,-0.483248499,0.050547363,0.124716754,-0.706258863,0.036031099,0.16944809,-0.852228304,0.017284941,0.201508449,-0.979485936,0.001283371,0.04574806,-0.462530469,-0.029138033,0.138781139,-0.696019015,-0.043434507,0.177265933,-0.837480608,-0.056448103,0.202782445,-0.95942075,-0.068973758,0.094013793,-0.429516282,-0.102831837,0.153915136,-0.621616748,-0.119392682,0.185984031,-0.74712602,-0.129690789,0.214601737,-0.855766331,-0.139992023,169.9958979,171.6394902,174.5794348,176.292402,173.4614622,177.0717972,173.2449687,176.503613,176.9742817,178.9910886,0,0,0,-0.087267091,-0.241305973,0.026689401,-0.244278544,-0.425879156,0.014243194,-0.398621867,-0.540273611,-0.00216405,-0.502598284,-0.64988316,-0.027496226,-0.269104842,-0.514490359,-0.072840152,-0.54426686,-0.542497466,-0.126272737,-0.695620545,-0.550844146,-0.155664549,-0.806683348,-0.564706008,-0.174267327,-0.277093818,-0.398959202,-0.11380666,-0.580843336,-0.441967762,-0.157972875,-0.746032319,-0.457224109,-0.170619224,-0.858325963,-0.468885926,-0.185171894,-0.294496808,-0.256048677,-0.149659433,-0.58091105,-0.30288808,-0.190461479,-0.742383287,-0.323981529,-0.193663741,-0.854059377,-0.345197471,-0.197790355,-0.312057799,-0.086194389,-0.180722051,-0.545366814,-0.140916928,-0.223693536,-0.672550428,-0.172261193,-0.233035312,-0.775452216,-0.208960987,-0.236527667,166.8085732,169.065853,177.3351706,175.7578542,175.2441665,176.8721871,172.862067,176.4879495,173.8509125,173.7610827,ATTACK
0,0,0,0.160696465,-0.175730309,0.11757964,0.180252123,-0.334940579,0.159613614,0.196861786,-0.452180649,0.167646226,0.221641361,-0.540387236,0.170385563,0.047413296,-0.49368784,0.140133912,0.122371076,-0.671285174,0.144556469,0.161646461,-0.781988676,0.138502574,0.193012879,-0.884293178,0.127516209,0.035359478,-0.485808264,0.055153172,0.128247209,-0.709813401,0.042142656,0.173498601,-0.853008892,0.023385885,0.206965336,-0.978322385,0.00711763,0.048299965,-0.462761712,-0.028212709,0.142084905,-0.697740537,-0.041019887,0.181308663,-0.839734271,-0.053671608,0.208334449,-0.963096965,-0.066392464,0.096746791,-0.428585814,-0.104690927,0.157858754,-0.623037223,-0.119709037,0.189030841,-0.74822387,-0.128816824,0.217283134,-0.856892024,-0.138566543,169.1323705,172.053314,174.5513673,176.1256883,173.576573,177.3768943,173.3688392,176.7660637,176.5016602,178.7528679,0,0,0,-0.083502075,-0.254056673,0.03155887,-0.23192543,-0.444283473,0.022931301,-0.384052224,-0.563481102,0.009041268,-0.494587932,-0.670243904,-0.013713411,-0.276959831,-0.513632339,-0.054620661,-0.548876291,-0.54744069,-0.104708979,-0.696637596,-0.560738324,-0.13318868,-0.803549977,-0.57605418,-0.149896686,-0.286974238,-0.402158352,-0.095318741,-0.586803516,-0.445179444,-0.133244576,-0.748013945,-0.461001357,-0.142929127,-0.855448487,-0.474934701,-0.154744229,-0.306338138,-0.263111921,-0.1316983,-0.592962995,-0.309273485,-0.165275885,-0.749403008,-0.33191215,-0.164471745,-0.855329479,-0.359645773,-0.165927409,-0.326680305,-0.096423306,-0.163676204,-0.558570251,-0.147692521,-0.198770253,-0.681201231,-0.18063083,-0.203482973,-0.780136532,-0.222926001,-0.203684482,165.9025206,172.6781984,177.9459765,176.3168985,175.4631361,176.6123591,173.0299525,173.4415679,173.1932594,171.6117741,ATTACK
0,0,0,0.158115812,-0.174043565,0.115902771,0.175906348,-0.33635853,0.159140067,0.189393449,-0.451693431,0.168784722,0.214383038,-0.538042373,0.173092152,0.046266745,-0.492272736,0.139204121,0.120126233,-0.673144091,0.143038493,0.160742096,-0.788134388,0.136599301,0.193786466,-0.894106659,0.125415186,0.036296745,-0.486013014,0.055499816,0.12971811,-0.707413394,0.042843672,0.174980053,-0.852093953,0.024370071,0.20799061,-0.978093993,0.008488069,0.049904299,-0.46497618,-0.026759431,0.145328211,-0.69670665,-0.039128393,0.185109908,-0.839552652,-0.051377696,0.212443708,-0.962541963,-0.063444799,0.098644824,-0.431153411,-0.102335692,0.160847849,-0.624843044,-0.117806686,0.193004638,-0.748811575,-0.126782789,0.2218033,-0.855851178,-0.13590843,169.8931634,170.3179532,174.9910609,176.4844375,173.2344709,177.2722309,172.9202979,176.8382251,176.6868329,178.9444756,0,0,0,-0.075954256,-0.257839027,0.02590415,-0.223446795,-0.449321436,0.015628924,-0.378530319,-0.562793487,0.001249555,-0.488248561,-0.659181531,-0.022875903,-0.27011461,-0.519478586,-0.062367976,-0.541481898,-0.549364257,-0.110836208,-0.689473274,-0.563571983,-0.139024488,-0.798626476,-0.581012068,-0.156909935,-0.286309511,-0.401456521,-0.100308691,-0.580854053,-0.44430664,-0.136573893,-0.74270811,-0.461807479,-0.147912702,-0.852761589,-0.478159168,-0.162596125,-0.310161599,-0.259319872,-0.133624522,-0.588063078,-0.311179024,-0.166240958,-0.74612641,-0.336025653,-0.16918305,-0.854180182,-0.361528861,-0.174647065,-0.333845591,-0.089764084,-0.162831342,-0.56055594,-0.142763941,-0.199622404,-0.686113821,-0.178162837,-0.208231632,-0.788132511,-0.220575009,-0.211828584,163.7136078,172.7839968,178.8277025,176.0781166,176.3320248,175.7476867,174.2106722,175.2630262,174.1655723,172.8816218,ATTACK
0,0,0,0.160273368,-0.148012727,0.091396303,0.181158854,-0.313747828,0.130995389,0.196682344,-0.427537364,0.143148639,0.224269283,-0.506969834,0.151234655,0.050608788,-0.485208148,0.116739742,0.124235058,-0.662464843,0.115002018,0.167314623,-0.78198049,0.105135283,0.202436938,-0.891270535,0.09201865,0.035282292,-0.483415656,0.047579839,0.130895524,-0.700406101,0.031522475,0.179239134,-0.847630754,0.009945165,0.214755833,-0.976635736,-0.007910242,0.044563418,-0.465872014,-0.021458944,0.144055786,-0.685687754,-0.041694602,0.189611714,-0.825826196,-0.061393425,0.218665535,-0.945845741,-0.076672472,0.086759042,-0.432776699,-0.085119755,0.153077893,-0.613568559,-0.111528672,0.189417301,-0.734130109,-0.128861165,0.218496925,-0.839692261,-0.142478271,172.6604272,168.6414664,175.1906864,177.0566387,173.094208,177.1670676,173.0747736,175.5636217,176.6184553,178.3322953,0,0,0,-0.070546185,-0.249688139,0.015077816,-0.213815127,-0.439866786,-0.001819254,-0.366220726,-0.565073573,-0.020579383,-0.466386746,-0.678586158,-0.049099056,-0.27674667,-0.51131963,-0.075571243,-0.540627759,-0.538743832,-0.12676145,-0.690931559,-0.549262761,-0.158179197,-0.8020693,-0.56073211,-0.17868241,-0.294565448,-0.399913006,-0.109793168,-0.586268626,-0.426996103,-0.147132453,-0.751239512,-0.448089671,-0.163935015,-0.865977709,-0.46484446,-0.184396948,-0.317928346,-0.262156773,-0.139460431,-0.599118233,-0.295869726,-0.172775639,-0.758193826,-0.322818314,-0.18081745,-0.870279169,-0.347629128,-0.19201159,-0.33697032,-0.094846349,-0.16569388,-0.567499965,-0.134778382,-0.204493262,-0.694169567,-0.164549774,-0.215817162,-0.799759831,-0.202422563,-0.222290981,166.3644015,169.5062185,177.8512815,177.5934959,177.472502,175.5935423,175.2234308,176.0017666,174.3918978,173.2638212,ATTACK
0,0,0,0.165713586,-0.151678405,0.102363505,0.188219438,-0.31004559,0.144289794,0.206895525,-0.420661814,0.156209742,0.236519249,-0.499838665,0.163511959,0.053007636,-0.483362673,0.12869994,0.125819223,-0.657787445,0.129753281,0.1669686,-0.775251062,0.121266654,0.201179693,-0.884028863,0.108138948,0.037611666,-0.481301214,0.05232403,0.133607901,-0.703218053,0.036617964,0.181073999,-0.849375295,0.015226182,0.214996533,-0.97661184,-0.002409225,0.046447703,-0.462524247,-0.023330532,0.146014511,-0.691196287,-0.042193628,0.191017126,-0.831874717,-0.060081195,0.219937083,-0.951724558,-0.07488295,0.089089314,-0.428368389,-0.093008514,0.153404861,-0.609058543,-0.119582118,0.188083,-0.73259437,-0.136773662,0.215794288,-0.841628468,-0.150729613,171.2351375,169.0419221,174.5855593,176.7041901,173.1594471,176.9003791,173.6687495,175.8175283,176.0783263,178.3687052,0,0,0,-0.061113953,-0.260638041,0.011584112,-0.200763821,-0.461080009,-0.005845593,-0.355124151,-0.585955099,-0.022968168,-0.453287323,-0.705259709,-0.049646515,-0.264849308,-0.507668406,-0.082169345,-0.53644895,-0.536100067,-0.134054728,-0.689899995,-0.547935191,-0.165869994,-0.803706754,-0.55984073,-0.185791693,-0.287215508,-0.381405131,-0.11224659,-0.584960984,-0.415221396,-0.148747153,-0.752613791,-0.441635303,-0.16569751,-0.867497555,-0.461340597,-0.186045281,-0.314169165,-0.238383422,-0.137415081,-0.59862466,-0.272794049,-0.167838697,-0.75701135,-0.306118524,-0.175680451,-0.868174529,-0.335963043,-0.186524839,-0.337771217,-0.07461684,-0.159086445,-0.572100142,-0.114642166,-0.192456765,-0.695436516,-0.145487591,-0.200809334,-0.796327544,-0.186123219,-0.205425707,163.8573544,167.5159375,178.1258548,177.5376787,177.1952447,175.6799832,174.0178554,175.8642358,173.9194225,171.9715537,ATTACK
0,0,0,0.157549952,-0.147365191,0.107054992,0.176749166,-0.311212595,0.153304754,0.19083304,-0.425197701,0.168309006,0.215350118,-0.507667779,0.178934791,0.039267234,-0.482070347,0.140111605,0.118985995,-0.642262619,0.144819209,0.161356828,-0.752883385,0.138410764,0.198494992,-0.857821012,0.126711742,0.027564939,-0.482340808,0.061253133,0.126996064,-0.695458214,0.050994963,0.17359925,-0.844503393,0.031742717,0.211664042,-0.977222615,0.015306679,0.041122768,-0.468068792,-0.017137924,0.140051356,-0.693844378,-0.033506629,0.181627966,-0.832908211,-0.051393486,0.209985243,-0.954063244,-0.065967534,0.089275622,-0.438190708,-0.089295577,0.155116702,-0.617986149,-0.113917691,0.186673385,-0.735237805,-0.129617409,0.211473321,-0.839631933,-0.14231531,171.7552187,170.5317126,172.8088452,176.6908642,171.1220459,178.5247464,172.2914244,176.4892708,174.9630882,178.1002918,0,0,0,-0.066882257,-0.252395119,0.016335827,-0.209718474,-0.455501271,0.002012373,-0.360785777,-0.579748304,-0.014327732,-0.4619365,-0.696503106,-0.041045376,-0.276962504,-0.522742456,-0.072413185,-0.550971205,-0.532231078,-0.121158576,-0.707144931,-0.534039403,-0.151508305,-0.822766991,-0.539953786,-0.171623474,-0.300337123,-0.393942501,-0.107398345,-0.59513952,-0.409765,-0.144100828,-0.764185465,-0.422515001,-0.161275878,-0.882456599,-0.433927119,-0.181597374,-0.326127356,-0.245561262,-0.137414187,-0.605844215,-0.273630667,-0.170298022,-0.76567673,-0.298658603,-0.177912672,-0.880209947,-0.322503797,-0.188489578,-0.346800734,-0.072740545,-0.163726452,-0.575843591,-0.111016699,-0.200742801,-0.703178839,-0.137892117,-0.20923907,-0.808926927,-0.174163885,-0.213475408,164.5132378,169.1622645,178.3217769,177.4110272,178.1317275,175.8528204,174.8933386,176.1671485,174.1258986,172.7884355,ATTACK
0,0,0,0.155637713,-0.157758116,0.10392071,0.176218684,-0.325171413,0.14692144,0.192446086,-0.445120208,0.159346613,0.216661328,-0.531763799,0.167025453,0.047621099,-0.483690041,0.1344252,0.119056073,-0.657292331,0.13995852,0.158349536,-0.772796764,0.135392604,0.191821614,-0.879556977,0.124960474,0.035622007,-0.481292016,0.058319301,0.1245559,-0.704332793,0.048444987,0.167980531,-0.850233299,0.031189324,0.201829691,-0.979284903,0.016305057,0.045575568,-0.465916624,-0.017195385,0.139252505,-0.697201902,-0.031734093,0.180574166,-0.836984457,-0.047220678,0.207476038,-0.955118484,-0.060594956,0.087133636,-0.435521559,-0.086623883,0.148180226,-0.617835419,-0.10981549,0.180122213,-0.738668975,-0.12475616,0.206154238,-0.84503558,-0.137093259,171.5131109,172.0369426,174.729107,176.4770822,173.3934209,178.0502306,173.7851287,176.3283365,176.281133,178.7243068,0,0,0,-0.065824982,-0.272349604,0.022556843,-0.204074975,-0.486532188,0.012518001,-0.357099689,-0.618246146,-0.000578318,-0.465503521,-0.73232662,-0.024398494,-0.280239473,-0.532442774,-0.058921253,-0.560830907,-0.533379423,-0.100083702,-0.715717023,-0.531149241,-0.124967749,-0.826330254,-0.537363533,-0.141509353,-0.30503265,-0.396435954,-0.094315532,-0.60865007,-0.404355358,-0.122604735,-0.776104654,-0.418388007,-0.134748223,-0.889233984,-0.43123993,-0.152627142,-0.332206694,-0.242314609,-0.124565717,-0.619790865,-0.258443164,-0.148424611,-0.774470782,-0.28326191,-0.148832345,-0.881590789,-0.311300543,-0.155795563,-0.353976613,-0.065377852,-0.151233021,-0.590621279,-0.097709484,-0.179419946,-0.715940999,-0.12382614,-0.181347307,-0.819172475,-0.163129724,-0.181924235,163.5116537,172.4585411,178.6156984,175.9006819,176.4675383,174.8800971,172.508631,173.4313515,172.8834702,170.8838611,ATTACK
0,0,0,0.154186371,-0.156808162,0.098108386,0.175011987,-0.319526872,0.14049311,0.192085778,-0.432607199,0.154451621,0.217504236,-0.514714736,0.164003346,0.039949972,-0.481074789,0.122977356,0.112514409,-0.658188615,0.122838705,0.153298487,-0.780227297,0.114409578,0.188523326,-0.893243331,0.101971435,0.030292006,-0.481925219,0.05090305,0.121534653,-0.700603352,0.037564605,0.167840917,-0.849356065,0.017764022,0.203776885,-0.979016819,0.001023983,0.043839397,-0.467993872,-0.020420503,0.136479365,-0.690835426,-0.037425777,0.177910278,-0.832879338,-0.055930916,0.205824446,-0.954214452,-0.07097494,0.090985375,-0.437443994,-0.08591139,0.153340247,-0.618555902,-0.111160597,0.185248791,-0.738787971,-0.127958351,0.210990216,-0.845060453,-0.141263604,172.3449312,171.3949569,174.6667907,177.3974426,173.3030541,178.1247648,172.9784306,176.6623918,175.8623512,178.4274499,0,0,0,-0.055507611,-0.277826919,0.017514413,-0.193596587,-0.500614266,0.005335258,-0.343943407,-0.636469601,-0.010307941,-0.458694491,-0.723818556,-0.03765616,-0.283250717,-0.539481912,-0.060958809,-0.558028232,-0.542511968,-0.110119148,-0.710634718,-0.538542428,-0.142506979,-0.825249001,-0.540793782,-0.162807159,-0.309336889,-0.402344682,-0.096581633,-0.60444949,-0.403112893,-0.129680319,-0.771659054,-0.408099718,-0.147415892,-0.890224755,-0.418294513,-0.16775178,-0.332695491,-0.248877878,-0.127854739,-0.611524163,-0.25834057,-0.155285209,-0.768437013,-0.28130553,-0.16114724,-0.88057076,-0.309367274,-0.170844956,-0.349033378,-0.075205839,-0.156342316,-0.575991106,-0.100725049,-0.185947514,-0.701695384,-0.121138619,-0.188731526,-0.806160927,-0.153983078,-0.189125272,163.8212381,172.0522488,177.1708314,176.7154444,178.3259665,175.1216843,172.7148307,173.655367,173.2309411,171.6746232,ATTACK
0,0,0,0.132680161,-0.171685568,0.096626722,0.150054834,-0.342229362,0.135551387,0.163653349,-0.465050102,0.145534655,0.189071918,-0.554385936,0.151890972,0.030621334,-0.478642017,0.119184067,0.107431477,-0.663199443,0.118822401,0.150616887,-0.786309282,0.112798098,0.184172773,-0.898383504,0.102804586,0.027480138,-0.4835239,0.047496176,0.116335359,-0.705585286,0.035232548,0.162368093,-0.853670247,0.017042153,0.196140981,-0.980574319,0.001649389,0.04776418,-0.472039351,-0.023374141,0.139177322,-0.702310354,-0.038421434,0.177917086,-0.841219801,-0.05533996,0.204034489,-0.956811341,-0.069758534,0.102332999,-0.442300647,-0.088486892,0.163252043,-0.625160848,-0.110670818,0.189753489,-0.742394068,-0.125714777,0.212448821,-0.847320428,-0.137787132,171.7924285,170.4143375,175.8292968,176.4745894,174.1011019,177.5851678,173.1357028,177.0990325,174.2985827,178.9101569,0,0,0,-0.05943089,-0.286228398,0.023560102,-0.199340546,-0.502591143,0.0143165,-0.351110097,-0.638287662,0.000639776,-0.47167088,-0.72941833,-0.025651207,-0.274858685,-0.53226766,-0.055768393,-0.556061164,-0.537093697,-0.100175938,-0.712930072,-0.528161091,-0.129148207,-0.828336558,-0.530941504,-0.147429534,-0.299578718,-0.390528553,-0.092672052,-0.608482215,-0.396850259,-0.121489361,-0.778427432,-0.407228289,-0.137035751,-0.893777183,-0.420277127,-0.156618913,-0.329449044,-0.231177674,-0.124559324,-0.625610567,-0.24166655,-0.147768717,-0.7856395,-0.265853194,-0.151605486,-0.8947073,-0.295926716,-0.160653495,-0.356688869,-0.054889907,-0.153015692,-0.594620593,-0.08630615,-0.18081924,-0.723860264,-0.113121224,-0.182546852,-0.829058786,-0.154463137,-0.182485441,164.5965537,172.3489083,175.5328469,175.1569376,177.6261999,174.7048131,172.7187264,172.4389169,172.7733027,170.2109847,ATTACK
0,0,0,0.068101629,-0.197931056,0.087386055,0.087166951,-0.374209301,0.123203283,0.115554615,-0.494639157,0.133321886,0.151010014,-0.570406123,0.139942109,0.006939334,-0.483201757,0.102672063,0.090743184,-0.674931571,0.099936553,0.137687155,-0.800492113,0.0952067,0.172659281,-0.911201294,0.087508293,0.021668757,-0.484397482,0.038582156,0.107192458,-0.709026679,0.025044111,0.151982081,-0.856140815,0.007517611,0.183676984,-0.98297134,-0.005487249,0.057475797,-0.46679834,-0.024184291,0.137514044,-0.696784486,-0.038988585,0.17410399,-0.835467992,-0.055658857,0.199515317,-0.953474193,-0.0685361,0.122364611,-0.430112406,-0.08145625,0.172836353,-0.615609503,-0.103824726,0.193990467,-0.733197987,-0.118129188,0.213695704,-0.838348238,-0.127976505,170.2511517,168.2042702,176.5991174,176.4928484,174.8846821,176.946294,174.5724506,177.2688606,174.9775169,178.2579852,0,0,0,-0.062853951,-0.287959817,0.033970622,-0.212173061,-0.500387444,0.030683285,-0.369864301,-0.63506643,0.020179556,-0.4844416,-0.744517838,-0.002872052,-0.29310075,-0.552330918,-0.036450239,-0.576288762,-0.542623127,-0.071977616,-0.729154641,-0.529693977,-0.094811838,-0.839361311,-0.532282646,-0.110216941,-0.315503367,-0.412153399,-0.077805843,-0.62375801,-0.403427604,-0.101095926,-0.790331636,-0.404892586,-0.112455319,-0.903779625,-0.405921813,-0.129351365,-0.343558157,-0.249813771,-0.113966899,-0.641422137,-0.249661257,-0.134093792,-0.798251143,-0.265350286,-0.134010928,-0.906091379,-0.285690796,-0.140596205,-0.368596393,-0.066027517,-0.14594717,-0.61260351,-0.091552535,-0.172983548,-0.744012642,-0.116802745,-0.173599913,-0.852380986,-0.156099045,-0.17242318,165.4393628,173.7286033,176.8157534,173.8234319,177.7742438,175.3810029,173.0431127,173.9061499,172.2147957,170.8784443,ATTACK
0,0,0,0.014717909,-0.207960947,0.071079668,0.033612763,-0.377930836,0.095814871,0.068953887,-0.487707689,0.09934203,0.115003679,-0.5466414,0.100501683,-0.005946941,-0.486015636,0.074460319,0.080732558,-0.678748536,0.066936749,0.127957023,-0.798788443,0.06201408,0.160811018,-0.901794424,0.056268045,0.020852358,-0.490570688,0.020291304,0.103664658,-0.713728378,0.004869323,0.149940717,-0.859059846,-0.010040881,0.181462558,-0.983202004,-0.01962548,0.068128677,-0.469784879,-0.032053459,0.144342813,-0.700251266,-0.046027171,0.179041658,-0.832820093,-0.05834923,0.20277863,-0.949052269,-0.06624278,0.141301356,-0.425465153,-0.079746911,0.192726724,-0.616283353,-0.09608078,0.212096792,-0.729408002,-0.102504626,0.229800469,-0.832097955,-0.10483772,166.8300941,159.8166094,177.2048258,176.0723691,176.6836545,176.3106539,175.9039393,176.5578475,174.4058393,177.969425,0,0,0,-0.06845087,-0.298419751,0.041039376,-0.22576396,-0.512767409,0.044850502,-0.384598097,-0.649253536,0.038866364,-0.502063972,-0.761338211,0.019735484,-0.310441724,-0.561096311,-0.015325365,-0.591056429,-0.543578644,-0.044479706,-0.73649467,-0.528622771,-0.064582335,-0.841098188,-0.535118853,-0.078750558,-0.334954236,-0.420063928,-0.058825215,-0.63412578,-0.396839898,-0.078878442,-0.785351674,-0.390718783,-0.089362847,-0.885694169,-0.389048894,-0.103925183,-0.362348552,-0.254714101,-0.097417822,-0.653687159,-0.245149161,-0.118230186,-0.802026095,-0.25771226,-0.117528411,-0.902526449,-0.276900389,-0.121210446,-0.385771943,-0.067384076,-0.131184191,-0.631760056,-0.091298072,-0.159000586,-0.762173872,-0.115911767,-0.158389458,-0.870091551,-0.154635227,-0.154306133,166.7099194,174.0807561,176.9704011,170.6336887,177.8068938,175.4400893,171.9763251,173.5534687,171.5547246,170.7508979,ATTACK
0,0,0,-0.014849302,-0.21483141,0.097232319,-0.011151776,-0.370444708,0.131149091,0.010332388,-0.481417966,0.141169984,0.039610158,-0.548233907,0.145729507,-0.019676838,-0.48216352,0.08112552,0.072199279,-0.679649039,0.083944589,0.11890657,-0.796424855,0.090866527,0.149908253,-0.892843933,0.09377088,0.016354187,-0.483735566,0.018870703,0.102179444,-0.722694106,0.008099979,0.149204782,-0.865859976,0.002157471,0.180185693,-0.983632608,-9.20E-05,0.068246131,-0.455929638,-0.03760788,0.146270138,-0.70669596,-0.049338995,0.181875917,-0.837908962,-0.05570025,0.20154888,-0.955622021,-0.058605992,0.142205378,-0.40477819,-0.085669757,0.205454671,-0.604009039,-0.097418685,0.22714161,-0.714239757,-0.098714673,0.24295022,-0.820560272,-0.097067448,168.0662271,167.2232522,175.9997163,175.7018802,178.3419527,176.305039,177.8357324,174.1347231,173.0124396,176.8465737,0,0,0,-0.06434844,-0.299331243,0.046627801,-0.215233132,-0.522921067,0.056168715,-0.375262692,-0.65979777,0.057388246,-0.501083958,-0.758733551,0.045877709,-0.315110241,-0.561047102,-0.017387271,-0.601514093,-0.551253036,-0.036570589,-0.745303029,-0.535221533,-0.045479043,-0.841147424,-0.538353267,-0.051446776,-0.338182545,-0.410016923,-0.05920238,-0.638184388,-0.390578618,-0.070459429,-0.782092201,-0.390159511,-0.071436696,-0.873976915,-0.397070298,-0.079505121,-0.361677137,-0.238169059,-0.09475276,-0.651941027,-0.236697266,-0.109370039,-0.796563116,-0.25588162,-0.102665624,-0.8934171,-0.279682516,-0.102105612,-0.381673384,-0.049204755,-0.124486589,-0.631374835,-0.072149794,-0.145702946,-0.757549552,-0.09879362,-0.140585504,-0.859939135,-0.136876125,-0.133615206,164.4564295,174.9324806,175.5578456,171.7491133,176.0081176,173.5369084,170.3951148,173.2992132,170.2346451,171.3907373,ATTACK
0,0,0,-0.028232732,-0.209945053,0.092903195,-0.028040607,-0.37254083,0.125237996,-0.009668413,-0.496264764,0.135699142,0.011311439,-0.57105802,0.140499667,-0.030676532,-0.486775372,0.073282818,0.061706015,-0.687111468,0.076146079,0.107568,-0.799712948,0.08353954,0.136886445,-0.88860535,0.087288847,0.012647433,-0.485721067,0.015101162,0.09381796,-0.727979504,0.006401954,0.139023429,-0.869710119,0.000915329,0.169038353,-0.98560821,-0.001578626,0.070070491,-0.455482177,-0.036831417,0.140947061,-0.710453028,-0.047348509,0.174562975,-0.839769272,-0.054299292,0.191565277,-0.953039832,-0.058077211,0.146313131,-0.40282618,-0.080238912,0.20634807,-0.602676116,-0.092740377,0.226029184,-0.713797129,-0.095761945,0.239192235,-0.820487571,-0.095213363,169.4688797,172.6560418,176.1899453,175.8667372,179.013191,176.6459329,178.7010941,173.8416471,173.042825,176.4184072,0,0,0,-0.061554442,-0.295379384,0.029089329,-0.219456612,-0.52507441,0.025950188,-0.379255159,-0.664389683,0.017024866,-0.502127839,-0.763939359,-0.004290047,-0.321685423,-0.562661708,-0.050184953,-0.608832521,-0.550666999,-0.080006696,-0.751284392,-0.533060381,-0.08941255,-0.844555892,-0.527242598,-0.093491118,-0.349459974,-0.404773165,-0.08836268,-0.65124355,-0.395078667,-0.110440554,-0.800195882,-0.390003053,-0.110594107,-0.895640259,-0.384205637,-0.115227506,-0.369589234,-0.226064039,-0.120671659,-0.662912818,-0.232220011,-0.146176972,-0.806899872,-0.246364738,-0.13679829,-0.898994598,-0.258311238,-0.131114462,-0.383345659,-0.028844212,-0.148117161,-0.631657327,-0.072048695,-0.179126851,-0.759996267,-0.101357843,-0.174585755,-0.861232931,-0.134935525,-0.165414311,165.477711,174.3146203,174.8456597,176.2340197,175.8365517,176.798921,170.2522458,178.0583328,170.5072745,173.7426735,ATTACK
0,0,0,-0.038869799,-0.207041313,0.087796014,-0.039249425,-0.363550469,0.119014694,-0.023067891,-0.493959808,0.129361115,-0.012339181,-0.577042464,0.134270961,-0.033042221,-0.489905233,0.069706554,0.046972591,-0.693655886,0.068587527,0.091055657,-0.810556863,0.072980348,0.117539762,-0.903047164,0.075598729,0.017571308,-0.492733201,0.014109231,0.091482538,-0.733046546,0.004817483,0.134011499,-0.874122612,-0.000620944,0.158871781,-0.987292962,-0.003516213,0.078464734,-0.465778881,-0.036099721,0.140986219,-0.710676985,-0.045135316,0.17154397,-0.84029571,-0.051467411,0.18596564,-0.951529255,-0.055541071,0.152949377,-0.415615966,-0.078604889,0.206953903,-0.612473163,-0.086935174,0.225587275,-0.722497849,-0.087333216,0.235181873,-0.825313977,-0.086069155,170.1387883,178.63878,177.5059376,175.2523794,179.4056382,175.5225091,178.6449033,174.0599539,173.8627336,175.5750635,0,0,0,-0.064706095,-0.31344131,0.050367097,-0.218785916,-0.547779632,0.058134342,-0.380617978,-0.686523743,0.057287813,-0.512121821,-0.779421309,0.044143118,-0.318705714,-0.565285875,-0.023596025,-0.607471655,-0.566981492,-0.043073117,-0.749286717,-0.551119222,-0.047626766,-0.835583389,-0.547252031,-0.048120839,-0.343398051,-0.404590276,-0.066697902,-0.647500892,-0.399167517,-0.074721772,-0.787533123,-0.393897457,-0.068148164,-0.868820187,-0.393969045,-0.069487315,-0.364957224,-0.228442731,-0.102770581,-0.656008891,-0.236652475,-0.111464421,-0.796356195,-0.252093111,-0.096341761,-0.883958996,-0.26810302,-0.090187625,-0.38052243,-0.037374711,-0.132878774,-0.629707408,-0.067178603,-0.146486897,-0.751591494,-0.093800665,-0.134798473,-0.846573718,-0.125707224,-0.123351338,163.8245096,173.0122506,172.9651766,175.8267563,175.6136596,175.6788281,170.8773122,175.3343988,169.8963191,173.6320859,ATTACK
0,0,0,-0.062340401,-0.188812471,0.081972332,-0.068923117,-0.357688454,0.116235088,-0.058742716,-0.504549343,0.133746096,-0.076997518,-0.606881745,0.146235211,-0.039358177,-0.500477432,0.064353753,0.035809471,-0.712670187,0.066020342,0.077715083,-0.834820365,0.071211957,0.105951463,-0.929080442,0.074751175,0.021033746,-0.496097118,0.015967514,0.091186115,-0.73764385,0.01641153,0.13089659,-0.87844803,0.016893364,0.154169264,-0.987906018,0.016538996,0.087821393,-0.460275713,-0.027153771,0.145468304,-0.703792611,-0.030138698,0.173120878,-0.837533831,-0.035034347,0.184969475,-0.946800001,-0.039100263,0.16533921,-0.400052104,-0.062820518,0.217467354,-0.602122569,-0.071888296,0.230788335,-0.713513625,-0.074656267,0.23402096,-0.814117643,-0.074916631,172.281121,166.0069817,177.9675364,177.6410252,179.3270543,176.1877428,177.8067846,174.4761831,172.2634608,174.8215932,0,0,0,-0.06852344,-0.32048715,0.047278402,-0.233100828,-0.542025257,0.04505137,-0.397748231,-0.676928156,0.03239202,-0.520606512,-0.7863852,0.008575556,-0.300416042,-0.569756517,-0.03423641,-0.605015023,-0.59777078,-0.064885673,-0.740512895,-0.58341427,-0.074549601,-0.812473737,-0.578046804,-0.075817667,-0.331786229,-0.396187606,-0.07869412,-0.642857583,-0.422528631,-0.09446926,-0.773763268,-0.428016764,-0.086009801,-0.838698432,-0.426014053,-0.08531177,-0.363122029,-0.21073471,-0.117526893,-0.654709658,-0.250944618,-0.133480227,-0.784039383,-0.274652486,-0.111339625,-0.85688192,-0.288466069,-0.098589687,-0.391090597,-0.021003921,-0.150433551,-0.639797054,-0.085230259,-0.168713203,-0.755537647,-0.120476683,-0.153279552,-0.842076972,-0.15545296,-0.138065811,165.6328167,174.5900639,168.600717,176.3674874,172.9501744,174.7466296,167.0754823,179.0681405,168.3802596,174.5447678,ATTACK
0,0,0,-0.060344218,-0.191965965,0.078421513,-0.068992504,-0.364993121,0.110862554,-0.060709561,-0.510876081,0.12708935,-0.080008129,-0.611797404,0.138542755,-0.040734389,-0.499345481,0.059262179,0.033443447,-0.711053844,0.058619693,0.074804184,-0.830141407,0.061429143,0.102262638,-0.924357753,0.063584234,0.019047388,-0.493554897,0.011989188,0.092666299,-0.737275322,0.01222373,0.132957996,-0.878128064,0.011237379,0.156098511,-0.987697053,0.009369468,0.086185152,-0.457487555,-0.030220984,0.147801194,-0.702717749,-0.03264342,0.175778658,-0.834540109,-0.038988433,0.187557026,-0.939898186,-0.044609649,0.164316204,-0.397863683,-0.065366812,0.218605111,-0.59976041,-0.074409655,0.231745373,-0.710042609,-0.078314734,0.235350102,-0.808433,-0.07969665,172.582091,165.998307,178.4564901,177.0259401,178.9276902,175.8785029,176.9398024,174.3591446,171.7188639,175.106885,0,0,0,-0.073990267,-0.317584842,0.05393308,-0.24054699,-0.532153359,0.051935667,-0.405749299,-0.66556973,0.037543512,-0.525607293,-0.781385315,0.011936537,-0.301629304,-0.568008487,-0.032622717,-0.610383056,-0.599430607,-0.06441411,-0.742544622,-0.587569318,-0.072671051,-0.80897411,-0.583376559,-0.072337264,-0.33077298,-0.398243492,-0.081033933,-0.644185109,-0.431691123,-0.101282096,-0.772573333,-0.432602157,-0.092659502,-0.832363725,-0.425544271,-0.089818258,-0.361731518,-0.214034145,-0.123056974,-0.655845148,-0.265831654,-0.142305572,-0.783362589,-0.280799886,-0.118334345,-0.852337238,-0.288173823,-0.103136269,-0.389045922,-0.023134175,-0.158390816,-0.639674577,-0.093036772,-0.178998241,-0.755371605,-0.127335766,-0.163512326,-0.84174015,-0.162013927,-0.147665127,166.3017242,172.9595218,168.8442857,175.7712674,170.5572957,172.7246338,165.35199,177.9350254,168.1054739,174.1428616,ATTACK
0,0,0,-0.068818744,-0.182934532,0.066925061,-0.077182682,-0.356974409,0.096506977,-0.066655126,-0.50583691,0.111360412,-0.081760339,-0.613461006,0.122806475,-0.042835157,-0.500136908,0.058314844,0.030835797,-0.712642706,0.057656022,0.071811559,-0.832672977,0.060849776,0.098416337,-0.925766196,0.062795942,0.018787335,-0.496405162,0.01518815,0.091524412,-0.735246096,0.013480921,0.131101501,-0.876976491,0.01030825,0.15246888,-0.988280463,0.007413992,0.087797368,-0.459418252,-0.024602735,0.147810989,-0.699675411,-0.029027133,0.17580368,-0.834871699,-0.038186806,0.186982829,-0.945597678,-0.045395128,0.166470659,-0.396632985,-0.058648183,0.219897831,-0.59126861,-0.071475355,0.234424269,-0.705465259,-0.079695604,0.239242839,-0.810217938,-0.083682249,172.1737482,168.0088233,178.2823318,177.0156041,178.3436516,175.2232386,176.3465768,174.0480158,171.8866959,174.9706651,0,0,0,-0.068714384,-0.309466187,0.046809724,-0.237905415,-0.529515174,0.044818321,-0.410465995,-0.663383822,0.034320888,-0.530347044,-0.78639166,0.014134465,-0.305745544,-0.555090915,-0.0396109,-0.605669262,-0.597008638,-0.065445291,-0.734959144,-0.594754997,-0.067795077,-0.803043299,-0.592441733,-0.064298153,-0.336392215,-0.388374936,-0.081188891,-0.646579251,-0.42796611,-0.096123073,-0.766004037,-0.434659978,-0.084630591,-0.81780362,-0.431274297,-0.080934303,-0.366045386,-0.209171729,-0.116134733,-0.654743599,-0.262121697,-0.130068501,-0.779292928,-0.286322954,-0.10820078,-0.844710354,-0.296222685,-0.095894131,-0.390347386,-0.023006116,-0.14445276,-0.640932338,-0.087852936,-0.160944243,-0.753438367,-0.120635426,-0.146874594,-0.836724082,-0.15477785,-0.13318582,165.1706451,171.1419746,170.2516027,175.815172,170.8077343,172.8662612,167.4734283,177.3731393,169.3458995,173.6913781,ATTACK
0,0,0,-0.071387034,-0.187485314,0.082701458,-0.079231754,-0.36250658,0.119458774,-0.066654298,-0.514771011,0.139323648,-0.078085701,-0.625751302,0.155194341,-0.037840197,-0.501982853,0.070911455,0.033172531,-0.714023198,0.07606901,0.070946109,-0.833891287,0.083790885,0.094693759,-0.925277285,0.088757045,0.025517959,-0.497427355,0.022225959,0.096999395,-0.737992292,0.025397425,0.134030146,-0.881059121,0.02790966,0.15177868,-0.987996312,0.028749259,0.093670409,-0.461000409,-0.021818261,0.153763616,-0.702764385,-0.020587059,0.179756274,-0.835991489,-0.02343878,0.189395575,-0.942620838,-0.027336155,0.170046016,-0.398826212,-0.058910863,0.224292762,-0.594913327,-0.066513889,0.238896055,-0.708169508,-0.07014015,0.243267602,-0.811489959,-0.071610899,171.5382663,169.4553151,177.5206966,176.9669076,177.8891315,174.8493888,176.6852067,174.0306743,171.8628017,174.9341639,0,0,0,-0.063547162,-0.3195481,0.04763779,-0.23131796,-0.544261496,0.047506871,-0.406330155,-0.679757951,0.039294768,-0.525157287,-0.799465907,0.021703251,-0.29786193,-0.555818512,-0.038210283,-0.602963963,-0.606621228,-0.061290678,-0.729971887,-0.607451895,-0.062245837,-0.792911015,-0.606546963,-0.058248637,-0.330627166,-0.381413218,-0.077668492,-0.640923862,-0.426777605,-0.09017635,-0.760057599,-0.439776719,-0.080593958,-0.80944637,-0.441777181,-0.079878673,-0.361631401,-0.201359744,-0.109927273,-0.642824656,-0.259139481,-0.120064891,-0.770103105,-0.292391565,-0.102305035,-0.837679665,-0.31138284,-0.094737394,-0.387883004,-0.017204548,-0.13534741,-0.630202206,-0.08180679,-0.148258354,-0.740866828,-0.115934682,-0.136203064,-0.821318242,-0.151755945,-0.125280284,164.3457542,171.606723,170.1324612,175.6643069,172.8048045,174.4998691,169.8101886,177.9436381,170.8155003,173.0390868,ATTACK
0,0,0,-0.075034559,-0.183823214,0.065578157,-0.086687093,-0.359811641,0.092190952,-0.072434332,-0.517005541,0.103402399,-0.085588388,-0.633444322,0.111057773,-0.040364153,-0.510851682,0.057511304,0.03428047,-0.722570576,0.056167182,0.073831981,-0.841269729,0.057888133,0.097930627,-0.935226645,0.058374285,0.025293083,-0.506089804,0.013505995,0.09768939,-0.744921311,0.01292628,0.135065338,-0.883287142,0.011340578,0.153378524,-0.98813022,0.008584646,0.095365025,-0.467616801,-0.027495349,0.154250522,-0.707102769,-0.029257867,0.181521932,-0.837511236,-0.034004616,0.192053091,-0.940350172,-0.039648162,0.17413149,-0.404189538,-0.063529256,0.226150547,-0.596962836,-0.072892874,0.241544056,-0.709217533,-0.07749491,0.247385368,-0.808795083,-0.079806214,169.9950435,168.3819772,178.4041884,175.8756739,178.115095,174.6889371,177.3675567,173.9116562,172.6837335,175.393975,0,0,0,-0.0673738,-0.317048618,0.049977626,-0.233322441,-0.53861042,0.047649393,-0.40570013,-0.673962132,0.034821984,-0.528902626,-0.79033273,0.012368745,-0.300944373,-0.56511074,-0.038914923,-0.605710951,-0.623142781,-0.071808846,-0.73328527,-0.617737723,-0.076434346,-0.79135299,-0.607157251,-0.07155779,-0.334076302,-0.395255887,-0.08292305,-0.647612475,-0.442788869,-0.103105318,-0.76147905,-0.442570903,-0.088538376,-0.800713075,-0.427306577,-0.07907063,-0.366167049,-0.212285887,-0.120726683,-0.656602633,-0.270990479,-0.138751811,-0.777702819,-0.29071534,-0.109436248,-0.83434743,-0.295007697,-0.088463987,-0.394140105,-0.02077334,-0.151999731,-0.642855479,-0.094659385,-0.169961589,-0.754028282,-0.130432377,-0.151312118,-0.831860273,-0.164707333,-0.131314089,164.7015409,173.2876436,166.2275221,169.5409172,166.006192,158.4726423,162.9324544,171.6588728,166.8870054,172.7996709,ATTACK
0,0,0,-0.075533824,-0.188997343,0.068779989,-0.088244398,-0.368894353,0.098135832,-0.075905165,-0.526984467,0.11286857,-0.092183599,-0.638521125,0.123993383,-0.043555877,-0.510375426,0.054273308,0.031426489,-0.721718057,0.053007421,0.0722797,-0.842388068,0.055632125,0.096867542,-0.936408059,0.057246,0.023080462,-0.505478245,0.010699263,0.098248397,-0.744233484,0.010578731,0.137199641,-0.882674393,0.010945022,0.156253261,-0.987667316,0.009909157,0.094912702,-0.467352902,-0.029041754,0.158902745,-0.70588945,-0.031018748,0.186286859,-0.835321575,-0.035486202,0.195399536,-0.937616462,-0.040193256,0.173689745,-0.403521578,-0.063038795,0.229982324,-0.599821488,-0.072947927,0.245317489,-0.71148467,-0.077407528,0.249525374,-0.810553618,-0.079098925,170.6779792,167.2744465,178.2028984,175.8958614,178.1613329,174.4928028,176.5555896,173.0871799,171.7915893,174.4241243,0,0,0,-0.061797039,-0.315893405,0.045735734,-0.231440941,-0.547070691,0.043990677,-0.411427118,-0.683581207,0.033063689,-0.533803885,-0.811035021,0.01397178,-0.300476432,-0.593006298,-0.037446882,-0.605021411,-0.649282839,-0.06046671,-0.730225096,-0.63645026,-0.057718778,-0.783045937,-0.61990621,-0.050550485,-0.336512042,-0.420637788,-0.078684086,-0.647355235,-0.465435081,-0.08667397,-0.766665245,-0.475458185,-0.069512086,-0.813206489,-0.474678959,-0.063926471,-0.369409278,-0.234538726,-0.114065688,-0.656648591,-0.289643073,-0.121110748,-0.777219351,-0.318434864,-0.094588783,-0.836031144,-0.33442611,-0.08184682,-0.397089757,-0.040319677,-0.143825306,-0.635974775,-0.10918292,-0.158699475,-0.746288461,-0.148670203,-0.145571772,-0.825808454,-0.189996535,-0.133058794,163.2734333,170.401062,162.7758242,166.9324441,169.7852905,174.0466509,166.28846,178.0020312,169.5191892,172.0943613,ATTACK
0,0,0,-0.077044156,-0.183658464,0.064320212,-0.089965865,-0.365039161,0.091366937,-0.07802446,-0.524797068,0.104170724,-0.093771479,-0.636995425,0.114082311,-0.044922773,-0.507019486,0.05192552,0.032462135,-0.719778517,0.050107578,0.074677354,-0.840591483,0.052773798,0.099976718,-0.935459175,0.054479004,0.021394253,-0.503521288,0.009759419,0.098833013,-0.743038086,0.010045703,0.139059416,-0.881425024,0.010758458,0.159155796,-0.987203608,0.009923196,0.093950574,-0.465897403,-0.029074668,0.159817606,-0.704490211,-0.029852166,0.18819133,-0.834608728,-0.033410835,0.19745021,-0.937393882,-0.037830613,0.17472772,-0.402584987,-0.062841348,0.230565539,-0.596827489,-0.07141187,0.245802763,-0.707448354,-0.075051666,0.249425589,-0.80536784,-0.076327326,170.8245918,167.7577067,178.1189027,175.6210535,178.2074635,174.4675612,176.5519594,172.7644225,171.7722816,174.1320668,0,0,0,-0.072579682,-0.312499142,0.04225473,-0.24088578,-0.539830744,0.039248058,-0.418859842,-0.678270807,0.027359183,-0.53823956,-0.809234616,0.006703507,-0.307003359,-0.593565575,-0.044531515,-0.617313686,-0.649987615,-0.074370266,-0.738797621,-0.63014955,-0.076447547,-0.787223565,-0.612439533,-0.072089363,-0.333145566,-0.422136001,-0.085657824,-0.653062578,-0.466111803,-0.100908493,-0.771994966,-0.471455924,-0.087812298,-0.816909853,-0.467243573,-0.084519899,-0.359889319,-0.232367631,-0.121388561,-0.654654444,-0.290152595,-0.137581225,-0.780041446,-0.317318996,-0.114584376,-0.842881333,-0.335088929,-0.102419963,-0.386561241,-0.031735355,-0.151201235,-0.63308051,-0.105786049,-0.173666976,-0.745993698,-0.145863549,-0.162589471,-0.828233513,-0.186636385,-0.150251181,164.207574,169.5925601,159.9482892,167.6981949,169.5783499,171.7584474,166.6888391,176.3528238,169.328718,172.7621317,ATTACK
0,0,0,-0.080616004,-0.174983574,0.061912082,-0.094369937,-0.357939739,0.087543869,-0.082414291,-0.518922054,0.099925407,-0.100196976,-0.629549445,0.10923087,-0.046362606,-0.50388116,0.045185239,0.032443069,-0.716778931,0.042087009,0.074322102,-0.839346735,0.044699586,0.098843217,-0.934346361,0.046409667,0.021855488,-0.50020132,0.004603631,0.099157341,-0.738769558,0.003464648,0.137569999,-0.8794176,0.00458299,0.156994115,-0.987590565,0.004210081,0.095517127,-0.46204237,-0.032505625,0.160483854,-0.697846277,-0.033854517,0.188834564,-0.831813937,-0.037523733,0.198227403,-0.939915112,-0.04233197,0.175768575,-0.397468195,-0.064560754,0.230132179,-0.58969575,-0.073578056,0.244041939,-0.700894678,-0.077483807,0.246509232,-0.801612552,-0.07918635,170.7719251,166.6460152,177.525096,175.5609539,177.1881356,174.8299664,176.3020621,172.9236022,171.3076316,174.1472146,0,0,0,-0.070277756,-0.317525562,0.051158781,-0.237504913,-0.550338431,0.052666564,-0.413871349,-0.690278897,0.043889479,-0.532421368,-0.824915803,0.026458561,-0.308918269,-0.619965327,-0.037825426,-0.617549696,-0.669757048,-0.056542752,-0.735703247,-0.64357771,-0.047592938,-0.779806542,-0.624921347,-0.037081912,-0.339617814,-0.450954064,-0.0823763,-0.656918072,-0.49392428,-0.089067708,-0.772595463,-0.497351594,-0.068874894,-0.814741805,-0.493236598,-0.061242094,-0.369304836,-0.261801952,-0.119967725,-0.663666773,-0.322111847,-0.12961685,-0.781659921,-0.344565259,-0.100431141,-0.836781094,-0.361542602,-0.08483955,-0.395379255,-0.057173796,-0.15114519,-0.63835906,-0.140635882,-0.170010538,-0.745618817,-0.1821201,-0.155783514,-0.82141972,-0.224522179,-0.141341074,163.9137937,169.2762919,157.0358803,166.8125658,167.3754694,172.7501251,164.4692765,173.6095751,168.5182563,171.6136211,ATTACK
0,0,0,-0.084778157,-0.17650213,0.049035839,-0.099013219,-0.360706032,0.069253709,-0.085955727,-0.525181368,0.077827743,-0.102909189,-0.64013646,0.083878136,-0.050195841,-0.511944674,0.036268427,0.032789673,-0.721375604,0.029654728,0.076720149,-0.843476683,0.0290258,0.100924331,-0.9392152,0.028450381,0.021698965,-0.507918046,0.000868821,0.099799643,-0.744357182,-0.002260784,0.139266382,-0.880938422,-0.003370544,0.15916,-0.987238511,-0.005311973,0.099956742,-0.468712725,-0.03208584,0.16297644,-0.705082247,-0.035685888,0.192135486,-0.835230591,-0.039908409,0.202324296,-0.939288121,-0.044700048,0.183248398,-0.404613888,-0.061386376,0.233185402,-0.593557406,-0.071734253,0.247696033,-0.704429475,-0.075809103,0.251002547,-0.803298403,-0.077195849,170.4785019,167.0762777,177.6365753,174.363662,177.7638723,174.4195505,177.4517781,172.8955706,172.5773529,174.2762873,0,0,0,-0.067478777,-0.318365045,0.043577424,-0.238201348,-0.554523753,0.041435501,-0.417220265,-0.697824049,0.029324123,-0.533477705,-0.840705748,0.010051852,-0.306547564,-0.616133399,-0.039525962,-0.618525557,-0.676287059,-0.067932633,-0.735925721,-0.654282841,-0.06517962,-0.773360489,-0.631481294,-0.056079668,-0.339658025,-0.445079008,-0.08126324,-0.657388472,-0.495693074,-0.093898714,-0.766636978,-0.500821927,-0.074225266,-0.79820227,-0.49449141,-0.064073143,-0.369317976,-0.256166167,-0.117834758,-0.662928534,-0.323217067,-0.131684279,-0.775581497,-0.34639872,-0.099042968,-0.821215522,-0.36156103,-0.078136705,-0.395421565,-0.053690484,-0.149115594,-0.635208635,-0.139973682,-0.169599109,-0.739696709,-0.185940901,-0.153710267,-0.808699347,-0.230469663,-0.135848164,164.3217384,167.482047,157.5443486,156.9276835,166.0179645,164.5095784,161.4709928,170.0034854,166.8554668,170.0155971,ATTACK
0,0,0,-0.086294635,-0.178615805,0.056592915,-0.101138335,-0.360944172,0.078604437,-0.087864331,-0.527855461,0.088214358,-0.105571175,-0.641447057,0.095078778,-0.052138967,-0.515117434,0.039364656,0.037143378,-0.724099985,0.034761599,0.082727625,-0.844627478,0.036216374,0.108469851,-0.940295616,0.037150216,0.022361286,-0.506741912,0.001281078,0.106363763,-0.743401148,0.000899258,0.147361411,-0.88019742,0.003138652,0.168240789,-0.985741065,0.003096895,0.101508604,-0.464770282,-0.033597319,0.170246309,-0.700893958,-0.032673188,0.199532376,-0.829651421,-0.032750993,0.20973431,-0.932079932,-0.03577241,0.184709974,-0.398833906,-0.064303082,0.237613998,-0.5891375,-0.070553881,0.254668508,-0.700104798,-0.072162029,0.260916125,-0.799771822,-0.072395207,170.150058,166.6030259,176.9369358,174.3068308,176.9347865,174.3970944,176.5355771,172.6601237,173.1083262,174.7627123,0,0,0,-0.063454452,-0.319730328,0.045654964,-0.228970443,-0.560558311,0.044558365,-0.406982934,-0.709167974,0.034512338,-0.52720616,-0.849585837,0.016048989,-0.297306164,-0.62307261,-0.045722565,-0.604280509,-0.681193152,-0.072293965,-0.718127453,-0.657464911,-0.067129704,-0.757295213,-0.639772275,-0.057009977,-0.327521625,-0.450474368,-0.088683149,-0.644531324,-0.507597152,-0.102074525,-0.760077721,-0.513260799,-0.08209303,-0.800941002,-0.505929665,-0.071466567,-0.357798965,-0.259467095,-0.125310159,-0.65218553,-0.333073992,-0.139992781,-0.767789019,-0.358983044,-0.107217104,-0.819135167,-0.377688138,-0.085779025,-0.386877014,-0.054704371,-0.155945665,-0.629057447,-0.151470803,-0.177661896,-0.732381867,-0.202348755,-0.161781104,-0.80240046,-0.25359405,-0.143657857,164.1891079,169.9040928,156.3290982,163.584003,165.7440133,166.4775454,161.7011513,170.7581733,166.6179449,169.3679872,ATTACK
0,0,0,-0.088383864,-0.182829083,0.058231377,-0.10278342,-0.366396234,0.081960005,-0.089118186,-0.534680811,0.093056452,-0.106203422,-0.648177401,0.101009958,-0.053608515,-0.517681837,0.04215865,0.038443629,-0.721285663,0.039744974,0.084408203,-0.840062565,0.04276654,0.108887542,-0.933845885,0.044906195,0.023858125,-0.509964017,0.004608948,0.109217711,-0.745334314,0.006176222,0.149350998,-0.881017789,0.009433265,0.167776369,-0.985771818,0.010247617,0.105187109,-0.468933353,-0.029495182,0.176121229,-0.707047498,-0.027451939,0.205252695,-0.833247638,-0.027600872,0.213569043,-0.933730591,-0.030400351,0.189182939,-0.404907707,-0.059115603,0.244783186,-0.59684646,-0.063804742,0.262335425,-0.704442148,-0.064461685,0.26735591,-0.80042833,-0.06393379,170.2225126,166.8129084,176.2237807,173.4427318,176.3781864,173.4112871,176.3326892,171.5708654,173.0156397,173.6590192,0,0,0,-0.071422609,-0.309801631,0.045110966,-0.239559997,-0.545281944,0.04242271,-0.414014052,-0.690681065,0.029693879,-0.532585192,-0.826821965,0.00828045,-0.297922176,-0.609361631,-0.041213432,-0.6018628,-0.672622832,-0.071472625,-0.71776085,-0.656098369,-0.073575189,-0.759890494,-0.64632583,-0.069493587,-0.327345207,-0.440083054,-0.085905479,-0.640620053,-0.501897875,-0.100993823,-0.757831015,-0.51385316,-0.087063458,-0.800749393,-0.515924881,-0.082811781,-0.355666154,-0.250731479,-0.125168394,-0.647516155,-0.329214772,-0.143311969,-0.763386832,-0.354065225,-0.117356201,-0.813762556,-0.371487575,-0.101847696,-0.381090602,-0.046801856,-0.158512521,-0.623451545,-0.142105111,-0.183511956,-0.730177915,-0.187914207,-0.171836411,-0.802964782,-0.232514615,-0.1583454,165.0944042,170.2108335,159.6437125,171.8276131,169.1327867,176.5896263,163.9278301,172.1528167,168.6187303,171.1419533,ATTACK
0,0,0,-0.089768943,-0.181953443,0.064641727,-0.104697094,-0.363012351,0.089279626,-0.090261826,-0.532400364,0.100445483,-0.107200952,-0.647960971,0.107758422,-0.051731999,-0.517759615,0.044737941,0.04079891,-0.724173488,0.043949021,0.085809663,-0.842410687,0.047670142,0.111294779,-0.93590696,0.050121702,0.025424853,-0.506619476,0.004976314,0.110510728,-0.74579338,0.008533885,0.149985414,-0.881279601,0.012650616,0.170195813,-0.985320442,0.013304598,0.105943896,-0.461881687,-0.030598135,0.177485481,-0.703231767,-0.026050072,0.206794599,-0.832166651,-0.025529786,0.21712903,-0.934162985,-0.029009441,0.189873259,-0.394584274,-0.060944638,0.244447993,-0.589533673,-0.06281766,0.261990275,-0.698204695,-0.062434155,0.269145814,-0.795462719,-0.062023774,169.6616114,166.8035504,176.1589491,174.3661591,176.5140313,174.5524756,176.1736419,172.6255483,173.4650544,174.9931911,0,0,0,-0.068920013,-0.311875959,0.0441941,-0.233354622,-0.554147512,0.042276669,-0.406508343,-0.703072249,0.031053721,-0.531366512,-0.826941493,0.011157539,-0.301674635,-0.616271227,-0.038980384,-0.605467388,-0.675505016,-0.066612384,-0.720243359,-0.656157063,-0.067175046,-0.761329528,-0.645399196,-0.061945352,-0.335242026,-0.447098372,-0.081991578,-0.644484768,-0.507126454,-0.094033356,-0.762507211,-0.518143548,-0.078192487,-0.807585487,-0.521449415,-0.07198749,-0.367105392,-0.259407764,-0.119469469,-0.654932736,-0.333882296,-0.133892315,-0.768675824,-0.360440136,-0.106811689,-0.817501745,-0.381116274,-0.09058805,-0.3947889,-0.058941003,-0.151434272,-0.629793855,-0.155743349,-0.17291065,-0.731053575,-0.203003668,-0.159573195,-0.798577785,-0.25131063,-0.144812975,164.6661405,174.5126407,158.8594301,171.0366203,168.6740355,178.4398364,164.0981775,169.689026,168.0512599,169.0200617,ATTACK
0,0,0,-0.088458599,-0.185174344,0.06694965,-0.104295164,-0.368616534,0.092978747,-0.090691978,-0.539232841,0.105487228,-0.108517573,-0.652579991,0.113941715,-0.053020862,-0.519155809,0.044529198,0.040678251,-0.723757953,0.045197733,0.086347029,-0.84154274,0.050354304,0.112117471,-0.934179074,0.053489439,0.025462213,-0.507820133,0.003892948,0.111349039,-0.745492197,0.008446456,0.151206252,-0.880802126,0.013626862,0.171082669,-0.985146662,0.014723308,0.107096361,-0.463493136,-0.032093725,0.1798711,-0.703765259,-0.026977025,0.208998447,-0.831998716,-0.025840721,0.218185081,-0.934439915,-0.02918409,0.191818013,-0.396535391,-0.062571246,0.247427245,-0.591934305,-0.064931308,0.264664773,-0.699932598,-0.0647319,0.270764423,-0.796517766,-0.064470172,169.7894005,166.5281694,175.9230401,174.3005226,176.3490227,174.141757,175.8592446,171.9497967,173.1158112,174.5041664,0,0,0,-0.07009286,-0.316155684,0.039385794,-0.239463304,-0.563245085,0.034738606,-0.415814539,-0.712648208,0.021265392,-0.540789565,-0.834050014,-0.000982854,-0.298001515,-0.633567226,-0.052886434,-0.616793584,-0.691389064,-0.084815758,-0.73013857,-0.659683806,-0.086192816,-0.76504425,-0.638727257,-0.082065749,-0.328060826,-0.462409394,-0.095535817,-0.651280126,-0.512503463,-0.113962496,-0.761977489,-0.503576724,-0.099471935,-0.795760626,-0.48781133,-0.094365054,-0.35876164,-0.268207104,-0.132408486,-0.657719011,-0.335110435,-0.153784962,-0.771572876,-0.351019001,-0.128137395,-0.818747158,-0.361678141,-0.112754686,-0.388479624,-0.059292278,-0.163675207,-0.627746501,-0.152980838,-0.192156927,-0.733157954,-0.197160463,-0.181781146,-0.804319062,-0.241471155,-0.168857035,164.5079125,174.4350497,153.6612456,163.3298429,162.871597,159.740294,162.7843032,173.0713489,168.3882106,170.1818758,ATTACK
0,0,0,-0.085801074,-0.189439848,0.066678896,-0.099467148,-0.374679744,0.094379791,-0.085092032,-0.541057952,0.109235969,-0.101521875,-0.653497777,0.120534234,-0.049780663,-0.521535281,0.042451099,0.043396938,-0.727222138,0.041319259,0.088876723,-0.846534982,0.04562168,0.113924886,-0.941651863,0.048461051,0.027731252,-0.508838285,0.002756996,0.116408883,-0.743885226,0.005967848,0.156762689,-0.879360208,0.011569579,0.17587695,-0.984322836,0.01326097,0.107453527,-0.464815951,-0.032213382,0.182531141,-0.701834486,-0.028024772,0.211141589,-0.829092808,-0.026138089,0.218921616,-0.929414609,-0.028500795,0.189242085,-0.400256467,-0.061724204,0.244739663,-0.593156957,-0.065496573,0.261218895,-0.701752068,-0.065985036,0.266599798,-0.79816187,-0.065851324,170.2807327,166.7816038,175.8200934,173.851307,175.6101752,173.5612949,175.0666434,171.4592349,172.5123028,174.5155223,0,0,0,-0.074347438,-0.30853318,0.048697052,-0.234037772,-0.549424078,0.0453091,-0.403186594,-0.70421899,0.030807469,-0.52537069,-0.821595056,0.006656399,-0.293112198,-0.621410784,-0.036815213,-0.60090255,-0.685003755,-0.074099721,-0.720077592,-0.655034549,-0.080816649,-0.764329537,-0.640227129,-0.0768738,-0.319296916,-0.456841746,-0.082005007,-0.635678792,-0.507950955,-0.096667105,-0.750668305,-0.501093029,-0.07473689,-0.789737827,-0.490881118,-0.061232338,-0.347546593,-0.270793402,-0.122356925,-0.645953267,-0.336289954,-0.138161683,-0.757005523,-0.353519347,-0.095709366,-0.799705273,-0.36799789,-0.065810835,-0.380193326,-0.071771537,-0.157590814,-0.620165784,-0.16387818,-0.179232523,-0.716162679,-0.214564168,-0.156334694,-0.775901812,-0.270406925,-0.131212289,165.6983575,175.2600809,154.0493001,170.8567272,161.6456508,166.6376177,156.0798251,164.3986911,161.9349266,164.3555146,ATTACK
0,0,0,-0.087126746,-0.184606788,0.069210156,-0.102238038,-0.368285812,0.098264844,-0.087188487,-0.534414137,0.113768944,-0.100355947,-0.648460706,0.125091209,-0.048952527,-0.515963571,0.04640058,0.046123493,-0.721292132,0.046866738,0.091403732,-0.84013249,0.052233701,0.116613868,-0.934538583,0.055768224,0.027775795,-0.501981266,0.004896431,0.117713216,-0.740521544,0.008802864,0.158899847,-0.877982617,0.014268951,0.178772008,-0.983763716,0.015796184,0.105460495,-0.456834664,-0.032033435,0.181935492,-0.699806282,-0.028397809,0.212774775,-0.828825994,-0.027547674,0.223322527,-0.931061724,-0.030717379,0.185818235,-0.391817645,-0.063176913,0.243597135,-0.590905183,-0.068879717,0.26251866,-0.701049933,-0.070948411,0.270891715,-0.799294052,-0.071982037,169.5297314,168.2731227,175.3677375,174.0537773,175.7855071,173.7797535,175.9150533,172.1280808,173.5210354,175.0589659,0,0,0,-0.075541581,-0.298477477,0.042747331,-0.236574653,-0.53892589,0.037714337,-0.401089559,-0.69173697,0.021996845,-0.521199535,-0.807720026,-0.00295292,-0.297814842,-0.614581864,-0.041225671,-0.601378255,-0.677406005,-0.080494055,-0.720438221,-0.648609535,-0.090364685,-0.765459638,-0.637218502,-0.089577472,-0.322071993,-0.454850986,-0.084437473,-0.631124641,-0.505672483,-0.101273154,-0.751324312,-0.50307898,-0.083598456,-0.798327619,-0.496600343,-0.074300705,-0.34687771,-0.273365954,-0.12326619,-0.639887724,-0.336176284,-0.142892905,-0.750396007,-0.352525861,-0.106457914,-0.794958715,-0.364877697,-0.081045592,-0.374503602,-0.079079312,-0.157379687,-0.609748437,-0.166456499,-0.183358185,-0.708300058,-0.212108377,-0.164977433,-0.770489352,-0.258759406,-0.143457111,166.3666347,175.33204,154.7068655,174.2959786,164.428292,172.865052,157.8795354,167.4306936,163.8413662,166.858455,ATTACK
0,0,0,-0.085318576,-0.191457052,0.070804777,-0.099459111,-0.375568889,0.099938529,-0.08484605,-0.540875288,0.115722633,-0.101216855,-0.652953859,0.127643798,-0.052352145,-0.517902993,0.046313986,0.040990257,-0.721313858,0.046216922,0.087475627,-0.837649618,0.051357948,0.114329905,-0.929576316,0.055232017,0.024245157,-0.504820122,0.004960251,0.113493719,-0.743031113,0.007880866,0.155783978,-0.879146782,0.013397659,0.177407964,-0.984012345,0.015688169,0.102235935,-0.460521374,-0.031402072,0.177365228,-0.70200369,-0.028289345,0.208908004,-0.830523146,-0.027622172,0.220346149,-0.931820409,-0.030107784,0.182578406,-0.394897589,-0.061631126,0.240976372,-0.592386892,-0.065784767,0.260352061,-0.700956254,-0.066347024,0.268832008,-0.797064746,-0.066058031,169.9759531,166.68035,176.2391734,174.4711892,176.3366294,174.2756124,176.4469635,172.4369254,173.5637496,174.8602796,0,0,0,-0.080841279,-0.294726508,0.044937238,-0.235794424,-0.516033666,0.038975996,-0.393187509,-0.652585462,0.021996802,-0.50760256,-0.765384639,-0.005225305,-0.285791909,-0.590298068,-0.041136088,-0.585685672,-0.642880199,-0.088736278,-0.716510967,-0.62744452,-0.106692374,-0.773693279,-0.623843337,-0.110535975,-0.305434214,-0.438840553,-0.08824227,-0.613298659,-0.494450684,-0.11670861,-0.744976211,-0.504436118,-0.108348818,-0.80233862,-0.510564159,-0.103737841,-0.328523131,-0.261939061,-0.130989163,-0.621240211,-0.332515519,-0.162153885,-0.740476885,-0.353446232,-0.132831686,-0.78948931,-0.371818609,-0.109564903,-0.356586834,-0.067148795,-0.168275534,-0.58978377,-0.155232532,-0.201291529,-0.690854475,-0.205250533,-0.185450473,-0.753296283,-0.260146065,-0.165122619,165.5494562,173.8315009,163.4540617,174.908668,169.372364,177.7999207,160.141519,165.5728876,163.4612833,164.1840461,ATTACK
0,0,0,-0.080609305,-0.181017038,0.057552207,-0.095971107,-0.367426605,0.080123734,-0.080752625,-0.531066648,0.090917919,-0.094657504,-0.645088917,0.098670443,-0.047050518,-0.510718558,0.032280684,0.044538208,-0.726949973,0.027740521,0.091564906,-0.848074506,0.031837215,0.119642389,-0.942676664,0.035240086,0.025877335,-0.498845886,-0.005156032,0.11425006,-0.743497671,-0.007178691,0.157037297,-0.880203442,-0.002800322,0.179706637,-0.983720137,-0.000466113,0.101912397,-0.454817606,-0.038700934,0.174611758,-0.698280093,-0.040522598,0.206373635,-0.828446821,-0.04055176,0.2183562,-0.930367075,-0.042615975,0.182110957,-0.38775618,-0.067375371,0.237308418,-0.584207082,-0.076340326,0.255555544,-0.694379416,-0.078991577,0.263292242,-0.792244815,-0.079578477,169.531143,167.7476566,176.5694199,175.2697861,176.6509011,174.9152573,177.0173188,172.8744732,173.5848462,174.9696502,0,0,0,-0.078151813,-0.298575275,0.042940662,-0.243961701,-0.523594327,0.037302511,-0.408422787,-0.668857109,0.02046122,-0.525264086,-0.797636169,-0.006312427,-0.291178578,-0.59657655,-0.043483607,-0.589195199,-0.65687625,-0.090375161,-0.71304155,-0.643745594,-0.107065266,-0.764188922,-0.63549051,-0.110304596,-0.310568869,-0.44026721,-0.089438146,-0.61785993,-0.500970961,-0.115630114,-0.741477072,-0.50289262,-0.10701177,-0.790579366,-0.496299295,-0.103793387,-0.332114107,-0.25744678,-0.131420458,-0.622830025,-0.32750611,-0.160688931,-0.7425743,-0.341838312,-0.134666899,-0.793901741,-0.347708587,-0.115548447,-0.359374857,-0.056979936,-0.167737928,-0.598031794,-0.138508488,-0.199657978,-0.702079229,-0.182832021,-0.187993014,-0.76953499,-0.227286319,-0.172230669,167.4199283,172.3233557,162.6414166,174.8004398,166.4790726,171.4177743,161.0070058,171.8057879,166.2237145,168.544495,ATTACK
0,0,0,-0.080270201,-0.182514202,0.059881535,-0.096015657,-0.36864888,0.085785308,-0.079638426,-0.531683835,0.099529274,-0.094500662,-0.642916643,0.10951719,-0.046437432,-0.50815556,0.035528818,0.044013199,-0.721811685,0.031582694,0.092476752,-0.844669297,0.035332716,0.121713002,-0.940185079,0.038247211,0.026216207,-0.496222956,-0.00231846,0.114196897,-0.738058623,-0.004376137,0.157957045,-0.877088684,-0.001348701,0.181749321,-0.983344894,5.77E-05,0.102348276,-0.451276711,-0.036094171,0.175070326,-0.694918899,-0.039577263,0.207425973,-0.826349726,-0.04190429,0.220678684,-0.92990836,-0.044952268,0.182756605,-0.382828209,-0.064574758,0.240061594,-0.580292849,-0.076481551,0.259090492,-0.691230715,-0.081322042,0.268038313,-0.790188561,-0.082951263,169.035499,166.6877377,176.9940362,175.4498105,176.9498628,175.0932499,177.1595681,173.3999959,173.479103,175.1450571,0,0,0,-0.083217369,-0.312811087,0.048878997,-0.249818213,-0.545064036,0.044732635,-0.424862695,-0.691227497,0.029514735,-0.545625917,-0.820000446,0.005513774,-0.303540474,-0.620378968,-0.044428658,-0.611787528,-0.680024625,-0.085474397,-0.726823293,-0.655771028,-0.091046558,-0.764990689,-0.638408822,-0.084990718,-0.320635555,-0.456534985,-0.091047543,-0.639654791,-0.512938343,-0.111677484,-0.757256393,-0.509621635,-0.091201287,-0.798147938,-0.505235912,-0.0776089,-0.342717223,-0.266926005,-0.132690201,-0.643814235,-0.335036996,-0.157175838,-0.762538244,-0.352369033,-0.119930715,-0.810897805,-0.366247408,-0.091563893,-0.372788957,-0.057585935,-0.16802619,-0.624659094,-0.137189299,-0.195324516,-0.730071016,-0.180710921,-0.176334126,-0.798430828,-0.22630718,-0.15338079,165.2138689,172.0046445,156.7445964,163.3432155,162.1781906,170.4578506,157.7734172,165.9002222,163.8753608,167.3719278,ATTACK
0,0,0,-0.080677548,-0.184536161,0.060141971,-0.095916602,-0.36883663,0.084080328,-0.079820164,-0.53282739,0.095996218,-0.09684382,-0.643459184,0.104546576,-0.052074545,-0.512183858,0.034334157,0.044414683,-0.721642141,0.030145723,0.092631854,-0.841970147,0.032957345,0.120678284,-0.936868926,0.035384738,0.022151704,-0.498001558,-0.003480691,0.112357398,-0.739262605,-0.004427574,0.156716895,-0.877601689,-0.001873012,0.181063983,-0.983470815,-0.000995066,0.100908491,-0.452705611,-0.036858392,0.173355055,-0.696704066,-0.037601316,0.206744857,-0.828885138,-0.0394587,0.221047261,-0.932432605,-0.042850859,0.183567202,-0.385777508,-0.064939642,0.237675689,-0.582559256,-0.07272546,0.256711312,-0.692816189,-0.075250616,0.266347221,-0.790281199,-0.075583353,169.2109856,165.672785,176.2758154,174.5904151,176.9788323,175.1059127,177.5110321,173.5688124,174.325772,175.6593766,0,0,0,-0.084756176,-0.286145824,0.034316943,-0.243630194,-0.504115157,0.024729573,-0.405022003,-0.64060367,0.006298227,-0.511843319,-0.767574429,-0.021357139,-0.286965203,-0.567627273,-0.050668578,-0.575401642,-0.621397858,-0.096459432,-0.703572417,-0.624463963,-0.114179278,-0.764724682,-0.633175319,-0.119520612,-0.298222322,-0.410992408,-0.092266371,-0.596208505,-0.464154718,-0.12273189,-0.725234513,-0.487394066,-0.117383389,-0.783032916,-0.505043643,-0.116367877,-0.314002565,-0.234712062,-0.130297947,-0.595539031,-0.302608522,-0.160790048,-0.718626314,-0.33470063,-0.139206952,-0.774541782,-0.361208069,-0.123368592,-0.336660836,-0.046211183,-0.163668173,-0.564955867,-0.122676666,-0.195069808,-0.674786108,-0.17185783,-0.186067857,-0.748505541,-0.220548633,-0.173228097,166.0116478,169.367013,170.8332382,172.6388103,171.8930945,173.0354516,164.3125506,168.4401804,167.0079059,169.8804862,ATTACK
0,0,0,-0.081932676,-0.183321133,0.047768405,-0.096561236,-0.369956144,0.066740983,-0.082661749,-0.533488507,0.075201633,-0.099994909,-0.646874222,0.08070388,-0.046145897,-0.514474209,0.026529664,0.044749848,-0.722318437,0.018255399,0.091915607,-0.843098179,0.018282928,0.119254398,-0.937308301,0.018870311,0.027459086,-0.502190763,-0.007586203,0.111470285,-0.739411506,-0.012712666,0.15496618,-0.877793598,-0.012584522,0.17906779,-0.983750587,-0.013019599,0.104514742,-0.457238422,-0.038765135,0.172263041,-0.697390457,-0.045538054,0.205527913,-0.830384448,-0.050386116,0.219598394,-0.934224215,-0.054503717,0.185229863,-0.389149735,-0.065791731,0.237264042,-0.583048578,-0.080288396,0.256746723,-0.696324696,-0.086711928,0.266080578,-0.795159148,-0.088865261,170.2532408,166.4538136,176.8500297,174.8024348,177.5638892,175.3195622,178.1573215,173.6451047,174.6380025,175.177884,0,0,0,-0.075923921,-0.316268705,0.049576551,-0.241110354,-0.562693743,0.045987024,-0.421415474,-0.706861299,0.031656043,-0.545400974,-0.836300953,0.010740905,-0.302848756,-0.622560585,-0.041349769,-0.614047859,-0.694821564,-0.080726958,-0.727611174,-0.672888384,-0.081400253,-0.758653702,-0.647754973,-0.069699755,-0.331398341,-0.45541315,-0.086459206,-0.645456917,-0.519075666,-0.104743509,-0.761453378,-0.528173223,-0.076660251,-0.79719325,-0.528873268,-0.05531297,-0.359927376,-0.269221652,-0.126888169,-0.654513038,-0.346942682,-0.146673302,-0.771599318,-0.375932575,-0.101014665,-0.818029536,-0.393615624,-0.065190461,-0.390939922,-0.06679537,-0.161460843,-0.636494114,-0.151204561,-0.182844207,-0.741710113,-0.196017398,-0.157888428,-0.809818658,-0.238604946,-0.12886092,162.2543904,171.8084935,155.134037,147.6750725,161.7864582,162.4165142,155.5285309,163.7314096,162.4883699,168.5269646,ATTACK
0,0,0,-0.087134001,-0.176664871,0.039992797,-0.103859325,-0.367644251,0.054929515,-0.088697251,-0.532895855,0.060708038,-0.108241557,-0.643148445,0.064153358,-0.051476675,-0.519237205,0.019548285,0.037907258,-0.726824077,0.007727628,0.087937,-0.848537279,0.004678677,0.117792345,-0.940866818,0.003237007,0.024120063,-0.50546062,-0.01252212,0.108043587,-0.738316774,-0.01997749,0.152842926,-0.876277352,-0.022043256,0.177935358,-0.983745571,-0.024159057,0.102909794,-0.460098091,-0.042534888,0.171141403,-0.697739795,-0.051707991,0.2049888,-0.830230768,-0.058375765,0.219088059,-0.93446178,-0.063334659,0.184336202,-0.391000324,-0.069112639,0.236777061,-0.58772378,-0.084961616,0.255834779,-0.702406604,-0.092116446,0.263611816,-0.803663309,-0.094561966,169.4662484,164.7012966,178.0129763,175.5048378,177.8985235,175.1085372,178.1173039,173.3517065,174.4169254,174.488053,0,0,0,-0.071515351,-0.31188474,0.044376108,-0.241533126,-0.555438217,0.038854614,-0.420084066,-0.703325273,0.02423994,-0.542982985,-0.839738635,0.002916109,-0.291415921,-0.620743968,-0.049800071,-0.599421254,-0.695054872,-0.088656237,-0.714073567,-0.67326068,-0.089657771,-0.747668462,-0.649923394,-0.078768382,-0.322837669,-0.45382564,-0.09224038,-0.641412664,-0.5229525,-0.107675288,-0.751826438,-0.52943982,-0.077867105,-0.779484525,-0.526738597,-0.056502102,-0.355524962,-0.264589973,-0.129901504,-0.653738045,-0.344332046,-0.148240421,-0.762829166,-0.370970694,-0.101419968,-0.798084941,-0.386452118,-0.065750248,-0.389043714,-0.060233374,-0.162022013,-0.638574282,-0.150335034,-0.183303203,-0.739473184,-0.195501864,-0.157474344,-0.798973338,-0.236790647,-0.128573891,164.3487881,171.1336965,154.8749519,151.6709241,160.1421302,156.1464426,153.9309216,158.1600273,161.7523768,166.6728699,ATTACK
0,0,0,-0.08866997,-0.178847992,0.040735206,-0.103425455,-0.368172518,0.057395684,-0.085330125,-0.532804359,0.064965916,-0.106976492,-0.641045097,0.070005709,-0.051493283,-0.519259397,0.022707497,0.038437333,-0.724924094,0.012272296,0.087682543,-0.846854156,0.009383868,0.116812748,-0.940349564,0.007788071,0.025484528,-0.505244733,-0.008563531,0.108154001,-0.737477126,-0.014260793,0.151219837,-0.875913631,-0.016657914,0.17519101,-0.984345152,-0.019306254,0.105045356,-0.460312189,-0.037652518,0.170051886,-0.696439668,-0.04529495,0.202625681,-0.829103775,-0.052613276,0.216550107,-0.934383332,-0.058457868,0.186133245,-0.393034276,-0.063279448,0.234726472,-0.58773763,-0.078231468,0.253157748,-0.701346891,-0.085669543,0.26192064,-0.802183326,-0.088554785,169.0194749,162.4278478,177.7923672,175.2606631,177.604766,175.1324935,177.8944044,173.7184245,175.1491997,175.2377375,0,0,0,-0.072798786,-0.302931215,0.037274856,-0.237442679,-0.553809304,0.03170866,-0.415287265,-0.706706641,0.017934788,-0.537357226,-0.843349584,-0.002948166,-0.296257815,-0.618383657,-0.046767292,-0.599545335,-0.689066091,-0.085095478,-0.71199676,-0.66749097,-0.090566095,-0.74713429,-0.648307842,-0.084868269,-0.327282875,-0.455592481,-0.086228906,-0.638152397,-0.519307441,-0.100759082,-0.754965553,-0.529638249,-0.080736167,-0.796498473,-0.534540609,-0.069368132,-0.357723169,-0.271710331,-0.121838979,-0.648015966,-0.346752636,-0.141497937,-0.764902176,-0.375074718,-0.108219867,-0.815661477,-0.39585031,-0.084467157,-0.389652603,-0.07238786,-0.152384583,-0.631075005,-0.155020453,-0.177755229,-0.736272661,-0.196269953,-0.161498742,-0.807959749,-0.238232062,-0.141565389,163.8027908,171.8388731,155.7248035,159.1967491,166.061487,174.1439335,160.7520582,168.5849306,165.8935086,169.7135955,ATTACK
0,0,0,-0.091452791,-0.176142574,0.043789605,-0.108706607,-0.365249924,0.060265624,-0.090847464,-0.530933873,0.066769407,-0.110778235,-0.642326211,0.070931775,-0.053184065,-0.516930256,0.022831686,0.036746734,-0.726422976,0.013000344,0.087164861,-0.847489538,0.011436671,0.117936924,-0.940678858,0.010646081,0.025410789,-0.503109447,-0.011148399,0.11232444,-0.738145926,-0.015452553,0.157463921,-0.875718423,-0.015968803,0.182123702,-0.983117575,-0.017629245,0.105764418,-0.45653504,-0.042791249,0.174248609,-0.69716544,-0.050225166,0.206143249,-0.830068248,-0.056492528,0.217318177,-0.935702017,-0.061983827,0.188061649,-0.385451578,-0.070721787,0.241019928,-0.580841812,-0.086974488,0.257971686,-0.695305777,-0.095206515,0.263264659,-0.799155448,-0.098672683,168.3251808,163.7049967,178.0389713,175.6137614,177.6806221,174.6915411,177.3893401,172.5205878,173.2360267,174.058274,0,0,0,-0.062225413,-0.304734318,0.03350858,-0.224404792,-0.550552577,0.022956073,-0.403514725,-0.703915201,0.006187509,-0.519183791,-0.847353127,-0.019360024,-0.276450942,-0.606665216,-0.062117662,-0.578140735,-0.678378207,-0.099529334,-0.699457357,-0.66670621,-0.10615983,-0.747229899,-0.656439792,-0.10360636,-0.311495872,-0.436951668,-0.099960197,-0.620774852,-0.508029506,-0.11698128,-0.747052224,-0.528178894,-0.105337623,-0.801255705,-0.539032007,-0.10311988,-0.344969663,-0.251293693,-0.132314531,-0.633108081,-0.334420077,-0.151012796,-0.755734042,-0.367962851,-0.128736037,-0.814725141,-0.392048669,-0.116447185,-0.376985379,-0.05472052,-0.159067716,-0.612596782,-0.145133741,-0.182493838,-0.716493236,-0.191581633,-0.172170152,-0.789054891,-0.236883895,-0.160522046,163.8754512,168.8223371,160.8248265,170.929014,170.8434566,176.1963797,166.4552972,173.0708918,169.0464836,171.7047618,ATTACK
0,0,0,-0.090131072,-0.176903419,0.040752368,-0.110845427,-0.364485947,0.05489966,-0.097083791,-0.531102139,0.059703653,-0.116236419,-0.643784792,0.062086067,-0.054501949,-0.516025054,0.017662402,0.035934944,-0.725402518,0.00566377,0.084598778,-0.848538218,0.003324214,0.113095051,-0.942005599,0.002766896,0.023060149,-0.503186185,-0.014257555,0.106318359,-0.739657209,-0.02153144,0.148534037,-0.878447512,-0.022618942,0.171386135,-0.98491828,-0.023722856,0.104254569,-0.458010369,-0.043843376,0.170210086,-0.697759561,-0.051252973,0.201100088,-0.831677745,-0.056333009,0.213468017,-0.936755708,-0.060370787,0.188189567,-0.388204872,-0.069970724,0.238742465,-0.585835655,-0.08293063,0.256782989,-0.700116562,-0.088065575,0.264636259,-0.800777436,-0.089073484,168.6694124,165.6183431,177.2643095,175.2990429,177.1895817,175.1568004,177.5228631,173.6989732,174.4930112,175.0394793,0,0,0,-0.06455917,-0.306326183,0.031902323,-0.226891713,-0.563064967,0.022705489,-0.404678383,-0.716917903,0.006917744,-0.524585975,-0.85118617,-0.017078023,-0.281458667,-0.617542472,-0.062123822,-0.58489205,-0.687442505,-0.102961794,-0.698095641,-0.668446862,-0.109575112,-0.736571289,-0.64973428,-0.105333219,-0.315789729,-0.450943292,-0.099940609,-0.625818937,-0.518249301,-0.121720376,-0.743667695,-0.528696119,-0.106627033,-0.788537198,-0.523727431,-0.098093193,-0.346212452,-0.264887847,-0.133074318,-0.634975515,-0.346954628,-0.157034354,-0.752080758,-0.376448919,-0.12852882,-0.804113545,-0.392043657,-0.107669251,-0.374041986,-0.067562988,-0.160973019,-0.608239098,-0.159028109,-0.189221407,-0.710357189,-0.204581271,-0.176387385,-0.778124822,-0.245025802,-0.15908534,163.0582852,171.7501461,157.2127221,161.2905811,166.6889653,168.1978743,162.0616385,171.8432697,166.7457049,171.0879938,ATTACK
0,0,0,-0.097139487,-0.175856071,0.041597773,-0.119908588,-0.366602161,0.057492458,-0.103556535,-0.53729275,0.064321929,-0.123696721,-0.651598898,0.068472181,-0.05445669,-0.516295763,0.020203656,0.031513044,-0.726174279,0.010523098,0.078370779,-0.84929781,0.008941418,0.105377012,-0.944549798,0.008356815,0.025208246,-0.50164935,-0.011023089,0.104597234,-0.736827663,-0.016135412,0.144557874,-0.876828174,-0.017312465,0.165672385,-0.9859871,-0.01954736,0.104218192,-0.456467899,-0.039789344,0.166963556,-0.691470971,-0.046591268,0.194760713,-0.827803859,-0.053164973,0.202175073,-0.935434973,-0.059070434,0.184758935,-0.387817378,-0.064860319,0.234774592,-0.58165412,-0.078539678,0.251372341,-0.695778658,-0.085479713,0.256190724,-0.797036758,-0.088472015,167.4928593,164.5344951,177.6726148,174.9433626,177.1427992,174.935868,176.3699079,172.3907259,173.7776931,174.1501445,0,0,0,-0.063399197,-0.309447342,0.034768858,-0.216186822,-0.566561122,0.024784981,-0.385075741,-0.734481525,0.007366406,-0.509480286,-0.860329314,-0.016226821,-0.278509378,-0.609711691,-0.060360183,-0.575350234,-0.695074056,-0.096047614,-0.672390828,-0.67494982,-0.095272094,-0.694851399,-0.656700175,-0.08565167,-0.315291633,-0.443234039,-0.098130657,-0.617383904,-0.520780244,-0.113558743,-0.707612841,-0.515765453,-0.085883873,-0.722460191,-0.51411352,-0.067737031,-0.349574544,-0.259892636,-0.130942698,-0.62870276,-0.350780177,-0.147070613,-0.718640517,-0.367559137,-0.103293903,-0.739349412,-0.379501596,-0.072176119,-0.380403069,-0.068091423,-0.159430132,-0.605534616,-0.169503321,-0.17909368,-0.696215111,-0.215510799,-0.156772197,-0.74615351,-0.253929376,-0.132625996,165.390412,176.502432,151.4107215,147.6602017,153.6206526,146.3676395,150.3790287,149.366256,162.8478473,166.6275581,ATTACK
0,0,0,-0.097139487,-0.175856071,0.041597773,-0.119908588,-0.366602161,0.057492458,-0.103556535,-0.53729275,0.064321929,-0.123696721,-0.651598898,0.068472181,-0.05445669,-0.516295763,0.020203656,0.031513044,-0.726174279,0.010523098,0.078370779,-0.84929781,0.008941418,0.105377012,-0.944549798,0.008356815,0.025208246,-0.50164935,-0.011023089,0.104597234,-0.736827663,-0.016135412,0.144557874,-0.876828174,-0.017312465,0.165672385,-0.9859871,-0.01954736,0.104218192,-0.456467899,-0.039789344,0.166963556,-0.691470971,-0.046591268,0.194760713,-0.827803859,-0.053164973,0.202175073,-0.935434973,-0.059070434,0.184758935,-0.387817378,-0.064860319,0.234774592,-0.58165412,-0.078539678,0.251372341,-0.695778658,-0.085479713,0.256190724,-0.797036758,-0.088472015,167.4928593,164.5344951,177.6726148,174.9433626,177.1427992,174.935868,176.3699079,172.3907259,173.7776931,174.1501445,0,0,0,-0.063399197,-0.309447342,0.034768858,-0.216186822,-0.566561122,0.024784981,-0.385075741,-0.734481525,0.007366406,-0.509480286,-0.860329314,-0.016226821,-0.278509378,-0.609711691,-0.060360183,-0.575350234,-0.695074056,-0.096047614,-0.672390828,-0.67494982,-0.095272094,-0.694851399,-0.656700175,-0.08565167,-0.315291633,-0.443234039,-0.098130657,-0.617383904,-0.520780244,-0.113558743,-0.707612841,-0.515765453,-0.085883873,-0.722460191,-0.51411352,-0.067737031,-0.349574544,-0.259892636,-0.130942698,-0.62870276,-0.350780177,-0.147070613,-0.718640517,-0.367559137,-0.103293903,-0.739349412,-0.379501596,-0.072176119,-0.380403069,-0.068091423,-0.159430132,-0.605534616,-0.169503321,-0.17909368,-0.696215111,-0.215510799,-0.156772197,-0.74615351,-0.253929376,-0.132625996,165.390412,176.502432,151.4107215,147.6602017,153.6206526,146.3676395,150.3790287,149.366256,162.8478473,166.6275581,ATTACK
0,0,0,-0.098483812,-0.1767668,0.043919093,-0.122001826,-0.360508011,0.060584789,-0.104760734,-0.529564458,0.067781352,-0.121165422,-0.644485667,0.072340413,-0.056741309,-0.522364397,0.024309391,0.033239747,-0.729419972,0.015437755,0.081020088,-0.85054996,0.013768102,0.109099286,-0.944164875,0.01309016,0.025182255,-0.507127675,-0.007431576,0.104044943,-0.741714387,-0.011332941,0.143944768,-0.878905429,-0.012421052,0.166006766,-0.986017964,-0.01450272,0.106721006,-0.459959548,-0.036579295,0.167339638,-0.695643066,-0.041110123,0.196184566,-0.826880475,-0.046270352,0.206422432,-0.930568788,-0.051449947,0.189656782,-0.389769292,-0.061987982,0.234671208,-0.583631553,-0.072950527,0.250245334,-0.695231289,-0.078153683,0.256279375,-0.793641117,-0.079856115,166.6251704,166.052565,177.469861,175.1183546,177.5407235,175.3389631,177.6252229,173.1918342,174.8247799,175.2251295,0,0,0,-0.074732281,-0.305667584,0.031169917,-0.238378768,-0.559384718,0.017837988,-0.410529886,-0.717160701,-0.002035003,-0.533199239,-0.845495208,-0.028921023,-0.292817855,-0.630265739,-0.079786443,-0.600714521,-0.692487326,-0.115771961,-0.694651228,-0.663633466,-0.108746168,-0.715230415,-0.645397758,-0.096029709,-0.319901386,-0.460232964,-0.120009811,-0.634397173,-0.519234303,-0.140275445,-0.713392245,-0.500338817,-0.108460996,-0.719454132,-0.491526909,-0.087850155,-0.345784411,-0.264797864,-0.154465589,-0.640013775,-0.344143111,-0.179531373,-0.729480179,-0.356272205,-0.134136583,-0.752606698,-0.371144502,-0.10187657,-0.372023598,-0.056765773,-0.184007536,-0.610458567,-0.15577902,-0.216361776,-0.708343472,-0.203960516,-0.197431351,-0.767661899,-0.249393154,-0.17510609,165.1644113,174.657176,149.6215974,148.6203082,145.6175791,129.9507596,147.7978596,150.0955606,162.6142609,167.0974722,ATTACK
0,0,0,-0.091901772,-0.177176935,0.037710988,-0.112971348,-0.366048512,0.051987819,-0.098224008,-0.532394463,0.057555838,-0.120038551,-0.646248165,0.060911541,-0.055396948,-0.51437963,0.017623605,0.03211438,-0.724297999,0.004693653,0.081747793,-0.847187695,0.000156354,0.111831455,-0.941657221,-0.001989476,0.023555102,-0.501118232,-0.012495605,0.105427137,-0.737057463,-0.019946186,0.149220288,-0.875633716,-0.023352302,0.174660835,-0.984274063,-0.02642275,0.105237658,-0.456103885,-0.040610199,0.169171879,-0.692937348,-0.04928743,0.200867087,-0.828354236,-0.057053444,0.213521491,-0.934979882,-0.062994056,0.189927246,-0.38684195,-0.065427149,0.239853836,-0.580623627,-0.079789737,0.257507334,-0.693856507,-0.086524128,0.264909971,-0.793422741,-0.088754007,168.3290166,164.0833986,178.4724309,175.5701959,178.290173,175.5983785,177.6886227,173.5772834,174.350389,174.9058663,0,0,0,-0.074277012,-0.301082054,0.032096724,-0.23615647,-0.55405182,0.019876243,-0.408907077,-0.713015557,0.000474973,-0.532254994,-0.846198577,-0.025545823,-0.287361079,-0.621011934,-0.075303653,-0.59461608,-0.698181275,-0.116490036,-0.685233916,-0.667869072,-0.115809827,-0.699496224,-0.644372466,-0.106621295,-0.313461391,-0.45614361,-0.115657742,-0.626197599,-0.524871213,-0.13809111,-0.69996293,-0.509083254,-0.110052105,-0.701703896,-0.501047269,-0.092102097,-0.340023631,-0.263878311,-0.150866409,-0.634775741,-0.349576206,-0.178414069,-0.716014966,-0.358749716,-0.13464463,-0.732271938,-0.371301041,-0.102929219,-0.368151555,-0.058134534,-0.181062068,-0.607499355,-0.155684106,-0.214860731,-0.702229744,-0.201574719,-0.196776965,-0.759878626,-0.245040039,-0.174957281,165.0628143,174.2726735,146.5612953,136.5476284,145.7519384,118.5064147,145.395609,143.6857491,162.4035853,167.0114862,ATTACK
0,0,0,-0.093015562,-0.180610117,0.053919201,-0.111412134,-0.369076605,0.07644352,-0.093349095,-0.537834402,0.088160282,-0.110944324,-0.650847684,0.096122702,-0.058136048,-0.517359836,0.028220065,0.037128792,-0.724685901,0.023359543,0.086193334,-0.845471834,0.025791796,0.114931238,-0.939385915,0.027568019,0.021543311,-0.503285825,-0.006539586,0.106915214,-0.740787731,-0.008324131,0.149247015,-0.877574282,-0.006592089,0.173151678,-0.984872289,-0.006713418,0.103581716,-0.456533325,-0.037347505,0.172585923,-0.697595089,-0.040203479,0.203285805,-0.827674659,-0.043550581,0.215394666,-0.932147637,-0.047802549,0.187350452,-0.387759034,-0.063231223,0.237588509,-0.58663827,-0.074375417,0.253971584,-0.698650282,-0.079424931,0.260846004,-0.798902633,-0.081117987,168.0181085,165.0670249,176.5209261,174.8705795,177.1591724,175.2665672,177.1518177,173.2511766,174.1007981,175.2832218,0,0,0,-0.064719697,-0.311156622,0.028403444,-0.222516025,-0.572011649,0.012606243,-0.398716393,-0.733431003,-0.0092046,-0.524282744,-0.850725688,-0.037328387,-0.278655037,-0.612156643,-0.086075084,-0.603206453,-0.693695563,-0.13102882,-0.679182695,-0.654781208,-0.131700804,-0.675990649,-0.629088102,-0.122075139,-0.3116972,-0.44112654,-0.123141894,-0.637141724,-0.51276827,-0.147700992,-0.702637347,-0.497421297,-0.117502188,-0.69108744,-0.492201425,-0.097120095,-0.342590236,-0.247827925,-0.15482602,-0.645092009,-0.341024703,-0.182405092,-0.718547642,-0.350611555,-0.135329597,-0.721649702,-0.362411315,-0.099945243,-0.372010198,-0.044979869,-0.181851206,-0.6121723,-0.149152521,-0.213806651,-0.703209569,-0.19832533,-0.193126189,-0.75237562,-0.241144701,-0.168466598,163.5442596,175.8392262,138.2801287,108.5628831,142.2150818,88.03044219,141.4629914,127.6413522,161.0789502,164.5882216,ATTACK
0,0,0,-0.095683901,-0.177648268,0.050833504,-0.115004027,-0.365678629,0.071266435,-0.096957795,-0.535860725,0.081261498,-0.115198338,-0.648755897,0.087413237,-0.057469019,-0.517270806,0.02619832,0.034097887,-0.726904018,0.019820816,0.08188164,-0.848385682,0.021351016,0.109862761,-0.941973474,0.023000229,0.02239996,-0.502135108,-0.007590286,0.105437561,-0.739950389,-0.01120003,0.146072004,-0.877496454,-0.010311519,0.169735949,-0.985436013,-0.010274804,0.103427881,-0.453613164,-0.037802412,0.170954339,-0.69446908,-0.042127417,0.200633567,-0.825201311,-0.045506501,0.212614592,-0.92971695,-0.048801149,0.185582423,-0.38272916,-0.063318529,0.236606655,-0.584109672,-0.073248024,0.253120905,-0.696439513,-0.076381739,0.260408542,-0.796378832,-0.076428724,167.7814832,164.7808158,176.8519545,175.1264642,176.9350988,175.852297,177.0529053,173.7130129,174.0127112,175.484728,0,0,0,-0.070512823,-0.306738479,0.028258347,-0.22701945,-0.565746694,0.014953341,-0.39996845,-0.730684722,-0.004975895,-0.521191826,-0.852915777,-0.029895774,-0.290611587,-0.61356085,-0.081786548,-0.605661414,-0.696154097,-0.124444573,-0.672793608,-0.644455472,-0.122769215,-0.662676473,-0.610812955,-0.112376625,-0.322615942,-0.448149358,-0.11810488,-0.637128661,-0.512065656,-0.142790238,-0.691843253,-0.480728909,-0.113279379,-0.672173893,-0.470408148,-0.094412215,-0.350529149,-0.258460822,-0.149259819,-0.641979987,-0.349560845,-0.178320126,-0.705335071,-0.341466943,-0.134666505,-0.700328173,-0.342414837,-0.102398367,-0.374704781,-0.058263971,-0.175658132,-0.608566649,-0.156123323,-0.20737083,-0.697954259,-0.191523895,-0.189138117,-0.745999202,-0.221573962,-0.167209464,164.6422223,176.1396222,127.1390567,110.3018988,130.2386396,84.45799976,133.9102907,115.3858764,162.0843349,165.5286213,ATTACK
0,0,0,-0.091944465,-0.182714131,0.045628337,-0.109927914,-0.369200078,0.063996652,-0.093811205,-0.537152084,0.072475288,-0.113420727,-0.648998772,0.078006293,-0.055461035,-0.516886958,0.02588986,0.037926482,-0.730238494,0.018162347,0.087405463,-0.85432696,0.018452339,0.11716372,-0.949514486,0.019343096,0.023828998,-0.501097384,-0.006139995,0.106317621,-0.741170491,-0.00986375,0.148459869,-0.878133889,-0.010388695,0.173809446,-0.984712963,-0.011430553,0.105392717,-0.454070355,-0.035347353,0.171474594,-0.696426565,-0.040048184,0.202239753,-0.828992413,-0.045032628,0.215284008,-0.934214238,-0.049555369,0.189582848,-0.3855273,-0.060550449,0.239035479,-0.584178163,-0.071651644,0.255834048,-0.695107652,-0.076343501,0.262700957,-0.793194884,-0.077340082,168.6982101,164.5833053,177.1790806,175.5630702,177.9787145,176.2167088,177.5374073,173.9669687,174.5648837,175.0107149,0,0,0,-0.06978296,-0.313388971,0.028617189,-0.223351241,-0.577791719,0.014843979,-0.39707478,-0.737089241,-0.005231241,-0.52930403,-0.847810582,-0.032472446,-0.294641469,-0.617977925,-0.071954971,-0.60177317,-0.69125321,-0.113727759,-0.699525682,-0.670027468,-0.114372451,-0.72135968,-0.654541501,-0.104379494,-0.325856835,-0.445986287,-0.109610901,-0.636354606,-0.513701048,-0.131218768,-0.728149681,-0.512948872,-0.102214549,-0.744856373,-0.516314618,-0.081435157,-0.353332879,-0.253994331,-0.143050318,-0.643935842,-0.342048787,-0.167349287,-0.736447599,-0.368028422,-0.121455447,-0.759371854,-0.392482797,-0.08633265,-0.379870203,-0.051393151,-0.172521639,-0.611689861,-0.14777097,-0.201897996,-0.708670587,-0.200865552,-0.180528212,-0.765602869,-0.250324214,-0.154501091,162.5478776,175.1238021,153.416623,149.2356428,155.1344582,145.5393481,149.8668674,147.6432683,161.3497958,165.618925,ATTACK
0,0,0,-0.094676146,-0.172215807,0.045940176,-0.115940866,-0.361282235,0.063108711,-0.098175896,-0.530602573,0.071149453,-0.116959424,-0.642704676,0.076185196,-0.06072985,-0.507724599,0.01378833,0.032773038,-0.726985734,0.002596148,0.083868063,-0.853634792,0.002520457,0.114622018,-0.949710743,0.004170633,0.018045424,-0.489562722,-0.018185843,0.104889343,-0.734099931,-0.025928142,0.150357909,-0.874818839,-0.026115675,0.177886494,-0.983704731,-0.026103595,0.100569488,-0.44176254,-0.046432666,0.167844986,-0.688872717,-0.05350957,0.199585894,-0.822590132,-0.057936244,0.213410454,-0.925839599,-0.061297743,0.18525329,-0.373386863,-0.070305584,0.234247801,-0.576963848,-0.08218554,0.250642956,-0.691075354,-0.086837253,0.25785211,-0.790997851,-0.087433166,167.3738628,164.5042761,177.0740146,175.6279533,177.6324415,176.2371994,178.0456499,174.2452679,174.5434464,175.4549407,0,0,0,-0.072298579,-0.305955442,0.029614984,-0.239572498,-0.560350314,0.015645387,-0.415971276,-0.718014327,-0.005921916,-0.548178022,-0.835644664,-0.03462444,-0.288989479,-0.609404989,-0.07541137,-0.602436522,-0.688891594,-0.121398507,-0.693331441,-0.639536705,-0.12851235,-0.700679016,-0.602619756,-0.124251916,-0.318833302,-0.441383734,-0.113894374,-0.631524529,-0.506906041,-0.137895335,-0.708822416,-0.484801064,-0.114991673,-0.706927512,-0.472699665,-0.101954644,-0.347751198,-0.2499283,-0.147590867,-0.641843364,-0.336792726,-0.173540383,-0.719891948,-0.336356807,-0.13247348,-0.72606827,-0.337874523,-0.10358191,-0.376558033,-0.049460669,-0.176852625,-0.612678544,-0.145450433,-0.206525818,-0.706072957,-0.184828149,-0.18805164,-0.756675113,-0.216259461,-0.166902457,164.9214348,175.9509131,137.3179267,128.7667506,145.8732641,106.2905944,143.6073055,129.7249761,163.0001671,167.3119796,ATTACK
0,0,0,-0.091719054,-0.173077703,0.035419612,-0.112011819,-0.360042353,0.046388288,-0.093158413,-0.529516514,0.049626262,-0.113366691,-0.643077907,0.049720134,-0.061960712,-0.505505875,0.003959267,0.031303987,-0.720842651,-0.010298221,0.080420409,-0.84552932,-0.013281817,0.109715245,-0.942516431,-0.014098606,0.015018017,-0.491330665,-0.025438027,0.101055517,-0.733347312,-0.035401267,0.144298956,-0.874469696,-0.037569684,0.168882943,-0.984866119,-0.038952265,0.095841959,-0.44538057,-0.051885241,0.161954955,-0.689846109,-0.061816161,0.194342016,-0.825437901,-0.067025503,0.207664221,-0.932977314,-0.070548055,0.178486244,-0.376426189,-0.074797151,0.227115489,-0.582475716,-0.089211126,0.244579405,-0.697970662,-0.093254094,0.252345896,-0.800621178,-0.093156216,167.2585387,163.521222,177.0406652,175.1997906,177.0777422,175.4803769,178.2327253,173.5996249,174.9225828,175.228687,0,0,0,-0.067332764,-0.317369055,0.030646635,-0.222362286,-0.581149134,0.016434443,-0.401873507,-0.739087157,-0.004972256,-0.544371809,-0.83816791,-0.033673268,-0.287644685,-0.615755974,-0.071834467,-0.603093424,-0.694252354,-0.116098475,-0.691823852,-0.65520028,-0.12033393,-0.698485056,-0.629045711,-0.113313537,-0.319504304,-0.442620232,-0.110721151,-0.637302107,-0.511959157,-0.134461392,-0.722161313,-0.504944641,-0.109634637,-0.727839297,-0.5047438,-0.093052987,-0.348822189,-0.250005219,-0.144904849,-0.648374431,-0.336063062,-0.171075134,-0.731022312,-0.348727374,-0.127344072,-0.740266093,-0.363625755,-0.094267298,-0.376520218,-0.04905309,-0.174664634,-0.620597604,-0.141870155,-0.204433228,-0.71401767,-0.183986726,-0.183428596,-0.763304433,-0.22209594,-0.158507237,161.6572412,172.2179751,142.070513,125.7830364,153.5125819,125.1295811,146.8225227,132.768637,161.5782546,163.5540442,ATTACK
0,0,0,-0.092744448,-0.174323377,0.045882752,-0.114052476,-0.359526686,0.060518097,-0.096132885,-0.526033921,0.065856867,-0.119413569,-0.637399028,0.067783218,-0.072586426,-0.496223259,0.006073049,0.018978483,-0.71755713,-0.008391404,0.070567045,-0.844764881,-0.009677103,0.102946113,-0.941284326,-0.008716121,0.005230169,-0.481961805,-0.027993776,0.090211366,-0.72995891,-0.038995577,0.13681946,-0.873307694,-0.040002841,0.166665073,-0.985189678,-0.040299518,0.08954637,-0.438948301,-0.058188522,0.154797084,-0.687596105,-0.068660009,0.188415498,-0.827592524,-0.074445112,0.204226275,-0.939848592,-0.078221465,0.176783847,-0.373279393,-0.083669812,0.227497427,-0.579110034,-0.098035855,0.244486901,-0.695465608,-0.103050736,0.250787457,-0.801133573,-0.103666157,167.0295043,162.0268781,177.0139306,176.2620195,177.7388946,176.865581,178.7101257,174.4742369,174.2677157,174.6371737,0,0,0,-0.061603435,-0.315809137,0.025972195,-0.225242086,-0.576099803,0.006135865,-0.415132108,-0.729535639,-0.019878267,-0.556586634,-0.829098635,-0.052978987,-0.292065655,-0.613278721,-0.092082445,-0.628338581,-0.690367119,-0.140792718,-0.703895255,-0.631701657,-0.144876943,-0.693668984,-0.592748098,-0.138245007,-0.325649827,-0.433284012,-0.129607273,-0.661856239,-0.496261403,-0.159437525,-0.718471371,-0.461859316,-0.131827681,-0.696386854,-0.45187307,-0.114464954,-0.356804833,-0.233776778,-0.161502345,-0.672385513,-0.320785873,-0.193097889,-0.727275487,-0.311652887,-0.144904295,-0.711167167,-0.314514707,-0.109679905,-0.384962584,-0.027315897,-0.188649761,-0.644337493,-0.136235677,-0.22197236,-0.722827159,-0.173517899,-0.197932562,-0.754728427,-0.203736745,-0.171624238,161.0087121,173.9152024,129.1969518,112.3366619,130.6180404,78.48182793,128.2964002,105.9800771,157.6171852,157.3803717,ATTACK
0,0,0,-0.091623705,-0.172546967,0.043535971,-0.11304198,-0.357107948,0.056254807,-0.095947221,-0.52505825,0.060129195,-0.119569664,-0.636842553,0.060800083,-0.071788988,-0.495469953,0.002313556,0.019090973,-0.71768002,-0.012425158,0.069285445,-0.844708093,-0.013481107,0.100584715,-0.94200446,-0.012317436,0.005336038,-0.482436999,-0.030629868,0.091937217,-0.730374769,-0.041758591,0.137355714,-0.873473548,-0.041797823,0.165424251,-0.985360526,-0.041224406,0.088945595,-0.439069401,-0.059669209,0.155969396,-0.687346724,-0.069691335,0.189077106,-0.826776308,-0.074132488,0.203694456,-0.93818302,-0.076857565,0.175226007,-0.372063457,-0.084234451,0.227028033,-0.577336264,-0.097230314,0.244414263,-0.693612604,-0.100813539,0.250723483,-0.798941022,-0.100401444,167.3041826,162.2228364,176.8178886,176.0690418,177.0449599,176.4170785,178.1322581,174.0795328,174.0545905,174.5221523,0,0,0,-0.067097251,-0.325620805,0.025309633,-0.228258381,-0.595519833,0.007365601,-0.417422267,-0.750484853,-0.01645444,-0.566244556,-0.822872834,-0.047406772,-0.29454859,-0.624393336,-0.085292819,-0.626874512,-0.688396503,-0.134507584,-0.698960488,-0.633137823,-0.139867232,-0.690147847,-0.601927235,-0.133344036,-0.327439349,-0.44514097,-0.123011371,-0.658835744,-0.503741883,-0.152697804,-0.725419538,-0.472630746,-0.126947625,-0.713814661,-0.45856884,-0.109501754,-0.354745317,-0.245699535,-0.155502422,-0.665607109,-0.330572037,-0.186213484,-0.728335691,-0.320578542,-0.139415743,-0.716660912,-0.319557031,-0.103536596,-0.378266132,-0.038944048,-0.183791783,-0.630560214,-0.14145168,-0.214968512,-0.717688778,-0.176706372,-0.19143324,-0.755664059,-0.205835492,-0.164536294,160.0885712,165.8169458,131.6547507,110.5022084,137.7557222,93.32536915,132.375913,108.7398359,159.3996694,159.0539939,ATTACK
0,0,0,-0.089181907,-0.176397106,0.037467119,-0.110119114,-0.371031762,0.050979563,-0.097336757,-0.538556244,0.056470002,-0.121440293,-0.647583523,0.059602469,-0.05803423,-0.506394079,0.007721491,0.032283089,-0.722672151,-0.007524978,0.083148552,-0.850380801,-0.011038568,0.114078806,-0.947447121,-0.011823424,0.018850684,-0.489943285,-0.022078889,0.105181386,-0.729128972,-0.032825847,0.151489474,-0.871171871,-0.03539561,0.179049669,-0.983142736,-0.037034796,0.100266142,-0.445452855,-0.049244967,0.165474042,-0.686156711,-0.060071411,0.197641295,-0.824379022,-0.067873428,0.210834257,-0.933698804,-0.073075221,0.184050958,-0.379299302,-0.072845238,0.232936019,-0.577269508,-0.088727274,0.250074148,-0.693859876,-0.096615075,0.256728594,-0.797760964,-0.09928465,169.2970093,163.1673635,177.5041084,175.7892085,177.6603019,175.7313123,177.7901752,173.7467717,174.4462212,174.7124914,0,0,0,-0.077606833,-0.316693055,0.029313801,-0.246591869,-0.571042239,0.013937329,-0.430638881,-0.730766407,-0.009157988,-0.560721345,-0.827121777,-0.038224855,-0.296527844,-0.634177313,-0.074117001,-0.620561444,-0.697226608,-0.122327915,-0.683211596,-0.619491344,-0.130255763,-0.669007873,-0.577291279,-0.127240206,-0.326111943,-0.463334122,-0.113188562,-0.650466148,-0.513899345,-0.143226487,-0.704177925,-0.461794368,-0.121714002,-0.684680366,-0.438528561,-0.109294952,-0.353295835,-0.268435022,-0.147467124,-0.659488254,-0.345078624,-0.178286504,-0.71308372,-0.316117477,-0.139729984,-0.696631514,-0.30472365,-0.112227455,-0.376116226,-0.064350759,-0.177026237,-0.627055699,-0.157958245,-0.207463217,-0.709877042,-0.180882514,-0.189903491,-0.745651318,-0.202572998,-0.169922703,164.3797024,173.4988493,118.1838379,121.9651437,123.4276393,99.74109792,124.654528,101.9679773,161.2847979,159.5523024,ATTACK
0,0,0,-0.093730652,-0.175769617,0.037286125,-0.114519665,-0.368089516,0.050076138,-0.098214119,-0.539329558,0.054684031,-0.121025948,-0.654007832,0.056503803,-0.056283558,-0.50871491,0.007637955,0.033303437,-0.725242305,-0.007888089,0.082224316,-0.852284416,-0.01215383,0.111516608,-0.950621135,-0.01374104,0.020143696,-0.491391225,-0.022312726,0.104462294,-0.730959186,-0.033690519,0.149023734,-0.872256778,-0.037121206,0.176089509,-0.983569777,-0.039786673,0.09940387,-0.445524766,-0.049684786,0.164490958,-0.686049775,-0.060595607,0.195850607,-0.822899633,-0.068450181,0.208949855,-0.930680403,-0.074137013,0.180962674,-0.378906826,-0.073511459,0.22917304,-0.578377588,-0.088857611,0.245750987,-0.695742806,-0.096559679,0.253229119,-0.800241341,-0.099605742,168.17921,163.2932309,177.5057783,175.3992196,177.6968278,176.1227426,177.6142083,174.0005192,174.4138253,175.5148297,0,0,0,-0.072442955,-0.308448305,0.023406582,-0.236433534,-0.569230737,0.006857496,-0.415996031,-0.734626048,-0.015612263,-0.543827268,-0.838107129,-0.042759118,-0.286623521,-0.627903386,-0.078980988,-0.609649264,-0.689410982,-0.126566234,-0.656738459,-0.607249736,-0.133713368,-0.628563279,-0.565623423,-0.13050495,-0.318205923,-0.459278922,-0.11482753,-0.642774668,-0.510569728,-0.144776045,-0.675559193,-0.452632636,-0.123184367,-0.63811703,-0.430346162,-0.111367492,-0.347739586,-0.266498416,-0.146083937,-0.652548173,-0.343729415,-0.177419782,-0.686518933,-0.308956085,-0.138536294,-0.654992061,-0.295856999,-0.11145341,-0.373482833,-0.065101539,-0.173038824,-0.620939816,-0.155878055,-0.203492288,-0.692686226,-0.177635198,-0.186210939,-0.719830429,-0.199912548,-0.167382457,164.6881947,174.4838189,109.4307067,115.6433306,107.7032779,95.79056442,109.1406405,99.28087357,160.1466925,154.0715085,ATTACK
0,0,0,-0.096187039,-0.174072981,0.036366696,-0.115949595,-0.364112109,0.048551579,-0.097921065,-0.533150565,0.052681626,-0.117848031,-0.647940411,0.054376418,-0.057158671,-0.514619832,0.009198339,0.034812561,-0.72759563,-0.004724016,0.084225844,-0.852933922,-0.008132988,0.113625655,-0.949481561,-0.009186044,0.020764095,-0.49654643,-0.020337517,0.106952215,-0.734238446,-0.029350014,0.151537759,-0.873867192,-0.031668905,0.177603671,-0.983523331,-0.033746026,0.100714364,-0.449202468,-0.047423214,0.168361481,-0.688887385,-0.056578177,0.200478538,-0.822851816,-0.063318388,0.213213299,-0.928573504,-0.06827638,0.181931891,-0.380734968,-0.071139971,0.231644573,-0.580262854,-0.084801202,0.248893244,-0.695863183,-0.091110422,0.255702504,-0.798663615,-0.093075734,167.768346,164.0483979,177.25064,175.3043403,177.4621096,175.6237657,177.5714177,173.3673423,174.435635,174.863087,0,0,0,-0.078412171,-0.300357723,0.024959226,-0.251022939,-0.553862101,0.008087431,-0.42821182,-0.718163063,-0.015524232,-0.543980302,-0.837964022,-0.043608818,-0.290598979,-0.624953639,-0.085566591,-0.617412577,-0.689664715,-0.132494826,-0.669992187,-0.60003982,-0.136297687,-0.643703327,-0.552909798,-0.131550539,-0.316734059,-0.458869078,-0.123562681,-0.647183236,-0.505606142,-0.153831807,-0.685600567,-0.443230131,-0.128741164,-0.648973137,-0.417544103,-0.115184829,-0.343905579,-0.265278651,-0.156759363,-0.655150817,-0.339468483,-0.188406976,-0.699073829,-0.300577836,-0.147038592,-0.673156815,-0.281380357,-0.118870464,-0.369188565,-0.061410788,-0.185709893,-0.617096035,-0.149068839,-0.219330356,-0.697192542,-0.172061665,-0.204510415,-0.730747361,-0.195177074,-0.18743415,166.8908072,174.906076,109.2984788,120.0796463,110.3395598,98.50120171,114.2385345,104.5715515,162.2769744,158.1851454,ATTACK
0,0,0,-0.093953464,-0.181403993,0.04421152,-0.11427751,-0.374592342,0.062325088,-0.098151001,-0.540531599,0.071104115,-0.120225644,-0.648361991,0.076880445,-0.05808967,-0.515478883,0.020012307,0.035803319,-0.721717641,0.009011405,0.08624523,-0.846690079,0.006339945,0.115778661,-0.9439013,0.005260164,0.019934456,-0.498606923,-0.012194186,0.106413291,-0.73076135,-0.018159834,0.151417142,-0.871610291,-0.02034771,0.178103885,-0.98374235,-0.023021632,0.10040226,-0.453010811,-0.041604718,0.167310792,-0.688337222,-0.048361839,0.19924625,-0.822728888,-0.05591124,0.212659041,-0.930173509,-0.062117835,0.182610225,-0.384996218,-0.067099003,0.233462878,-0.579996197,-0.079691461,0.250839135,-0.693825785,-0.086503816,0.25835113,-0.795425052,-0.089370369,168.2357565,162.8947249,176.9708292,174.8578413,177.1980535,175.6053749,177.0194447,173.7294737,174.0475354,175.1735207,0,0,0,-0.073735966,-0.306727039,0.019431704,-0.247555049,-0.560800942,-6.40E-05,-0.425942521,-0.717747936,-0.025762311,-0.532687193,-0.844535039,-0.054817171,-0.288378961,-0.634043719,-0.084418344,-0.615681647,-0.684394762,-0.131693863,-0.665374833,-0.606744034,-0.133416823,-0.635809178,-0.569098923,-0.125747817,-0.316030436,-0.458642557,-0.120055718,-0.642762318,-0.499011355,-0.151027893,-0.683930047,-0.452566288,-0.124298819,-0.651378245,-0.440520978,-0.107296771,-0.343734306,-0.260248941,-0.152134589,-0.64917671,-0.334213521,-0.184458408,-0.704928266,-0.321619211,-0.14124955,-0.691133607,-0.325246619,-0.10964598,-0.370197311,-0.055602835,-0.180754484,-0.61160417,-0.141731018,-0.214235471,-0.697972033,-0.17883087,-0.198095681,-0.738033137,-0.213183766,-0.178045013,165.5367964,170.702706,113.7766167,108.7997622,118.7479002,82.82696968,130.4934741,102.8060997,162.4284716,159.9304631,ATTACK
0,0,0,-0.093928416,-0.179562263,0.038657055,-0.112041888,-0.367564012,0.052158087,-0.093883107,-0.534092073,0.057174229,-0.11323136,-0.648172521,0.060075417,-0.05297738,-0.512760679,0.014028337,0.041355266,-0.721989253,0.000148635,0.091795305,-0.846921738,-0.003815796,0.121205298,-0.943010836,-0.00499328,0.024735983,-0.49477752,-0.016205592,0.111827509,-0.730968897,-0.024381544,0.157019586,-0.871730367,-0.026987496,0.184293565,-0.982428926,-0.029483663,0.105366015,-0.449638898,-0.044055372,0.171655167,-0.686302843,-0.051034031,0.204111859,-0.818960625,-0.05680027,0.218804732,-0.922787142,-0.061614105,0.187314334,-0.383138551,-0.068708302,0.236204764,-0.57564187,-0.079306022,0.254215914,-0.689105864,-0.084025604,0.262719432,-0.789484166,-0.085329708,168.0418128,164.1453248,177.0683185,174.8954895,177.3732861,175.9945629,177.8873212,174.2777652,174.7018055,175.4815787,0,0,0,-0.08022421,-0.299568082,0.032337421,-0.256502052,-0.548264078,0.016400616,-0.433126744,-0.706906306,-0.008064462,-0.542216085,-0.839391792,-0.037724483,-0.289079087,-0.626318933,-0.081666937,-0.61889056,-0.694901192,-0.128482984,-0.678819055,-0.638906641,-0.128184335,-0.660255791,-0.612555919,-0.118158083,-0.313548081,-0.45447622,-0.124581526,-0.644129441,-0.516208133,-0.154235878,-0.690370622,-0.486175038,-0.120887835,-0.66055859,-0.478997094,-0.09704052,-0.341344931,-0.256188159,-0.162719725,-0.650100918,-0.349556406,-0.195766702,-0.710737958,-0.34493529,-0.1414558,-0.699267801,-0.351419862,-0.099411167,-0.370875047,-0.046401717,-0.196395957,-0.624201295,-0.147956477,-0.234840096,-0.716475973,-0.192112161,-0.21374882,-0.759765676,-0.231691104,-0.186893221,166.9639366,170.6023135,124.7744037,97.59526216,124.8857194,81.55474369,128.6010369,115.696228,159.9744232,159.4131677,ATTACK
0,0,0,-0.09629928,-0.17587775,0.033759358,-0.116381063,-0.367033486,0.044686581,-0.09835099,-0.53594711,0.048231706,-0.118681448,-0.649674447,0.049841026,-0.057416928,-0.518741563,0.007451853,0.038626994,-0.72932991,-0.006954051,0.091195511,-0.852523559,-0.011101825,0.122959657,-0.947066724,-0.012888353,0.021167312,-0.499743239,-0.021131221,0.106173996,-0.733758529,-0.029186402,0.151493663,-0.87192412,-0.032351841,0.179469985,-0.983113785,-0.035746475,0.103077888,-0.452587593,-0.047416087,0.168816206,-0.687163767,-0.055456395,0.202592248,-0.821385995,-0.062544546,0.217523859,-0.928989966,-0.068644903,0.186074557,-0.383160469,-0.070715286,0.233004212,-0.57336452,-0.084049751,0.251078898,-0.686832545,-0.090725317,0.259972468,-0.787995107,-0.093285696,167.7365307,163.7604265,177.6723753,175.3634419,178.0394369,175.8998905,178.0877075,173.7507635,175.13743,175.5161011,0,0,0,-0.077941621,-0.299061624,0.025768674,-0.253122859,-0.549125994,0.006950099,-0.432527608,-0.710872777,-0.018157602,-0.53556096,-0.843219729,-0.046421406,-0.293553847,-0.631466543,-0.089483691,-0.623953117,-0.691323643,-0.132329618,-0.66868317,-0.613972499,-0.129383794,-0.637224801,-0.575080035,-0.120977917,-0.322560629,-0.461300498,-0.127972491,-0.651854664,-0.506184124,-0.159180862,-0.67927496,-0.451158094,-0.133161788,-0.636724333,-0.433399772,-0.119579046,-0.351433711,-0.265095166,-0.160981128,-0.658573123,-0.345321168,-0.194914264,-0.707404321,-0.316266754,-0.15525918,-0.691212446,-0.306560761,-0.128966025,-0.377613103,-0.05892137,-0.189112132,-0.617161073,-0.154121173,-0.225884011,-0.704173534,-0.186946426,-0.214820415,-0.750044136,-0.220713321,-0.201106366,166.8626603,169.3744188,109.3392887,111.0081352,104.9452611,92.92594274,120.77998,103.7702541,165.0462102,163.1263741,ATTACK
0,0,0,-0.097820803,-0.172908302,0.031080304,-0.118479601,-0.368082825,0.040497057,-0.098768508,-0.540833596,0.04317719,-0.120363889,-0.657332688,0.043910663,-0.052757937,-0.518455681,0.002177809,0.042852007,-0.730434166,-0.014058056,0.095921816,-0.854615273,-0.018572772,0.128109149,-0.94897299,-0.02005263,0.028531031,-0.497059511,-0.024745473,0.11654406,-0.732900228,-0.034908422,0.161914543,-0.87178236,-0.037047064,0.188019354,-0.981394687,-0.038899766,0.111066424,-0.448319938,-0.049402179,0.178137987,-0.685063779,-0.059350238,0.210869767,-0.818659944,-0.065058544,0.223385462,-0.923291116,-0.069282587,0.193822497,-0.378334184,-0.071198298,0.242434226,-0.572390899,-0.085738781,0.260889515,-0.687451317,-0.091871807,0.268815129,-0.789333421,-0.09343098,167.308713,162.973175,177.5789782,175.5257483,177.1662014,175.2684199,177.8915282,173.0343404,174.8997378,174.8336751,0,0,0,-0.07665033,-0.297226241,0.030093639,-0.244559845,-0.546319548,0.014203854,-0.41853937,-0.713407475,-0.009563917,-0.525918724,-0.849731867,-0.036949288,-0.286072547,-0.624228061,-0.079370509,-0.608692134,-0.695428437,-0.122117123,-0.656568353,-0.619658948,-0.12008624,-0.627848612,-0.579557774,-0.111741684,-0.316286186,-0.461035633,-0.120018439,-0.639051468,-0.520688858,-0.151864001,-0.671092231,-0.466359101,-0.126265766,-0.630070007,-0.443716372,-0.111081765,-0.346032952,-0.271517251,-0.155485651,-0.64735378,-0.357074485,-0.188529316,-0.696857058,-0.328310792,-0.147255432,-0.679286127,-0.317414465,-0.11870204,-0.374103334,-0.070352906,-0.186145093,-0.612222338,-0.166575798,-0.221244059,-0.697797805,-0.20153436,-0.208790549,-0.74195108,-0.239893711,-0.19358447,167.5757749,171.4341767,109.4876497,112.0008939,106.258909,95.20927893,119.9266014,104.475922,164.5272658,160.3295665,ATTACK
0,0,0,-0.097120535,-0.182530011,0.042296585,-0.118501093,-0.374342797,0.05748938,-0.102767204,-0.542512264,0.06370552,-0.120490188,-0.657312446,0.067370048,-0.049146021,-0.521348292,0.017606411,0.046209228,-0.72751801,0.006654464,0.098674352,-0.8497786,0.005295461,0.129631616,-0.942401853,0.005885049,0.033063127,-0.501383915,-0.013187014,0.119501559,-0.734638342,-0.019843761,0.164034984,-0.872415534,-0.019905654,0.190523205,-0.981478611,-0.020016116,0.116082339,-0.452201378,-0.041130502,0.185268577,-0.687720973,-0.048315238,0.218961096,-0.82102832,-0.05227821,0.232655732,-0.927398777,-0.054999631,0.199371907,-0.379816318,-0.06520912,0.253991348,-0.573644281,-0.075642117,0.275068747,-0.684863832,-0.078003395,0.284762924,-0.783098292,-0.076933277,168.0624162,165.8728388,177.2545852,175.124893,177.1056431,175.6980121,177.7575906,173.1251858,174.6642924,174.5527549,0,0,0,-0.067762085,-0.30281122,0.026336694,-0.229476731,-0.55631229,0.011874594,-0.40640511,-0.72143982,-0.009269665,-0.51113492,-0.85878424,-0.035081667,-0.278244643,-0.628725075,-0.071387457,-0.594078317,-0.702214063,-0.111768494,-0.665915285,-0.638191229,-0.112298872,-0.657476867,-0.598945712,-0.105326349,-0.312022135,-0.462198448,-0.107516449,-0.626360108,-0.519597158,-0.133988123,-0.685374777,-0.48458731,-0.11157296,-0.669737576,-0.467713451,-0.098861118,-0.344025364,-0.273701465,-0.139285138,-0.633922974,-0.355902801,-0.167535313,-0.704947082,-0.349596774,-0.131731773,-0.708197858,-0.351942883,-0.107111715,-0.3726478,-0.076741913,-0.166581167,-0.600986131,-0.172868549,-0.196802152,-0.690448612,-0.212001748,-0.183963559,-0.739652729,-0.252020919,-0.168420739,165.4108849,169.780461,124.9280189,119.0264466,133.5482212,88.57687811,142.1144595,123.4572184,165.515764,163.5074774,ATTACK
0,0,0,-0.099011066,-0.188438413,0.052647567,-0.121752087,-0.37683149,0.07215167,-0.105097231,-0.547773608,0.081414151,-0.12011264,-0.665473568,0.087353887,-0.056049429,-0.521085777,0.024362317,0.044783534,-0.730213019,0.019118453,0.097472824,-0.85166159,0.022582643,0.128958733,-0.944743214,0.026198276,0.029081855,-0.502610327,-0.008379273,0.118899479,-0.738705645,-0.009135193,0.162106757,-0.874917916,-0.005295412,0.188653462,-0.982036848,-0.003674356,0.114779046,-0.453753803,-0.036965027,0.186947615,-0.690350333,-0.03700375,0.218505039,-0.820845703,-0.03791652,0.231021407,-0.924862123,-0.04061894,0.200080042,-0.382867403,-0.060771977,0.253432132,-0.5765698,-0.065474084,0.272709903,-0.685614543,-0.06598265,0.281523799,-0.783603224,-0.06486815,167.2743588,167.1685216,176.3534506,175.1587096,176.3132591,176.2078273,176.5729396,173.1530272,174.4918165,174.9874953,0,0,0,-0.073058754,-0.297909692,0.024411722,-0.242904547,-0.546372155,0.005836784,-0.419855158,-0.710849176,-0.019553908,-0.522273342,-0.851376541,-0.048872712,-0.284793415,-0.623041529,-0.084415027,-0.616893232,-0.696357931,-0.132229571,-0.672092752,-0.617449024,-0.1356341,-0.645391134,-0.571883731,-0.130094882,-0.314848681,-0.4551923,-0.122154688,-0.64855513,-0.511556384,-0.155179353,-0.690217059,-0.462064779,-0.132112252,-0.656498192,-0.44092597,-0.119534103,-0.344886061,-0.261677614,-0.15557712,-0.653507648,-0.346625145,-0.189027287,-0.708468755,-0.326883576,-0.149521624,-0.694109962,-0.320323245,-0.12241105,-0.373007023,-0.058745349,-0.184673101,-0.613893915,-0.160588505,-0.21918052,-0.699845886,-0.199139249,-0.205770888,-0.742100727,-0.23667138,-0.189909948,167.0606836,168.5109882,112.5820671,114.259433,116.3074134,88.63188285,127.9737619,100.715039,164.3166295,161.3037679,ATTACK
0,0,0,-0.099011066,-0.188438413,0.052647567,-0.121752087,-0.37683149,0.07215167,-0.105097231,-0.547773608,0.081414151,-0.12011264,-0.665473568,0.087353887,-0.056049429,-0.521085777,0.024362317,0.044783534,-0.730213019,0.019118453,0.097472824,-0.85166159,0.022582643,0.128958733,-0.944743214,0.026198276,0.029081855,-0.502610327,-0.008379273,0.118899479,-0.738705645,-0.009135193,0.162106757,-0.874917916,-0.005295412,0.188653462,-0.982036848,-0.003674356,0.114779046,-0.453753803,-0.036965027,0.186947615,-0.690350333,-0.03700375,0.218505039,-0.820845703,-0.03791652,0.231021407,-0.924862123,-0.04061894,0.200080042,-0.382867403,-0.060771977,0.253432132,-0.5765698,-0.065474084,0.272709903,-0.685614543,-0.06598265,0.281523799,-0.783603224,-0.06486815,167.2743588,167.1685216,176.3534506,175.1587096,176.3132591,176.2078273,176.5729396,173.1530272,174.4918165,174.9874953,0,0,0,-0.073058754,-0.297909692,0.024411722,-0.242904547,-0.546372155,0.005836784,-0.419855158,-0.710849176,-0.019553908,-0.522273342,-0.851376541,-0.048872712,-0.284793415,-0.623041529,-0.084415027,-0.616893232,-0.696357931,-0.132229571,-0.672092752,-0.617449024,-0.1356341,-0.645391134,-0.571883731,-0.130094882,-0.314848681,-0.4551923,-0.122154688,-0.64855513,-0.511556384,-0.155179353,-0.690217059,-0.462064779,-0.132112252,-0.656498192,-0.44092597,-0.119534103,-0.344886061,-0.261677614,-0.15557712,-0.653507648,-0.346625145,-0.189027287,-0.708468755,-0.326883576,-0.149521624,-0.694109962,-0.320323245,-0.12241105,-0.373007023,-0.058745349,-0.184673101,-0.613893915,-0.160588505,-0.21918052,-0.699845886,-0.199139249,-0.205770888,-0.742100727,-0.23667138,-0.189909948,167.0606836,168.5109882,112.5820671,114.259433,116.3074134,88.63188285,127.9737619,100.715039,164.3166295,161.3037679,ATTACK
0,0,0,-0.101309232,-0.188137294,0.047016009,-0.124723427,-0.381874424,0.064889155,-0.108247796,-0.554528117,0.072964406,-0.122536032,-0.674811837,0.077895643,-0.052074464,-0.526240188,0.025060953,0.046892904,-0.730688246,0.018994385,0.099167975,-0.84758224,0.020339225,0.130906812,-0.938153437,0.021838761,0.033687159,-0.507567671,-0.006379744,0.120940564,-0.741284483,-0.00720755,0.163068266,-0.875768301,-0.005305958,0.187897514,-0.982171813,-0.005749235,0.118284211,-0.45735743,-0.034689001,0.189516506,-0.693446393,-0.035712828,0.221702998,-0.822759251,-0.038425985,0.23410379,-0.926553407,-0.042822589,0.202890652,-0.384881007,-0.058895819,0.254781268,-0.577009545,-0.065821839,0.274330419,-0.686399398,-0.068237479,0.283178638,-0.783747674,-0.068773488,167.4141197,167.7692647,177.2020492,175.1671421,176.7362279,175.5834835,176.9954879,172.7067698,174.9338056,174.9323033,0,0,0,-0.07838088,-0.291072612,0.024765132,-0.250666138,-0.540394547,0.009751008,-0.423910927,-0.708177352,-0.012866272,-0.530001447,-0.847138175,-0.038149423,-0.28948034,-0.626752665,-0.071860085,-0.614009194,-0.690236669,-0.116944216,-0.661083764,-0.59929159,-0.120342824,-0.62828937,-0.553103784,-0.116405245,-0.316197043,-0.471145418,-0.108813919,-0.642104168,-0.517527875,-0.14235775,-0.676043483,-0.446923463,-0.121834794,-0.636986339,-0.414971346,-0.111748938,-0.345029939,-0.28603615,-0.142236672,-0.649119229,-0.363476352,-0.17836377,-0.696348594,-0.317054369,-0.144906401,-0.677162936,-0.290987111,-0.122460796,-0.372145206,-0.086537059,-0.171080039,-0.609476146,-0.177520672,-0.207504024,-0.695559238,-0.203837157,-0.200485469,-0.741148536,-0.233086148,-0.19046253,168.466482,171.0119191,106.4020235,117.0179025,105.3584244,105.8357359,114.0672355,111.155788,166.7574682,163.2991898,ATTACK
0,0,0,-0.101838621,-0.187447356,0.04809469,-0.123438365,-0.386667713,0.068182659,-0.105759722,-0.561975183,0.079499261,-0.124616604,-0.678123898,0.087980212,-0.047593037,-0.532327469,0.023045509,0.050403881,-0.738448972,0.018106489,0.103618405,-0.853395305,0.02064898,0.136502136,-0.942976962,0.023277882,0.0394389,-0.511445841,-0.006472035,0.124210322,-0.744084399,-0.005430919,0.166213489,-0.875245768,-0.00087891,0.19256993,-0.981283079,0.000583453,0.124365885,-0.460544157,-0.032258255,0.192068694,-0.693184837,-0.031696801,0.223219713,-0.821062611,-0.032048497,0.235373844,-0.923624803,-0.034519773,0.208549298,-0.387964746,-0.053765267,0.258388303,-0.579278656,-0.058664187,0.276956586,-0.687878214,-0.059296763,0.284596556,-0.783617142,-0.058434599,167.9098139,165.0378971,177.4847047,175.2540503,177.1530983,175.9931452,177.3979538,172.935201,174.9506021,174.7499499,0,0,0,-0.079548116,-0.292887509,0.030114314,-0.253767634,-0.539193966,0.01613195,-0.42075787,-0.70958177,-0.006951756,-0.525467983,-0.850192394,-0.032500663,-0.291899976,-0.627502895,-0.069874808,-0.613128494,-0.682962685,-0.113333163,-0.648397386,-0.591991073,-0.114153713,-0.607207249,-0.549623176,-0.108463993,-0.317147286,-0.473489098,-0.109915276,-0.639211485,-0.518254513,-0.143052216,-0.659210509,-0.447086098,-0.119252185,-0.608593682,-0.418938115,-0.106278905,-0.344333429,-0.289460131,-0.145573906,-0.648679679,-0.366046471,-0.180707684,-0.683293729,-0.317772811,-0.141704652,-0.65432423,-0.292877792,-0.11519714,-0.370388421,-0.090184353,-0.176462124,-0.611375112,-0.178555374,-0.213006771,-0.692820721,-0.204184785,-0.202866154,-0.733887498,-0.232615555,-0.189597189,170.4185435,171.8050243,101.3578093,114.4403025,95.57557638,106.3752378,104.0994429,111.9064121,164.8693209,161.2259369,ATTACK
0,0,0,-0.107977702,-0.18564772,0.036352451,-0.127883256,-0.393288933,0.053762318,-0.10749083,-0.573890935,0.065109113,-0.123866152,-0.69069478,0.073787082,-0.044975883,-0.534268905,0.010919074,0.055583163,-0.743866308,0.004809144,0.108177426,-0.861279255,0.008010658,0.138550729,-0.952014868,0.011198307,0.048719761,-0.510532458,-0.010618529,0.13467551,-0.749605277,-0.008925574,0.174473719,-0.878345268,-0.001262046,0.197965194,-0.980206051,0.00242494,0.136958056,-0.456553946,-0.029297715,0.203059027,-0.693876032,-0.028658634,0.232964806,-0.818534119,-0.027278705,0.243505034,-0.917284694,-0.028588869,0.220421606,-0.383323309,-0.044612383,0.263424919,-0.575605736,-0.050205295,0.277781708,-0.685181946,-0.05170883,0.281856856,-0.781694814,-0.051545134,168.0439565,165.5860079,176.6661487,174.323609,176.0951589,175.5910616,177.8123083,172.4493538,174.7594476,174.8355387,0,0,0,-0.087853654,-0.316764263,0.044725673,-0.248849546,-0.565369382,0.035143709,-0.413681927,-0.725084259,0.012195535,-0.533162802,-0.8457363,-0.021622597,-0.298369611,-0.654257101,-0.043841274,-0.606374012,-0.703641242,-0.092460114,-0.701752774,-0.653064739,-0.113529319,-0.726205968,-0.646067345,-0.122620254,-0.327771582,-0.499204014,-0.094497702,-0.631755459,-0.559006021,-0.12515596,-0.726370322,-0.524808692,-0.119840573,-0.747655881,-0.51653247,-0.121270772,-0.356283991,-0.316497294,-0.13961789,-0.646343735,-0.395725327,-0.172246668,-0.724912671,-0.370173302,-0.143129319,-0.731780533,-0.36494006,-0.124729358,-0.386888754,-0.115589883,-0.179391519,-0.623610114,-0.20945565,-0.212870599,-0.710514319,-0.235567688,-0.195934753,-0.754966337,-0.269279694,-0.177989655,166.4817814,174.2913324,143.4640983,165.5470894,147.8376303,173.1058348,138.402658,132.7529159,161.2758404,158.8831552,ATTACK
0,0,0,-0.110617684,-0.182617029,0.028697058,-0.132230507,-0.388494768,0.042136835,-0.11033425,-0.570106625,0.050724157,-0.124932676,-0.68892444,0.057047985,-0.044477505,-0.537519315,0.00499923,0.05632297,-0.744227396,-0.003659619,0.110105578,-0.859190041,-0.001750099,0.141984867,-0.947661454,0.000763642,0.052279253,-0.509314021,-0.013489282,0.137690267,-0.748995307,-0.015044776,0.177219299,-0.87759256,-0.008059917,0.202307743,-0.97931289,-0.004223885,0.140428284,-0.452646918,-0.029914631,0.205080461,-0.691489265,-0.033087408,0.234995775,-0.816053651,-0.03180186,0.246386046,-0.915421757,-0.032241242,0.222198878,-0.377962373,-0.043591203,0.261903252,-0.571345177,-0.051870097,0.275293835,-0.680687562,-0.053656352,0.279220555,-0.77790586,-0.053092037,167.1028691,166.1230325,176.8001174,174.6639695,175.7960156,176.5983409,177.8370926,172.9575216,175.1198674,175.1189997,0,0,0,-0.090907319,-0.320920134,0.04619676,-0.255796241,-0.565125815,0.036105288,-0.419890724,-0.724846316,0.012152822,-0.535173697,-0.844487375,-0.020740947,-0.298524152,-0.652400324,-0.057396575,-0.612849832,-0.710935851,-0.110668313,-0.680226666,-0.634895943,-0.12879187,-0.676395162,-0.611618265,-0.135103597,-0.325398113,-0.497776206,-0.10974932,-0.638099403,-0.555962031,-0.148579736,-0.697810524,-0.497955792,-0.140211247,-0.685093071,-0.477269596,-0.137849173,-0.351351824,-0.310988122,-0.155701068,-0.649821863,-0.392500326,-0.19596611,-0.703701009,-0.34601092,-0.163335962,-0.686935602,-0.327792761,-0.140606226,-0.377881156,-0.104432232,-0.195648537,-0.619117075,-0.200828081,-0.234593709,-0.707935651,-0.227318351,-0.219160886,-0.752925126,-0.261793259,-0.201301307,167.6055309,174.4321057,121.9296921,130.1737191,123.9451643,103.0288419,116.7045318,105.0933785,161.2829223,158.1861477,ATTACK
0,0,0,-0.10684944,-0.188521374,0.0406819,-0.12706628,-0.393638036,0.059313053,-0.105464861,-0.575975654,0.071301115,-0.119465893,-0.691754047,0.080736529,-0.051029125,-0.537207339,0.012342124,0.054683037,-0.749650155,0.00632137,0.111124626,-0.867398355,0.011685528,0.144336397,-0.956750397,0.016954936,0.045070653,-0.511347937,-0.01018371,0.137727877,-0.754940863,-0.008575082,0.181546766,-0.881023264,0.001709389,0.209657991,-0.977741909,0.008017886,0.136037627,-0.456116537,-0.029434439,0.206249741,-0.700201095,-0.028477897,0.2386894,-0.823895785,-0.024773189,0.250787698,-0.919225244,-0.023811854,0.22099923,-0.38278761,-0.044886201,0.265579786,-0.579513545,-0.049100608,0.280017665,-0.688359314,-0.048952807,0.283404923,-0.784121779,-0.047079216,167.5608157,166.344668,176.0674286,174.6843753,175.5921861,176.8736095,177.9557417,172.4333594,174.6051198,174.333845,0,0,0,-0.095942748,-0.334296975,0.055268774,-0.263459886,-0.581350579,0.04868477,-0.430454486,-0.736083142,0.025648057,-0.549746993,-0.835301155,-0.007086867,-0.311622857,-0.687641833,-0.042756612,-0.625461273,-0.753518823,-0.097116823,-0.711299192,-0.687369765,-0.117651281,-0.722912412,-0.665655548,-0.125018187,-0.337995321,-0.536814018,-0.100406076,-0.657480276,-0.595591292,-0.138655935,-0.720408413,-0.528433389,-0.128036494,-0.709896702,-0.503230015,-0.122380212,-0.364134036,-0.346430468,-0.151943909,-0.671128257,-0.427382663,-0.190666099,-0.726629047,-0.373180727,-0.155102322,-0.710195593,-0.351710012,-0.129687048,-0.391341167,-0.132385031,-0.1972465,-0.641316452,-0.230376474,-0.234666602,-0.732354664,-0.253359237,-0.216583128,-0.777799221,-0.283845464,-0.19588627,166.2138318,173.1283937,131.3401184,155.6987364,121.3150007,114.9760521,114.3925232,111.3960966,159.821735,158.6735956,ATTACK
0,0,0,-0.106017002,-0.187631858,0.040094104,-0.129052332,-0.395296889,0.057654515,-0.110126781,-0.577107448,0.069009043,-0.124510803,-0.694797088,0.077718786,-0.051876271,-0.53725836,0.006262868,0.053572719,-0.748954325,-5.87E-05,0.110942503,-0.866633507,0.006269091,0.144136013,-0.956040938,0.012543687,0.043638873,-0.511424804,-0.016359752,0.138093559,-0.753041446,-0.016268001,0.181980758,-0.880422552,-0.005829565,0.207892953,-0.97815125,0.000807262,0.134122604,-0.456555194,-0.035273146,0.207024224,-0.696724123,-0.035331357,0.24099675,-0.821571324,-0.032229786,0.252982204,-0.918054857,-0.031529384,0.218486574,-0.384236453,-0.050202258,0.270249449,-0.576848869,-0.055227437,0.288856646,-0.684290924,-0.055425023,0.294639906,-0.77870265,-0.053706545,167.6876524,167.0906633,175.6432451,174.2640355,174.982794,175.7494608,177.7747765,171.7788305,174.5847017,173.5430965,0,0,0,-0.089834856,-0.328450075,0.047228534,-0.248862095,-0.577213871,0.038209142,-0.413875902,-0.737270619,0.015387316,-0.530179872,-0.847747438,-0.015283492,-0.292906545,-0.659875269,-0.05300723,-0.601284928,-0.717142731,-0.105763009,-0.653141356,-0.632482925,-0.122715551,-0.634855006,-0.601849596,-0.127136528,-0.318740704,-0.50331875,-0.104545963,-0.631627604,-0.558336368,-0.141745299,-0.680265118,-0.489734289,-0.129456308,-0.656521555,-0.463480109,-0.123180456,-0.345279425,-0.316319898,-0.150209081,-0.644274743,-0.395006039,-0.187065526,-0.694946828,-0.347317222,-0.150826283,-0.673742403,-0.329187743,-0.12533633,-0.372811663,-0.110940641,-0.190063351,-0.616083782,-0.208109052,-0.224164652,-0.703617522,-0.237430707,-0.205561674,-0.745856936,-0.273739238,-0.185298328,166.1687942,174.7737544,112.0707239,118.3577707,113.8361917,103.6924017,114.3236575,103.9290286,160.89954,157.0076075,ATTACK
0,0,0,-0.10819297,-0.184412048,0.042235763,-0.133057527,-0.391659403,0.059906275,-0.113841875,-0.5763532,0.070831935,-0.128007327,-0.698966251,0.079212116,-0.051747926,-0.536653052,0.008442192,0.050944331,-0.751814872,0.002845209,0.107417827,-0.870315998,0.010293726,0.141623505,-0.960411717,0.017314233,0.043085132,-0.512800971,-0.014851326,0.134233854,-0.756242624,-0.015952375,0.178144481,-0.882165333,-0.004649269,0.206988224,-0.978337954,0.003274623,0.133533421,-0.457750345,-0.034297878,0.203379826,-0.696818999,-0.034368497,0.238302824,-0.822279222,-0.029504855,0.253572962,-0.919654369,-0.027343784,0.218787922,-0.382338034,-0.049617399,0.267775871,-0.574515331,-0.052118481,0.285427932,-0.682242437,-0.049707109,0.292341383,-0.776225437,-0.046364166,167.1587347,167.472755,175.3786395,175.1872708,174.724773,177.381301,177.6671682,173.2721473,174.5946318,174.8033437,0,0,0,-0.088694522,-0.34075288,0.053420909,-0.246346468,-0.594273948,0.042791507,-0.419313257,-0.750454389,0.017919337,-0.539763521,-0.84168491,-0.014894765,-0.300389378,-0.684609711,-0.06116893,-0.620452181,-0.746829272,-0.10996145,-0.662351213,-0.656850217,-0.121303208,-0.635809941,-0.623969476,-0.122144133,-0.331767304,-0.522142393,-0.11606971,-0.654287659,-0.57939426,-0.148074282,-0.683699123,-0.500212811,-0.128262276,-0.642661605,-0.470518339,-0.118037646,-0.362755808,-0.328713834,-0.163192402,-0.667197014,-0.412239795,-0.193596727,-0.702597924,-0.352289405,-0.15160932,-0.668906325,-0.325585434,-0.124782423,-0.393711596,-0.115405353,-0.203909203,-0.645822018,-0.220453707,-0.232720724,-0.72141089,-0.235914364,-0.208369715,-0.750482532,-0.258252365,-0.185296577,163.4858987,172.1182391,104.7122302,116.0718238,98.69772245,107.4789152,100.0349055,111.863898,154.0388588,152.3351517,ATTACK
0,0,0,-0.106474506,-0.188347486,0.057337894,-0.130520217,-0.393958045,0.080773032,-0.110024615,-0.5810338,0.096085534,-0.127722467,-0.704381419,0.108842206,-0.047613235,-0.531042855,0.018905757,0.054667624,-0.742206617,0.020355,0.108480124,-0.859172358,0.033687192,0.140642288,-0.94903152,0.044542701,0.045270858,-0.507226193,-0.009358109,0.135754629,-0.751798211,-0.007504508,0.1773818,-0.879908214,0.007922336,0.204161362,-0.978745413,0.019379245,0.133446271,-0.453106309,-0.03188173,0.204898881,-0.695049663,-0.027928747,0.237398411,-0.823086682,-0.019206382,0.249874065,-0.923435614,-0.014212487,0.216801559,-0.377381414,-0.048569981,0.269679996,-0.577462088,-0.04639845,0.287237329,-0.68690868,-0.040157673,0.292913183,-0.78126438,-0.034075384,167.0040818,165.5841697,174.3036663,174.9435384,173.4385836,177.1071211,176.3354684,172.7665846,173.713903,174.2823887,0,0,0,-0.089228906,-0.324012741,0.050039187,-0.242174882,-0.578633516,0.038955906,-0.409052305,-0.737982902,0.014314533,-0.533735686,-0.845413732,-0.020045923,-0.288600969,-0.66604088,-0.063560234,-0.611177179,-0.724007727,-0.115518119,-0.689808209,-0.652405621,-0.132046276,-0.695132769,-0.621371596,-0.135871926,-0.316223361,-0.501594115,-0.118495313,-0.639854507,-0.556476434,-0.151434556,-0.70210635,-0.490782553,-0.136091217,-0.688689047,-0.459497776,-0.129205743,-0.344623289,-0.306965678,-0.166534701,-0.653794837,-0.386098384,-0.196995479,-0.712797489,-0.337257523,-0.158527385,-0.697601006,-0.314809206,-0.134333174,-0.374499719,-0.093084992,-0.208931711,-0.627011475,-0.19430321,-0.239849925,-0.720506246,-0.219044511,-0.219623576,-0.764616803,-0.247641728,-0.199906867,164.2002155,173.5811811,128.1707325,142.3647573,121.9705703,114.5641596,118.7200737,111.2788701,160.4035384,160.5104124,ATTACK
0,0,0,-0.106474506,-0.188347486,0.057337894,-0.130520217,-0.393958045,0.080773032,-0.110024615,-0.5810338,0.096085534,-0.127722467,-0.704381419,0.108842206,-0.047613235,-0.531042855,0.018905757,0.054667624,-0.742206617,0.020355,0.108480124,-0.859172358,0.033687192,0.140642288,-0.94903152,0.044542701,0.045270858,-0.507226193,-0.009358109,0.135754629,-0.751798211,-0.007504508,0.1773818,-0.879908214,0.007922336,0.204161362,-0.978745413,0.019379245,0.133446271,-0.453106309,-0.03188173,0.204898881,-0.695049663,-0.027928747,0.237398411,-0.823086682,-0.019206382,0.249874065,-0.923435614,-0.014212487,0.216801559,-0.377381414,-0.048569981,0.269679996,-0.577462088,-0.04639845,0.287237329,-0.68690868,-0.040157673,0.292913183,-0.78126438,-0.034075384,167.0040818,165.5841697,174.3036663,174.9435384,173.4385836,177.1071211,176.3354684,172.7665846,173.713903,174.2823887,0,0,0,-0.089228906,-0.324012741,0.050039187,-0.242174882,-0.578633516,0.038955906,-0.409052305,-0.737982902,0.014314533,-0.533735686,-0.845413732,-0.020045923,-0.288600969,-0.66604088,-0.063560234,-0.611177179,-0.724007727,-0.115518119,-0.689808209,-0.652405621,-0.132046276,-0.695132769,-0.621371596,-0.135871926,-0.316223361,-0.501594115,-0.118495313,-0.639854507,-0.556476434,-0.151434556,-0.70210635,-0.490782553,-0.136091217,-0.688689047,-0.459497776,-0.129205743,-0.344623289,-0.306965678,-0.166534701,-0.653794837,-0.386098384,-0.196995479,-0.712797489,-0.337257523,-0.158527385,-0.697601006,-0.314809206,-0.134333174,-0.374499719,-0.093084992,-0.208931711,-0.627011475,-0.19430321,-0.239849925,-0.720506246,-0.219044511,-0.219623576,-0.764616803,-0.247641728,-0.199906867,164.2002155,173.5811811,128.1707325,142.3647573,121.9705703,114.5641596,118.7200737,111.2788701,160.4035384,160.5104124,ATTACK
0,0,0,-0.107322493,-0.188837406,0.040199257,-0.127680432,-0.397274264,0.058875108,-0.105508378,-0.583068024,0.071666621,-0.124237503,-0.700533606,0.082085448,-0.0425187,-0.534908588,0.011814065,0.054916564,-0.751058556,0.00672681,0.107829217,-0.869747473,0.012693993,0.140520756,-0.95889544,0.018666664,0.0519057,-0.508294647,-0.009050295,0.135885674,-0.752551345,-0.008565538,0.176667118,-0.880480442,0.002215641,0.203567104,-0.979011711,0.00982369,0.140404219,-0.453965264,-0.026421292,0.205117861,-0.69358678,-0.026214523,0.236111123,-0.820323625,-0.022309504,0.247265263,-0.919803078,-0.02014649,0.22348918,-0.381188803,-0.039788692,0.269557751,-0.575544811,-0.042928299,0.284075064,-0.682666013,-0.041007371,0.287059243,-0.776379999,-0.037480887,167.5893639,164.1369236,176.1007144,175.9475707,175.3081477,177.4966975,177.7831118,172.6164957,174.0383569,173.9636137,0,0,0,-0.086114943,-0.321375872,0.043939859,-0.236928443,-0.576822078,0.034299848,-0.403862094,-0.73815315,0.011236296,-0.528431595,-0.848764448,-0.018946245,-0.291231222,-0.664704401,-0.05485958,-0.609869401,-0.713509527,-0.106973535,-0.658028438,-0.619368077,-0.12338062,-0.632668383,-0.584318218,-0.127005577,-0.318453968,-0.506774317,-0.104448593,-0.637386007,-0.547674225,-0.140159311,-0.682539976,-0.47510166,-0.12881183,-0.655745706,-0.451593162,-0.124073172,-0.344773877,-0.321147632,-0.148468734,-0.646136031,-0.392349411,-0.184209079,-0.693979278,-0.341612263,-0.151125603,-0.672184685,-0.324771461,-0.128703003,-0.372011131,-0.119392024,-0.186970473,-0.613422717,-0.216584258,-0.220895223,-0.697768087,-0.240261279,-0.203941399,-0.737112492,-0.271006471,-0.185196029,164.1418449,174.7813906,109.3969766,117.392452,113.2842657,100.2151266,113.5735094,101.6467771,160.5825326,156.4732244,ATTACK
0,0,0,-0.107811368,-0.184716254,0.029570155,-0.129512658,-0.391667208,0.042845912,-0.1066569,-0.57442272,0.051561108,-0.120844783,-0.696620209,0.058528193,-0.044632578,-0.533024756,-0.000969849,0.053022779,-0.747818979,-0.0128079,0.107496631,-0.867241738,-0.010956142,0.14119467,-0.957244451,-0.007332092,0.051693313,-0.505595302,-0.01909246,0.136714233,-0.749981966,-0.024679817,0.178673554,-0.87852427,-0.017062691,0.20676684,-0.978321677,-0.011583165,0.140806409,-0.451353144,-0.034635344,0.205233927,-0.688604646,-0.039936508,0.236509738,-0.814142028,-0.037851977,0.248018955,-0.912204579,-0.036387941,0.223384866,-0.379237321,-0.047284151,0.267273175,-0.569980047,-0.054647618,0.281762272,-0.678355476,-0.05500005,0.284814474,-0.773407195,-0.052785043,166.8634196,166.2464556,176.283554,175.7387931,175.3773024,177.5610716,177.4768976,172.6780385,174.2794375,173.992246,0,0,0,-0.087822652,-0.31648933,0.04218225,-0.247893892,-0.565536254,0.028191493,-0.41409881,-0.72251924,0.001143268,-0.529421588,-0.84758884,-0.036137795,-0.286749706,-0.652161552,-0.061674924,-0.609608931,-0.710834542,-0.119063851,-0.697967097,-0.645765097,-0.141625962,-0.707982838,-0.622068349,-0.149147333,-0.312056648,-0.487999921,-0.11216146,-0.630885408,-0.544272393,-0.148458207,-0.720121877,-0.503178575,-0.139962896,-0.732794272,-0.489679669,-0.13802227,-0.337058151,-0.296973775,-0.157596806,-0.638777684,-0.375453815,-0.194304163,-0.723451493,-0.354121396,-0.164236918,-0.733256746,-0.353096184,-0.144063279,-0.364769097,-0.091788046,-0.197536565,-0.607895817,-0.192179178,-0.233904152,-0.706110365,-0.225134211,-0.218925403,-0.758811027,-0.261248544,-0.201608676,165.5592025,173.1383108,134.167026,149.828628,143.5117167,157.9442987,141.7550051,134.6865274,163.4268585,162.9642251,ATTACK
0,0,0,-0.102646917,-0.190697269,0.03609422,-0.119329818,-0.396153679,0.053304637,-0.098095801,-0.575757691,0.064600004,-0.114022412,-0.689065429,0.073517767,-0.039375706,-0.538076203,0.011850382,0.061674698,-0.751511787,0.003164648,0.114137881,-0.868262453,0.004738655,0.146201882,-0.956350779,0.007162993,0.051440525,-0.512920514,-0.009228405,0.140644474,-0.75582867,-0.010887529,0.181857913,-0.881210808,-0.003922085,0.20717009,-0.978304909,0.000243397,0.137469911,-0.460269105,-0.027866018,0.207509612,-0.699926052,-0.028032517,0.238628,-0.824121059,-0.026510823,0.251544918,-0.923453492,-0.027081793,0.218414446,-0.389117623,-0.043300424,0.264194968,-0.581708812,-0.04769795,0.278320673,-0.689334692,-0.048428638,0.283693749,-0.783738263,-0.04765749,168.5727568,165.2559751,176.9242434,175.6863428,176.0495445,176.3098686,177.6072945,173.237993,174.0138766,175.6448612,0,0,0,-0.079572375,-0.297442455,0.032044123,-0.244234685,-0.551226878,0.016238537,-0.413306042,-0.713860429,-0.01064848,-0.526671895,-0.84878483,-0.046701477,-0.282936236,-0.641597369,-0.067623829,-0.601010985,-0.699580982,-0.124760714,-0.690316333,-0.628872183,-0.147579733,-0.702946815,-0.599274949,-0.157034563,-0.30735834,-0.482469027,-0.11372281,-0.622265112,-0.528814039,-0.151883627,-0.698050926,-0.481048295,-0.143525322,-0.703337979,-0.458427203,-0.141767276,-0.331914623,-0.294754824,-0.15538044,-0.633439287,-0.361819688,-0.192692316,-0.692582747,-0.330124981,-0.15798696,-0.686398517,-0.321142172,-0.134576352,-0.359526146,-0.092814619,-0.192953606,-0.597946323,-0.184283555,-0.232944067,-0.674340975,-0.213051351,-0.21887202,-0.708447482,-0.249240549,-0.201410119,166.4304665,172.1548239,132.1737525,151.8589041,137.6940355,135.5162434,127.8159151,112.0110888,161.3008337,153.0488958,ATTACK
0,0,0,-0.100552906,-0.183919926,0.042992482,-0.124494332,-0.377168138,0.057603199,-0.107078984,-0.551845363,0.062985634,-0.122619605,-0.671790083,0.065351141,-0.055062501,-0.518003451,0.01656176,0.045161914,-0.730384717,0.007376923,0.098662226,-0.852248562,0.007885543,0.131502311,-0.945633809,0.009556215,0.02974069,-0.498208799,-0.012980027,0.119555828,-0.738691509,-0.016519847,0.163595515,-0.875837266,-0.014563442,0.189756614,-0.981732217,-0.013938493,0.114989259,-0.448380384,-0.039255653,0.185322485,-0.68993646,-0.041507207,0.218343672,-0.821357902,-0.043220106,0.232271235,-0.922908171,-0.046062924,0.200698459,-0.377202452,-0.061731796,0.250452628,-0.573420429,-0.067618092,0.269221372,-0.68337346,-0.068493325,0.278175715,-0.77965257,-0.067477782,167.0041246,166.901198,177.0436909,175.5646423,176.8593062,176.0040399,177.802256,173.6177386,175.2668728,175.4549422,0,0,0,-0.072973118,-0.295838536,0.029252592,-0.236078805,-0.551345703,0.015185772,-0.415379333,-0.718363318,-0.004888786,-0.532285592,-0.846038623,-0.029844543,-0.286317835,-0.635188956,-0.086319175,-0.617916766,-0.695139213,-0.119973604,-0.672258415,-0.603217411,-0.112443893,-0.647809104,-0.559436723,-0.103560779,-0.320790008,-0.476872667,-0.125128554,-0.644172214,-0.523582296,-0.148197078,-0.683143484,-0.457093121,-0.120954519,-0.646235339,-0.424789592,-0.108786511,-0.353688416,-0.290705832,-0.156949892,-0.657026868,-0.367096103,-0.182531249,-0.704654663,-0.327191406,-0.143320028,-0.687547563,-0.308852043,-0.121086911,-0.383017875,-0.089719024,-0.18351994,-0.62711451,-0.179218148,-0.217309334,-0.706241392,-0.196988231,-0.205268989,-0.745904363,-0.223142919,-0.192392961,165.4015515,174.2382686,109.7575611,120.4436751,109.3415596,104.5932238,116.7939135,108.6789458,162.468828,158.6022869,ATTACK
0,0,0,-0.10174755,-0.1861864,0.049406931,-0.125062201,-0.375737948,0.067957254,-0.105901058,-0.547705769,0.076920805,-0.1200847,-0.665955791,0.082420825,-0.056312351,-0.523795703,0.021494933,0.039543386,-0.731746633,0.013700293,0.090499987,-0.851028581,0.01471232,0.121753031,-0.942455882,0.016430544,0.029314152,-0.504083512,-0.010735032,0.116041263,-0.741884853,-0.014242155,0.157575451,-0.877307698,-0.012257117,0.181475988,-0.983323739,-0.011869688,0.112544805,-0.454150103,-0.039189925,0.183542221,-0.692358179,-0.042493319,0.213854255,-0.823136515,-0.044467083,0.224648135,-0.926872832,-0.047325005,0.194519917,-0.384123671,-0.063042458,0.245496566,-0.582132701,-0.071080085,0.263019253,-0.693336013,-0.073000268,0.27065324,-0.79050446,-0.072508467,166.4117724,166.8028846,177.0645126,175.6568631,176.5783782,175.5726416,176.4174004,172.8292615,174.3471482,175.3167006,0,0,0,-0.080651924,-0.290903748,0.023107826,-0.2511903,-0.540823016,0.008440729,-0.426877502,-0.708489988,-0.012449175,-0.531102117,-0.846495215,-0.037099759,-0.298345112,-0.634189973,-0.069244429,-0.61486993,-0.689227003,-0.108143228,-0.678709901,-0.602831947,-0.109966221,-0.664483902,-0.562522078,-0.106330404,-0.325556151,-0.474119769,-0.103013767,-0.636873624,-0.508828417,-0.12887084,-0.691284323,-0.456575172,-0.110185815,-0.675530127,-0.434562864,-0.103196908,-0.353420668,-0.289002971,-0.132564182,-0.642042281,-0.347449631,-0.161102071,-0.7061282,-0.32385223,-0.131751967,-0.70844366,-0.320064981,-0.114671764,-0.379424235,-0.093516509,-0.157562223,-0.609585858,-0.173650527,-0.187838119,-0.693552966,-0.195471994,-0.178917914,-0.741593388,-0.225934007,-0.168620548,167.798216,170.2278509,116.5146036,123.8483006,126.8240924,101.2395943,137.7481388,124.2765242,166.229493,161.8057477,ATTACK
0,0,0,-0.09678563,-0.18633565,0.051568018,-0.116898126,-0.374536223,0.071646603,-0.099373786,-0.542774651,0.081995459,-0.118054325,-0.65534888,0.089744626,-0.057714948,-0.522991972,0.024398806,0.039018511,-0.736486224,0.01696204,0.09107032,-0.858418659,0.018452951,0.122473419,-0.951352909,0.021117441,0.024356894,-0.502397321,-0.008002832,0.113233467,-0.743143485,-0.010263231,0.157061606,-0.878361526,-0.007505355,0.184021861,-0.982902931,-0.006146826,0.108744016,-0.453497806,-0.036441654,0.178798246,-0.694110314,-0.037115775,0.209476125,-0.821969226,-0.037273653,0.222619131,-0.921133634,-0.038772489,0.193865899,-0.38395127,-0.060398033,0.244578067,-0.5801243,-0.063968375,0.262136193,-0.687796683,-0.063153353,0.269928488,-0.781987895,-0.060886412,167.7178777,164.6486504,177.1893579,175.419165,177.1438719,176.4303781,177.2121441,173.9736735,174.5456506,175.3241144,0,0,0,-0.077033594,-0.286936072,0.015631581,-0.245978005,-0.545437653,-0.003063957,-0.421580156,-0.710963758,-0.026212657,-0.536334689,-0.842284242,-0.053873525,-0.295298848,-0.635825764,-0.08601618,-0.627700658,-0.685624254,-0.132215749,-0.699316747,-0.609538213,-0.13524818,-0.689743054,-0.574821015,-0.129483968,-0.324127317,-0.471272906,-0.118026935,-0.650618163,-0.502213233,-0.149266687,-0.715142017,-0.464154153,-0.127837074,-0.705715735,-0.449673378,-0.116057259,-0.354163409,-0.281923579,-0.146419293,-0.655613692,-0.338199951,-0.177445926,-0.732719098,-0.335519692,-0.141961364,-0.743585073,-0.34620268,-0.118199629,-0.383321289,-0.084400064,-0.171344902,-0.620689459,-0.165799517,-0.204455671,-0.710319429,-0.20059182,-0.19275929,-0.759909237,-0.240714499,-0.177654526,166.3576058,173.4375314,124.6322476,120.5525871,138.4762284,96.88319491,147.1525496,133.5610152,165.3510772,161.3735357,ATTACK
0,0,0,-0.092077559,-0.184874703,0.053040606,-0.111802703,-0.373077263,0.072827474,-0.095803916,-0.542515274,0.08197064,-0.1137757,-0.656769844,0.087584206,-0.057021603,-0.517048524,0.023495524,0.043187182,-0.724582258,0.015365337,0.095702567,-0.845928862,0.01665774,0.126679171,-0.93921694,0.018816827,0.02333587,-0.499990452,-0.010923216,0.114548963,-0.738572986,-0.015467387,0.159733273,-0.876072123,-0.013379421,0.186032677,-0.982469029,-0.012101658,0.106552869,-0.451462921,-0.041262454,0.17982274,-0.694466476,-0.045106296,0.213086433,-0.825312461,-0.046710559,0.227598874,-0.929042296,-0.048734301,0.191083754,-0.38035594,-0.066665879,0.244664726,-0.583020808,-0.075722748,0.26391238,-0.694857097,-0.077451607,0.27364243,-0.794261791,-0.076273406,168.2858692,165.6718076,176.4585003,174.8821279,176.668342,175.6502272,177.429593,173.6581795,174.6826144,175.501827,0,0,0,-0.067232144,-0.295789165,0.015786096,-0.231317661,-0.553080892,-0.004145344,-0.4099502,-0.711360721,-0.028075852,-0.52677563,-0.847944904,-0.059134395,-0.281065805,-0.63418351,-0.087698231,-0.606576606,-0.683803438,-0.135027807,-0.697163379,-0.630039802,-0.142206404,-0.707421825,-0.602646702,-0.139409838,-0.31459146,-0.462718913,-0.120916178,-0.641878968,-0.507046516,-0.150705877,-0.729715758,-0.487936503,-0.132149826,-0.740034816,-0.480028906,-0.122307613,-0.345547133,-0.268717105,-0.150328566,-0.646516392,-0.336292435,-0.183178953,-0.742071951,-0.350966507,-0.150311758,-0.767749455,-0.371210816,-0.126923535,-0.373571489,-0.066488825,-0.175724316,-0.614523001,-0.152794849,-0.213595079,-0.708309513,-0.194884167,-0.2025342,-0.761480858,-0.240018366,-0.186421861,163.9933682,171.1418988,140.6418167,140.1354947,153.950086,145.921142,154.8363492,149.0014371,164.7611945,162.6382209,ATTACK
0,0,0,-0.094018079,-0.179328682,0.044455062,-0.116925784,-0.366966585,0.059876446,-0.10098674,-0.537245925,0.06655795,-0.120970332,-0.651930542,0.070065989,-0.060927485,-0.511164212,0.010501107,0.035867925,-0.727927614,-0.000862633,0.088424873,-0.853133046,9.27E-05,0.120505538,-0.948166081,0.002468491,0.019984085,-0.492398943,-0.021110443,0.108743235,-0.736780886,-0.030037134,0.1549153,-0.875316204,-0.029111528,0.183880216,-0.982547305,-0.02808663,0.103509346,-0.443580459,-0.048937312,0.173454136,-0.690311117,-0.057507306,0.206839576,-0.823288421,-0.06053325,0.222109276,-0.927699261,-0.062553977,0.187930186,-0.372541061,-0.072346295,0.239241013,-0.578614491,-0.084608578,0.258140545,-0.692846439,-0.087621399,0.267745866,-0.793813365,-0.086932691,167.4683744,164.7585416,176.5645811,175.7296214,177.1726463,176.6278366,178.084578,174.1943272,175.0415169,175.5713751,0,0,0,-0.068678872,-0.294922739,0.02449483,-0.236039962,-0.545952698,0.010719153,-0.410065074,-0.705012137,-0.00961822,-0.520192689,-0.853185783,-0.038387305,-0.280023874,-0.627876429,-0.064601725,-0.586125262,-0.682178583,-0.109981637,-0.6916682,-0.646331083,-0.121847012,-0.721046753,-0.628508843,-0.123010309,-0.307001038,-0.461435908,-0.101856291,-0.614772323,-0.511453862,-0.129455572,-0.730499235,-0.509205224,-0.120131619,-0.775264747,-0.509817693,-0.117238284,-0.334755259,-0.272320584,-0.135780523,-0.621941629,-0.342952967,-0.167841181,-0.739588323,-0.365829006,-0.146179326,-0.793115364,-0.387829881,-0.130608744,-0.36359399,-0.069465011,-0.164794049,-0.602147716,-0.155762291,-0.200824291,-0.705732116,-0.198337866,-0.193653972,-0.775370312,-0.242723768,-0.181053892,165.9481893,168.4278066,151.3202008,166.8304471,165.8387177,177.6533133,163.3185473,167.9014011,167.9815377,168.6865455,ATTACK
0,0,0,-0.094018079,-0.179328682,0.044455062,-0.116925784,-0.366966585,0.059876446,-0.10098674,-0.537245925,0.06655795,-0.120970332,-0.651930542,0.070065989,-0.060927485,-0.511164212,0.010501107,0.035867925,-0.727927614,-0.000862633,0.088424873,-0.853133046,9.27E-05,0.120505538,-0.948166081,0.002468491,0.019984085,-0.492398943,-0.021110443,0.108743235,-0.736780886,-0.030037134,0.1549153,-0.875316204,-0.029111528,0.183880216,-0.982547305,-0.02808663,0.103509346,-0.443580459,-0.048937312,0.173454136,-0.690311117,-0.057507306,0.206839576,-0.823288421,-0.06053325,0.222109276,-0.927699261,-0.062553977,0.187930186,-0.372541061,-0.072346295,0.239241013,-0.578614491,-0.084608578,0.258140545,-0.692846439,-0.087621399,0.267745866,-0.793813365,-0.086932691,167.4683744,164.7585416,176.5645811,175.7296214,177.1726463,176.6278366,178.084578,174.1943272,175.0415169,175.5713751,0,0,0,-0.068678872,-0.294922739,0.02449483,-0.236039962,-0.545952698,0.010719153,-0.410065074,-0.705012137,-0.00961822,-0.520192689,-0.853185783,-0.038387305,-0.280023874,-0.627876429,-0.064601725,-0.586125262,-0.682178583,-0.109981637,-0.6916682,-0.646331083,-0.121847012,-0.721046753,-0.628508843,-0.123010309,-0.307001038,-0.461435908,-0.101856291,-0.614772323,-0.511453862,-0.129455572,-0.730499235,-0.509205224,-0.120131619,-0.775264747,-0.509817693,-0.117238284,-0.334755259,-0.272320584,-0.135780523,-0.621941629,-0.342952967,-0.167841181,-0.739588323,-0.365829006,-0.146179326,-0.793115364,-0.387829881,-0.130608744,-0.36359399,-0.069465011,-0.164794049,-0.602147716,-0.155762291,-0.200824291,-0.705732116,-0.198337866,-0.193653972,-0.775370312,-0.242723768,-0.181053892,165.9481893,168.4278066,151.3202008,166.8304471,165.8387177,177.6533133,163.3185473,167.9014011,167.9815377,168.6865455,ATTACK
0,0,0,-0.093996782,-0.181635354,0.040663541,-0.114108287,-0.368749149,0.054789604,-0.097082418,-0.538371667,0.061145217,-0.117335821,-0.651722904,0.0651653,-0.059117191,-0.513469227,0.008471055,0.036869655,-0.727140006,-0.004323426,0.089570812,-0.852478702,-0.005117875,0.120999705,-0.947774412,-0.003665519,0.022522131,-0.494039222,-0.020683553,0.113501466,-0.734902768,-0.028024571,0.15947228,-0.874109537,-0.027335871,0.186259886,-0.982130965,-0.026944824,0.106425143,-0.445696235,-0.04637637,0.176966655,-0.688428481,-0.053078393,0.209457027,-0.820965348,-0.056974865,0.222451044,-0.92397476,-0.059909752,0.190288347,-0.375953615,-0.068170811,0.241833588,-0.576337378,-0.079504491,0.260007236,-0.689524827,-0.083701801,0.267580251,-0.789301281,-0.083797782,167.9482088,164.13781,176.8442087,175.2620589,176.8870187,175.6134741,177.5185176,173.3908969,174.5742745,174.7638068,0,0,0,-0.071950499,-0.296455656,0.014611498,-0.240091909,-0.5511861,-0.006108652,-0.41768506,-0.708445437,-0.030658608,-0.531189119,-0.845001281,-0.061732933,-0.281942504,-0.631389198,-0.092888042,-0.613274088,-0.685498325,-0.145060676,-0.704937961,-0.628717175,-0.154171499,-0.716518617,-0.603644707,-0.151324961,-0.31092901,-0.459593089,-0.125106274,-0.64089449,-0.501367969,-0.159016119,-0.72720833,-0.481127018,-0.139773536,-0.736979271,-0.473962092,-0.127862891,-0.34114734,-0.26383613,-0.153699999,-0.643939588,-0.330030841,-0.188839958,-0.740492248,-0.344742017,-0.154459939,-0.767029507,-0.365404416,-0.128344896,-0.370977711,-0.061316116,-0.178488536,-0.608590442,-0.149066112,-0.216123223,-0.705430431,-0.191933519,-0.203654696,-0.761372084,-0.234602418,-0.18529691,164.8641138,170.4386135,139.0614415,144.9208737,152.8195041,142.1522618,153.8796773,148.6034312,164.3985647,164.5758187,ATTACK
0,0,0,-0.091754234,-0.175373362,0.037361924,-0.113167081,-0.365645259,0.050158838,-0.095161641,-0.533404305,0.055157809,-0.115093484,-0.646065539,0.057654959,-0.057493236,-0.506126061,0.005215041,0.03682012,-0.722427057,-0.009641285,0.088851614,-0.849577288,-0.01208951,0.119780789,-0.946009186,-0.012025384,0.021856318,-0.488559369,-0.024243999,0.111532019,-0.731329948,-0.034497291,0.15829796,-0.872761998,-0.035773261,0.184712302,-0.982118161,-0.036404452,0.103893313,-0.441155022,-0.050698849,0.172993172,-0.688386542,-0.061230475,0.206512318,-0.82372818,-0.066730845,0.219953372,-0.928591202,-0.070203019,0.187077164,-0.37123715,-0.073492936,0.238937343,-0.574344279,-0.089255029,0.256452939,-0.690190026,-0.095383298,0.262667716,-0.792339964,-0.096475094,167.2800433,163.8309524,177.0665534,175.3654859,177.3000942,175.244562,178.2262949,173.3610213,174.1147974,174.324403,0,0,0,-0.070002337,-0.299988757,0.021711896,-0.237737083,-0.549588691,0.003305138,-0.413510169,-0.705080868,-0.020485872,-0.530583378,-0.846007437,-0.05246613,-0.280221078,-0.62008507,-0.093572073,-0.604768318,-0.683827649,-0.14535991,-0.704980856,-0.633751221,-0.153566521,-0.722266293,-0.600065492,-0.149862825,-0.306277785,-0.450775017,-0.13115955,-0.628819587,-0.505865527,-0.163622667,-0.737021515,-0.498085592,-0.145776737,-0.766020355,-0.487865047,-0.13570498,-0.332061615,-0.254842174,-0.164363963,-0.633799032,-0.328340204,-0.198932408,-0.742866915,-0.346272709,-0.164976148,-0.779447617,-0.363499602,-0.139821152,-0.357595334,-0.048333948,-0.193124614,-0.599656826,-0.140483266,-0.233947541,-0.703607362,-0.185486417,-0.222501019,-0.766161998,-0.230533964,-0.204834928,165.260008,170.3579626,142.302325,142.4526549,159.629879,162.7053023,156.1710427,159.3339993,165.0373258,165.8589161,ATTACK
