0,0,0,-0.142466525,-0.195498904,-0.231407734,-0.211512844,-0.364231553,-0.409800439,-0.324258482,-0.500625715,-0.532468789,-0.435074519,-0.599789412,-0.64992808,0.119460169,-0.326374199,-0.500948211,0.124324583,-0.290201903,-0.670592809,0.26934987,-0.249901502,-0.789043636,0.431143988,-0.237113679,-0.870569908,0.252181039,-0.324880108,-0.421449114,0.139671892,-0.332595207,-0.532409125,0.275419137,-0.313361446,-0.568566195,0.441000508,-0.334623389,-0.611340351,0.31359133,-0.319238609,-0.339700828,0.164104209,-0.366984586,-0.403345779,0.251040909,-0.37454815,-0.401158836,0.369419684,-0.376969828,-0.415750325,0.337838048,-0.330782562,-0.278184989,0.271963342,-0.381131172,-0.357120112,0.328378741,-0.373485956,-0.386460328,0.412338305,-0.344846566,-0.40568116,163.5764912,172.2171636,132.040485,165.2122129,59.43004158,165.1058488,30.21830435,170.7159182,75.90764276,161.695375,0,0,0,-0.032779327,-0.302914941,-0.056774676,-0.020972974,-0.596329565,-0.099322644,0.003392989,-0.805106905,-0.131285815,0.027839966,-0.988158661,-0.150888692,0.117580795,-0.619200814,-0.137305207,-0.176605399,-0.627763601,-0.204071701,-0.177780476,-0.557364537,-0.230730962,-0.10226898,-0.542470557,-0.248405992,0.128671814,-0.456199584,-0.151468204,-0.202619486,-0.45349004,-0.209615811,-0.154565404,-0.390416149,-0.211660546,-0.059502661,-0.381001424,-0.220630597,0.113845221,-0.271074274,-0.168714882,-0.186818788,-0.280683022,-0.223560976,-0.137341686,-0.225036271,-0.19641539,-0.05614016,-0.197505601,-0.181020946,0.08194444,-0.079629515,-0.193116665,-0.114385276,-0.095936764,-0.254332439,-0.049549497,-0.071873203,-0.258357944,0.056798181,-0.055582651,-0.254174721,175.6649082,177.2247542,93.84292568,103.9265732,54.1401138,132.893807,45.7881057,149.8025444,25.72476286,167.0831011,HELP
0,0,0,-0.156243477,-0.198993312,-0.233676846,-0.209260774,-0.363473261,-0.407649839,-0.29770081,-0.499754206,-0.526144889,-0.387919871,-0.607016116,-0.638467147,0.107228699,-0.29027587,-0.498498938,0.120163976,-0.266755439,-0.682269542,0.252689397,-0.234376327,-0.806164086,0.400927387,-0.223059836,-0.888538992,0.234715795,-0.276325072,-0.420540893,0.141938047,-0.307892106,-0.54920688,0.272745545,-0.292160543,-0.586511457,0.430668513,-0.307995219,-0.625174304,0.290300828,-0.260954754,-0.343290595,0.154374067,-0.334654982,-0.423973506,0.213798249,-0.334890045,-0.417766683,0.305000861,-0.325814797,-0.423581984,0.310402816,-0.269646285,-0.286461716,0.234274009,-0.331295006,-0.385553303,0.278417165,-0.316697191,-0.42265511,0.352673031,-0.280827844,-0.442294829,165.4065866,173.7920282,137.5241045,164.734061,69.28805888,167.6445886,34.76371164,168.7237511,85.95954578,153.9425697,0,0,0,-0.079094231,-0.305804624,-0.05096736,-0.117656238,-0.577805532,-0.098894332,-0.124180917,-0.787947706,-0.138453571,-0.109744819,-0.978988925,-0.171862617,0.006194338,-0.608897929,-0.137086894,-0.299014972,-0.61583224,-0.191347605,-0.305991942,-0.533297931,-0.196006164,-0.232235593,-0.51139228,-0.196263445,0.023980066,-0.436935688,-0.151940963,-0.329435301,-0.428030256,-0.193161993,-0.289549559,-0.34940122,-0.173601098,-0.20220365,-0.328387471,-0.169230277,0.012285662,-0.250462004,-0.168556561,-0.315880228,-0.254012026,-0.211380697,-0.27424134,-0.188431279,-0.175088652,-0.187141807,-0.169392482,-0.158331734,-0.01458318,-0.06757948,-0.189700191,-0.277558963,-0.089891494,-0.231938197,-0.249870634,-0.062391272,-0.219014379,-0.170249951,-0.04861259,-0.208057129,173.7556355,173.9396888,94.03452402,101.7010875,63.77942403,130.0009168,57.01129224,134.824502,39.8094003,144.3782322,HELP
0,0,0,0,0,0,0,0,0,0,0,0,0,0,0,0,0,0,0,0,0,0,0,0,0,0,0,0,0,0,0,0,0,0,0,0,0,0,0,0,0,0,0,0,0,0,0,0,0,0,0,0,0,0,0,0,0,0,0,0,0,0,0,0,0,0,0,0,0,0,0,0,0,0,0,0,-0.016085987,-0.315949282,-0.076496663,0.019134222,-0.610929579,-0.168355653,-0.003272432,-0.805171861,-0.247932151,-0.06570666,-0.947093554,-0.314159886,0.372891136,-0.678520111,-0.161930712,0.12405247,-0.654544698,-0.264729696,0.135711496,-0.500305098,-0.352008424,0.268057678,-0.452197951,-0.42093644,0.420274335,-0.515160643,-0.176490601,0.067341612,-0.583053757,-0.258938729,0.047028081,-0.464887945,-0.29211692,0.169553203,-0.414351491,-0.33022941,0.409303297,-0.321001747,-0.19520753,0.137524512,-0.417354943,-0.266504335,0.089291163,-0.353119779,-0.24507069,0.138074048,-0.286016018,-0.237585717,0.375148613,-0.12580705,-0.223035212,0.408017002,-0.179283011,-0.315441967,0.534245699,-0.164385324,-0.33942373,0.695231321,-0.129561421,-0.347404859,166.4546766,164.1315148,101.7409027,122.5423834,92.3514279,106.0630291,102.6098408,107.8064903,112.6659677,170.3946851,HELP
0,0,0,0,0,0,0,0,0,0,0,0,0,0,0,0,0,0,0,0,0,0,0,0,0,0,0,0,0,0,0,0,0,0,0,0,0,0,0,0,0,0,0,0,0,0,0,0,0,0,0,0,0,0,0,0,0,0,0,0,0,0,0,0,0,0,0,0,0,0,0,0,0,0,0,0,-0.071537561,-0.297231323,-0.042448898,-0.093672231,-0.557632874,-0.094298673,-0.100565847,-0.774421099,-0.139053311,-0.084189955,-0.98041461,-0.178042817,0.035344101,-0.592120065,-0.127200481,-0.289036299,-0.589954669,-0.176323792,-0.287176378,-0.510727748,-0.185176805,-0.196804205,-0.497070751,-0.190661162,0.063633089,-0.411732037,-0.147418369,-0.322877682,-0.398331441,-0.17340602,-0.263841694,-0.328498969,-0.159770361,-0.165950268,-0.316993447,-0.165422142,0.055950984,-0.219545577,-0.16743306,-0.305551864,-0.210324479,-0.188579729,-0.239380251,-0.149821163,-0.15840531,-0.140390202,-0.136544726,-0.153550924,0.028491183,-0.026622356,-0.192178169,-0.251142821,-0.038224846,-0.222241862,-0.200244584,-0.014976218,-0.214130727,-0.10599998,-0.007225102,-0.209690743,176.9734129,173.6692896,90.00684365,100.2448105,51.64854528,135.4542178,45.54380878,142.4482713,22.10312819,159.4753374,HELP
0,0,0,0,0,0,0,0,0,0,0,0,0,0,0,0,0,0,0,0,0,0,0,0,0,0,0,0,0,0,0,0,0,0,0,0,0,0,0,0,0,0,0,0,0,0,0,0,0,0,0,0,0,0,0,0,0,0,0,0,0,0,0,0,0,0,0,0,0,0,0,0,0,0,0,0,-0.008958782,-0.301417375,-0.104609974,0.053698446,-0.580302926,-0.219018995,0.039016181,-0.779967178,-0.3112174,-0.035645372,-0.921536511,-0.386652125,0.384105323,-0.631698247,-0.219036855,0.125075258,-0.64389126,-0.310630059,0.1159327,-0.519371655,-0.376637593,0.229239252,-0.476490573,-0.432649762,0.415139532,-0.46871902,-0.216327802,0.096225964,-0.523678375,-0.291333535,0.086535175,-0.430668223,-0.309591581,0.215083275,-0.400952694,-0.336761904,0.390868618,-0.281817744,-0.21531343,0.165228106,-0.352486683,-0.271707207,0.151045005,-0.313446955,-0.240416502,0.217933136,-0.269987743,-0.228483455,0.348576559,-0.098541049,-0.225000602,0.40686449,-0.129083944,-0.299397864,0.530073798,-0.113302708,-0.312567848,0.681404452,-0.078820751,-0.315171198,164.2411369,158.6258679,100.2263442,115.1150067,88.82004624,99.02860221,83.99174263,105.5057203,128.2394147,172.4757047,HELP
0,0,0,0,0,0,0,0,0,0,0,0,0,0,0,0,0,0,0,0,0,0,0,0,0,0,0,0,0,0,0,0,0,0,0,0,0,0,0,0,0,0,0,0,0,0,0,0,0,0,0,0,0,0,0,0,0,0,0,0,0,0,0,0,0,0,0,0,0,0,0,0,0,0,0,0,-0.02076758,-0.284498283,-0.111093083,0.039553374,-0.576425527,-0.215469815,0.039635236,-0.780763209,-0.293561605,-0.015502627,-0.936104035,-0.351381423,0.350889061,-0.632427796,-0.226744179,0.085308694,-0.627791692,-0.319703369,0.078825408,-0.50185215,-0.379358857,0.192416711,-0.455243264,-0.429057688,0.395361874,-0.475961932,-0.22007007,0.049457289,-0.511445766,-0.297349967,0.028310868,-0.415675599,-0.308372745,0.144459419,-0.381163109,-0.327843797,0.388117885,-0.287791643,-0.216212992,0.136797814,-0.342156615,-0.279419465,0.104636461,-0.290533431,-0.23492872,0.1503234,-0.241439452,-0.210147213,0.361090548,-0.090119739,-0.22431741,0.411920242,-0.109669579,-0.309597495,0.536629587,-0.088418107,-0.317703194,0.684722918,-0.056555081,-0.312147274,168.9379908,161.5690269,101.5358541,115.9915366,97.79498133,95.03846789,97.09368316,113.7219378,121.0424525,173.7128988,HELP
0,0,0,0,0,0,0,0,0,0,0,0,0,0,0,0,0,0,0,0,0,0,0,0,0,0,0,0,0,0,0,0,0,0,0,0,0,0,0,0,0,0,0,0,0,0,0,0,0,0,0,0,0,0,0,0,0,0,0,0,0,0,0,0,0,0,0,0,0,0,0,0,0,0,0,0,-0.040633772,-0.293168818,-0.106765771,-0.015903203,-0.579889108,-0.222590855,-0.033169712,-0.770474302,-0.317286774,-0.073580897,-0.913518823,-0.400086506,0.312234544,-0.567172698,-0.266074028,0.127386791,-0.535661158,-0.407337773,0.191035904,-0.391072261,-0.515581529,0.347148332,-0.345154311,-0.59627584,0.359579243,-0.456275011,-0.263220822,0.00919877,-0.560259942,-0.346122453,-0.019445114,-0.457164081,-0.344981389,0.099808898,-0.421147258,-0.364009459,0.338852578,-0.306035641,-0.266461027,0.048206092,-0.421101378,-0.320590236,0.002175199,-0.364871511,-0.256686149,0.05623519,-0.284680282,-0.229117704,0.304182134,-0.138472387,-0.284548371,0.275555069,-0.199903614,-0.374918507,0.371143438,-0.184831679,-0.386572919,0.511840098,-0.129972674,-0.388012761,169.779142,170.2097695,100.3553699,136.6882781,88.88733506,91.17092872,96.45135552,112.8714372,76.29254774,166.1560972,HELP
0,0,0,-0.099558241,-0.186741913,-0.230219989,-0.157134508,-0.299911847,-0.400525571,-0.250316393,-0.378288045,-0.522794999,-0.353090389,-0.412660839,-0.652133776,0.152752887,-0.192291495,-0.436451998,0.309267784,-0.209459471,-0.585915553,0.449998764,-0.237657336,-0.696990812,0.576147323,-0.267873652,-0.772203321,0.267589825,-0.142018738,-0.35447807,0.455490985,-0.210960679,-0.465276534,0.601012174,-0.27274196,-0.528268191,0.733212005,-0.339905705,-0.581699122,0.332462432,-0.135179964,-0.272573086,0.492646789,-0.205411648,-0.350733241,0.616971373,-0.270098714,-0.395792199,0.732018893,-0.339591322,-0.433452919,0.352702649,-0.173194861,-0.204970032,0.463625239,-0.210450385,-0.267743386,0.543053683,-0.246722606,-0.299546042,0.629216548,-0.281350878,-0.325684917,163.0163907,164.6963344,173.0563708,172.1574192,172.303703,175.8424032,172.7930836,175.8693203,170.1433458,174.9973174,0,0,0,-0.00916252,-0.285998649,-0.086901485,0.042228355,-0.593393627,-0.184913283,0.04846416,-0.803050947,-0.262178649,0.011371668,-0.946507822,-0.322480429,0.300389373,-0.650894721,-0.224200603,0.00855155,-0.684581358,-0.329296875,-0.005234552,-0.554402258,-0.39994943,0.098672217,-0.511433862,-0.455176815,0.335555105,-0.483151218,-0.229008558,-0.010136097,-0.557061205,-0.302238227,-0.023731635,-0.45601841,-0.302746735,0.097814445,-0.426597273,-0.317991564,0.314029964,-0.282008511,-0.237152994,0.053266184,-0.365475204,-0.286245761,0.018984965,-0.322796165,-0.231075914,0.0692593,-0.262051374,-0.206227545,0.275478406,-0.082318835,-0.256307714,0.290468499,-0.125123043,-0.337173492,0.403497105,-0.121096281,-0.348208538,0.551146856,-0.091757238,-0.348844974,172.1242922,164.7758685,98.75333314,115.6374307,85.74494652,95.93456573,97.09034393,110.4013231,103.2465207,169.3737231,HELP
0,0,0,-0.139561692,-0.193158952,-0.220754421,-0.230535366,-0.335613567,-0.401472435,-0.333016991,-0.435512239,-0.531462552,-0.426573567,-0.539946404,-0.657453194,0.127243283,-0.269588509,-0.491555338,0.102250138,-0.210939308,-0.683693644,0.248037572,-0.154807284,-0.815632031,0.41215658,-0.126639202,-0.902269065,0.237127909,-0.237029397,-0.42220684,0.031442852,-0.313789461,-0.545951212,0.122723447,-0.3068718,-0.56952997,0.259481272,-0.311807947,-0.601481849,0.272861042,-0.206495108,-0.35472856,0.041019408,-0.313069585,-0.43878104,0.090089206,-0.313236211,-0.41616376,0.173700444,-0.29133962,-0.412279953,0.27738708,-0.186927008,-0.306666191,0.110966828,-0.265887161,-0.405767724,0.136094372,-0.241658522,-0.427612492,0.206096793,-0.194055823,-0.436622327,169.5374613,177.0877656,127.149749,164.2278562,46.53554833,173.6336253,24.01467218,153.5881395,62.85422137,152.481801,0,0,0,0.037230317,-0.3036014,-0.047095187,0.10801496,-0.602311273,-0.112241283,0.150120912,-0.805713085,-0.162727078,0.172287969,-0.965727534,-0.194131877,0.301897989,-0.595824559,-0.19763749,0.015578072,-0.641690384,-0.257941378,-0.006211975,-0.539160892,-0.268838202,0.072418913,-0.515309629,-0.282783348,0.320607616,-0.418839713,-0.214409779,0.002895804,-0.470853942,-0.263216278,0.002974884,-0.385575732,-0.242480822,0.101371094,-0.362129472,-0.244648509,0.291142928,-0.218943921,-0.228743674,0.050553963,-0.275012593,-0.263573506,0.014491119,-0.254249385,-0.214463987,0.04281191,-0.213064927,-0.197700185,0.240096576,-0.014157562,-0.249381205,0.285732844,-0.04493007,-0.318695547,0.40489087,-0.061369283,-0.338322011,0.532772367,-0.043562425,-0.350763271,177.6657192,175.4144692,94.02972263,95.77656339,78.95938772,102.7670005,111.1780233,101.1637582,132.6160858,163.9012946,HELP
0,0,0,-0.103053014,-0.180410689,-0.224909404,-0.165830404,-0.298271341,-0.389521592,-0.252932299,-0.377489619,-0.510298222,-0.341998306,-0.419269667,-0.636932687,0.157485026,-0.18969858,-0.409244496,0.321953725,-0.20752873,-0.555718258,0.464378836,-0.23313221,-0.665645667,0.589210951,-0.26001993,-0.738769796,0.277719125,-0.130630577,-0.332670875,0.464375476,-0.194940284,-0.445567698,0.613169026,-0.26220417,-0.51380227,0.751967143,-0.333249418,-0.568762025,0.346883606,-0.117345454,-0.257784976,0.508741928,-0.183971477,-0.342629116,0.635189761,-0.249145559,-0.393165865,0.755687116,-0.320674526,-0.431072019,0.371415018,-0.149174207,-0.196857869,0.489226492,-0.186586336,-0.262990161,0.568785994,-0.225927066,-0.294476176,0.653064497,-0.263837588,-0.318001755,165.9691616,167.0685745,174.6920459,172.3875712,171.4562712,175.8147933,172.2397981,174.4863896,168.2756436,174.3587747,0,0,0,0.02195543,-0.316341763,-0.038979194,0.087861911,-0.619712931,-0.101619805,0.126065379,-0.822503468,-0.152163582,0.140306788,-0.972433792,-0.18624319,0.290879707,-0.624830467,-0.178373533,-0.001004373,-0.694173623,-0.230816764,-0.022379852,-0.5794924,-0.240544602,0.055360352,-0.557926488,-0.254347767,0.317934067,-0.451433371,-0.196434849,-0.020512212,-0.521103786,-0.23631966,-0.01523958,-0.426044776,-0.219364026,0.087884218,-0.399895126,-0.225813722,0.293096432,-0.250133263,-0.210771642,0.030217045,-0.321690597,-0.232132386,-0.002342495,-0.293402874,-0.19283785,0.037956931,-0.247987403,-0.186877671,0.247057982,-0.049157962,-0.230725033,0.25491931,-0.090374693,-0.287963457,0.370705386,-0.095148817,-0.309825546,0.507889297,-0.064163697,-0.325752793,177.1661215,174.7863259,88.06627897,95.66457467,74.33325256,106.4578052,110.9279098,93.32981723,106.3658758,164.4931518,HELP
0,0,0,-0.114919872,-0.191888973,-0.212818991,-0.183186217,-0.285763792,-0.384176448,-0.281287492,-0.348904527,-0.512601398,-0.392285624,-0.380457955,-0.646120549,0.141209958,-0.209830893,-0.428528957,0.246187537,-0.197977182,-0.597477005,0.402253275,-0.204225641,-0.726409218,0.54761672,-0.207675682,-0.810547185,0.259533049,-0.166538128,-0.358793932,0.3712331,-0.192135923,-0.470646972,0.524159826,-0.242547206,-0.519336286,0.671263706,-0.30341941,-0.56129329,0.323498285,-0.156611091,-0.291271252,0.404202045,-0.206029418,-0.369200402,0.532481845,-0.259278471,-0.386363014,0.655417337,-0.31097522,-0.40060063,0.339689879,-0.189674944,-0.239400286,0.392905577,-0.225043104,-0.304044502,0.466454518,-0.258000265,-0.320479759,0.552080446,-0.279722931,-0.329467133,164.6583108,168.7224942,160.7137203,170.4794732,152.1492473,175.4185945,146.5898286,178.9315705,145.2342755,168.6563363,0,0,0,0.043350942,-0.301307182,-0.051129849,0.118850736,-0.610593084,-0.111074274,0.164321715,-0.814931339,-0.155954457,0.19015431,-0.964475398,-0.183380876,0.323092296,-0.584211229,-0.187374217,0.028506804,-0.642011691,-0.247994401,-0.001326239,-0.535003839,-0.263067425,0.075700724,-0.514276957,-0.279842032,0.351407795,-0.407537905,-0.200275693,0.011658722,-0.476791991,-0.251085727,0.003573087,-0.37638914,-0.23800231,0.105001824,-0.350420508,-0.243603056,0.328387728,-0.206610951,-0.210952573,0.063722598,-0.278443593,-0.250257745,0.024415515,-0.240280325,-0.211869385,0.062065642,-0.189991879,-0.199867346,0.285123807,-0.001950364,-0.227364686,0.308348277,-0.037318567,-0.298703188,0.420022079,-0.045346254,-0.321231546,0.550049204,-0.018501466,-0.333566212,178.1365402,176.710821,95.87929954,91.08370864,82.13496342,99.26069454,109.3894924,102.1423629,118.2564247,163.2549137,HELP
0,0,0,-0.121170597,-0.198584017,-0.2216723,-0.175172736,-0.398847885,-0.389147731,-0.261201776,-0.56142224,-0.506418498,-0.343372242,-0.707254802,-0.617969375,0.152120862,-0.290084206,-0.464101782,0.092934943,-0.236630258,-0.643111362,0.225711579,-0.187869055,-0.772785301,0.384638965,-0.162686683,-0.861549891,0.246337846,-0.238737985,-0.397315133,0.062741597,-0.262322173,-0.514562879,0.197968499,-0.241824805,-0.547296739,0.365525745,-0.239446977,-0.584852441,0.275011993,-0.182531321,-0.332520063,0.056177688,-0.259742116,-0.403144126,0.123567179,-0.27667428,-0.377955725,0.216903702,-0.261124279,-0.372636051,0.267679951,-0.1411227,-0.289944235,0.118732338,-0.206056766,-0.389478462,0.170968049,-0.194889815,-0.41397144,0.256869432,-0.148830424,-0.422339757,167.8139192,178.2519312,118.5291581,163.6601832,45.82820399,172.3416729,31.91104377,151.5802148,57.18976769,154.9059203,0,0,0,0.017393764,-0.293878936,-0.059238942,0.063895317,-0.592481613,-0.105406288,0.103765904,-0.798259287,-0.135375699,0.122603683,-0.981240623,-0.148778951,0.222118604,-0.584159201,-0.173608758,-0.071023275,-0.60075841,-0.237149104,-0.083087742,-0.524007236,-0.257971092,-0.010980133,-0.514834638,-0.275745553,0.249365355,-0.406708097,-0.18315087,-0.072072736,-0.417854084,-0.233191064,-0.054912912,-0.351781174,-0.224809285,0.028296886,-0.334390004,-0.232996123,0.237935608,-0.20478348,-0.193434852,-0.029269699,-0.232171384,-0.242252297,-0.034961168,-0.208716558,-0.203967733,0.002221496,-0.177882866,-0.186309502,0.205550065,-0.000368762,-0.211148611,0.14883486,-0.03329463,-0.287123068,0.246048056,-0.030493681,-0.300839204,0.362510345,-0.004877141,-0.303778115,177.8169869,173.5618806,98.5334354,91.94378546,72.66213822,115.2790197,85.40186129,120.6766983,62.42228438,167.4013632,HELP
0,0,0,-0.121170597,-0.198584017,-0.2216723,-0.175172736,-0.398847885,-0.389147731,-0.261201776,-0.56142224,-0.506418498,-0.343372242,-0.707254802,-0.617969375,0.152120862,-0.290084206,-0.464101782,0.092934943,-0.236630258,-0.643111362,0.225711579,-0.187869055,-0.772785301,0.384638965,-0.162686683,-0.861549891,0.246337846,-0.238737985,-0.397315133,0.062741597,-0.262322173,-0.514562879,0.197968499,-0.241824805,-0.547296739,0.365525745,-0.239446977,-0.584852441,0.275011993,-0.182531321,-0.332520063,0.056177688,-0.259742116,-0.403144126,0.123567179,-0.27667428,-0.377955725,0.216903702,-0.261124279,-0.372636051,0.267679951,-0.1411227,-0.289944235,0.118732338,-0.206056766,-0.389478462,0.170968049,-0.194889815,-0.41397144,0.256869432,-0.148830424,-0.422339757,167.8139192,178.2519312,118.5291581,163.6601832,45.82820399,172.3416729,31.91104377,151.5802148,57.18976769,154.9059203,0,0,0,0.017393764,-0.293878936,-0.059238942,0.063895317,-0.592481613,-0.105406288,0.103765904,-0.798259287,-0.135375699,0.122603683,-0.981240623,-0.148778951,0.222118604,-0.584159201,-0.173608758,-0.071023275,-0.60075841,-0.237149104,-0.083087742,-0.524007236,-0.257971092,-0.010980133,-0.514834638,-0.275745553,0.249365355,-0.406708097,-0.18315087,-0.072072736,-0.417854084,-0.233191064,-0.054912912,-0.351781174,-0.224809285,0.028296886,-0.334390004,-0.232996123,0.237935608,-0.20478348,-0.193434852,-0.029269699,-0.232171384,-0.242252297,-0.034961168,-0.208716558,-0.203967733,0.002221496,-0.177882866,-0.186309502,0.205550065,-0.000368762,-0.211148611,0.14883486,-0.03329463,-0.287123068,0.246048056,-0.030493681,-0.300839204,0.362510345,-0.004877141,-0.303778115,177.8169869,173.5618806,98.5334354,91.94378546,72.66213822,115.2790197,85.40186129,120.6766983,62.42228438,167.4013632,HELP
0,0,0,0,0,0,0,0,0,0,0,0,0,0,0,0,0,0,0,0,0,0,0,0,0,0,0,0,0,0,0,0,0,0,0,0,0,0,0,0,0,0,0,0,0,0,0,0,0,0,0,0,0,0,0,0,0,0,0,0,0,0,0,0,0,0,0,0,0,0,0,0,0,0,0,0,-0.060408779,-0.230046218,-0.182994221,-0.056976017,-0.464723815,-0.340385276,-0.107560347,-0.642173463,-0.456145861,-0.181427044,-0.804100647,-0.566132826,0.256945586,-0.401602075,-0.405006323,0.125409595,-0.352045138,-0.551607976,0.21526712,-0.271838175,-0.653399807,0.365777171,-0.235904809,-0.728092105,0.314621092,-0.289597941,-0.358822394,0.036794762,-0.367466535,-0.454242085,0.056216775,-0.329659417,-0.464760946,0.176984638,-0.312721704,-0.490636815,0.314772842,-0.169660019,-0.314161856,0.084013331,-0.245741928,-0.376454937,0.089353665,-0.244412268,-0.333266614,0.147839687,-0.214161781,-0.319038165,0.292630276,-0.04845998,-0.287971468,0.245297032,-0.067310885,-0.381029397,0.332866279,-0.040325831,-0.400640136,0.44638318,0.014438523,-0.407930269,165.8543216,172.6755974,102.7671756,152.382298,56.544145,126.6442015,68.38060699,109.2507475,73.46986432,167.7507564,HELP
0,0,0,-0.082129917,-0.167464531,-0.24743943,-0.099015982,-0.262958183,-0.415959058,-0.116981968,-0.346189944,-0.533334074,-0.150749831,-0.418709687,-0.65434706,0.178153634,-0.118018887,-0.433514934,0.316827671,-0.149007911,-0.591805814,0.453601864,-0.182679354,-0.710109548,0.576340601,-0.21473347,-0.788492897,0.266188771,-0.088300294,-0.34338183,0.426973989,-0.143088754,-0.470177799,0.575082668,-0.204811764,-0.54141357,0.708040904,-0.264198359,-0.596145388,0.318445693,-0.088948554,-0.257703146,0.461468778,-0.145802718,-0.354600081,0.587915147,-0.197548372,-0.406285621,0.702413192,-0.243736447,-0.441640359,0.339952956,-0.130592755,-0.187824246,0.450362546,-0.156369608,-0.267262903,0.535905427,-0.184933237,-0.310092101,0.623835017,-0.203188981,-0.339884473,173.8375482,172.3072009,171.8848035,171.6521154,166.7839259,176.3839721,168.5110366,175.2331699,169.3381999,170.5705068,0,0,0,0.000927108,-0.283955592,-0.086835478,0.027239331,-0.576098365,-0.148067635,0.054386376,-0.782724031,-0.185200364,0.074768985,-0.975789376,-0.205535137,0.169130867,-0.509051341,-0.234808422,-0.155939689,-0.520548885,-0.300470723,-0.155311248,-0.46164617,-0.3167534,-0.079399476,-0.448113109,-0.331011837,0.200774106,-0.31310481,-0.231055337,-0.163269779,-0.314284557,-0.28132244,-0.121183859,-0.26713059,-0.269403698,-0.025551666,-0.249835664,-0.278376229,0.192000151,-0.099523822,-0.226172796,-0.109610329,-0.105592324,-0.281896876,-0.077212846,-0.095029694,-0.24371366,-0.024565903,-0.06056266,-0.225336108,0.159439905,0.108991759,-0.230296947,0.095015805,0.107512426,-0.32366582,0.216439677,0.120424106,-0.345535797,0.344162537,0.160253263,-0.351675408,177.1325308,175.6171118,90.53009429,102.98641,47.47850689,138.9394569,40.36274085,145.6918153,65.66350019,166.5225109,HELP
0,0,0,0,0,0,0,0,0,0,0,0,0,0,0,0,0,0,0,0,0,0,0,0,0,0,0,0,0,0,0,0,0,0,0,0,0,0,0,0,0,0,0,0,0,0,0,0,0,0,0,0,0,0,0,0,0,0,0,0,0,0,0,0,0,0,0,0,0,0,0,0,0,0,0,0,0.00623328,-0.297335714,-0.064651731,0.071147056,-0.607115586,-0.141108635,0.094748113,-0.818249788,-0.203284412,0.069003062,-0.965398568,-0.251483959,0.319836015,-0.634869856,-0.169204175,0.028986419,-0.660152551,-0.25302203,0.015156729,-0.528755529,-0.307745554,0.113870067,-0.482400923,-0.35142009,0.362437529,-0.460183912,-0.180877785,9.25E-05,-0.52758372,-0.233989558,-0.014150504,-0.420744817,-0.231146979,0.102282082,-0.394119653,-0.243420015,0.346172149,-0.252331422,-0.195981006,0.05271328,-0.332319082,-0.235557772,0.018210057,-0.285706922,-0.19456847,0.069073602,-0.222362873,-0.178941913,0.30763275,-0.045645307,-0.219657269,0.290553696,-0.099975886,-0.297452516,0.409823991,-0.085463145,-0.317059511,0.563594638,-0.036848995,-0.322945755,174.0553336,164.3407841,96.99116849,115.058635,86.87179664,95.10230633,102.6613756,108.2321706,83.64033595,167.2356745,HELP
0,0,0,0,0,0,0,0,0,0,0,0,0,0,0,0,0,0,0,0,0,0,0,0,0,0,0,0,0,0,0,0,0,0,0,0,0,0,0,0,0,0,0,0,0,0,0,0,0,0,0,0,0,0,0,0,0,0,0,0,0,0,0,0,0,0,0,0,0,0,0,0,0,0,0,0,-0.012078205,-0.302041874,-0.054382554,0.040290272,-0.623153567,-0.131620474,0.056492543,-0.830795448,-0.198626889,0.023392719,-0.967604008,-0.251386683,0.290994818,-0.701754714,-0.156707098,-0.011427677,-0.764506612,-0.227563608,-0.035281893,-0.635805687,-0.260434229,0.05261846,-0.606635889,-0.288742037,0.343747326,-0.523677744,-0.173505114,-0.030415127,-0.593356043,-0.221231888,-0.041192701,-0.45963523,-0.204901309,0.081714308,-0.431613794,-0.205180768,0.33046471,-0.305707958,-0.192909655,0.02751071,-0.376877732,-0.21783093,-0.013902244,-0.321572764,-0.172928869,0.043617506,-0.269430187,-0.158710098,0.293151313,-0.089725882,-0.220396749,0.260623486,-0.129057357,-0.281356696,0.380122811,-0.11763618,-0.300651376,0.541922494,-0.080269612,-0.309776202,173.5561674,162.732708,91.96564597,101.4199925,83.28201051,98.15882719,106.9292372,100.0960124,70.91980779,170.3972634,HELP
0,0,0,0,0,0,0,0,0,0,0,0,0,0,0,0,0,0,0,0,0,0,0,0,0,0,0,0,0,0,0,0,0,0,0,0,0,0,0,0,0,0,0,0,0,0,0,0,0,0,0,0,0,0,0,0,0,0,0,0,0,0,0,0,0,0,0,0,0,0,0,0,0,0,0,0,-0.060622676,-0.215677355,-0.193972091,-0.089474721,-0.421262377,-0.376030578,-0.177193509,-0.559728793,-0.520825548,-0.292013205,-0.697438802,-0.654451988,0.343712465,-0.581594066,-0.389280554,0.101377277,-0.57084898,-0.547651076,0.17940518,-0.456471465,-0.670771363,0.35301482,-0.390177112,-0.763735059,0.41967008,-0.435096908,-0.360864326,0.078537097,-0.480047909,-0.465196348,0.14989987,-0.416917305,-0.507710049,0.31863152,-0.389159617,-0.560983829,0.427833188,-0.245287151,-0.336440033,0.174362722,-0.281577295,-0.415048174,0.266896451,-0.256178415,-0.401008411,0.401532937,-0.221674386,-0.405751062,0.399196765,-0.039718243,-0.331717685,0.399084094,-0.031249605,-0.435519666,0.548462236,0.001836249,-0.463482938,0.719027192,0.048370787,-0.475237365,161.7664247,172.4965505,91.9417337,147.7876291,52.67473224,149.2398342,11.21853664,169.6639033,101.2708159,172.8811475,HELP
0,0,0,0,0,0,0,0,0,0,0,0,0,0,0,0,0,0,0,0,0,0,0,0,0,0,0,0,0,0,0,0,0,0,0,0,0,0,0,0,0,0,0,0,0,0,0,0,0,0,0,0,0,0,0,0,0,0,0,0,0,0,0,0,0,0,0,0,0,0,0,0,0,0,0,0,0.034670323,-0.275973814,-0.070265907,0.154740164,-0.560924398,-0.112584864,0.231901379,-0.765376906,-0.136760087,0.260918359,-0.955099236,-0.140381833,0.368105897,-0.533541267,-0.127660994,0.086541977,-0.562255188,-0.192569941,0.057948655,-0.469496046,-0.226636995,0.141641894,-0.422852238,-0.25306623,0.394960349,-0.351278676,-0.128834356,0.097755288,-0.385335016,-0.180563675,0.093749892,-0.31576972,-0.184636599,0.189102882,-0.293830197,-0.195494023,0.372102609,-0.154501926,-0.134352439,0.156118203,-0.217299413,-0.197544774,0.12189003,-0.172659171,-0.163045813,0.145145275,-0.126204563,-0.136355226,0.324839914,0.04079585,-0.146811339,0.378455239,0.025863906,-0.226542063,0.49197334,0.048530606,-0.232148105,0.616556314,0.084950218,-0.222281087,177.3682132,166.9491582,104.7366919,106.0908891,87.38176388,99.95993069,98.99059602,124.7790588,123.3469051,171.2896782,HELP
0,0,0,0,0,0,0,0,0,0,0,0,0,0,0,0,0,0,0,0,0,0,0,0,0,0,0,0,0,0,0,0,0,0,0,0,0,0,0,0,0,0,0,0,0,0,0,0,0,0,0,0,0,0,0,0,0,0,0,0,0,0,0,0,0,0,0,0,0,0,0,0,0,0,0,0,0.038077903,-0.268994016,-0.071862806,0.145647,-0.573105403,-0.134607379,0.203786386,-0.783585002,-0.175639866,0.201265486,-0.959417428,-0.197510512,0.364432691,-0.54534664,-0.18523139,0.05937351,-0.587364057,-0.242824171,0.043841992,-0.486637285,-0.270248167,0.130608388,-0.453475706,-0.298285424,0.395951598,-0.358718306,-0.184440699,0.053504219,-0.419486689,-0.218238101,0.067510576,-0.333522337,-0.208345275,0.177687363,-0.321021072,-0.220720314,0.3700216,-0.150895997,-0.183313302,0.105819777,-0.22048691,-0.211268865,0.09493584,-0.190288657,-0.169678304,0.132416877,-0.14824,-0.156716202,0.317050111,0.052262699,-0.190612263,0.334617486,0.031808133,-0.267388931,0.465076813,0.057613897,-0.288730027,0.606349425,0.10553624,-0.297156346,176.0062749,163.5439765,93.61565419,105.6440939,70.24247294,104.7819379,88.45655375,117.4718356,108.0852709,170.4578067,HELP
0,0,0,0,0,0,0,0,0,0,0,0,0,0,0,0,0,0,0,0,0,0,0,0,0,0,0,0,0,0,0,0,0,0,0,0,0,0,0,0,0,0,0,0,0,0,0,0,0,0,0,0,0,0,0,0,0,0,0,0,0,0,0,0,0,0,0,0,0,0,0,0,0,0,0,0,0.009558258,-0.278795332,-0.072329359,0.074639549,-0.561251732,-0.143731145,0.096068922,-0.774436778,-0.20204404,0.074447392,-0.965249506,-0.250501451,0.293613756,-0.570353603,-0.144796344,0.009723194,-0.585766665,-0.238253496,0.025132237,-0.483490293,-0.312913006,0.139733272,-0.444590871,-0.368349284,0.325807489,-0.398759631,-0.151206428,-0.039970809,-0.440612899,-0.198999178,-0.008946633,-0.35847031,-0.209365492,0.116981731,-0.346615592,-0.232919623,0.29927024,-0.200816443,-0.163883348,-0.022623258,-0.245383065,-0.190022283,0.004438379,-0.203488644,-0.155444719,0.088801551,-0.165171054,-0.147216908,0.248190623,-0.009476808,-0.187933909,0.069227093,-0.037920736,-0.24205619,0.132992968,-0.000456013,-0.248454217,0.251892738,0.0494892,-0.248674132,172.8544919,168.143503,91.54089618,125.5928044,64.19271224,116.7752649,54.52800711,137.6564932,30.22314364,170.9381176,HELP
0,0,0,-0.077933698,-0.13937636,-0.270000271,-0.110186549,-0.216579539,-0.453820854,-0.161326175,-0.266181679,-0.587161679,-0.220429147,-0.296109754,-0.726884679,0.204200461,-0.065213031,-0.44539848,0.335943709,-0.088014509,-0.599248048,0.475146003,-0.098798511,-0.714860661,0.598883663,-0.114093698,-0.792667009,0.279834834,-0.053629519,-0.350541469,0.445613496,-0.099637376,-0.482601577,0.603130621,-0.136204011,-0.564142306,0.745209861,-0.167881887,-0.624908864,0.323821833,-0.059236288,-0.261248505,0.471080905,-0.099310702,-0.361846154,0.604934401,-0.132847109,-0.423565479,0.729216486,-0.155589024,-0.465611437,0.344916714,-0.101388812,-0.190110197,0.451321107,-0.110018882,-0.268686815,0.538760495,-0.124573446,-0.315234214,0.63361919,-0.123661452,-0.349036795,169.165495,171.7806105,169.8583478,172.0439878,169.0495347,175.8578923,170.6444221,173.3376493,170.4294086,167.778983,0,0,0,0.016244133,-0.26083685,-0.096148429,0.080894879,-0.562223502,-0.14881938,0.124988429,-0.76915771,-0.181693486,0.151571038,-0.968742124,-0.196379522,0.249237245,-0.46606847,-0.164323782,-0.07513182,-0.467977025,-0.253086641,-0.075518785,-0.411581298,-0.297184865,0.016265788,-0.392542969,-0.323050406,0.27581808,-0.258526538,-0.159818123,-0.091571861,-0.263892809,-0.221940875,-0.048361408,-0.227955703,-0.221844296,0.053468993,-0.22928949,-0.225998299,0.256393852,-0.040576783,-0.16303946,-0.063600733,-0.079242763,-0.239011421,-0.023520852,-0.048517023,-0.201566748,0.049223382,-0.024939605,-0.166973339,0.216970745,0.1659078,-0.176958932,0.036516016,0.148339584,-0.262627313,0.08510558,0.172305505,-0.262551399,0.169559828,0.210066199,-0.244170245,179.0743169,173.5728269,99.39948739,108.2374874,39.87276939,139.434438,35.9336631,159.2710197,32.18018748,168.620855,HELP
0,0,0,-0.091371617,-0.147427988,-0.208950307,-0.150680873,-0.210070679,-0.382916835,-0.232654928,-0.254163245,-0.51732451,-0.318198149,-0.297649966,-0.657460707,0.21185573,-0.171905247,-0.40972734,0.288633116,-0.144338914,-0.578739192,0.442068197,-0.120598628,-0.712318105,0.590226651,-0.112865984,-0.799308307,0.313790756,-0.161275289,-0.345834211,0.372768103,-0.158935511,-0.459164044,0.535569098,-0.160696358,-0.510544557,0.705605343,-0.183616854,-0.553468122,0.352535907,-0.159105582,-0.284893607,0.383424878,-0.184381728,-0.357983418,0.530776359,-0.193444769,-0.371392182,0.691460985,-0.206012152,-0.38551724,0.351127525,-0.184528236,-0.240872101,0.352949893,-0.187804536,-0.296591584,0.444519383,-0.180922738,-0.306655158,0.56346177,-0.165843732,-0.312302687,167.5963871,179.1121181,155.6224902,168.6496518,134.9792796,172.3671079,117.8157764,178.9640179,97.85484002,175.3765899,0,0,0,-0.037574067,-0.310719851,-0.044685687,-0.033755468,-0.587638629,-0.092733128,-0.023301437,-0.79769662,-0.133414784,-0.009725585,-0.986401879,-0.164063239,0.105469517,-0.582735714,-0.128716527,-0.192249614,-0.594264479,-0.191117366,-0.194774782,-0.492251952,-0.207133453,-0.112993471,-0.469831864,-0.215018749,0.124160473,-0.405110603,-0.148469624,-0.22488377,-0.423699282,-0.193677365,-0.188628704,-0.346521688,-0.181788337,-0.099981068,-0.339304259,-0.18271898,0.104685731,-0.213977126,-0.170663968,-0.212339866,-0.246416309,-0.203272222,-0.17566539,-0.192748089,-0.167113053,-0.091903401,-0.175196225,-0.152083219,0.064898863,-0.0321055,-0.198799144,-0.176101555,-0.068372198,-0.226558504,-0.144855473,-0.046442796,-0.212803052,-0.065531999,-0.026759093,-0.202855157,177.672816,177.8292343,91.04803968,104.5286392,61.18250203,119.4046985,52.37640949,134.8374673,28.97610585,155.7871142,HELP
0,0,0,-0.091371617,-0.147427988,-0.208950307,-0.150680873,-0.210070679,-0.382916835,-0.232654928,-0.254163245,-0.51732451,-0.318198149,-0.297649966,-0.657460707,0.21185573,-0.171905247,-0.40972734,0.288633116,-0.144338914,-0.578739192,0.442068197,-0.120598628,-0.712318105,0.590226651,-0.112865984,-0.799308307,0.313790756,-0.161275289,-0.345834211,0.372768103,-0.158935511,-0.459164044,0.535569098,-0.160696358,-0.510544557,0.705605343,-0.183616854,-0.553468122,0.352535907,-0.159105582,-0.284893607,0.383424878,-0.184381728,-0.357983418,0.530776359,-0.193444769,-0.371392182,0.691460985,-0.206012152,-0.38551724,0.351127525,-0.184528236,-0.240872101,0.352949893,-0.187804536,-0.296591584,0.444519383,-0.180922738,-0.306655158,0.56346177,-0.165843732,-0.312302687,167.5963871,179.1121181,155.6224902,168.6496518,134.9792796,172.3671079,117.8157764,178.9640179,97.85484002,175.3765899,0,0,0,-0.037574067,-0.310719851,-0.044685687,-0.033755468,-0.587638629,-0.092733128,-0.023301437,-0.79769662,-0.133414784,-0.009725585,-0.986401879,-0.164063239,0.105469517,-0.582735714,-0.128716527,-0.192249614,-0.594264479,-0.191117366,-0.194774782,-0.492251952,-0.207133453,-0.112993471,-0.469831864,-0.215018749,0.124160473,-0.405110603,-0.148469624,-0.22488377,-0.423699282,-0.193677365,-0.188628704,-0.346521688,-0.181788337,-0.099981068,-0.339304259,-0.18271898,0.104685731,-0.213977126,-0.170663968,-0.212339866,-0.246416309,-0.203272222,-0.17566539,-0.192748089,-0.167113053,-0.091903401,-0.175196225,-0.152083219,0.064898863,-0.0321055,-0.198799144,-0.176101555,-0.068372198,-0.226558504,-0.144855473,-0.046442796,-0.212803052,-0.065531999,-0.026759093,-0.202855157,177.672816,177.8292343,91.04803968,104.5286392,61.18250203,119.4046985,52.37640949,134.8374673,28.97610585,155.7871142,HELP
0,0,0,-0.074007408,-0.147646019,-0.203842712,-0.129092021,-0.209917396,-0.376673067,-0.212243724,-0.248020049,-0.511536404,-0.308933655,-0.285074843,-0.652656818,0.233816487,-0.148061381,-0.399068986,0.30870058,-0.131589622,-0.563123278,0.468636882,-0.115938932,-0.692431579,0.620601557,-0.10662799,-0.776842441,0.326309404,-0.126799385,-0.336512237,0.385878315,-0.142521883,-0.447514825,0.556863944,-0.156871274,-0.498870133,0.734536092,-0.186231115,-0.541232507,0.359466436,-0.117989592,-0.276580337,0.396685666,-0.155413686,-0.349145268,0.557581021,-0.168440356,-0.363179392,0.727084221,-0.179492198,-0.376215365,0.354303882,-0.141288269,-0.232796481,0.372042142,-0.153703462,-0.289788565,0.47650663,-0.150878298,-0.301148181,0.602394331,-0.137050976,-0.306702186,165.528331,176.9890488,153.5683461,170.0270029,135.1171316,174.3898016,121.0272022,178.8722912,112.6234759,174.0032735,0,0,0,-0.025442355,-0.302346678,-0.044667516,-0.014362764,-0.591339055,-0.091625463,-0.002824881,-0.803179614,-0.131624433,0.011043889,-0.987030862,-0.160150275,0.117984158,-0.602120149,-0.126750515,-0.159658054,-0.620652985,-0.194140251,-0.165824624,-0.518946426,-0.216921208,-0.091049513,-0.495867987,-0.23052179,0.138150754,-0.443258929,-0.146147626,-0.18587648,-0.463894127,-0.19760563,-0.155357777,-0.383286833,-0.189148002,-0.068744377,-0.368910132,-0.190872195,0.121213303,-0.26358644,-0.168806277,-0.169217956,-0.299301385,-0.212064055,-0.140373774,-0.236719092,-0.178478104,-0.063685689,-0.201841789,-0.161484262,0.084656325,-0.085172083,-0.197442731,-0.118809295,-0.121947373,-0.242615929,-0.08820029,-0.088924528,-0.237607786,-0.012285222,-0.050860463,-0.229701975,178.2608665,177.7555356,92.61216681,105.3541894,65.09960658,119.8682038,57.85478908,138.9073625,36.8935507,159.5305162,HELP
0,0,0,-0.071062755,-0.130623541,-0.248057001,-0.103951911,-0.217771095,-0.417468761,-0.14784045,-0.280130268,-0.54464746,-0.207301165,-0.316783691,-0.67779001,0.21913209,-0.047238024,-0.388695895,0.382011208,-0.071782363,-0.529443224,0.537682991,-0.0873845,-0.635680391,0.671360469,-0.10212037,-0.707812039,0.292213347,-0.035800134,-0.309415236,0.47371579,-0.07402316,-0.437248123,0.638077619,-0.124795198,-0.524619645,0.790550479,-0.168183281,-0.588850001,0.332654053,-0.041604652,-0.237395877,0.496167156,-0.076761473,-0.342976246,0.634929797,-0.116515776,-0.41577663,0.764082083,-0.15089322,-0.463238825,0.350370555,-0.07783579,-0.181660115,0.474778447,-0.078224921,-0.263145755,0.573616451,-0.095102937,-0.315138921,0.671956433,-0.103490337,-0.352897231,172.4934575,168.2424784,173.2660546,173.997936,171.1075462,174.9805402,173.5514126,172.7089907,169.9375,172.1658967,0,0,0,-0.001701113,-0.275071901,-0.075458255,0.022627086,-0.565240326,-0.128998472,0.040979684,-0.780297302,-0.165864909,0.05406038,-0.981127093,-0.185653176,0.156587268,-0.526671788,-0.167744559,-0.14061166,-0.530418719,-0.247544638,-0.13243705,-0.451066341,-0.277583415,-0.043325711,-0.43804887,-0.295937555,0.178078475,-0.34942958,-0.172671093,-0.168407042,-0.347459112,-0.236010593,-0.120622689,-0.289221246,-0.234188119,-0.020427862,-0.295010529,-0.240402546,0.165761347,-0.15603351,-0.182058827,-0.148308836,-0.168448506,-0.247060871,-0.100514523,-0.121928756,-0.217707945,-0.017595958,-0.103360393,-0.197817574,0.134896535,0.034379738,-0.199570219,-0.078867528,0.02545466,-0.267959563,-0.038303785,0.041721708,-0.271846665,0.045837053,0.054337638,-0.266123529,179.2073172,175.7527337,89.27985501,107.1692677,51.40679204,125.8627223,41.57876706,148.2981294,29.8245231,163.9585444,HELP
0,0,0,-0.071717554,-0.1191214,-0.261578772,-0.100729606,-0.179771194,-0.444163038,-0.140254069,-0.232951922,-0.577117622,-0.20424787,-0.254159824,-0.717371691,0.2080575,-0.026383099,-0.445414012,0.326984408,-0.045343876,-0.599019608,0.462878978,-0.058137247,-0.720437911,0.589157096,-0.07827612,-0.804218108,0.289746429,-0.029701878,-0.350006832,0.437556663,-0.07522222,-0.467314141,0.58048611,-0.12056818,-0.538626088,0.714474348,-0.166529323,-0.597019608,0.335304093,-0.044709489,-0.259345259,0.460368605,-0.082611205,-0.34044188,0.583153381,-0.117847462,-0.388814994,0.697605336,-0.149552693,-0.427279623,0.350866284,-0.090979718,-0.187770573,0.448235802,-0.092723082,-0.251851599,0.528356202,-0.104121127,-0.289526551,0.611264626,-0.104768106,-0.319985631,172.3630409,164.762892,169.4446029,171.0801026,168.2428219,176.7145962,168.8863967,177.1343619,169.5867779,171.4542917,0,0,0,0.032687217,-0.25802044,-0.087208936,0.123313398,-0.558922287,-0.142687778,0.18573263,-0.760196258,-0.175501805,0.21620772,-0.958348686,-0.186606587,0.307484243,-0.489828035,-0.203824727,0.014792127,-0.502713256,-0.274777996,-0.002747812,-0.431979612,-0.293051941,0.070318589,-0.408866551,-0.306991296,0.342732818,-0.288808808,-0.202076337,0.011923629,-0.295156685,-0.259387101,0.022159198,-0.237557415,-0.243132965,0.110537298,-0.225574704,-0.240186038,0.328076832,-0.067960127,-0.202578521,0.073244525,-0.103846439,-0.273944133,0.06523347,-0.074856733,-0.21520312,0.096875953,-0.036191149,-0.171505827,0.291608578,0.149490181,-0.211954727,0.303634148,0.125446384,-0.311609567,0.42705464,0.143246109,-0.313565334,0.558365282,0.18861187,-0.29729925,178.7130402,169.8240782,104.1035724,95.96323554,76.7214222,107.6479373,79.569059,141.6254378,95.57742718,166.7753782,HELP
0,0,0,-0.074862896,-0.112064633,-0.266294793,-0.104067993,-0.179335228,-0.450664303,-0.134615075,-0.214265673,-0.58969615,-0.174697179,-0.24895015,-0.733398981,0.219447112,-0.035055974,-0.427137718,0.343348168,-0.045647574,-0.586083156,0.486661645,-0.042480244,-0.705232227,0.614867986,-0.046797214,-0.786429595,0.285580318,-0.038976569,-0.344514254,0.441419588,-0.051850392,-0.490467362,0.603160484,-0.082360391,-0.581531856,0.754733107,-0.102707112,-0.647942271,0.319697468,-0.051180436,-0.270117072,0.462766861,-0.054837912,-0.384446422,0.597771621,-0.076889821,-0.448270594,0.725915669,-0.083747046,-0.489554689,0.332521909,-0.085593784,-0.214721727,0.445097797,-0.06365402,-0.300963344,0.5429404,-0.06891104,-0.351012375,0.645943899,-0.060437967,-0.387126105,173.1433298,176.7947615,167.049581,172.1556584,165.1315308,173.8698537,164.8709295,170.7764536,164.5106646,169.417862,0,0,0,0,0,0,0,0,0,0,0,0,0,0,0,0,0,0,0,0,0,0,0,0,0,0,0,0,0,0,0,0,0,0,0,0,0,0,0,0,0,0,0,0,0,0,0,0,0,0,0,0,0,0,0,0,0,0,0,0,0,0,0,0,0,0,0,0,0,0,0,0,0,HELP
0,0,0,0,0,0,0,0,0,0,0,0,0,0,0,0,0,0,0,0,0,0,0,0,0,0,0,0,0,0,0,0,0,0,0,0,0,0,0,0,0,0,0,0,0,0,0,0,0,0,0,0,0,0,0,0,0,0,0,0,0,0,0,0,0,0,0,0,0,0,0,0,0,0,0,0,-0.027759036,-0.240696933,-0.123404718,-0.006045957,-0.512245539,-0.216660095,-0.007002832,-0.722622418,-0.286338412,-0.006339597,-0.937705873,-0.347372287,0.140010837,-0.385337372,-0.253256784,-0.193619104,-0.386114475,-0.357487379,-0.184416262,-0.338415968,-0.418920079,-0.094236194,-0.305641259,-0.462904383,0.155426303,-0.154654671,-0.243373547,-0.211328856,-0.187616022,-0.318256024,-0.170518995,-0.15914515,-0.330119057,-0.066840136,-0.147950314,-0.353592418,0.137060314,0.064470278,-0.235806766,-0.177970939,-0.003600526,-0.313202247,-0.155718417,0.030718338,-0.278736309,-0.075375418,0.055327741,-0.257814853,0.106583326,0.261987237,-0.241306632,-0.11014352,0.210383432,-0.303580796,-0.111471135,0.217635883,-0.287005496,-0.052879256,0.245306752,-0.271924381,175.3728845,177.4573338,96.91455056,128.0489245,38.62856231,152.0027344,47.34308556,136.3855077,74.54071163,107.9927734,HELP
0,0,0,0,0,0,0,0,0,0,0,0,0,0,0,0,0,0,0,0,0,0,0,0,0,0,0,0,0,0,0,0,0,0,0,0,0,0,0,0,0,0,0,0,0,0,0,0,0,0,0,0,0,0,0,0,0,0,0,0,0,0,0,0,0,0,0,0,0,0,0,0,0,0,0,0,-0.022985021,-0.250186785,-0.117485227,-0.005915849,-0.533599276,-0.190184872,0.015851342,-0.74259826,-0.238231849,0.038346752,-0.962725836,-0.267747067,0.153234286,-0.437063733,-0.213961726,-0.201811116,-0.429351875,-0.31611109,-0.189730458,-0.358828099,-0.363427308,-0.08208498,-0.34109985,-0.390856245,0.185843345,-0.221979243,-0.206231321,-0.238407933,-0.221692837,-0.280037752,-0.171533812,-0.180242657,-0.279373658,-0.05093338,-0.185475274,-0.285652882,0.172809153,-0.00274622,-0.20642753,-0.219868457,-0.030830944,-0.281332551,-0.148866763,-0.003103044,-0.235017026,-0.039627845,-0.000221354,-0.200391147,0.133201629,0.199861617,-0.220684616,-0.158194044,0.165214618,-0.300250641,-0.112117031,0.166604726,-0.293108879,-0.016011095,0.171381855,-0.274886385,177.1345244,174.7049636,91.96692797,113.5038762,33.02514252,145.5594499,25.99210674,157.4038652,8.077356518,177.6907967,HELP
0,0,0,0,0,0,0,0,0,0,0,0,0,0,0,0,0,0,0,0,0,0,0,0,0,0,0,0,0,0,0,0,0,0,0,0,0,0,0,0,0,0,0,0,0,0,0,0,0,0,0,0,0,0,0,0,0,0,0,0,0,0,0,0,0,0,0,0,0,0,0,0,0,0,0,0,-0.022107185,-0.241949174,-0.120204288,0.000347774,-0.521896437,-0.204682103,0.009311248,-0.733440416,-0.266745113,0.035228349,-0.947545837,-0.317672552,0.173774835,-0.404052406,-0.225756436,-0.15754376,-0.417598686,-0.336027106,-0.154670986,-0.382214868,-0.405432714,-0.062743925,-0.35930058,-0.451889001,0.192313566,-0.175857678,-0.219205047,-0.18860852,-0.201376535,-0.296429427,-0.145529496,-0.18294346,-0.31350113,-0.040510241,-0.177403981,-0.335659013,0.167590932,0.046386876,-0.217393587,-0.175427056,-0.012219678,-0.298993426,-0.144471885,0.015755359,-0.262980996,-0.056505883,0.029306489,-0.235296038,0.126065814,0.246290124,-0.229160916,-0.127712137,0.194562497,-0.301703357,-0.116008418,0.190175142,-0.285999121,-0.041785719,0.197602013,-0.264629351,177.863572,174.6940908,103.2027251,121.5081245,36.7656186,159.0129269,39.5240125,142.9258119,44.02008293,138.7845084,HELP
0,0,0,0,0,0,0,0,0,0,0,0,0,0,0,0,0,0,0,0,0,0,0,0,0,0,0,0,0,0,0,0,0,0,0,0,0,0,0,0,0,0,0,0,0,0,0,0,0,0,0,0,0,0,0,0,0,0,0,0,0,0,0,0,0,0,0,0,0,0,0,0,0,0,0,0,-0.022107185,-0.241949174,-0.120204288,0.000347774,-0.521896437,-0.204682103,0.009311248,-0.733440416,-0.266745113,0.035228349,-0.947545837,-0.317672552,0.173774835,-0.404052406,-0.225756436,-0.15754376,-0.417598686,-0.336027106,-0.154670986,-0.382214868,-0.405432714,-0.062743925,-0.35930058,-0.451889001,0.192313566,-0.175857678,-0.219205047,-0.18860852,-0.201376535,-0.296429427,-0.145529496,-0.18294346,-0.31350113,-0.040510241,-0.177403981,-0.335659013,0.167590932,0.046386876,-0.217393587,-0.175427056,-0.012219678,-0.298993426,-0.144471885,0.015755359,-0.262980996,-0.056505883,0.029306489,-0.235296038,0.126065814,0.246290124,-0.229160916,-0.127712137,0.194562497,-0.301703357,-0.116008418,0.190175142,-0.285999121,-0.041785719,0.197602013,-0.264629351,177.863572,174.6940908,103.2027251,121.5081245,36.7656186,159.0129269,39.5240125,142.9258119,44.02008293,138.7845084,HELP
0,0,0,-0.075000627,-0.119913209,-0.253621162,-0.106104903,-0.185282002,-0.435865469,-0.133234355,-0.213155042,-0.56971154,-0.17993593,-0.258354221,-0.708931818,0.192400583,-0.049832416,-0.45298192,0.292715655,-0.059990024,-0.618431666,0.43682709,-0.055960419,-0.740854561,0.568286451,-0.052601285,-0.821147742,0.269625247,-0.039682757,-0.367439968,0.391152628,-0.053202298,-0.507020073,0.552033808,-0.085487916,-0.585626959,0.701868777,-0.109588051,-0.644068702,0.310327034,-0.042712119,-0.285877198,0.416969543,-0.05813541,-0.391020088,0.556929707,-0.079749931,-0.444091823,0.6889255,-0.082691769,-0.478979211,0.328793236,-0.074556687,-0.221157539,0.411557084,-0.07126647,-0.300848623,0.508243135,-0.076020832,-0.342719491,0.613520494,-0.064936594,-0.371847849,171.8742981,171.1521673,161.1022691,171.0634629,156.4872458,175.0199195,156.2386063,170.827176,159.0695943,168.4498727,0,0,0,-0.015234038,-0.244536976,-0.118750731,0.027850568,-0.536686872,-0.184891507,0.055008524,-0.746504973,-0.228042873,0.080008556,-0.964432358,-0.251930262,0.202229639,-0.43406454,-0.190189015,-0.131616847,-0.442608151,-0.293885724,-0.13270152,-0.383929684,-0.345861421,-0.034537568,-0.358794734,-0.375959551,0.233653182,-0.22067099,-0.180565474,-0.167904919,-0.228841324,-0.260714882,-0.11706844,-0.186117176,-0.267514493,0.000259555,-0.186479664,-0.274368775,0.215311338,0.000344973,-0.180349263,-0.146429504,-0.036807817,-0.266923545,-0.096839904,0.008062324,-0.22892993,0.005168762,0.022307387,-0.193680775,0.175091737,0.20438934,-0.193310243,-0.086049524,0.166272705,-0.274946904,-0.057819587,0.173358239,-0.267591058,0.033546816,0.182276143,-0.246757264,178.4846791,174.6121068,101.0416427,110.7254037,42.31199573,139.8351503,37.22407551,147.1795687,6.368744171,171.5671003,HELP
0,0,0,0,0,0,0,0,0,0,0,0,0,0,0,0,0,0,0,0,0,0,0,0,0,0,0,0,0,0,0,0,0,0,0,0,0,0,0,0,0,0,0,0,0,0,0,0,0,0,0,0,0,0,0,0,0,0,0,0,0,0,0,0,0,0,0,0,0,0,0,0,0,0,0,0,-0.017096585,-0.243338005,-0.119772195,0.029892847,-0.528883978,-0.190006001,0.05766945,-0.73699735,-0.237804506,0.084076506,-0.959449778,-0.269048815,0.232064688,-0.445878699,-0.194455211,-0.111877262,-0.445638707,-0.297652301,-0.12950779,-0.398776851,-0.352427878,-0.035091983,-0.373649408,-0.388078182,0.258143876,-0.22966567,-0.187070519,-0.130473667,-0.224609399,-0.262755617,-0.107994484,-0.197871133,-0.272210414,0.001022663,-0.203694915,-0.285977981,0.236469333,-0.005242689,-0.187964256,-0.113373099,-0.035922703,-0.268010607,-0.101189151,-0.009169663,-0.22756034,-0.014957858,-0.002744103,-0.197247957,0.193389531,0.2019596,-0.20297927,-0.056320845,0.163498612,-0.276621515,-0.064067388,0.15619852,-0.263796362,0.00197338,0.161770234,-0.243943438,178.0875228,175.0339084,116.1089609,100.9464412,56.61612643,127.5127974,62.48507979,122.3030355,106.8376952,75.04354813,HELP
0,0,0,0,0,0,0,0,0,0,0,0,0,0,0,0,0,0,0,0,0,0,0,0,0,0,0,0,0,0,0,0,0,0,0,0,0,0,0,0,0,0,0,0,0,0,0,0,0,0,0,0,0,0,0,0,0,0,0,0,0,0,0,0,0,0,0,0,0,0,0,0,0,0,0,0,-0.031966262,-0.242518732,-0.126210609,-0.01295566,-0.518371923,-0.2116283,0.004418151,-0.726459141,-0.27176699,0.038300535,-0.947315508,-0.318003771,0.163863286,-0.43367563,-0.240982917,-0.179628094,-0.412656827,-0.345876414,-0.158906742,-0.371555467,-0.404522728,-0.057219726,-0.352883525,-0.445847478,0.19557948,-0.204768939,-0.231534261,-0.198183256,-0.187380496,-0.30608493,-0.140507285,-0.17391396,-0.318806796,-0.021185785,-0.185353502,-0.341060978,0.183254964,0.024745407,-0.226052276,-0.175929142,0.003779489,-0.306216239,-0.140158155,0.0207835,-0.266371432,-0.046443947,0.018838654,-0.239878631,0.148782644,0.232674368,-0.235286334,-0.113032195,0.211747914,-0.31326008,-0.099685525,0.204771087,-0.302402991,-0.023509559,0.207904263,-0.286011736,178.5991186,174.1719086,89.78192852,129.6604997,27.63872695,161.667305,37.64328418,143.0706481,34.45312393,144.0893217,HELP
0,0,0,-0.025675218,-0.242890698,-0.118141858,0.002557809,-0.521122154,-0.198929838,0.020221857,-0.731760216,-0.256622061,0.047607606,-0.952531411,-0.300694906,0.180382667,-0.435782191,-0.226442889,-0.163719901,-0.418401413,-0.330555911,-0.142322631,-0.373320906,-0.388587646,-0.040447351,-0.346408076,-0.427505026,0.207531047,-0.213258005,-0.220111345,-0.186922753,-0.203723031,-0.294196568,-0.123946738,-0.178722519,-0.305977805,-0.006601505,-0.178890807,-0.324153338,0.190300572,0.01170219,-0.21787555,-0.164522771,-0.021037063,-0.295846879,-0.121011971,0.013393113,-0.255409105,-0.026226047,0.022412707,-0.225421252,0.152300267,0.216254061,-0.229524485,-0.106393063,0.181091655,-0.303133934,-0.088818222,0.182679605,-0.289831522,-0.009796234,0.193224431,-0.269460628,178.6736458,175.3603119,88.88210518,131.0977777,30.74694844,158.5236256,38.06129021,145.4818769,21.40234775,157.2026889,0,0,0,0,0,0,0,0,0,0,0,0,0,0,0,0,0,0,0,0,0,0,0,0,0,0,0,0,0,0,0,0,0,0,0,0,0,0,0,0,0,0,0,0,0,0,0,0,0,0,0,0,0,0,0,0,0,0,0,0,0,0,0,0,0,0,0,0,0,0,0,0,0,HELP
0,0,0,0,0,0,0,0,0,0,0,0,0,0,0,0,0,0,0,0,0,0,0,0,0,0,0,0,0,0,0,0,0,0,0,0,0,0,0,0,0,0,0,0,0,0,0,0,0,0,0,0,0,0,0,0,0,0,0,0,0,0,0,0,0,0,0,0,0,0,0,0,0,0,0,0,-0.029320925,-0.240615546,-0.119466313,-0.011413434,-0.52590189,-0.195616581,0.006400816,-0.739974642,-0.246183274,0.034487016,-0.959386609,-0.279978535,0.14956596,-0.411646504,-0.234669295,-0.188400199,-0.412331163,-0.334824158,-0.166982078,-0.356057817,-0.382932511,-0.064128245,-0.329057492,-0.41286428,0.181361214,-0.189071887,-0.225832213,-0.220693633,-0.196552927,-0.297870229,-0.150919996,-0.16229747,-0.300535694,-0.032894357,-0.154548782,-0.311353439,0.165813109,0.036318169,-0.221483577,-0.199358991,-0.002516969,-0.29608287,-0.13838935,0.0312746,-0.251231403,-0.038772978,0.049900527,-0.217701895,0.128084009,0.244046678,-0.231008659,-0.135391412,0.207966618,-0.309610035,-0.094207677,0.214588719,-0.300467691,-0.000599382,0.229138025,-0.281219457,177.9551579,174.7922185,84.80730009,127.3224172,27.75985824,157.4120127,29.92040756,158.0443525,4.347166472,178.8455613,HELP
0,0,0,0,0,0,0,0,0,0,0,0,0,0,0,0,0,0,0,0,0,0,0,0,0,0,0,0,0,0,0,0,0,0,0,0,0,0,0,0,0,0,0,0,0,0,0,0,0,0,0,0,0,0,0,0,0,0,0,0,0,0,0,0,0,0,0,0,0,0,0,0,0,0,0,0,-0.01707368,-0.247467857,-0.107146957,0.017129704,-0.538775194,-0.173838439,0.043731303,-0.749947331,-0.220162541,0.075034447,-0.965387211,-0.249794646,0.191866318,-0.462705842,-0.181461976,-0.148123138,-0.446307555,-0.286231073,-0.136752475,-0.380966906,-0.350446938,-0.030414367,-0.348796801,-0.39259274,0.227707581,-0.241975127,-0.178531691,-0.179158423,-0.232915025,-0.249392034,-0.115997569,-0.18811009,-0.25854395,0.005875996,-0.181139421,-0.271516783,0.213349543,-0.016273716,-0.183734149,-0.161733751,-0.036336577,-0.256396218,-0.101962512,0.008776622,-0.213773965,0.010719151,0.022486504,-0.180610231,0.175715623,0.196693595,-0.203095654,-0.108788473,0.163283334,-0.276838665,-0.076720477,0.175897639,-0.2661118,0.020615491,0.18776865,-0.245061361,179.2144122,175.3335923,96.87091806,123.268087,40.09107947,148.1167883,36.7300551,149.356052,14.50634628,165.0233588,HELP
0,0,0,-0.06633049,-0.12020755,-0.24057738,-0.074243312,-0.203531986,-0.401161447,-0.076623677,-0.287070931,-0.509215497,-0.095738686,-0.368489934,-0.620800773,0.179517294,-0.035922123,-0.442326197,0.307796819,-0.065334059,-0.608187489,0.458252088,-0.080679347,-0.728604639,0.587700569,-0.090583536,-0.803991707,0.257653852,-0.03260882,-0.347115977,0.39480289,-0.060497308,-0.478419535,0.546869038,-0.101009225,-0.542695306,0.683823015,-0.1282914,-0.589334726,0.302025352,-0.041195655,-0.255038565,0.415355786,-0.074160183,-0.354243394,0.536496088,-0.093991097,-0.396158857,0.64425825,-0.092699083,-0.421063567,0.322927131,-0.076753935,-0.177462967,0.409318754,-0.084825815,-0.255604388,0.496247773,-0.090003594,-0.293269869,0.587337099,-0.082097785,-0.316777157,169.6047585,172.9288123,166.0426105,171.5234322,158.8490826,174.9112216,157.9806272,168.7600264,161.3097198,168.0334482,0,0,0,-0.018819288,-0.255031973,-0.101653021,0.002296616,-0.541530759,-0.169831997,0.018376116,-0.752540072,-0.21606274,0.030378949,-0.968710971,-0.246325342,0.145196969,-0.449873359,-0.209193127,-0.189657402,-0.432835657,-0.305149456,-0.171574729,-0.371299047,-0.352767199,-0.07036937,-0.354074491,-0.381550863,0.175485713,-0.230320742,-0.207031022,-0.223664263,-0.221647406,-0.27872776,-0.157851981,-0.182050085,-0.283526316,-0.043431232,-0.185104548,-0.294053555,0.165912534,-0.00784406,-0.208860104,-0.196001353,-0.035517095,-0.281742337,-0.128839734,0.001429785,-0.241433007,-0.029728735,0.015994818,-0.210542111,0.133510162,0.19796967,-0.222275617,-0.124945932,0.16949657,-0.300006218,-0.078097451,0.183899847,-0.292065019,0.015491632,0.201274254,-0.272960908,178.9120254,175.468541,89.1004224,120.0149132,34.96721632,147.4897992,28.16572673,158.3664372,12.89748266,173.1567269,HELP
0,0,0,-0.016835141,-0.242382955,-0.119700608,0.018253115,-0.526100511,-0.201316762,0.031963753,-0.737683727,-0.258423217,0.05829299,-0.952878144,-0.297699798,0.190303145,-0.439357617,-0.232639139,-0.16405179,-0.437489353,-0.332143936,-0.161759328,-0.370911777,-0.377729054,-0.061172683,-0.337210862,-0.408555175,0.213181942,-0.21157082,-0.224436702,-0.18619538,-0.215829157,-0.302721543,-0.132633991,-0.173000062,-0.30750221,-0.006736938,-0.175073546,-0.318844841,0.191471118,0.016455595,-0.220324815,-0.157418306,-0.024287296,-0.300250731,-0.117242267,0.023422934,-0.255401502,-0.015492711,0.036058668,-0.222455379,0.150913457,0.225839613,-0.229430848,-0.097965261,0.188141655,-0.301759666,-0.084550316,0.198746741,-0.287491976,-0.00315293,0.211399349,-0.267378239,176.6495087,174.2224297,97.44136425,115.7877911,40.7431616,140.5209007,45.07087446,138.2041515,35.13733289,143.2385123,0,0,0,0,0,0,0,0,0,0,0,0,0,0,0,0,0,0,0,0,0,0,0,0,0,0,0,0,0,0,0,0,0,0,0,0,0,0,0,0,0,0,0,0,0,0,0,0,0,0,0,0,0,0,0,0,0,0,0,0,0,0,0,0,0,0,0,0,0,0,0,0,0,HELP
0,0,0,0,0,0,0,0,0,0,0,0,0,0,0,0,0,0,0,0,0,0,0,0,0,0,0,0,0,0,0,0,0,0,0,0,0,0,0,0,0,0,0,0,0,0,0,0,0,0,0,0,0,0,0,0,0,0,0,0,0,0,0,0,0,0,0,0,0,0,0,0,0,0,0,0,0.005575197,-0.247276469,-0.101763445,0.072194189,-0.538981952,-0.157237662,0.110258646,-0.750545983,-0.193319427,0.129880839,-0.968540871,-0.212272345,0.24991211,-0.442042324,-0.160838509,-0.076887893,-0.440366428,-0.253589332,-0.076560197,-0.385606324,-0.307035755,0.02037607,-0.363583803,-0.340623364,0.276911582,-0.232196581,-0.156334146,-0.109316643,-0.229342186,-0.222781727,-0.062679787,-0.198163713,-0.231548961,0.048295756,-0.20506003,-0.242177415,0.256238319,-0.012972023,-0.160092695,-0.083573797,-0.048774726,-0.23369536,-0.038952797,-0.016683758,-0.19935277,0.051954203,-0.006943131,-0.169420542,0.211761994,0.191696937,-0.175855305,-0.014615361,0.161334468,-0.251190079,0.016885455,0.170164219,-0.244372325,0.101168929,0.185159194,-0.224817192,177.1812766,173.200063,100.9589058,112.1924369,38.80924261,142.8261927,33.73412823,149.9464164,10.11879718,174.398378,HELP
0,0,0,0.000736345,-0.264972738,-0.102313534,0.075577688,-0.546470891,-0.16366671,0.110288497,-0.754270465,-0.203344929,0.125424996,-0.966077817,-0.225748139,0.275436433,-0.459664317,-0.171811393,-0.05049095,-0.461956071,-0.253388983,-0.044680083,-0.404714348,-0.292687206,0.043499604,-0.367751499,-0.31773429,0.292084749,-0.247742584,-0.164622699,-0.060779107,-0.257921587,-0.222469348,-0.020551875,-0.221372205,-0.225604515,0.070079242,-0.212413864,-0.234992479,0.262755947,-0.032885984,-0.162617107,-0.031653337,-0.086941753,-0.230387559,-0.006236671,-0.043934103,-0.190056564,0.054163395,-0.020734698,-0.157082472,0.213402356,0.170972432,-0.171908269,0.066831309,0.14156855,-0.241865756,0.117593909,0.180869681,-0.230715195,0.204902013,0.220900225,-0.208840084,174.5490018,172.9174786,92.89095914,121.6370821,42.38479428,143.4166408,50.47490991,145.9372463,29.3344064,166.7902119,0,0,0,0,0,0,0,0,0,0,0,0,0,0,0,0,0,0,0,0,0,0,0,0,0,0,0,0,0,0,0,0,0,0,0,0,0,0,0,0,0,0,0,0,0,0,0,0,0,0,0,0,0,0,0,0,0,0,0,0,0,0,0,0,0,0,0,0,0,0,0,0,0,HELP
0,0,0,-0.08058183,-0.157044222,-0.245583395,-0.120844491,-0.24410092,-0.438720808,-0.187405224,-0.255829058,-0.589164941,-0.265389597,-0.25095441,-0.744090164,0.22207109,-0.155070096,-0.453307897,0.232055568,-0.154009232,-0.635178566,0.363516052,-0.105508851,-0.76988564,0.507054534,-0.072195168,-0.858885066,0.298534777,-0.140586171,-0.384322187,0.304924469,-0.162826028,-0.533064554,0.467970513,-0.159040267,-0.610731851,0.650983199,-0.169445908,-0.669754725,0.328227965,-0.122423857,-0.32070276,0.329276251,-0.150148005,-0.430245364,0.479734164,-0.144953276,-0.469039037,0.654395517,-0.131360881,-0.496119092,0.330328052,-0.125190371,-0.276127974,0.341491216,-0.134443962,-0.358532352,0.442504134,-0.123677269,-0.393139631,0.577033642,-0.094765927,-0.41666217,157.0760319,173.6282007,136.9284628,166.0531745,117.3907272,171.2684363,104.0441169,173.8315323,115.598635,169.1637025,0,0,0,0.018524603,-0.249360902,-0.096026399,0.098742916,-0.554185407,-0.146835221,0.157670035,-0.760915057,-0.17652657,0.193129586,-0.963350443,-0.186163603,0.296085888,-0.483343509,-0.157820345,-0.020861797,-0.477775924,-0.239120795,-0.038142525,-0.397553529,-0.278986637,0.045708288,-0.371930112,-0.305421384,0.327099394,-0.273710705,-0.151888247,-0.02309135,-0.26892063,-0.208807815,-0.00572514,-0.21161687,-0.206300996,0.086028469,-0.21375441,-0.210882306,0.306595856,-0.052592287,-0.153616346,0.01684305,-0.085309503,-0.223665282,0.028956668,-0.04667449,-0.178929859,0.080671151,-0.024296391,-0.142715758,0.265597059,0.159565353,-0.165943642,0.163966149,0.141946076,-0.250361726,0.239012921,0.16710581,-0.246825614,0.341952897,0.197190199,-0.22755149,178.2390538,172.1060455,107.8756702,101.4625496,73.75251354,105.3666577,64.08755135,140.328993,37.58618483,172.0337201,HELP
0,0,0,0,0,0,0,0,0,0,0,0,0,0,0,0,0,0,0,0,0,0,0,0,0,0,0,0,0,0,0,0,0,0,0,0,0,0,0,0,0,0,0,0,0,0,0,0,0,0,0,0,0,0,0,0,0,0,0,0,0,0,0,0,0,0,0,0,0,0,0,0,0,0,0,0,0.064194666,-0.2848286,-0.067506619,0.162630652,-0.592009212,-0.13139605,0.212751559,-0.803526309,-0.17729242,0.205477485,-0.957063283,-0.204472187,0.375362129,-0.549011717,-0.185398404,0.087499293,-0.607434744,-0.248788609,0.046707089,-0.512204395,-0.267552729,0.117956899,-0.48791567,-0.287039585,0.40556483,-0.357411817,-0.191035186,0.070384133,-0.433094259,-0.242385788,0.043808075,-0.35417727,-0.229740546,0.139826853,-0.340287575,-0.234252772,0.37620717,-0.14285554,-0.196625258,0.111434118,-0.228154638,-0.243570399,0.063619667,-0.215564393,-0.203375244,0.08947637,-0.173267836,-0.185847616,0.323979715,0.068833815,-0.209368436,0.338898414,0.028884885,-0.290753896,0.452995108,0.030182922,-0.310435739,0.58470436,0.076687833,-0.316904633,175.5844122,164.1354848,103.4675829,88.40584549,94.47995318,79.34378869,122.6518588,90.01240745,107.7988603,160.0074117,HELP
0,0,0,0,0,0,0,0,0,0,0,0,0,0,0,0,0,0,0,0,0,0,0,0,0,0,0,0,0,0,0,0,0,0,0,0,0,0,0,0,0,0,0,0,0,0,0,0,0,0,0,0,0,0,0,0,0,0,0,0,0,0,0,0,0,0,0,0,0,0,0,0,0,0,0,0,0.043073254,-0.270042842,-0.072738417,0.14356315,-0.581130623,-0.12219715,0.213291001,-0.782437748,-0.151884161,0.24555532,-0.956017425,-0.16041592,0.348307606,-0.526688579,-0.158739633,0.059557931,-0.543595303,-0.220074747,0.034141835,-0.454984435,-0.238670112,0.107273304,-0.438472468,-0.25437448,0.375241678,-0.331489676,-0.15848963,0.057859708,-0.365037745,-0.205285384,0.049967279,-0.302817249,-0.193089807,0.135937002,-0.304854594,-0.194036893,0.351645055,-0.122442977,-0.161212796,0.102386124,-0.190608355,-0.213750133,0.080572003,-0.170772985,-0.168929494,0.108661901,-0.143356817,-0.140222904,0.305954586,0.082981731,-0.171427225,0.296287682,0.03399856,-0.251756086,0.399090033,0.048609935,-0.258741036,0.516764122,0.09044805,-0.250444243,178.6032912,170.017751,104.5408637,89.17639027,89.57420898,81.45146107,97.02596072,117.8217918,83.3002052,166.2026435,HELP
0,0,0,0,0,0,0,0,0,0,0,0,0,0,0,0,0,0,0,0,0,0,0,0,0,0,0,0,0,0,0,0,0,0,0,0,0,0,0,0,0,0,0,0,0,0,0,0,0,0,0,0,0,0,0,0,0,0,0,0,0,0,0,0,0,0,0,0,0,0,0,0,0,0,0,0,0.055210715,-0.300406855,-0.056028373,0.148574207,-0.608374258,-0.131257862,0.192566607,-0.814632703,-0.191305125,0.199606837,-0.952233553,-0.231102511,0.393582096,-0.586881862,-0.21208639,0.101100574,-0.651961322,-0.270645962,0.045102213,-0.54363363,-0.276093859,0.115666609,-0.513267524,-0.288579941,0.417802164,-0.393269219,-0.22718726,0.082057211,-0.48010906,-0.278035351,0.042020863,-0.387343044,-0.247723579,0.145177909,-0.362202928,-0.240879983,0.384924865,-0.181342434,-0.239620826,0.126193223,-0.267939184,-0.27364932,0.061521674,-0.252590452,-0.215040565,0.087004763,-0.20337691,-0.191507288,0.331340542,0.033272586,-0.25949718,0.394572434,0.008022287,-0.332879789,0.526704557,-0.004744051,-0.351155605,0.673833351,0.028681439,-0.360404049,174.5800221,171.2326215,105.002999,86.41556374,95.9690182,81.85353678,123.3886868,95.23224434,138.3179915,161.2651445,HELP
0,0,0,0,0,0,0,0,0,0,0,0,0,0,0,0,0,0,0,0,0,0,0,0,0,0,0,0,0,0,0,0,0,0,0,0,0,0,0,0,0,0,0,0,0,0,0,0,0,0,0,0,0,0,0,0,0,0,0,0,0,0,0,0,0,0,0,0,0,0,0,0,0,0,0,0,-0.082814791,-0.268713631,-0.184823522,-0.124322135,-0.464756614,-0.359517041,-0.21294882,-0.565716315,-0.50098928,-0.341770874,-0.686422104,-0.632108179,0.390959832,-0.690346107,-0.327790421,0.175378611,-0.611307525,-0.523956211,0.28979725,-0.428643407,-0.691786061,0.502961231,-0.31578463,-0.80455582,0.465933431,-0.545702467,-0.29806616,0.09262203,-0.574092462,-0.397370274,0.173640715,-0.451419348,-0.429250047,0.384836377,-0.401837834,-0.470422228,0.456324245,-0.367299538,-0.2807048,0.09601349,-0.396260977,-0.33268499,0.181592787,-0.321650687,-0.288411027,0.348689948,-0.268111948,-0.275960084,0.415765141,-0.183710746,-0.286990637,0.167858706,-0.204995399,-0.341964514,0.227464962,-0.148836257,-0.327315591,0.381845139,-0.110596998,-0.312254804,158.2849327,169.2734555,105.9663357,151.5156928,58.36477275,137.5392272,37.52228875,151.5362544,37.68599688,150.5157236,HELP
0,0,0,0,0,0,0,0,0,0,0,0,0,0,0,0,0,0,0,0,0,0,0,0,0,0,0,0,0,0,0,0,0,0,0,0,0,0,0,0,0,0,0,0,0,0,0,0,0,0,0,0,0,0,0,0,0,0,0,0,0,0,0,0,0,0,0,0,0,0,0,0,0,0,0,0,0.043351607,-0.292245018,-0.052907012,0.127762436,-0.595858605,-0.115765751,0.176688127,-0.798367333,-0.164546391,0.193664859,-0.961571501,-0.194612872,0.348842654,-0.563111291,-0.200080954,0.053447377,-0.619383208,-0.261701598,0.001255026,-0.526261219,-0.267467226,0.066569192,-0.499478158,-0.27672138,0.376676355,-0.373101992,-0.214682883,0.042252044,-0.448344064,-0.268005851,0.00489462,-0.364672266,-0.241545164,0.097185003,-0.345418188,-0.234899714,0.349933038,-0.171077228,-0.227526097,0.092343896,-0.250260737,-0.269399714,0.029187746,-0.234992723,-0.216553728,0.046371696,-0.196153525,-0.193205326,0.301216323,0.034863973,-0.247057385,0.353146576,0.012497525,-0.324396513,0.476764263,0.002901832,-0.343358563,0.609851477,0.029742508,-0.351556755,177.2920384,172.0064129,108.7206176,83.50158735,98.317913,79.38295176,124.2232732,100.5263836,132.3835278,163.4006138,HELP
0,0,0,0.08963959,-0.046007308,-0.055036779,0.252843079,-0.081149055,-0.106689146,0.39922428,-0.103528271,-0.149354873,0.513926919,-0.103775544,-0.195949965,0.377766935,0.070132561,-0.167322347,0.556053612,0.015345589,-0.270965539,0.698002442,-0.036300313,-0.344978658,0.82328333,-0.092000967,-0.397524393,0.403424165,0.058632668,-0.182862447,0.608868885,-0.008447427,-0.283867091,0.76703763,-0.079077946,-0.343050692,0.908977133,-0.154385607,-0.387202344,0.400101906,0.021276156,-0.198762765,0.602070929,-0.042151034,-0.286401126,0.746236911,-0.088653911,-0.326258431,0.867099077,-0.137661364,-0.352813761,0.374847318,-0.039839591,-0.21691285,0.529026486,-0.071475273,-0.292375227,0.642700906,-0.091464905,-0.329539801,0.746733618,-0.114010866,-0.356842465,176.4798234,169.8965751,176.0596619,173.6909138,171.6869134,174.8844612,172.2326263,174.7751963,172.0772979,175.8893223,0,0,0,0.052306987,-0.288944816,-0.053425839,0.149493371,-0.588994954,-0.108187239,0.210222921,-0.793227087,-0.147955634,0.231605851,-0.958038865,-0.168879433,0.359960746,-0.549259089,-0.173400011,0.095775216,-0.600369585,-0.224451233,0.042269447,-0.49857975,-0.230344308,0.102531142,-0.465407698,-0.242420673,0.385975638,-0.363618497,-0.184364294,0.079835585,-0.430746551,-0.228316107,0.037921611,-0.344222781,-0.207811038,0.122518597,-0.326248273,-0.207289356,0.357441151,-0.164273111,-0.194237183,0.120792114,-0.239980556,-0.233461856,0.06164908,-0.213937399,-0.18683552,0.078871024,-0.167005775,-0.167288945,0.308271523,0.030778632,-0.210043439,0.354182638,0.000976648,-0.284395249,0.46407821,0.000942436,-0.301064295,0.587864596,0.037943444,-0.307613537,178.428919,170.3218297,107.0248873,91.59176634,101.3486408,76.53425788,120.572365,105.1101309,127.7700832,162.4665911,HELP
0,0,0,0.090058081,-0.000817644,-0.035660007,0.250979536,-0.028789789,-0.075285685,0.394344483,-0.043678706,-0.111977076,0.503763246,-0.037513184,-0.154246089,0.373881148,0.082551251,-0.13715562,0.557729818,0.017153743,-0.232629032,0.69951457,-0.033946884,-0.3005388,0.821037486,-0.081964574,-0.349879629,0.399347484,0.059497779,-0.164263271,0.612263149,-0.020039139,-0.260356977,0.771990169,-0.088922465,-0.318144751,0.919686648,-0.155506838,-0.360546937,0.394175015,0.014388663,-0.191815224,0.608073367,-0.06108869,-0.27856329,0.748003629,-0.108214544,-0.322518358,0.867753935,-0.149022295,-0.351675504,0.369219764,-0.049279448,-0.220071317,0.525682267,-0.086045804,-0.30264662,0.64088312,-0.103459865,-0.34589318,0.747258432,-0.114928888,-0.375472804,176.1092999,168.9323486,178.1349747,176.0639254,174.7254517,176.1628679,175.5640817,176.3698002,171.956198,174.5483426,0,0,0,0.039382048,-0.270690047,-0.074466477,0.143979862,-0.566251696,-0.116309569,0.215753249,-0.7649484,-0.139791662,0.246971177,-0.958335944,-0.143518138,0.353429821,-0.495516786,-0.145754037,0.060025426,-0.493526796,-0.203351359,0.013978691,-0.412116306,-0.224230017,0.078627642,-0.392976036,-0.243502753,0.384792707,-0.305426737,-0.147731917,0.056004298,-0.310083012,-0.197168897,0.033251637,-0.245358695,-0.195196397,0.104066268,-0.244499657,-0.203759531,0.362286505,-0.10062707,-0.152639361,0.112596823,-0.144361727,-0.217687352,0.077277154,-0.103556345,-0.1750084,0.089719463,-0.07335165,-0.144755867,0.315686601,0.099932722,-0.164665351,0.344633493,0.080834334,-0.249772086,0.461362288,0.102037388,-0.251394435,0.583762164,0.129996553,-0.239601732,178.6534083,168.1074317,121.2712098,81.30229482,108.0770664,71.26709156,103.6784852,132.8676318,106.5824121,173.3217077,HELP
0,0,0,-0.081677204,-0.147026934,-0.216505439,-0.127578682,-0.199466362,-0.395525516,-0.201814553,-0.220722554,-0.53177818,-0.298376914,-0.250812213,-0.671413353,0.234425996,-0.186723916,-0.428217618,0.227666152,-0.16658698,-0.610353559,0.366944637,-0.129528845,-0.752702217,0.521593317,-0.110277044,-0.846037461,0.324509667,-0.154302715,-0.359658643,0.276110437,-0.1676086,-0.484285342,0.425083255,-0.162197714,-0.540566355,0.598813858,-0.181904404,-0.588797823,0.349228322,-0.130627314,-0.294668234,0.292897409,-0.160133217,-0.373692505,0.432514052,-0.166933697,-0.38377386,0.590335762,-0.175319423,-0.39677933,0.336466404,-0.134325311,-0.24801926,0.294919296,-0.145754542,-0.311863628,0.383480179,-0.138724642,-0.328981678,0.504898997,-0.122599216,-0.339570526,163.9498925,173.5749787,133.8451627,164.9652021,89.28260951,170.3126036,61.11284542,179.2663421,67.50021992,173.3096072,0,0,0,0.035315106,-0.277455268,-0.067155758,0.143201618,-0.581092368,-0.114583269,0.213666338,-0.784230027,-0.144017295,0.238157314,-0.959062799,-0.153230681,0.361878642,-0.535963903,-0.145584007,0.082642085,-0.562396121,-0.198589531,0.03954719,-0.47182203,-0.217449736,0.108296798,-0.445780386,-0.236549983,0.394424346,-0.35077019,-0.148266459,0.067308986,-0.388293442,-0.192691806,0.049109815,-0.308433585,-0.18622706,0.140336044,-0.303006074,-0.190992041,0.371977969,-0.145835821,-0.152805097,0.126739118,-0.2096518,-0.202807154,0.09661641,-0.169850782,-0.162210951,0.124310632,-0.133004073,-0.136804776,0.3254794,0.055070735,-0.164032428,0.361304609,0.035213246,-0.240802528,0.478415923,0.046641703,-0.249361893,0.602992261,0.074637265,-0.24345113,179.2256364,167.8956892,111.4189319,88.19771292,95.61172199,80.37172163,99.76058166,119.424462,116.7808748,170.1616976,HELP
0,0,0,0,0,0,0,0,0,0,0,0,0,0,0,0,0,0,0,0,0,0,0,0,0,0,0,0,0,0,0,0,0,0,0,0,0,0,0,0,0,0,0,0,0,0,0,0,0,0,0,0,0,0,0,0,0,0,0,0,0,0,0,0,0,0,0,0,0,0,0,0,0,0,0,0,0.036002908,-0.286126379,-0.070532862,0.125548555,-0.598086027,-0.131811347,0.174276913,-0.803164982,-0.173650672,0.182024654,-0.963367616,-0.196951418,0.346415818,-0.546814707,-0.193267401,0.053189483,-0.593562412,-0.248584678,0.011546023,-0.498942686,-0.265169142,0.079132071,-0.472879887,-0.285269854,0.374744265,-0.358216418,-0.197281636,0.031940111,-0.422326724,-0.242119058,0.012880797,-0.336950081,-0.231654913,0.108095155,-0.321327107,-0.240380935,0.348121265,-0.149827557,-0.199939301,0.081608478,-0.226004885,-0.244220148,0.04343303,-0.194391528,-0.203896605,0.07091292,-0.146724344,-0.187588576,0.299297039,0.054705904,-0.209398212,0.322049079,0.016513893,-0.291363396,0.443143134,0.024301288,-0.309668917,0.578934508,0.064640541,-0.315780905,177.3283592,169.1402876,105.977996,89.89006472,91.09294887,86.15628862,109.476905,107.7092434,110.2365876,165.8122077,HELP
0,0,0,0,0,0,0,0,0,0,0,0,0,0,0,0,0,0,0,0,0,0,0,0,0,0,0,0,0,0,0,0,0,0,0,0,0,0,0,0,0,0,0,0,0,0,0,0,0,0,0,0,0,0,0,0,0,0,0,0,0,0,0,0,0,0,0,0,0,0,0,0,0,0,0,0,0.037066182,-0.268211741,-0.076111883,0.129345835,-0.565921687,-0.122858531,0.193764864,-0.764976126,-0.148821788,0.220674354,-0.963113741,-0.153995945,0.33837846,-0.510610345,-0.161926873,0.035607324,-0.520371082,-0.223125023,0.009382017,-0.43405199,-0.245913307,0.082123499,-0.409962131,-0.266191114,0.370239257,-0.317771892,-0.160914966,0.027516809,-0.326952296,-0.205004263,0.027748425,-0.257969674,-0.194916341,0.120119216,-0.266151435,-0.199619698,0.349144518,-0.106072127,-0.163256337,0.076987115,-0.144053193,-0.215783868,0.068518365,-0.117055796,-0.168267016,0.103570834,-0.097438661,-0.138653205,0.304584368,0.099150358,-0.173902453,0.287489586,0.07024466,-0.257428186,0.397222649,0.08475816,-0.261788899,0.518879204,0.113640589,-0.251701449,178.35395,168.3925806,107.176171,94.92985689,87.24718623,84.76682995,85.49063394,126.4524817,78.83451224,170.9886589,HELP
0,0,0,0,0,0,0,0,0,0,0,0,0,0,0,0,0,0,0,0,0,0,0,0,0,0,0,0,0,0,0,0,0,0,0,0,0,0,0,0,0,0,0,0,0,0,0,0,0,0,0,0,0,0,0,0,0,0,0,0,0,0,0,0,0,0,0,0,0,0,0,0,0,0,0,0,0.030596895,-0.281912602,-0.062014361,0.085245199,-0.583753819,-0.109049986,0.119130097,-0.791027377,-0.141524655,0.14473385,-0.976797703,-0.157855504,0.255560283,-0.552811037,-0.155841924,-0.028503991,-0.57799458,-0.224296407,-0.044150301,-0.496261835,-0.250676752,0.029265298,-0.481670471,-0.270945427,0.283933998,-0.37220171,-0.163657437,-0.033203494,-0.401629482,-0.217886876,-0.019737696,-0.33739224,-0.215312673,0.069921664,-0.337403599,-0.223959236,0.270628204,-0.16905381,-0.173722747,0.004344924,-0.2160441,-0.225624868,0.00541113,-0.184057829,-0.191319735,0.05616845,-0.154634402,-0.172646467,0.239968987,0.032616414,-0.190776138,0.159017155,-0.001055934,-0.261694203,0.234707293,0.003620556,-0.270101944,0.339120195,0.030290021,-0.267240819,178.9874921,175.9159558,99.42357819,94.9028069,72.72950824,101.5467981,73.96878272,124.4916087,48.61497831,166.6614702,HELP
0,0,0,0,0,0,0,0,0,0,0,0,0,0,0,0,0,0,0,0,0,0,0,0,0,0,0,0,0,0,0,0,0,0,0,0,0,0,0,0,0,0,0,0,0,0,0,0,0,0,0,0,0,0,0,0,0,0,0,0,0,0,0,0,0,0,0,0,0,0,0,0,0,0,0,0,-0.067951199,-0.251649635,-0.191477345,-0.076426094,-0.477847413,-0.341537388,-0.131594477,-0.654849138,-0.452853666,-0.214456044,-0.801139814,-0.55873393,0.313805275,-0.367789083,-0.345547054,0.239751993,-0.315648183,-0.509854577,0.349004934,-0.205791658,-0.645612516,0.513061931,-0.164476279,-0.740931447,0.38826522,-0.289434597,-0.293796152,0.198457781,-0.329532836,-0.405645845,0.303087016,-0.256036426,-0.447918093,0.49098723,-0.244264365,-0.49148625,0.390019692,-0.203014626,-0.249963171,0.207816221,-0.270417603,-0.325323835,0.292182015,-0.241477868,-0.320189231,0.428038007,-0.205669435,-0.326969671,0.36301354,-0.131838108,-0.223980216,0.271359665,-0.176177103,-0.306854071,0.349142626,-0.147306061,-0.328499288,0.474774339,-0.097673425,-0.339799147,166.9317326,169.5232139,121.0655035,152.2545516,53.16823263,149.2543148,17.96140053,172.6344624,54.00819597,170.0795309,HELP
0,0,0,0,0,0,0,0,0,0,0,0,0,0,0,0,0,0,0,0,0,0,0,0,0,0,0,0,0,0,0,0,0,0,0,0,0,0,0,0,0,0,0,0,0,0,0,0,0,0,0,0,0,0,0,0,0,0,0,0,0,0,0,0,0,0,0,0,0,0,0,0,0,0,0,0,0.044587885,-0.289730265,-0.051648074,0.125232884,-0.593751815,-0.110409914,0.171935913,-0.799966474,-0.155615208,0.190170741,-0.964464622,-0.183420505,0.330625244,-0.574247286,-0.181594747,0.047718635,-0.644436414,-0.240968745,0.00745793,-0.539549372,-0.253652882,0.074185199,-0.50584056,-0.268777127,0.364925692,-0.393665367,-0.193877025,0.032486646,-0.475663037,-0.243090682,0.008269859,-0.380159122,-0.224386678,0.106115258,-0.350665905,-0.224418824,0.344402772,-0.188103516,-0.204663034,0.081878305,-0.272142098,-0.242492179,0.031548535,-0.25197852,-0.195444969,0.058430521,-0.20280744,-0.176799291,0.300333061,0.019376618,-0.22197382,0.32831372,-0.02427354,-0.297921902,0.450338359,-0.030079573,-0.317161822,0.588124685,0.006575708,-0.324925798,177.44836,173.1830278,98.17267631,96.93293064,88.84219694,92.4975541,119.1812704,96.9866667,116.8073195,161.5347392,HELP
0,0,0,0,0,0,0,0,0,0,0,0,0,0,0,0,0,0,0,0,0,0,0,0,0,0,0,0,0,0,0,0,0,0,0,0,0,0,0,0,0,0,0,0,0,0,0,0,0,0,0,0,0,0,0,0,0,0,0,0,0,0,0,0,0,0,0,0,0,0,0,0,0,0,0,0,0.044331902,-0.28088091,-0.067551251,0.142361209,-0.589298795,-0.118183887,0.201830928,-0.792097664,-0.150182915,0.212733015,-0.963377619,-0.163242852,0.35093672,-0.527703697,-0.163797623,0.068071459,-0.557510265,-0.214785642,0.025313563,-0.468570376,-0.231408911,0.088615832,-0.447616454,-0.250452579,0.374667918,-0.342703326,-0.165834623,0.050284158,-0.389908446,-0.208012258,0.033427725,-0.315229351,-0.201915564,0.119322016,-0.307366392,-0.211992592,0.345725834,-0.140394474,-0.167844141,0.094292202,-0.208460758,-0.215157621,0.065203715,-0.182664792,-0.181100617,0.091581112,-0.144550484,-0.165378072,0.297053998,0.055647818,-0.176069698,0.321104176,0.021127496,-0.255865629,0.440554581,0.036276261,-0.272751024,0.569362826,0.080002049,-0.276428513,178.6628896,166.6795575,110.846843,85.64943728,93.80750676,82.05309942,106.7626537,107.2769849,109.699362,166.8363608,HELP
0,0,0,0,0,0,0,0,0,0,0,0,0,0,0,0,0,0,0,0,0,0,0,0,0,0,0,0,0,0,0,0,0,0,0,0,0,0,0,0,0,0,0,0,0,0,0,0,0,0,0,0,0,0,0,0,0,0,0,0,0,0,0,0,0,0,0,0,0,0,0,0,0,0,0,0,0.039591939,-0.290636001,-0.057883388,0.111434488,-0.606278976,-0.12373649,0.145329522,-0.815604017,-0.174325561,0.151783188,-0.96649775,-0.206987833,0.325228733,-0.590874413,-0.199422664,0.040721367,-0.649666915,-0.25953871,-0.007714287,-0.544176228,-0.271277159,0.05793253,-0.516328595,-0.286404859,0.355033718,-0.406064975,-0.210772917,0.022654298,-0.483707157,-0.261448547,-0.008128007,-0.383130667,-0.241691814,0.089334593,-0.356187739,-0.241328635,0.327929194,-0.198693025,-0.220159126,0.069319951,-0.277837884,-0.259536846,0.014007519,-0.252548965,-0.217173041,0.041396216,-0.204477942,-0.202341349,0.281284745,0.006724477,-0.235656468,0.32161011,-0.027490844,-0.309763634,0.439057725,-0.034263828,-0.330993657,0.571663974,-0.000628181,-0.341872908,175.9638083,173.2994886,103.8466461,89.56612648,92.2055371,88.50089269,121.6664749,94.44502979,126.9414568,161.7108605,HELP
0,0,0,0,0,0,0,0,0,0,0,0,0,0,0,0,0,0,0,0,0,0,0,0,0,0,0,0,0,0,0,0,0,0,0,0,0,0,0,0,0,0,0,0,0,0,0,0,0,0,0,0,0,0,0,0,0,0,0,0,0,0,0,0,0,0,0,0,0,0,0,0,0,0,0,0,0.048044097,-0.285995685,-0.050643909,0.122855104,-0.590493989,-0.101067854,0.164842299,-0.795047549,-0.137360374,0.183116078,-0.970363055,-0.157683364,0.307377659,-0.560029779,-0.176220634,0.034584274,-0.61534171,-0.237189948,0.000708256,-0.529176243,-0.254310776,0.06389344,-0.508332858,-0.272287839,0.336590552,-0.377857837,-0.188471188,0.017378826,-0.44373977,-0.236430938,0.003400487,-0.358164977,-0.223691977,0.094698555,-0.342255795,-0.228525531,0.316578239,-0.173066304,-0.199266332,0.06085845,-0.244735773,-0.242251152,0.027081036,-0.216092529,-0.202562389,0.060197188,-0.174353818,-0.186943561,0.277194326,0.031716477,-0.215625821,0.278636049,-0.006811439,-0.295265791,0.388089598,-0.007221457,-0.314551701,0.516804395,0.024823986,-0.321231026,177.6911787,173.5091546,101.8708881,89.67596953,86.4521729,90.16664282,107.7539365,102.1829996,100.0108615,164.2072171,HELP
0,0,0,0,0,0,0,0,0,0,0,0,0,0,0,0,0,0,0,0,0,0,0,0,0,0,0,0,0,0,0,0,0,0,0,0,0,0,0,0,0,0,0,0,0,0,0,0,0,0,0,0,0,0,0,0,0,0,0,0,0,0,0,0,0,0,0,0,0,0,0,0,0,0,0,0,0.035942071,-0.274686671,-0.075039332,0.127391817,-0.573038196,-0.11488116,0.192986254,-0.773946901,-0.138969663,0.224691649,-0.963643548,-0.14458484,0.330854451,-0.510567977,-0.115072109,0.041476658,-0.513807427,-0.177081113,0.006066517,-0.438687733,-0.203212263,0.072014136,-0.417322487,-0.221666448,0.358331227,-0.325709638,-0.11550145,0.029073449,-0.332905401,-0.163172254,0.019092772,-0.27675493,-0.161379408,0.096540816,-0.280085599,-0.165232482,0.335625084,-0.123895706,-0.122702827,0.065282109,-0.167580492,-0.183565848,0.054989571,-0.140107147,-0.149373535,0.090821503,-0.118364757,-0.121242372,0.290215086,0.069820874,-0.138007144,0.212950832,0.031936796,-0.212982473,0.28074638,0.041569333,-0.214027725,0.370791195,0.067994411,-0.199399496,178.6752529,170.1584526,116.8145047,87.72404091,98.46976947,77.38962747,87.73878198,121.5603503,45.02556166,167.2361606,HELP
0,0,0,0,0,0,0,0,0,0,0,0,0,0,0,0,0,0,0,0,0,0,0,0,0,0,0,0,0,0,0,0,0,0,0,0,0,0,0,0,0,0,0,0,0,0,0,0,0,0,0,0,0,0,0,0,0,0,0,0,0,0,0,0,0,0,0,0,0,0,0,0,0,0,0,0,0.045077968,-0.27598637,-0.069729934,0.146872758,-0.579091788,-0.116916191,0.213505891,-0.777861264,-0.146668386,0.235031245,-0.958985088,-0.158454771,0.356449078,-0.521098137,-0.145278728,0.071525664,-0.525789393,-0.200033804,0.023258003,-0.444478517,-0.221531524,0.082077112,-0.427253872,-0.242370146,0.382235627,-0.331194628,-0.146804712,0.065506111,-0.359777323,-0.188515419,0.031263198,-0.29653676,-0.180832745,0.105325911,-0.299198456,-0.186626463,0.349837604,-0.130029255,-0.151106734,0.107427098,-0.188412801,-0.202690011,0.061794523,-0.174675461,-0.163332171,0.070760277,-0.145697818,-0.139560901,0.291587108,0.05761956,-0.162340838,0.325938161,0.034967584,-0.245048623,0.440995214,0.043952646,-0.257249814,0.559195343,0.080504524,-0.254627132,179.5665718,167.5118773,121.1318907,80.92163577,112.0731488,59.25119464,121.5279281,112.8376449,116.3466938,165.3717969,HELP
0,0,0,0,0,0,0,0,0,0,0,0,0,0,0,0,0,0,0,0,0,0,0,0,0,0,0,0,0,0,0,0,0,0,0,0,0,0,0,0,0,0,0,0,0,0,0,0,0,0,0,0,0,0,0,0,0,0,0,0,0,0,0,0,0,0,0,0,0,0,0,0,0,0,0,0,0.022682315,-0.287656541,-0.05541729,0.087670475,-0.593977465,-0.123098889,0.120215297,-0.806632961,-0.176710488,0.135129974,-0.96746766,-0.213883654,0.311183076,-0.620480828,-0.179717509,0.035599518,-0.678297163,-0.244649411,-0.000297639,-0.562487332,-0.269220142,0.076089531,-0.538142193,-0.294125473,0.351388013,-0.441425965,-0.19235139,0.010885057,-0.516286176,-0.239840169,-0.007921766,-0.405749894,-0.225271902,0.098174912,-0.384764686,-0.229651973,0.334152609,-0.232807685,-0.204248929,0.057109685,-0.307549756,-0.232808179,0.015078592,-0.269075625,-0.187751596,0.058313487,-0.223836926,-0.17438483,0.297078238,-0.026622916,-0.223159746,0.285101871,-0.06463744,-0.285947387,0.392317958,-0.064877129,-0.3003747,0.528445354,-0.034021428,-0.307438489,176.3260489,176.5170635,97.70394967,93.80519742,86.30653925,91.21949901,110.9262239,96.49189656,87.37070485,166.2968744,HELP
0,0,0,0,0,0,0,0,0,0,0,0,0,0,0,0,0,0,0,0,0,0,0,0,0,0,0,0,0,0,0,0,0,0,0,0,0,0,0,0,0,0,0,0,0,0,0,0,0,0,0,0,0,0,0,0,0,0,0,0,0,0,0,0,0,0,0,0,0,0,0,0,0,0,0,0,0.042477655,-0.263529853,-0.073172687,0.144346317,-0.569301805,-0.113382366,0.209807827,-0.770677536,-0.135207587,0.235702222,-0.962222281,-0.136281859,0.356701032,-0.515157513,-0.133393193,0.064515874,-0.52054325,-0.194562513,0.031791579,-0.434850339,-0.220605712,0.102132369,-0.417079533,-0.2420854,0.387141515,-0.325478987,-0.133237364,0.058491222,-0.337644046,-0.178359451,0.050105449,-0.264951589,-0.170132264,0.140618922,-0.27437181,-0.172278628,0.36312253,-0.113524691,-0.138578682,0.107269736,-0.159571706,-0.19397281,0.091656691,-0.127167368,-0.148437294,0.124300209,-0.10579196,-0.116025891,0.316383186,0.091306746,-0.15212975,0.310695192,0.068095949,-0.235159703,0.417631789,0.081632744,-0.239494527,0.536421997,0.106506452,-0.227062951,178.6706693,168.2964203,112.0605445,88.25571307,93.51913607,77.40689729,89.92614533,124.300629,86.54002073,170.6267497,HELP
0,0,0,0,0,0,0,0,0,0,0,0,0,0,0,0,0,0,0,0,0,0,0,0,0,0,0,0,0,0,0,0,0,0,0,0,0,0,0,0,0,0,0,0,0,0,0,0,0,0,0,0,0,0,0,0,0,0,0,0,0,0,0,0,0,0,0,0,0,0,0,0,0,0,0,0,0.039101481,-0.274608618,-0.066410207,0.125361753,-0.584276301,-0.126934924,0.173149415,-0.793048513,-0.170488336,0.182347021,-0.963498722,-0.196009633,0.334328797,-0.537308622,-0.189157308,0.060592372,-0.582077989,-0.247405758,0.017095933,-0.501731864,-0.259467771,0.077029459,-0.47816775,-0.272916268,0.362050132,-0.351400634,-0.194099358,0.047750636,-0.412092529,-0.240120557,0.018445952,-0.339615932,-0.221064662,0.107987235,-0.330129946,-0.219471396,0.336910114,-0.147966591,-0.198269546,0.097192371,-0.221084599,-0.242778255,0.04981514,-0.201922299,-0.194791228,0.069887346,-0.157027255,-0.16957532,0.290835101,0.051781886,-0.209391948,0.3317705,0.021619898,-0.286601154,0.445934401,0.018119761,-0.299129116,0.568409118,0.05601512,-0.299313786,177.2334198,169.8880485,110.1833739,84.78221707,98.69656764,74.75012041,115.9910901,106.7922169,122.7466063,160.1021281,HELP
0,0,0,0,0,0,0,0,0,0,0,0,0,0,0,0,0,0,0,0,0,0,0,0,0,0,0,0,0,0,0,0,0,0,0,0,0,0,0,0,0,0,0,0,0,0,0,0,0,0,0,0,0,0,0,0,0,0,0,0,0,0,0,0,0,0,0,0,0,0,0,0,0,0,0,0,0.032633673,-0.282004844,-0.060925896,0.100722461,-0.586465319,-0.111915473,0.140278884,-0.796281325,-0.149133854,0.155116596,-0.973049703,-0.170625664,0.284982165,-0.581457095,-0.147355507,0.015296447,-0.610394508,-0.216317735,-0.015024382,-0.517719993,-0.248143225,0.055527611,-0.499909993,-0.274115734,0.31981579,-0.404843097,-0.155007858,0.005921724,-0.439668202,-0.205906453,-0.001315498,-0.367102443,-0.202871826,0.089352949,-0.360819966,-0.211897089,0.302347082,-0.199445583,-0.165397198,0.042072879,-0.249149064,-0.209852365,0.019965413,-0.223938992,-0.173775882,0.06270219,-0.189915172,-0.156887818,0.264058521,0.000189284,-0.183079455,0.195262945,-0.02771007,-0.25140072,0.263661945,-0.020094862,-0.260884899,0.366042551,0.016768116,-0.259646785,177.9826805,173.4577819,105.5385798,92.44383717,88.99424787,88.04279154,102.6459108,100.6857202,52.46913371,164.1163386,HELP
0,0,0,0,0,0,0,0,0,0,0,0,0,0,0,0,0,0,0,0,0,0,0,0,0,0,0,0,0,0,0,0,0,0,0,0,0,0,0,0,0,0,0,0,0,0,0,0,0,0,0,0,0,0,0,0,0,0,0,0,0,0,0,0,0,0,0,0,0,0,0,0,0,0,0,0,0.04954789,-0.280284423,-0.068032336,0.142735466,-0.586303213,-0.128495308,0.196786964,-0.79313858,-0.170920533,0.203394904,-0.959750373,-0.1936743,0.359648661,-0.544621657,-0.185476277,0.091981447,-0.592414814,-0.243794743,0.0432814,-0.498520378,-0.256142773,0.104100901,-0.468304996,-0.270915017,0.386116047,-0.357712639,-0.188190347,0.081476964,-0.424407502,-0.235866263,0.041128366,-0.341091919,-0.217298834,0.128347518,-0.328833485,-0.216283585,0.356267539,-0.152657527,-0.190816467,0.12259962,-0.226659627,-0.237589423,0.06779456,-0.210121672,-0.192979383,0.082300602,-0.169368037,-0.170680781,0.303835794,0.045704637,-0.200172564,0.358580928,0.021548103,-0.280242138,0.480353446,0.022664928,-0.29786925,0.609504643,0.060575699,-0.302502079,177.6734753,167.3142735,108.2376574,90.44552646,101.3259976,72.65777486,121.6235617,104.321077,130.8852,163.0335348,HELP
0,0,0,0,0,0,0,0,0,0,0,0,0,0,0,0,0,0,0,0,0,0,0,0,0,0,0,0,0,0,0,0,0,0,0,0,0,0,0,0,0,0,0,0,0,0,0,0,0,0,0,0,0,0,0,0,0,0,0,0,0,0,0,0,0,0,0,0,0,0,0,0,0,0,0,0,0.028942731,-0.254170189,-0.08699771,0.109778719,-0.555107098,-0.135751029,0.16172113,-0.76299906,-0.163446282,0.190971568,-0.966719362,-0.170245514,0.31096824,-0.482725751,-0.172415088,0.008842587,-0.476959223,-0.237781446,-0.019925754,-0.404819654,-0.260526752,0.050594089,-0.387837482,-0.279455854,0.34460681,-0.277766318,-0.169404216,0.007399439,-0.270676156,-0.221667617,0.002767566,-0.216917467,-0.214725361,0.084243208,-0.220223015,-0.220233518,0.323368981,-0.057851795,-0.170036574,0.070233234,-0.092304183,-0.239595508,0.052338098,-0.063845232,-0.191149629,0.075147902,-0.038393773,-0.155319392,0.279537596,0.154637702,-0.179181201,0.303293076,0.139745568,-0.270381393,0.42058267,0.151373339,-0.270447743,0.542222577,0.174878906,-0.255948603,178.149314,171.9923072,115.0510711,86.4742062,94.88187866,82.33177627,90.65899735,134.6452083,103.4674786,171.4621767,HELP
0,0,0,0,0,0,0,0,0,0,0,0,0,0,0,0,0,0,0,0,0,0,0,0,0,0,0,0,0,0,0,0,0,0,0,0,0,0,0,0,0,0,0,0,0,0,0,0,0,0,0,0,0,0,0,0,0,0,0,0,0,0,0,0,0,0,0,0,0,0,0,0,0,0,0,0,0.048155719,-0.281734565,-0.058610607,0.138946581,-0.594410569,-0.116033096,0.182696389,-0.801637401,-0.1584424,0.189019387,-0.964647144,-0.183650646,0.347647927,-0.56522453,-0.179284509,0.072030384,-0.608002658,-0.240874769,0.021536051,-0.517545959,-0.259865227,0.087214918,-0.497385925,-0.279946347,0.37758492,-0.374406281,-0.190231434,0.058775243,-0.43443038,-0.24388408,0.023188414,-0.352582505,-0.234619599,0.116203671,-0.340068455,-0.240027125,0.351837216,-0.163500807,-0.20004691,0.110058424,-0.233023419,-0.248305325,0.054415137,-0.213490597,-0.210005699,0.078521173,-0.174751742,-0.19318438,0.305918733,0.043789166,-0.215671283,0.356836253,0.017585556,-0.295509996,0.478699868,0.013636136,-0.315028168,0.615773214,0.044849332,-0.321779604,175.5912194,170.1127717,111.8918684,81.52218275,101.6052832,73.92375933,124.6710871,90.99847707,130.4215119,164.0777019,HELP
0,0,0,0,0,0,0,0,0,0,0,0,0,0,0,0,0,0,0,0,0,0,0,0,0,0,0,0,0,0,0,0,0,0,0,0,0,0,0,0,0,0,0,0,0,0,0,0,0,0,0,0,0,0,0,0,0,0,0,0,0,0,0,0,0,0,0,0,0,0,0,0,0,0,0,0,0.027428324,-0.285620497,-0.057560651,0.090662434,-0.586981607,-0.105275639,0.129876277,-0.794509047,-0.138235361,0.145801455,-0.976776427,-0.15700238,0.260277733,-0.552097584,-0.157625135,-0.018653167,-0.587269239,-0.215553812,-0.041676446,-0.508071929,-0.238962602,0.027823607,-0.490238953,-0.260925996,0.292152696,-0.371858006,-0.164533834,-0.031401802,-0.414307356,-0.209033653,-0.024975855,-0.35040447,-0.208053625,0.065434606,-0.342101124,-0.221926754,0.278715116,-0.167297839,-0.171016333,0.014971906,-0.224952539,-0.213400193,0.008170749,-0.20052126,-0.184752064,0.053303408,-0.164540801,-0.175207525,0.248371004,0.033332954,-0.183311348,0.205517396,0.003206942,-0.256988563,0.308841224,0.015073332,-0.27484716,0.434037128,0.050037695,-0.280690292,178.8256729,173.5802208,101.7043585,92.90758356,76.78743464,100.7257984,85.45244962,112.1923474,68.6733382,168.4903345,HELP
0,0,0,0,0,0,0,0,0,0,0,0,0,0,0,0,0,0,0,0,0,0,0,0,0,0,0,0,0,0,0,0,0,0,0,0,0,0,0,0,0,0,0,0,0,0,0,0,0,0,0,0,0,0,0,0,0,0,0,0,0,0,0,0,0,0,0,0,0,0,0,0,0,0,0,0,0.039235889,-0.277700556,-0.070309813,0.133293209,-0.582194657,-0.118315552,0.189327594,-0.786137015,-0.148666831,0.198394484,-0.966972684,-0.1600108,0.354247518,-0.535733885,-0.141831109,0.066123918,-0.561972146,-0.197635805,0.0218927,-0.468845413,-0.223821206,0.087570077,-0.441662411,-0.249214815,0.384178679,-0.343362436,-0.144110307,0.044881296,-0.384746929,-0.184805139,0.027304297,-0.305246825,-0.180117052,0.124762127,-0.302824634,-0.189867611,0.356758045,-0.129529122,-0.149495016,0.081841603,-0.190475562,-0.194113625,0.057706693,-0.161143439,-0.156731883,0.095693466,-0.127758043,-0.137618144,0.304910008,0.072392539,-0.162606979,0.272859895,0.039819947,-0.241401045,0.375000516,0.059724806,-0.253770809,0.50132223,0.104694852,-0.251731671,178.1483337,166.7542695,112.0408204,92.07998228,95.0740924,78.69680404,102.0781328,105.6428523,72.01559359,168.5185712,HELP
0,0,0,0,0,0,0,0,0,0,0,0,0,0,0,0,0,0,0,0,0,0,0,0,0,0,0,0,0,0,0,0,0,0,0,0,0,0,0,0,0,0,0,0,0,0,0,0,0,0,0,0,0,0,0,0,0,0,0,0,0,0,0,0,0,0,0,0,0,0,0,0,0,0,0,0,-0.085373607,-0.17764346,-0.203917249,-0.143275372,-0.278129985,-0.386620877,-0.215889387,-0.325253812,-0.527051969,-0.310718529,-0.397322888,-0.662241707,0.240943218,-0.414835872,-0.427873906,0.13945299,-0.349836207,-0.632575205,0.260318932,-0.246636441,-0.788245643,0.427030856,-0.181581319,-0.88581763,0.322557401,-0.323723217,-0.373107469,0.118808251,-0.313097151,-0.499663973,0.240172395,-0.248467437,-0.533440737,0.421829244,-0.217993816,-0.564833608,0.337122644,-0.216411616,-0.324164229,0.128256943,-0.228192649,-0.407259684,0.244672631,-0.215139753,-0.38139402,0.393119909,-0.187844117,-0.367841073,0.317978998,-0.126335309,-0.29438742,0.178932254,-0.124732934,-0.371282251,0.255727551,-0.109666854,-0.373053634,0.382660418,-0.080702842,-0.364617135,165.7185888,169.9443843,119.8544414,158.0296101,54.44673122,161.4130403,9.703723794,171.6620875,32.2693335,174.6761388,HELP
0,0,0,0,0,0,0,0,0,0,0,0,0,0,0,0,0,0,0,0,0,0,0,0,0,0,0,0,0,0,0,0,0,0,0,0,0,0,0,0,0,0,0,0,0,0,0,0,0,0,0,0,0,0,0,0,0,0,0,0,0,0,0,0,0,0,0,0,0,0,0,0,0,0,0,0,0.03514785,-0.275968276,-0.071279082,0.132669578,-0.580416683,-0.116857622,0.193829058,-0.7846865,-0.145121298,0.213524675,-0.964394009,-0.156049378,0.346457285,-0.535043123,-0.130906657,0.074012823,-0.558366945,-0.184405913,0.028063255,-0.463029974,-0.206500601,0.08741544,-0.437753876,-0.225868015,0.372296858,-0.351990566,-0.130748529,0.05916627,-0.388934207,-0.173628983,0.03988655,-0.314016046,-0.17552319,0.115983265,-0.309752,-0.187440287,0.344811324,-0.154447519,-0.133657335,0.092175487,-0.213409023,-0.182286694,0.06624778,-0.174924106,-0.157127313,0.094700443,-0.13692246,-0.143340246,0.298101008,0.032535935,-0.142971575,0.261829834,-0.016357277,-0.211674734,0.337102198,0.006965957,-0.220305943,0.433721525,0.05328192,-0.216582113,178.7451846,168.8537253,112.3954087,90.86908478,97.82036934,79.13661449,102.6770138,114.2461658,63.23146581,168.2348345,HELP
0,0,0,0,0,0,0,0,0,0,0,0,0,0,0,0,0,0,0,0,0,0,0,0,0,0,0,0,0,0,0,0,0,0,0,0,0,0,0,0,0,0,0,0,0,0,0,0,0,0,0,0,0,0,0,0,0,0,0,0,0,0,0,0,0,0,0,0,0,0,0,0,0,0,0,0,0.041684669,-0.27937965,-0.068563689,0.146106299,-0.577458156,-0.107138261,0.217470472,-0.781022031,-0.130431786,0.251048662,-0.958296894,-0.136534363,0.365313461,-0.528230458,-0.122995572,0.098801441,-0.529334724,-0.170150272,0.02936148,-0.443432657,-0.183097629,0.069720951,-0.416088367,-0.195992264,0.394320863,-0.344617598,-0.125532319,0.098519962,-0.358211903,-0.171697615,0.037997608,-0.29680396,-0.174225752,0.083326915,-0.295381768,-0.183812633,0.371102949,-0.147106909,-0.13038428,0.153548513,-0.195136481,-0.191414888,0.085287671,-0.157472574,-0.164212145,0.07918878,-0.119227581,-0.143961464,0.326752502,0.045188714,-0.140486725,0.386019415,0.016166224,-0.211335297,0.483264733,0.018315189,-0.214152691,0.583512566,0.038806972,-0.205662202,179.1491857,170.4386903,129.1934949,87.07004561,131.6631692,48.83704623,126.6316683,131.8474192,128.7751047,167.8823587,HELP
0,0,0,0,0,0,0,0,0,0,0,0,0,0,0,0,0,0,0,0,0,0,0,0,0,0,0,0,0,0,0,0,0,0,0,0,0,0,0,0,0,0,0,0,0,0,0,0,0,0,0,0,0,0,0,0,0,0,0,0,0,0,0,0,0,0,0,0,0,0,0,0,0,0,0,0,0.037473205,-0.278135646,-0.066960164,0.1367785,-0.581949318,-0.114123114,0.200718388,-0.784648774,-0.143877988,0.214674884,-0.964208271,-0.155618457,0.351402124,-0.534231338,-0.143707166,0.076663366,-0.570889766,-0.199004424,0.033467467,-0.478613342,-0.223972686,0.098014142,-0.45545281,-0.248445067,0.382392262,-0.350476378,-0.146006972,0.053931189,-0.402581215,-0.185525212,0.032590135,-0.319639827,-0.180503481,0.125550925,-0.318603212,-0.190333121,0.358003425,-0.145309953,-0.150631502,0.089151554,-0.213392569,-0.189887924,0.061965644,-0.178238196,-0.153234321,0.098149562,-0.14595445,-0.136870966,0.311125658,0.052774965,-0.162567466,0.280827153,0.012062386,-0.234030804,0.378205146,0.032939242,-0.245466419,0.500913039,0.075212929,-0.244976394,179.2197791,166.3301802,109.4351653,89.70034785,94.97079438,75.94872055,102.4426092,104.756822,70.15349201,170.3301462,HELP
0,0,0,0,0,0,0,0,0,0,0,0,0,0,0,0,0,0,0,0,0,0,0,0,0,0,0,0,0,0,0,0,0,0,0,0,0,0,0,0,0,0,0,0,0,0,0,0,0,0,0,0,0,0,0,0,0,0,0,0,0,0,0,0,0,0,0,0,0,0,0,0,0,0,0,0,0.042937659,-0.280808626,-0.064329716,0.126101969,-0.579944587,-0.121829011,0.175368947,-0.78310015,-0.162450502,0.198814199,-0.962174918,-0.186258801,0.32380685,-0.521948941,-0.188245051,0.047938763,-0.573907493,-0.248024552,0.013419288,-0.493582194,-0.26468406,0.077270726,-0.468689854,-0.282122303,0.352145621,-0.336413759,-0.192415873,0.035427954,-0.39821805,-0.236183029,0.020962565,-0.327842934,-0.222061423,0.109574217,-0.318957896,-0.227066797,0.329072105,-0.132434527,-0.195506924,0.07916857,-0.200392528,-0.235531265,0.050128047,-0.185145876,-0.191932295,0.077645603,-0.148191028,-0.173417803,0.285865485,0.067295316,-0.20550669,0.298120192,0.042957978,-0.282392564,0.41616992,0.044463178,-0.298668115,0.545674638,0.079308646,-0.303250587,178.0395889,172.9736148,104.3821446,90.78179147,89.07220942,83.60741764,108.244073,102.1779172,105.8880122,164.5558649,HELP
0,0,0,0,0,0,0,0,0,0,0,0,0,0,0,0,0,0,0,0,0,0,0,0,0,0,0,0,0,0,0,0,0,0,0,0,0,0,0,0,0,0,0,0,0,0,0,0,0,0,0,0,0,0,0,0,0,0,0,0,0,0,0,0,0,0,0,0,0,0,0,0,0,0,0,0,0.04904307,-0.262366425,-0.082879721,0.137987502,-0.555011845,-0.138375495,0.201852184,-0.755461714,-0.172301412,0.229913756,-0.955025358,-0.187259792,0.334428344,-0.458533471,-0.203414865,0.036878932,-0.467161497,-0.274674104,0.009434028,-0.40956984,-0.294526953,0.076826031,-0.39718319,-0.311954938,0.364944241,-0.268230954,-0.202273721,0.041658429,-0.286951019,-0.260992026,0.027632981,-0.230168085,-0.246372438,0.110996414,-0.232283724,-0.246616745,0.34556826,-0.060450606,-0.202914501,0.102952821,-0.105414472,-0.275779754,0.078964277,-0.087981332,-0.226845114,0.102141794,-0.060830529,-0.192653551,0.302641954,0.144694142,-0.211079332,0.345556014,0.132474428,-0.315288503,0.468416604,0.146768125,-0.328622345,0.594657884,0.180472238,-0.323238031,178.6131793,169.2106127,116.3704357,80.37099569,97.5666452,75.09874336,95.7325855,124.2145607,117.386552,168.1033217,HELP
0,0,0,0,0,0,0,0,0,0,0,0,0,0,0,0,0,0,0,0,0,0,0,0,0,0,0,0,0,0,0,0,0,0,0,0,0,0,0,0,0,0,0,0,0,0,0,0,0,0,0,0,0,0,0,0,0,0,0,0,0,0,0,0,0,0,0,0,0,0,0,0,0,0,0,0,0.053579003,-0.273266833,-0.075952624,0.149543184,-0.563357439,-0.122374845,0.214952539,-0.759398274,-0.151156944,0.247482066,-0.955266059,-0.161924002,0.356595552,-0.483471476,-0.147979723,0.073331478,-0.504391335,-0.211104096,0.034065803,-0.431255542,-0.23485043,0.099681556,-0.415510345,-0.255095609,0.381726147,-0.292620061,-0.148287797,0.059106381,-0.327463561,-0.194179054,0.039222294,-0.269718883,-0.186231459,0.127764119,-0.280758724,-0.191187303,0.354486718,-0.087579683,-0.153389905,0.084776973,-0.147321225,-0.206252567,0.062358441,-0.13543783,-0.166223114,0.096996067,-0.114028706,-0.141937964,0.302507433,0.103693666,-0.166933507,0.235475777,0.068029405,-0.249204933,0.309479494,0.080113422,-0.258491307,0.408277896,0.121227648,-0.252656249,179.21356,169.8029959,116.1995075,81.07070729,101.5409453,63.71410142,103.9803329,101.5518323,56.83565013,163.2471669,HELP
0,0,0,0,0,0,0,0,0,0,0,0,0,0,0,0,0,0,0,0,0,0,0,0,0,0,0,0,0,0,0,0,0,0,0,0,0,0,0,0,0,0,0,0,0,0,0,0,0,0,0,0,0,0,0,0,0,0,0,0,0,0,0,0,0,0,0,0,0,0,0,0,0,0,0,0,0.047399246,-0.281112626,-0.066917728,0.134366091,-0.582348885,-0.132738994,0.181666622,-0.786309102,-0.18028852,0.194989053,-0.958114692,-0.209751059,0.342664064,-0.517735199,-0.212941261,0.061309729,-0.564204983,-0.270157754,0.017060104,-0.475765643,-0.27803161,0.076983084,-0.443832311,-0.28978315,0.369410008,-0.324418982,-0.217770153,0.054893724,-0.391032319,-0.261561013,0.0261573,-0.316216634,-0.238546307,0.11046741,-0.303801576,-0.237706684,0.340914406,-0.117047119,-0.219794927,0.09829771,-0.187236397,-0.258915076,0.048613909,-0.173590109,-0.207063654,0.062373212,-0.131323765,-0.183889658,0.290395814,0.086347532,-0.228600267,0.34497002,0.060140233,-0.304289647,0.468948317,0.051964215,-0.317124394,0.595488776,0.086082746,-0.320711775,176.8654124,170.9903755,107.7373937,92.22252887,96.46535813,78.02409647,119.0362275,107.3828756,131.0559002,160.6863914,HELP
0,0,0,0,0,0,0,0,0,0,0,0,0,0,0,0,0,0,0,0,0,0,0,0,0,0,0,0,0,0,0,0,0,0,0,0,0,0,0,0,0,0,0,0,0,0,0,0,0,0,0,0,0,0,0,0,0,0,0,0,0,0,0,0,0,0,0,0,0,0,0,0,0,0,0,0,0.041083942,-0.283986216,-0.055965009,0.114884651,-0.589609183,-0.109081348,0.153387874,-0.800249355,-0.147184913,0.161110161,-0.972296598,-0.169360093,0.303980457,-0.553897697,-0.172241146,0.029530316,-0.598504949,-0.225767284,-0.008614863,-0.508784158,-0.238901498,0.052706138,-0.484575747,-0.255354701,0.338400756,-0.368812739,-0.180494459,0.010515631,-0.426778494,-0.219276624,-0.004312984,-0.347490543,-0.203756651,0.08490269,-0.336228631,-0.208748088,0.318493786,-0.163645978,-0.187701644,0.049703383,-0.228538455,-0.222151638,0.020107517,-0.203762053,-0.18344066,0.052126314,-0.158867519,-0.170750044,0.278687736,0.035036746,-0.201133343,0.254788815,0.005090336,-0.274290955,0.358988651,0.015962938,-0.293845749,0.482087753,0.060864291,-0.302477146,176.7782545,171.8178226,104.9151914,90.41997117,89.30127004,86.06670845,109.2160095,102.2427722,80.9446132,164.4611767,HELP
0,0,0,0,0,0,0,0,0,0,0,0,0,0,0,0,0,0,0,0,0,0,0,0,0,0,0,0,0,0,0,0,0,0,0,0,0,0,0,0,0,0,0,0,0,0,0,0,0,0,0,0,0,0,0,0,0,0,0,0,0,0,0,0,0,0,0,0,0,0,0,0,0,0,0,0,0.029496428,-0.291107215,-0.059288036,0.095857777,-0.587961148,-0.110141478,0.129308339,-0.79840469,-0.149445462,0.136557406,-0.975112242,-0.174665937,0.279328451,-0.560530622,-0.131514426,0.0103225,-0.59547515,-0.200581882,-0.018410987,-0.501294108,-0.23306672,0.056485377,-0.480930909,-0.258527115,0.307511475,-0.389062614,-0.142225701,-0.02642123,-0.428400303,-0.190251943,-0.026154725,-0.342143855,-0.185241938,0.072910326,-0.339025318,-0.191736067,0.28426977,-0.192851092,-0.157686089,-0.013862267,-0.241311225,-0.195386118,-0.018198411,-0.190234482,-0.161631326,0.045090289,-0.154243496,-0.14740737,0.241622441,-0.004325652,-0.181063436,0.079887201,-0.030948281,-0.236973936,0.116899298,0.001431556,-0.243214491,0.204351193,0.049404764,-0.241825318,176.3442311,172.9964801,103.3099085,94.01383048,82.71240814,91.7551256,82.44924462,116.6735296,40.79767642,165.213455,HELP
0,0,0,-0.05024763,-0.14994951,-0.219864217,-0.049736356,-0.249212409,-0.378426996,-0.044160507,-0.331076005,-0.49070832,-0.051787302,-0.420556549,-0.604158194,0.278286922,-0.108852016,-0.396807825,0.348106039,-0.100677872,-0.563490759,0.489002861,-0.085664807,-0.691141939,0.627934729,-0.073668881,-0.774771497,0.352973574,-0.078203853,-0.324679055,0.435517113,-0.084193773,-0.469668237,0.604799193,-0.111535716,-0.543476392,0.774087318,-0.126792525,-0.594836512,0.377556451,-0.060176475,-0.257653688,0.448880336,-0.083441194,-0.372149753,0.605410694,-0.100824995,-0.408501145,0.765912297,-0.093893061,-0.426898671,0.372256908,-0.068729296,-0.204940117,0.431351361,-0.071027494,-0.298519286,0.532060238,-0.070660905,-0.333680069,0.651921705,-0.056468179,-0.351286359,175.4066612,174.242954,154.8779819,168.8928508,142.8386874,172.4949833,135.3142496,169.1736558,141.4931479,167.3404356,0,0,0,0.042773259,-0.263189836,-0.075266133,0.141280978,-0.556684124,-0.126543206,0.211214209,-0.755538685,-0.1569476,0.243118573,-0.955482793,-0.167170549,0.34344944,-0.467974644,-0.192336786,0.052317339,-0.496927198,-0.258961684,0.036759759,-0.432357475,-0.278441939,0.110615461,-0.412657519,-0.296119809,0.37514204,-0.277637696,-0.193399018,0.049842307,-0.312091232,-0.245011032,0.055780132,-0.249322692,-0.229168828,0.148978462,-0.244679011,-0.229438143,0.355321301,-0.068704009,-0.195915522,0.106516656,-0.12554435,-0.257377208,0.091835321,-0.102925504,-0.203611214,0.117530191,-0.07019548,-0.168500431,0.310846599,0.139971628,-0.206522577,0.344159591,0.120082485,-0.304019816,0.471085741,0.138933281,-0.315031918,0.599814147,0.17959795,-0.308475949,178.5229591,168.4416417,100.9852631,94.93717906,76.81207888,97.96481721,86.59652803,133.4149788,111.3807841,168.1009259,HELP
0,0,0,0,0,0,0,0,0,0,0,0,0,0,0,0,0,0,0,0,0,0,0,0,0,0,0,0,0,0,0,0,0,0,0,0,0,0,0,0,0,0,0,0,0,0,0,0,0,0,0,0,0,0,0,0,0,0,0,0,0,0,0,0,0,0,0,0,0,0,0,0,0,0,0,0,-0.057756142,-0.091247628,-0.198614129,-0.141144985,-0.122850919,-0.379328617,-0.271182137,-0.101229382,-0.522563781,-0.397988022,-0.085396565,-0.666977625,0.262046245,-0.240926968,-0.414783756,0.200436224,-0.146605084,-0.599485864,0.361930633,-0.054965286,-0.743322428,0.546845757,0.011113046,-0.837159613,0.334310845,-0.230911297,-0.369433436,0.091736167,-0.235739621,-0.484117365,0.234171925,-0.182799289,-0.522585239,0.412738336,-0.1351441,-0.559408641,0.32713696,-0.199807192,-0.329079288,0.070052616,-0.225394562,-0.395007881,0.235361389,-0.193492725,-0.378132787,0.424785656,-0.145092597,-0.375342616,0.276179106,-0.178912264,-0.310177813,0.070943535,-0.183228778,-0.377516953,0.159827929,-0.140356033,-0.379690769,0.299903307,-0.083393782,-0.373474563,156.7562964,178.051027,119.8083406,165.1684752,43.73419049,173.9185164,10.02472852,174.0176933,30.99392708,174.8638018,HELP
0,0,0,-0.014385246,-0.254586355,-0.105385969,0.031636051,-0.546742123,-0.171434627,0.05683356,-0.754785232,-0.215198494,0.078912139,-0.967260735,-0.241204361,0.212763522,-0.428464563,-0.201276004,-0.120308893,-0.444375557,-0.298844858,-0.111558314,-0.392729286,-0.349321298,-0.012404228,-0.369602049,-0.379999018,0.234119008,-0.215075909,-0.194637757,-0.135582394,-0.237092392,-0.2579061,-0.079907755,-0.207979156,-0.254843868,0.029163144,-0.211525675,-0.259480016,0.208653965,0.00215709,-0.193638746,-0.105142406,-0.058669844,-0.256906567,-0.059226033,-0.035843799,-0.20289359,0.016090259,-0.027161582,-0.161171168,0.162721808,0.207853341,-0.205622901,-0.011234629,0.163471595,-0.274248455,0.046457241,0.168314226,-0.258676229,0.13742274,0.183210859,-0.231926043,177.8251414,175.0392058,92.69547179,117.8228406,25.01329154,150.077874,37.651238,156.4834876,10.79130742,175.4814809,0,0,0,0,0,0,0,0,0,0,0,0,0,0,0,0,0,0,0,0,0,0,0,0,0,0,0,0,0,0,0,0,0,0,0,0,0,0,0,0,0,0,0,0,0,0,0,0,0,0,0,0,0,0,0,0,0,0,0,0,0,0,0,0,0,0,0,0,0,0,0,0,0,HELP
0,0,0,0,0,0,0,0,0,0,0,0,0,0,0,0,0,0,0,0,0,0,0,0,0,0,0,0,0,0,0,0,0,0,0,0,0,0,0,0,0,0,0,0,0,0,0,0,0,0,0,0,0,0,0,0,0,0,0,0,0,0,0,0,0,0,0,0,0,0,0,0,0,0,0,0,0.046126176,-0.26398037,-0.082172128,0.128429203,-0.559006845,-0.135158885,0.191154331,-0.759801521,-0.168632092,0.216998547,-0.95862241,-0.184268025,0.316911799,-0.474866205,-0.18026511,0.034694855,-0.495446484,-0.245322725,0.0014633,-0.418961185,-0.262682558,0.061768324,-0.392253996,-0.277663012,0.349235967,-0.281237705,-0.176786817,0.035042793,-0.315438192,-0.22299682,0.015490159,-0.253613175,-0.204221134,0.099530045,-0.253778806,-0.201768553,0.329370967,-0.076013566,-0.176861473,0.081021224,-0.129876738,-0.235094736,0.056437184,-0.117092167,-0.186209638,0.080959984,-0.081352791,-0.154029943,0.2864115,0.116582438,-0.185437642,0.26766267,0.092086215,-0.278628759,0.360154729,0.105580708,-0.290143654,0.465882071,0.157753809,-0.283659585,178.0757166,169.1135187,111.1748275,92.97220753,98.4302237,73.54908629,100.1035024,118.0630144,83.84288649,159.3812149,HELP
0,0,0,0,0,0,0,0,0,0,0,0,0,0,0,0,0,0,0,0,0,0,0,0,0,0,0,0,0,0,0,0,0,0,0,0,0,0,0,0,0,0,0,0,0,0,0,0,0,0,0,0,0,0,0,0,0,0,0,0,0,0,0,0,0,0,0,0,0,0,0,0,0,0,0,0,0.029065499,-0.307075636,-0.068603519,0.093833871,-0.621007855,-0.135489632,0.118956145,-0.832055892,-0.188057485,0.108757916,-0.967725781,-0.22732912,0.298669664,-0.617360732,-0.15262149,0.015476348,-0.650987127,-0.223254661,-0.00522338,-0.539166173,-0.259525329,0.082633595,-0.518529004,-0.290689589,0.336590477,-0.441694302,-0.158608311,-0.01778161,-0.48884398,-0.207110753,-0.018044678,-0.388782775,-0.201063816,0.095526174,-0.383019322,-0.210296465,0.312360773,-0.236120233,-0.168375106,0.01021056,-0.293685391,-0.199310797,-0.004648519,-0.250061578,-0.164582525,0.060413701,-0.20808746,-0.155370554,0.269085948,-0.042245609,-0.186746264,0.15552081,-0.077011,-0.241438969,0.228128013,-0.054809452,-0.25331732,0.348637106,-0.007279909,-0.258844874,174.7988706,169.0612593,97.64213781,98.16879718,82.18456911,92.46040082,92.90505473,105.2588351,33.62089047,172.1235926,HELP
0,0,0,0,0,0,0,0,0,0,0,0,0,0,0,0,0,0,0,0,0,0,0,0,0,0,0,0,0,0,0,0,0,0,0,0,0,0,0,0,0,0,0,0,0,0,0,0,0,0,0,0,0,0,0,0,0,0,0,0,0,0,0,0,0,0,0,0,0,0,0,0,0,0,0,0,-0.025585219,-0.312950132,-0.070813018,-0.003504311,-0.604623782,-0.157177985,-0.007905102,-0.812492664,-0.231795079,-0.021273673,-0.954439765,-0.297644362,0.266265809,-0.573987456,-0.174828265,0.043331475,-0.501408735,-0.280941307,0.084674433,-0.341033372,-0.354407368,0.22528651,-0.313586614,-0.410661611,0.304972637,-0.446691377,-0.194470401,-0.081518094,-0.499881071,-0.255650322,-0.071976368,-0.394871738,-0.2513622,0.041803917,-0.382975715,-0.267293686,0.265194335,-0.28584329,-0.220379055,-0.097524914,-0.352802522,-0.249318778,-0.104710966,-0.276623038,-0.195731561,-0.013307943,-0.227292198,-0.182512161,0.204799934,-0.12422093,-0.258928843,-0.039718735,-0.153080987,-0.312572448,-0.015255972,-0.104407192,-0.310517182,0.089331619,-0.05350979,-0.311603468,173.781386,173.638587,102.6596354,120.964043,76.7729661,100.7160676,83.27878719,112.9217252,56.92778314,142.5399206,HELP
0,0,0,0,0,0,0,0,0,0,0,0,0,0,0,0,0,0,0,0,0,0,0,0,0,0,0,0,0,0,0,0,0,0,0,0,0,0,0,0,0,0,0,0,0,0,0,0,0,0,0,0,0,0,0,0,0,0,0,0,0,0,0,0,0,0,0,0,0,0,0,0,0,0,0,0,0.042497682,-0.25936952,-0.081823211,0.124506103,-0.564379139,-0.138923935,0.181035591,-0.765559433,-0.17734772,0.206187063,-0.958143464,-0.198615199,0.317263265,-0.483554881,-0.180134475,0.023672623,-0.483323559,-0.246250008,-0.016029003,-0.426288655,-0.265225493,0.046128307,-0.420837196,-0.280796179,0.344671854,-0.285327013,-0.179892447,0.027893813,-0.305593121,-0.225732211,0.004134053,-0.257889677,-0.204313684,0.086023406,-0.267709842,-0.198631363,0.318665222,-0.079092303,-0.183159876,0.075397618,-0.122739184,-0.241026092,0.041914478,-0.112997701,-0.182796604,0.058348829,-0.085986104,-0.142268304,0.274720224,0.116655581,-0.195241261,0.296155028,0.095708986,-0.281254148,0.400745761,0.093770676,-0.281052618,0.507687214,0.126512153,-0.266397546,179.2801629,170.8263187,126.5931339,66.31086109,107.625786,61.13412019,104.6266144,126.4476531,103.7520752,160.5208482,HELP
0,0,0,0,0,0,0,0,0,0,0,0,0,0,0,0,0,0,0,0,0,0,0,0,0,0,0,0,0,0,0,0,0,0,0,0,0,0,0,0,0,0,0,0,0,0,0,0,0,0,0,0,0,0,0,0,0,0,0,0,0,0,0,0,0,0,0,0,0,0,0,0,0,0,0,0,0.033213952,-0.325851898,-0.052470503,0.11153889,-0.624356074,-0.123088714,0.154327193,-0.830608363,-0.180785447,0.152013654,-0.963064818,-0.222256619,0.320044326,-0.626222478,-0.17318909,0.030265799,-0.664451986,-0.233508693,-0.007791967,-0.556362857,-0.251405299,0.067160876,-0.541931892,-0.272579997,0.360745642,-0.431475811,-0.188197453,0.015520222,-0.491292001,-0.23209354,-0.007694956,-0.400411981,-0.207825196,0.100028456,-0.39855116,-0.206719266,0.340677259,-0.216481705,-0.203614432,0.066542142,-0.285800498,-0.228210501,0.018015368,-0.269125287,-0.172512106,0.057174709,-0.230285178,-0.152498256,0.297586662,-0.012383821,-0.227283194,0.289894594,-0.052830002,-0.288192418,0.401585641,-0.068796012,-0.302038815,0.542691042,-0.045546862,-0.309689981,176.2122573,167.618147,103.321028,84.29217148,92.53481423,77.24486337,120.0901971,88.22202609,94.32321316,162.1367111,HELP
0,0,0,0,0,0,0,0,0,0,0,0,0,0,0,0,0,0,0,0,0,0,0,0,0,0,0,0,0,0,0,0,0,0,0,0,0,0,0,0,0,0,0,0,0,0,0,0,0,0,0,0,0,0,0,0,0,0,0,0,0,0,0,0,0,0,0,0,0,0,0,0,0,0,0,0,0.048872312,-0.271326069,-0.065642526,0.148688452,-0.566860735,-0.108046517,0.220618154,-0.762941634,-0.135020695,0.253315162,-0.956760566,-0.142970793,0.353007349,-0.503720332,-0.141373094,0.069346745,-0.524274532,-0.194280975,0.030121325,-0.447421711,-0.207018394,0.092909677,-0.421995899,-0.220966995,0.385944497,-0.318487714,-0.144980345,0.066934039,-0.341740223,-0.189897544,0.046157047,-0.275643972,-0.177571229,0.130640585,-0.274015481,-0.178428626,0.367661503,-0.118128525,-0.151693273,0.123853652,-0.165950138,-0.207225113,0.089864232,-0.14016785,-0.159716086,0.108123339,-0.115771455,-0.128650505,0.325222452,0.079435876,-0.165850916,0.36426091,0.068363477,-0.250316588,0.480480109,0.082630635,-0.25801029,0.59885536,0.113250327,-0.250749268,178.4533749,168.321955,113.8963307,86.85289892,101.51474,73.8092124,105.7612012,122.286026,117.2146107,169.6246246,HELP
0,0,0,0,0,0,0,0,0,0,0,0,0,0,0,0,0,0,0,0,0,0,0,0,0,0,0,0,0,0,0,0,0,0,0,0,0,0,0,0,0,0,0,0,0,0,0,0,0,0,0,0,0,0,0,0,0,0,0,0,0,0,0,0,0,0,0,0,0,0,0,0,0,0,0,0,0.052234654,-0.289727959,-0.049626492,0.142083057,-0.588994343,-0.096368351,0.207132179,-0.78972225,-0.129345383,0.238308262,-0.960515802,-0.143591664,0.341471673,-0.541998666,-0.155261864,0.077647793,-0.583270305,-0.200783928,0.044922364,-0.503358803,-0.203367795,0.107666621,-0.47896769,-0.21066495,0.370127186,-0.361091506,-0.164804894,0.071010546,-0.406097148,-0.198844673,0.050308834,-0.339506488,-0.176384203,0.140571376,-0.33263066,-0.17329178,0.352068688,-0.163210069,-0.173693333,0.118690728,-0.220323855,-0.20566685,0.074757732,-0.211885636,-0.155578968,0.091963331,-0.180241579,-0.131426952,0.309512786,0.033964815,-0.189440168,0.343370391,0.008475517,-0.259017717,0.458001262,0.003819669,-0.27159689,0.579911902,0.038697005,-0.27246761,178.683497,171.3532456,103.4749378,89.16407022,96.25742811,78.3392621,120.1237492,104.329313,121.2294048,160.8250065,HELP
0,0,0,0,0,0,0,0,0,0,0,0,0,0,0,0,0,0,0,0,0,0,0,0,0,0,0,0,0,0,0,0,0,0,0,0,0,0,0,0,0,0,0,0,0,0,0,0,0,0,0,0,0,0,0,0,0,0,0,0,0,0,0,0,0,0,0,0,0,0,0,0,0,0,0,0,0.023014677,-0.286061312,-0.064782944,0.092429105,-0.597632808,-0.126506218,0.131473334,-0.812397581,-0.171141719,0.125372176,-0.971990074,-0.198789118,0.288751492,-0.583399662,-0.160504003,0.014874777,-0.629867825,-0.223895386,0.004727879,-0.538171316,-0.254570575,0.086007107,-0.520492464,-0.281584729,0.332513557,-0.405000973,-0.163950195,0.012077714,-0.458051838,-0.203494493,0.02592952,-0.378459527,-0.192235565,0.137533464,-0.382126912,-0.198445822,0.322628655,-0.193912302,-0.169370743,0.06844973,-0.254337449,-0.200920814,0.062179909,-0.226562298,-0.158404797,0.110055842,-0.191670975,-0.14063511,0.294533043,0.00976987,-0.1826912,0.271264802,-0.030472249,-0.255958092,0.389986054,-0.013725214,-0.272607269,0.532829001,0.02543708,-0.275311614,177.6870606,167.5984765,90.95676882,101.0176518,70.05066905,97.4578109,83.92120893,116.7475233,77.81734247,169.9927217,HELP
0,0,0,0,0,0,0,0,0,0,0,0,0,0,0,0,0,0,0,0,0,0,0,0,0,0,0,0,0,0,0,0,0,0,0,0,0,0,0,0,0,0,0,0,0,0,0,0,0,0,0,0,0,0,0,0,0,0,0,0,0,0,0,0,0,0,0,0,0,0,0,0,0,0,0,0,0.0451333,-0.26320587,-0.066735085,0.132468985,-0.571564393,-0.110226405,0.19424543,-0.777741159,-0.135931647,0.224212966,-0.964321432,-0.140757671,0.329540354,-0.526311017,-0.161531535,0.069361869,-0.55722348,-0.219109283,0.048607272,-0.474666095,-0.231826909,0.114486274,-0.456689054,-0.244843237,0.366185184,-0.345330987,-0.162063732,0.076015023,-0.378405862,-0.210374258,0.067653424,-0.306794444,-0.196531209,0.14929579,-0.307123446,-0.196827406,0.35585837,-0.140913567,-0.164524394,0.131527527,-0.195524688,-0.218726498,0.10324967,-0.167376731,-0.173537191,0.120967694,-0.139582018,-0.145769516,0.324930024,0.064626233,-0.174073042,0.351467277,0.038611415,-0.25726463,0.470294111,0.042791677,-0.271424182,0.596704903,0.063840186,-0.270607003,178.7104977,170.7564463,98.91967944,92.70491549,88.38891189,83.19426805,99.48920227,126.2429429,112.7691443,169.6812423,HELP
0,0,0,0,0,0,0,0,0,0,0,0,0,0,0,0,0,0,0,0,0,0,0,0,0,0,0,0,0,0,0,0,0,0,0,0,0,0,0,0,0,0,0,0,0,0,0,0,0,0,0,0,0,0,0,0,0,0,0,0,0,0,0,0,0,0,0,0,0,0,0,0,0,0,0,0,0.026923398,-0.277811598,-0.060401375,0.103376073,-0.5932073,-0.109608692,0.159266686,-0.796274707,-0.143065524,0.184890151,-0.970028654,-0.157670675,0.293862933,-0.571763073,-0.171674068,0.036015103,-0.568989989,-0.230146678,0.004602806,-0.484317544,-0.240298645,0.067617543,-0.469776748,-0.251497154,0.328735667,-0.392943079,-0.179475882,0.05703779,-0.402508704,-0.228423673,0.032600634,-0.33092743,-0.209365501,0.107209395,-0.330685755,-0.205016958,0.318578915,-0.191409241,-0.188109873,0.111754069,-0.221161733,-0.242244843,0.063366123,-0.18925991,-0.193490131,0.073118355,-0.155324549,-0.163862778,0.288843207,0.012941622,-0.203147869,0.347499454,-0.003961373,-0.285888024,0.466156294,-0.008438061,-0.298586321,0.589978919,0.007634867,-0.297842014,178.1894926,171.837492,111.8102437,83.89341894,103.4775005,72.80880255,113.1197795,126.0642925,131.1887691,168.4798257,HELP
0,0,0,0,0,0,0,0,0,0,0,0,0,0,0,0,0,0,0,0,0,0,0,0,0,0,0,0,0,0,0,0,0,0,0,0,0,0,0,0,0,0,0,0,0,0,0,0,0,0,0,0,0,0,0,0,0,0,0,0,0,0,0,0,0,0,0,0,0,0,0,0,0,0,0,0,0.035374233,-0.277567054,-0.058390863,0.115091481,-0.590796509,-0.105393236,0.172938994,-0.792832889,-0.136971675,0.198940667,-0.968682887,-0.148580199,0.314181927,-0.555767533,-0.168072614,0.056648095,-0.567619609,-0.227098792,0.024113074,-0.493178056,-0.235342438,0.088175793,-0.486257324,-0.245580167,0.351292645,-0.379870381,-0.175246094,0.073091594,-0.402665425,-0.227584988,0.047989639,-0.333484938,-0.207717555,0.129510423,-0.340024481,-0.202432805,0.344633203,-0.182119029,-0.183596439,0.132211293,-0.225443333,-0.239649388,0.084283939,-0.204181384,-0.192173596,0.098994812,-0.181154882,-0.163851002,0.3168035,0.016524511,-0.198352453,0.377570619,0.001676297,-0.285684308,0.500194526,-0.002706875,-0.304859009,0.631326777,0.009220399,-0.308475968,178.2738282,171.0669815,111.6933261,73.81951163,101.6361744,67.47057667,114.6198075,113.9298955,133.5440574,169.7265078,HELP
0,0,0,0,0,0,0,0,0,0,0,0,0,0,0,0,0,0,0,0,0,0,0,0,0,0,0,0,0,0,0,0,0,0,0,0,0,0,0,0,0,0,0,0,0,0,0,0,0,0,0,0,0,0,0,0,0,0,0,0,0,0,0,0,0,0,0,0,0,0,0,0,0,0,0,0,0.021859733,-0.29431137,-0.040995356,0.07436084,-0.594944756,-0.0802056,0.113518652,-0.798594861,-0.112087543,0.144518917,-0.980902841,-0.130168736,0.267737162,-0.586199362,-0.118988943,0.008515055,-0.62239583,-0.172141229,-0.026495448,-0.520030889,-0.183668615,0.035783644,-0.500004477,-0.19473212,0.304465193,-0.424372279,-0.137057585,0.000312186,-0.464712832,-0.183683377,-0.013355179,-0.372888423,-0.170568071,0.076381343,-0.357815255,-0.169041076,0.298128254,-0.234093036,-0.156749381,0.0396102,-0.287031978,-0.195369273,0.014844901,-0.235799234,-0.151152029,0.067897332,-0.19991205,-0.128410629,0.276542018,-0.038955154,-0.182509248,0.197275835,-0.082575132,-0.241907807,0.258996511,-0.082107084,-0.243543006,0.361824296,-0.058621848,-0.236774796,178.2587683,176.6002406,101.8817913,89.97708989,89.68732629,91.19295735,95.92028121,108.2049147,43.89662836,166.5260303,HELP
0,0,0,0,0,0,0,0,0,0,0,0,0,0,0,0,0,0,0,0,0,0,0,0,0,0,0,0,0,0,0,0,0,0,0,0,0,0,0,0,0,0,0,0,0,0,0,0,0,0,0,0,0,0,0,0,0,0,0,0,0,0,0,0,0,0,0,0,0,0,0,0,0,0,0,0,0.026366639,-0.285161282,-0.053890241,0.107067243,-0.591722933,-0.09723254,0.168957142,-0.798096667,-0.12740483,0.193563257,-0.971326961,-0.13804782,0.309124518,-0.567801936,-0.132742059,0.064532498,-0.591451546,-0.173574882,0.032553452,-0.48988916,-0.174017339,0.093951561,-0.463849869,-0.180067237,0.358100995,-0.3964466,-0.138581626,0.080143318,-0.423355221,-0.171891404,0.06103592,-0.337771381,-0.151865576,0.141601342,-0.339736584,-0.147822189,0.358819979,-0.200338896,-0.145256809,0.145354236,-0.251638673,-0.183362811,0.10464179,-0.208142771,-0.136426164,0.122062536,-0.176854797,-0.110503773,0.337924146,-0.001750197,-0.158150716,0.38128254,-0.039708399,-0.226535866,0.499808957,-0.043577495,-0.236430333,0.626544979,-0.032010121,-0.234832228,178.0436525,170.3245602,101.8304092,95.50315185,95.30981531,77.04976401,106.0435945,123.8619435,124.0745972,171.0342745,HELP
0,0,0,0,0,0,0,0,0,0,0,0,0,0,0,0,0,0,0,0,0,0,0,0,0,0,0,0,0,0,0,0,0,0,0,0,0,0,0,0,0,0,0,0,0,0,0,0,0,0,0,0,0,0,0,0,0,0,0,0,0,0,0,0,0,0,0,0,0,0,0,0,0,0,0,0,0.030355647,-0.288343852,-0.04987885,0.098799003,-0.594148522,-0.095192611,0.150482093,-0.798010118,-0.127222197,0.18152288,-0.97325623,-0.140789751,0.296660833,-0.583800377,-0.166450561,0.048614048,-0.608803804,-0.217835127,0.012152053,-0.510577499,-0.218105335,0.073216723,-0.488614388,-0.223037858,0.343529064,-0.412449957,-0.176552209,0.061870004,-0.447258879,-0.221378287,0.0355848,-0.361309973,-0.193821155,0.122247983,-0.350747523,-0.183578681,0.34487454,-0.215039036,-0.186126436,0.11915368,-0.259698001,-0.22477337,0.068283585,-0.230285938,-0.167842603,0.09357833,-0.195199331,-0.137520823,0.327202971,-0.010431861,-0.202382423,0.363320436,-0.040002601,-0.274032615,0.465111878,-0.069090742,-0.284184123,0.584605803,-0.068655656,-0.283116698,178.3260903,174.012967,104.3322744,89.42989432,96.75340888,82.4355164,114.6725935,109.9047264,125.3651371,162.7853238,HELP
0,0,0,0,0,0,0,0,0,0,0,0,0,0,0,0,0,0,0,0,0,0,0,0,0,0,0,0,0,0,0,0,0,0,0,0,0,0,0,0,0,0,0,0,0,0,0,0,0,0,0,0,0,0,0,0,0,0,0,0,0,0,0,0,0,0,0,0,0,0,0,0,0,0,0,0,0.029643261,-0.289892867,-0.052790986,0.090588641,-0.58942878,-0.1028699,0.140217681,-0.793977595,-0.139225421,0.164160621,-0.973894238,-0.156784257,0.284028104,-0.578608358,-0.160672221,0.039905856,-0.586785028,-0.207359013,0.010856697,-0.49008385,-0.204628182,0.072128092,-0.471192161,-0.207603664,0.331417696,-0.408592968,-0.168802066,0.050664924,-0.424545242,-0.206360122,0.034045072,-0.337818909,-0.177444728,0.121792575,-0.337477625,-0.166992404,0.335416962,-0.212568052,-0.176713484,0.106327335,-0.243670009,-0.212162075,0.071969757,-0.21262191,-0.157627034,0.101613574,-0.181580382,-0.129014405,0.320677136,-0.013707274,-0.191175449,0.331876321,-0.042910141,-0.260300656,0.436929113,-0.058545376,-0.268761837,0.559719631,-0.049296732,-0.266488867,177.8164477,172.6247049,104.2269769,90.34323835,94.77969624,82.11466298,107.2850536,114.0766397,105.9239765,166.0525195,HELP
0,0,0,0,0,0,0,0,0,0,0,0,0,0,0,0,0,0,0,0,0,0,0,0,0,0,0,0,0,0,0,0,0,0,0,0,0,0,0,0,0,0,0,0,0,0,0,0,0,0,0,0,0,0,0,0,0,0,0,0,0,0,0,0,0,0,0,0,0,0,0,0,0,0,0,0,0.015700779,-0.295053956,-0.06013372,0.068919742,-0.5858512,-0.102840924,0.110866731,-0.791934724,-0.133153746,0.135847489,-0.979613507,-0.147996071,0.257468995,-0.607264447,-0.127429666,0.015688178,-0.60838172,-0.179278758,-0.022160579,-0.509578538,-0.191282727,0.035360441,-0.496666618,-0.203883446,0.303326852,-0.443339717,-0.134698688,0.020119558,-0.440016044,-0.180876048,0.001214035,-0.367529067,-0.176711017,0.073591281,-0.373662157,-0.182835564,0.3053928,-0.250480221,-0.144598101,0.0558309,-0.258378854,-0.18844367,0.029344625,-0.222661993,-0.154930599,0.06806829,-0.2043192,-0.138170517,0.28883091,-0.05888259,-0.161466328,0.199878438,-0.074718487,-0.219835789,0.247970289,-0.073943377,-0.223688573,0.33542405,-0.060933269,-0.219453224,178.8416426,174.6024258,111.529198,83.28980876,104.532595,70.35864656,110.1318525,94.27953446,38.44412559,169.4800652,HELP
0,0,0,0,0,0,0,0,0,0,0,0,0,0,0,0,0,0,0,0,0,0,0,0,0,0,0,0,0,0,0,0,0,0,0,0,0,0,0,0,0,0,0,0,0,0,0,0,0,0,0,0,0,0,0,0,0,0,0,0,0,0,0,0,0,0,0,0,0,0,0,0,0,0,0,0,0.027921785,-0.287481944,-0.059313118,0.094231628,-0.588195871,-0.112818692,0.146471891,-0.792842817,-0.151419289,0.167881655,-0.970967873,-0.170402877,0.291730167,-0.566012027,-0.177135009,0.041144715,-0.559241916,-0.226543617,0.002803678,-0.464642231,-0.222602566,0.062831197,-0.443635173,-0.2254321,0.338732412,-0.39143354,-0.183375218,0.062546232,-0.391429653,-0.226137688,0.032385581,-0.314552909,-0.196428257,0.113918232,-0.318982198,-0.185825924,0.340426374,-0.197304012,-0.189337548,0.129380597,-0.216902358,-0.233729469,0.078499181,-0.19546425,-0.177589013,0.093960503,-0.16617537,-0.146202802,0.322331917,-0.001820708,-0.20210164,0.380106541,-0.019119896,-0.280846278,0.496998993,-0.039521758,-0.294053543,0.622363529,-0.032994285,-0.294302604,178.0569308,171.4370425,112.6555494,87.13181137,106.7276306,69.890459,117.3188625,116.5002285,133.4638703,165.7067247,HELP
0,0,0,0,0,0,0,0,0,0,0,0,0,0,0,0,0,0,0,0,0,0,0,0,0,0,0,0,0,0,0,0,0,0,0,0,0,0,0,0,0,0,0,0,0,0,0,0,0,0,0,0,0,0,0,0,0,0,0,0,0,0,0,0,0,0,0,0,0,0,0,0,0,0,0,0,0.01563816,-0.298086791,-0.05424073,0.089737601,-0.609041035,-0.093522005,0.152931347,-0.811113169,-0.120117364,0.187270747,-0.97404562,-0.127140858,0.305648933,-0.58863316,-0.137596767,0.082869738,-0.603049584,-0.174978398,0.024999397,-0.504421975,-0.164173889,0.072086851,-0.48276759,-0.162230765,0.361444397,-0.424995812,-0.142198574,0.107428165,-0.432486686,-0.183941444,0.056358798,-0.352774343,-0.160582181,0.119542192,-0.357544855,-0.148970793,0.370387137,-0.238812582,-0.147115947,0.175055856,-0.268587622,-0.192938708,0.107967611,-0.225894741,-0.145257772,0.113202627,-0.193017338,-0.113734102,0.359118863,-0.047076394,-0.15765059,0.432882975,-0.071834514,-0.227480941,0.539696047,-0.092470572,-0.237525133,0.65382972,-0.09767701,-0.233408358,176.0550873,172.7716999,115.1912615,84.52652193,116.9991359,57.92400484,120.8653218,126.9498653,142.7422765,168.9027691,HELP
0,0,0,0,0,0,0,0,0,0,0,0,0,0,0,0,0,0,0,0,0,0,0,0,0,0,0,0,0,0,0,0,0,0,0,0,0,0,0,0,0,0,0,0,0,0,0,0,0,0,0,0,0,0,0,0,0,0,0,0,0,0,0,0,0,0,0,0,0,0,0,0,0,0,0,0,0.011038824,-0.304558937,-0.046276131,0.074172326,-0.588209479,-0.094382555,0.122335433,-0.791493991,-0.133866288,0.141752052,-0.97708323,-0.158791426,0.275947714,-0.607349983,-0.116538057,0.043399676,-0.621132833,-0.165318784,0.000224523,-0.520274517,-0.178947468,0.057919943,-0.509139224,-0.195711089,0.331412993,-0.440051186,-0.131411613,0.046696742,-0.454822246,-0.167350748,0.020479805,-0.364950396,-0.149499655,0.110649847,-0.373373249,-0.147856438,0.335770722,-0.24415342,-0.148703099,0.091889902,-0.270334401,-0.174504658,0.053807419,-0.235615129,-0.121851195,0.096896736,-0.214349514,-0.097501716,0.316848118,-0.054224565,-0.173556043,0.25428613,-0.077168406,-0.228922454,0.324912671,-0.082450093,-0.230041624,0.438196873,-0.072823383,-0.224312423,178.4610228,172.1003803,110.7323093,80.28964886,101.5753241,69.01466762,112.7258879,95.48626056,46.35806271,170.1022469,HELP
0,0,0,0,0,0,0,0,0,0,0,0,0,0,0,0,0,0,0,0,0,0,0,0,0,0,0,0,0,0,0,0,0,0,0,0,0,0,0,0,0,0,0,0,0,0,0,0,0,0,0,0,0,0,0,0,0,0,0,0,0,0,0,0,0,0,0,0,0,0,0,0,0,0,0,0,0.012370992,-0.276152398,-0.073946437,0.08619655,-0.579889528,-0.124622728,0.154185285,-0.78354225,-0.16089354,0.183856212,-0.966540035,-0.178877763,0.307428552,-0.585988089,-0.1411457,0.073070971,-0.554741724,-0.187776282,0.007545024,-0.471135301,-0.185679424,0.053802826,-0.4515522,-0.187466259,0.359349588,-0.407514339,-0.141662525,0.114687897,-0.376581996,-0.184609249,0.0474429,-0.316971622,-0.163178636,0.100196992,-0.33285348,-0.152155328,0.363204919,-0.21100627,-0.145906712,0.177085883,-0.211044242,-0.202611781,0.098872538,-0.175573249,-0.15611713,0.093533566,-0.14815252,-0.121550357,0.346215405,-0.016954254,-0.15700628,0.427061199,-0.033115575,-0.230737737,0.536387678,-0.049093581,-0.234615491,0.649760193,-0.046424282,-0.225236587,175.2407406,169.9721419,134.2648849,74.82978571,138.7081229,34.8857426,128.8492815,133.6738137,140.1109419,168.2184348,HELP
0,0,0,0,0,0,0,0,0,0,0,0,0,0,0,0,0,0,0,0,0,0,0,0,0,0,0,0,0,0,0,0,0,0,0,0,0,0,0,0,0,0,0,0,0,0,0,0,0,0,0,0,0,0,0,0,0,0,0,0,0,0,0,0,0,0,0,0,0,0,0,0,0,0,0,0,0.016049856,-0.305514808,-0.055276812,0.089976444,-0.605853985,-0.100888147,0.15235314,-0.80488952,-0.133193324,0.191013557,-0.970440049,-0.147512481,0.302712405,-0.597957067,-0.161211628,0.075105641,-0.59028505,-0.195389422,0.005974544,-0.495685397,-0.180579499,0.04459082,-0.474083093,-0.178219918,0.356588189,-0.423173471,-0.167413642,0.100153587,-0.42334571,-0.203759045,0.03492707,-0.351391493,-0.174077292,0.091694982,-0.353643485,-0.162413462,0.363214101,-0.230155769,-0.172659111,0.161263035,-0.24341712,-0.208599115,0.078230669,-0.22121904,-0.156638297,0.077762859,-0.192383859,-0.129053953,0.346557193,-0.033140048,-0.184374491,0.423717633,-0.05180534,-0.249691738,0.524912867,-0.090172851,-0.26055755,0.637926163,-0.097484395,-0.261457792,176.4324845,174.1801249,125.9171206,83.51498009,126.472613,53.31720674,135.0331032,121.801014,145.6696259,162.1651605,HELP
0,0,0,0,0,0,0,0,0,0,0,0,0,0,0,0,0,0,0,0,0,0,0,0,0,0,0,0,0,0,0,0,0,0,0,0,0,0,0,0,0,0,0,0,0,0,0,0,0,0,0,0,0,0,0,0,0,0,0,0,0,0,0,0,0,0,0,0,0,0,0,0,0,0,0,0,0.017057023,-0.315830967,-0.03700483,0.088900806,-0.603021407,-0.076655266,0.151043177,-0.79785963,-0.10858004,0.186859512,-0.974409383,-0.124939497,0.294546316,-0.607789764,-0.13918209,0.061353363,-0.603242692,-0.176077714,-0.007607326,-0.511627278,-0.165385186,0.031763489,-0.492434863,-0.164931089,0.348097886,-0.436164192,-0.159549078,0.074231594,-0.435032489,-0.194423233,0.011964158,-0.361128088,-0.165623888,0.071176492,-0.353753145,-0.155473432,0.354260846,-0.242393137,-0.179054694,0.12325221,-0.248198783,-0.208462827,0.047000776,-0.222576367,-0.152004516,0.057598867,-0.193058891,-0.12478158,0.336440973,-0.043413312,-0.205162704,0.355077114,-0.056887011,-0.26448317,0.42456096,-0.087447809,-0.268025034,0.519716719,-0.08677378,-0.264892801,176.1741258,172.8037068,126.3079954,79.12403086,125.4124711,62.16881133,133.6614373,111.337839,113.3564773,155.4292857,HELP
0,0,0,0,0,0,0,0,0,0,0,0,0,0,0,0,0,0,0,0,0,0,0,0,0,0,0,0,0,0,0,0,0,0,0,0,0,0,0,0,0,0,0,0,0,0,0,0,0,0,0,0,0,0,0,0,0,0,0,0,0,0,0,0,0,0,0,0,0,0,0,0,0,0,0,0,-0.000151323,-0.3085402,-0.048552399,0.065210897,-0.609548893,-0.093231899,0.128063195,-0.807551082,-0.127956432,0.157384399,-0.976753908,-0.145540211,0.272520417,-0.610667324,-0.132256448,0.04807122,-0.627474552,-0.18032458,-0.008734562,-0.534392417,-0.182461785,0.038678504,-0.517013834,-0.188777565,0.335825029,-0.443854271,-0.14212889,0.068561405,-0.463455749,-0.181441205,0.010183484,-0.383680708,-0.151631867,0.085201342,-0.389803059,-0.135693505,0.349304853,-0.25631278,-0.154679076,0.137396391,-0.288192375,-0.188705906,0.061939053,-0.26232723,-0.130214254,0.080129984,-0.233566068,-0.094867908,0.335892642,-0.066165388,-0.174737601,0.38047082,-0.08202426,-0.240352029,0.47056296,-0.116424654,-0.248409989,0.585680617,-0.119556574,-0.243009619,174.5550257,171.4677222,116.7233713,78.96782925,117.3926766,56.4297524,127.8694374,107.2432656,130.5588479,159.282062,HELP
0,0,0,0,0,0,0,0,0,0,0,0,0,0,0,0,0,0,0,0,0,0,0,0,0,0,0,0,0,0,0,0,0,0,0,0,0,0,0,0,0,0,0,0,0,0,0,0,0,0,0,0,0,0,0,0,0,0,0,0,0,0,0,0,0,0,0,0,0,0,0,0,0,0,0,0,0.015201497,-0.302156241,-0.055312662,0.075231702,-0.59703212,-0.098141692,0.122613286,-0.800819323,-0.129300996,0.143487624,-0.979255389,-0.143074054,0.272452482,-0.609377052,-0.12045219,0.035376421,-0.615011171,-0.169061923,-0.008292104,-0.511284597,-0.177909464,0.049829352,-0.496189194,-0.18987501,0.330012715,-0.440472396,-0.128159671,0.043333188,-0.445739708,-0.172957087,0.012918645,-0.357580363,-0.160051055,0.100754201,-0.362396575,-0.158386625,0.338576321,-0.243742333,-0.138839993,0.101679948,-0.265389052,-0.18160859,0.05727096,-0.232867673,-0.139123279,0.093120461,-0.208882594,-0.114962865,0.324586532,-0.048949176,-0.156327924,0.302106462,-0.074857553,-0.224433927,0.380684998,-0.085335503,-0.233059085,0.494324987,-0.076475461,-0.229018701,178.3667844,172.421049,111.911803,82.79969247,106.3177953,68.21256843,118.4225017,93.57644735,81.41689999,165.4077696,HELP
0,0,0,0,0,0,0,0,0,0,0,0,0,0,0,0,0,0,0,0,0,0,0,0,0,0,0,0,0,0,0,0,0,0,0,0,0,0,0,0,0,0,0,0,0,0,0,0,0,0,0,0,0,0,0,0,0,0,0,0,0,0,0,0,0,0,0,0,0,0,0,0,0,0,0,0,0.026998385,-0.297530952,-0.063270288,0.092048629,-0.586389764,-0.103329992,0.142103671,-0.792076149,-0.131575099,0.16977856,-0.975012603,-0.143267806,0.289787802,-0.601897816,-0.113769814,0.051681772,-0.586030628,-0.162992541,0.007475896,-0.482454866,-0.172401881,0.062474882,-0.463761563,-0.182564147,0.33767209,-0.436100363,-0.118862011,0.051555294,-0.406997837,-0.160874701,0.022714069,-0.332399154,-0.154196465,0.092331588,-0.344668748,-0.157272771,0.340370321,-0.243019831,-0.128528549,0.085312194,-0.229898268,-0.17258977,0.050727139,-0.19430495,-0.14123389,0.08384021,-0.177602904,-0.12413912,0.320156421,-0.052791526,-0.14593423,0.219168022,-0.046231541,-0.20213634,0.248062875,-0.035510061,-0.205878671,0.319906934,-0.01393453,-0.200762027,178.9755827,173.560159,117.3072111,86.56347214,115.7717495,58.77913441,121.3100358,89.64834185,42.79395604,168.5602926,HELP
0,0,0,0,0,0,0,0,0,0,0,0,0,0,0,0,0,0,0,0,0,0,0,0,0,0,0,0,0,0,0,0,0,0,0,0,0,0,0,0,0,0,0,0,0,0,0,0,0,0,0,0,0,0,0,0,0,0,0,0,0,0,0,0,0,0,0,0,0,0,0,0,0,0,0,0,0.021983186,-0.299745516,-0.050135976,0.090115774,-0.599844413,-0.100339549,0.139138688,-0.806925671,-0.139600279,0.156067345,-0.974465689,-0.161429873,0.285952969,-0.615413748,-0.130020343,0.054755494,-0.640069383,-0.179375228,0.014916998,-0.53697171,-0.18834899,0.077822927,-0.526512402,-0.201387169,0.343206413,-0.448588273,-0.140269375,0.060333207,-0.467610071,-0.181557105,0.030906615,-0.378116224,-0.162055445,0.125612272,-0.39071478,-0.156868745,0.350838137,-0.252286655,-0.152440996,0.119617586,-0.283238751,-0.184535476,0.071232564,-0.25236903,-0.13544992,0.106745252,-0.228425613,-0.110729305,0.337876004,-0.057780072,-0.17172916,0.337388194,-0.091578714,-0.234295203,0.432336772,-0.10715896,-0.243212662,0.558547985,-0.098538915,-0.241336326,178.6743748,171.931109,105.652636,79.53738912,102.1821834,65.52832358,119.1282477,93.59621318,98.6894006,165.4252072,HELP
0,0,0,0,0,0,0,0,0,0,0,0,0,0,0,0,0,0,0,0,0,0,0,0,0,0,0,0,0,0,0,0,0,0,0,0,0,0,0,0,0,0,0,0,0,0,0,0,0,0,0,0,0,0,0,0,0,0,0,0,0,0,0,0,0,0,0,0,0,0,0,0,0,0,0,0,0.003506018,-0.302715604,-0.043102221,0.039561385,-0.583939325,-0.09092424,0.063778026,-0.792155675,-0.134044598,0.080369928,-0.982894363,-0.165708619,0.207918433,-0.61846977,-0.109502139,-0.026451973,-0.633111606,-0.171053079,-0.055766008,-0.527812718,-0.190995948,0.010246462,-0.515802149,-0.207166456,0.255839694,-0.465975436,-0.129409816,-0.048026027,-0.467360077,-0.178120927,-0.056680579,-0.376499485,-0.16662319,0.031929721,-0.380505272,-0.165185245,0.254937198,-0.281413054,-0.153303791,-0.021961688,-0.283625568,-0.183026835,-0.034379734,-0.228954718,-0.13751387,0.030444531,-0.208859284,-0.116132279,0.233910324,-0.098481202,-0.184881525,0.064911273,-0.103222126,-0.224072989,0.079141947,-0.092840801,-0.217209978,0.153154449,-0.077871439,-0.208471657,177.8277194,177.215199,104.0672611,87.3997381,93.93720344,82.15242015,95.60650399,104.2720915,33.90761236,151.9718235,HELP
0,0,0,0,0,0,0,0,0,0,0,0,0,0,0,0,0,0,0,0,0,0,0,0,0,0,0,0,0,0,0,0,0,0,0,0,0,0,0,0,0,0,0,0,0,0,0,0,0,0,0,0,0,0,0,0,0,0,0,0,0,0,0,0,0,0,0,0,0,0,0,0,0,0,0,0,0.012085879,-0.313645841,-0.036239632,0.06604908,-0.591611674,-0.079154974,0.106009015,-0.794022483,-0.11639226,0.129023906,-0.981551113,-0.141103668,0.24288598,-0.610678492,-0.119730545,0.012537292,-0.617606558,-0.172261338,-0.03026842,-0.50808153,-0.184246487,0.027430331,-0.488287893,-0.19868274,0.298162836,-0.445184383,-0.144040431,0.008699838,-0.445851803,-0.186140744,-0.017281146,-0.358409879,-0.173703188,0.059615333,-0.352174933,-0.176017672,0.303925543,-0.250020534,-0.169445842,0.047735674,-0.261546572,-0.202094279,0.013413926,-0.212336522,-0.155099827,0.05794171,-0.182651631,-0.134247784,0.286409483,-0.054389227,-0.200967089,0.176349107,-0.076797973,-0.254350179,0.20028765,-0.074501937,-0.251141865,0.275285962,-0.055029607,-0.243729983,178.3525673,175.0195173,110.3829256,89.00309488,104.9306395,77.96703662,109.8538755,102.0315202,18.7394348,170.7057964,HELP
0,0,0,0,0,0,0,0,0,0,0,0,0,0,0,0,0,0,0,0,0,0,0,0,0,0,0,0,0,0,0,0,0,0,0,0,0,0,0,0,0,0,0,0,0,0,0,0,0,0,0,0,0,0,0,0,0,0,0,0,0,0,0,0,0,0,0,0,0,0,0,0,0,0,0,0,0.015398279,-0.301927946,-0.056525831,0.069126115,-0.588874365,-0.099796827,0.106170506,-0.796329808,-0.133831127,0.126009042,-0.98001244,-0.153939397,0.260336706,-0.597653561,-0.111705598,0.019545456,-0.594753608,-0.170189662,-0.021057245,-0.494299097,-0.190883602,0.039964832,-0.483653149,-0.209059445,0.314118211,-0.43131455,-0.122583128,0.016884027,-0.425153708,-0.171387487,-0.00822099,-0.341926659,-0.167424722,0.072391812,-0.351860021,-0.171852413,0.320360071,-0.235683256,-0.137856685,0.058835363,-0.24500199,-0.18306023,0.026378796,-0.20230358,-0.14902943,0.074688197,-0.18521841,-0.130617536,0.303012902,-0.043342347,-0.160087102,0.184720827,-0.053973501,-0.216725403,0.207881622,-0.04791617,-0.217945862,0.28622996,-0.029110041,-0.211311378,179.0721461,175.0728393,114.3672219,81.66666938,107.2652117,66.09892753,112.8551655,86.48796378,29.88252533,172.2512499,HELP
0,0,0,0,0,0,0,0,0,0,0,0,0,0,0,0,0,0,0,0,0,0,0,0,0,0,0,0,0,0,0,0,0,0,0,0,0,0,0,0,0,0,0,0,0,0,0,0,0,0,0,0,0,0,0,0,0,0,0,0,0,0,0,0,0,0,0,0,0,0,0,0,0,0,0,0,0.020913029,-0.305105439,-0.038866159,0.081613516,-0.593525311,-0.076582718,0.1277416,-0.793503991,-0.107347878,0.151995518,-0.980611078,-0.123690243,0.272359064,-0.60938895,-0.106638512,0.04205639,-0.616291508,-0.155987894,0.004742218,-0.504958694,-0.17150748,0.062981566,-0.491260397,-0.190728023,0.331794657,-0.444727697,-0.124524339,0.045143472,-0.45277996,-0.160688885,0.015101946,-0.350500261,-0.145590123,0.096905078,-0.356407563,-0.146533676,0.341691536,-0.248823803,-0.145031637,0.096695263,-0.269532158,-0.172024841,0.051936346,-0.225694206,-0.122165547,0.087885037,-0.203284676,-0.100159884,0.328719858,-0.052178324,-0.172533217,0.273293587,-0.06885825,-0.227178846,0.325553526,-0.081345789,-0.22911231,0.418972683,-0.077233561,-0.225362777,178.327143,173.3793145,107.9279601,87.30640104,103.4566995,69.61616336,116.0965418,97.07125047,52.88562588,163.451711,HELP
0,0,0,0,0,0,0,0,0,0,0,0,0,0,0,0,0,0,0,0,0,0,0,0,0,0,0,0,0,0,0,0,0,0,0,0,0,0,0,0,0,0,0,0,0,0,0,0,0,0,0,0,0,0,0,0,0,0,0,0,0,0,0,0,0,0,0,0,0,0,0,0,0,0,0,0,0.025801175,-0.300053131,-0.04482719,0.077994292,-0.592765455,-0.096443003,0.112642504,-0.798810618,-0.138281932,0.130019333,-0.977914933,-0.163637885,0.266915603,-0.605049916,-0.139136197,0.025783813,-0.622294983,-0.189101147,-0.010263457,-0.522146694,-0.196956794,0.052728797,-0.513991687,-0.209647673,0.3237624,-0.439642255,-0.155114729,0.02285489,-0.453519847,-0.192371608,-0.002394561,-0.358196358,-0.167789053,0.095225952,-0.367436996,-0.161730122,0.32827491,-0.243505126,-0.172281519,0.071739935,-0.262838964,-0.196628891,0.03152976,-0.227309557,-0.14189284,0.074707492,-0.20118741,-0.118059627,0.311792094,-0.047634338,-0.196697772,0.274386671,-0.070926644,-0.255513076,0.350952089,-0.086056216,-0.261298247,0.463993285,-0.075066823,-0.259760814,178.3986632,174.8440223,106.2158536,78.70299638,100.0046239,71.32700315,114.7595071,96.66410337,67.8204827,162.5406498,HELP
0,0,0,0,0,0,0,0,0,0,0,0,0,0,0,0,0,0,0,0,0,0,0,0,0,0,0,0,0,0,0,0,0,0,0,0,0,0,0,0,0,0,0,0,0,0,0,0,0,0,0,0,0,0,0,0,0,0,0,0,0,0,0,0,0,0,0,0,0,0,0,0,0,0,0,0,0.016587101,-0.298830858,-0.049918549,0.072888949,-0.578822511,-0.094485185,0.11382619,-0.787368356,-0.131969505,0.138249546,-0.978090064,-0.155649897,0.264939462,-0.61164313,-0.119554902,0.022129355,-0.624856153,-0.171305129,-0.035129208,-0.516869954,-0.175516308,0.019039566,-0.496678692,-0.181928683,0.316313677,-0.452350324,-0.136998481,0.013580738,-0.454451896,-0.183517068,-0.024293703,-0.364357488,-0.166929683,0.051371662,-0.360059337,-0.161718285,0.316704186,-0.264577401,-0.157892907,0.043408672,-0.268534916,-0.194250832,0.003858042,-0.215275719,-0.149553814,0.05297728,-0.186816983,-0.12742267,0.294395851,-0.075718793,-0.186285825,0.157735512,-0.082471689,-0.237193911,0.170245109,-0.072047846,-0.235750359,0.243652761,-0.047253493,-0.228843877,178.802733,175.1863185,114.675773,82.77843695,110.2412206,71.47948384,114.0053336,96.62344078,39.05470045,158.9268102,HELP
0,0,0,0,0,0,0,0,0,0,0,0,0,0,0,0,0,0,0,0,0,0,0,0,0,0,0,0,0,0,0,0,0,0,0,0,0,0,0,0,0,0,0,0,0,0,0,0,0,0,0,0,0,0,0,0,0,0,0,0,0,0,0,0,0,0,0,0,0,0,0,0,0,0,0,0,0.003761986,-0.28350587,-0.068765991,0.056236848,-0.581591013,-0.113373148,0.105014351,-0.791798149,-0.144863602,0.12806463,-0.978755101,-0.160118401,0.254769715,-0.585157374,-0.127099765,0.017850572,-0.585720355,-0.186747247,-0.024965514,-0.483429986,-0.204302524,0.032191839,-0.459612588,-0.219835745,0.318527525,-0.417939019,-0.129192857,0.019149064,-0.412693123,-0.177136038,-0.011381725,-0.325819418,-0.166730934,0.067171161,-0.331802472,-0.165718483,0.332400778,-0.222723501,-0.136541583,0.072704356,-0.234195066,-0.184518465,0.040821171,-0.188271178,-0.142433327,0.077963329,-0.164960316,-0.116797259,0.323579254,-0.031364278,-0.151816068,0.233345303,-0.041140267,-0.219828407,0.28184181,-0.02667012,-0.222962125,0.374448757,-0.005660759,-0.213940085,176.9382604,172.9614608,113.9469657,92.09262699,108.8884782,66.5332082,108.0579533,105.755634,41.54561314,170.2312659,HELP
0,0,0,0,0,0,0,0,0,0,0,0,0,0,0,0,0,0,0,0,0,0,0,0,0,0,0,0,0,0,0,0,0,0,0,0,0,0,0,0,0,0,0,0,0,0,0,0,0,0,0,0,0,0,0,0,0,0,0,0,0,0,0,0,0,0,0,0,0,0,0,0,0,0,0,0,0.012665992,-0.292898084,-0.060390504,0.087686405,-0.597758599,-0.112193819,0.142660807,-0.802040958,-0.150875356,0.159350348,-0.97197802,-0.172818388,0.310373846,-0.617805067,-0.136362713,0.065009751,-0.623883434,-0.19061714,0.016994072,-0.519521981,-0.208327986,0.080032487,-0.505455173,-0.227412857,0.371837442,-0.442837689,-0.140905007,0.077142163,-0.467059537,-0.182302132,0.031181439,-0.368075951,-0.16386907,0.125749988,-0.376865517,-0.158493797,0.379569904,-0.24061632,-0.14824613,0.145734188,-0.285354073,-0.184244197,0.081598803,-0.250646229,-0.133218754,0.108880682,-0.219302169,-0.104791467,0.357691587,-0.041398108,-0.163354337,0.400678596,-0.071843159,-0.234390233,0.508660772,-0.099097241,-0.246061322,0.642053203,-0.099226168,-0.243420712,178.4033244,170.1733954,114.4815561,81.02871707,108.3135596,60.92031786,122.7943985,100.1363074,129.5108067,164.2113246,HELP
0,0,0,0,0,0,0,0,0,0,0,0,0,0,0,0,0,0,0,0,0,0,0,0,0,0,0,0,0,0,0,0,0,0,0,0,0,0,0,0,0,0,0,0,0,0,0,0,0,0,0,0,0,0,0,0,0,0,0,0,0,0,0,0,0,0,0,0,0,0,0,0,0,0,0,0,0.017427401,-0.301759489,-0.054332564,0.094458795,-0.608108767,-0.094216639,0.155020277,-0.81376743,-0.121037781,0.187346018,-0.97357583,-0.130581668,0.312240861,-0.602916559,-0.146942426,0.085484476,-0.621653395,-0.185837064,0.012519045,-0.528726853,-0.180020755,0.049939011,-0.503998217,-0.183224439,0.369660899,-0.436020002,-0.15287832,0.10587085,-0.451845227,-0.199354035,0.028988598,-0.376828987,-0.184579872,0.076166301,-0.377285169,-0.180172991,0.379339373,-0.244864441,-0.157550466,0.178356151,-0.28032841,-0.207134595,0.08834694,-0.240417806,-0.167947851,0.082134376,-0.203718884,-0.143329306,0.365217124,-0.043810356,-0.167107768,0.452881443,-0.062681276,-0.238716907,0.555131343,-0.091839211,-0.252523605,0.66565096,-0.099859971,-0.252501823,177.7062166,173.7617201,122.267753,85.13593176,129.2477307,45.579866,131.444267,129.1922095,148.6017548,166.117081,HELP
0,0,0,0,0,0,0,0,0,0,0,0,0,0,0,0,0,0,0,0,0,0,0,0,0,0,0,0,0,0,0,0,0,0,0,0,0,0,0,0,0,0,0,0,0,0,0,0,0,0,0,0,0,0,0,0,0,0,0,0,0,0,0,0,0,0,0,0,0,0,0,0,0,0,0,0,0.018828719,-0.296834797,-0.062124891,0.082302317,-0.593060349,-0.110170655,0.135042968,-0.797273685,-0.142580795,0.168747599,-0.972933967,-0.157872553,0.273746337,-0.589620753,-0.178004335,0.042889279,-0.601169758,-0.229248436,-0.011932826,-0.515305338,-0.227340681,0.035818199,-0.494989219,-0.230964747,0.328761752,-0.419218385,-0.182272238,0.062096134,-0.429382552,-0.22652982,0.006090318,-0.35743025,-0.198737723,0.072665709,-0.358296056,-0.187581489,0.339075299,-0.223748932,-0.186874879,0.11919851,-0.24072562,-0.227927872,0.051985313,-0.221243814,-0.174638718,0.066332066,-0.195732455,-0.145704265,0.328848546,-0.024480671,-0.198839508,0.352286891,-0.040163623,-0.272028002,0.429584435,-0.063132996,-0.28140716,0.531154593,-0.055355661,-0.278613343,177.6094273,174.7246587,118.6505441,80.44028489,120.2074513,57.25522742,128.4148389,107.2671982,116.6728372,157.5521198,HELP
0,0,0,0,0,0,0,0,0,0,0,0,0,0,0,0,0,0,0,0,0,0,0,0,0,0,0,0,0,0,0,0,0,0,0,0,0,0,0,0,0,0,0,0,0,0,0,0,0,0,0,0,0,0,0,0,0,0,0,0,0,0,0,0,0,0,0,0,0,0,0,0,0,0,0,0,0.029363464,-0.285308897,-0.062531239,0.106150911,-0.583364217,-0.108940975,0.16655258,-0.789124023,-0.141073024,0.190771894,-0.969065041,-0.156585536,0.310332498,-0.560821978,-0.162960625,0.071251047,-0.548396178,-0.210193756,0.011472611,-0.464185085,-0.206721035,0.059644606,-0.446302772,-0.209664829,0.362530592,-0.3870073,-0.166618272,0.108207171,-0.376777983,-0.215802531,0.044984152,-0.313610493,-0.197389914,0.099312514,-0.322698522,-0.19130535,0.367444599,-0.193177568,-0.170269888,0.172724813,-0.205216763,-0.228883856,0.094149419,-0.175064878,-0.186796251,0.087780361,-0.145057743,-0.158531355,0.350108012,0.004737247,-0.1791255,0.437402329,-0.015665392,-0.259034807,0.547837293,-0.036309372,-0.271729551,0.661806528,-0.035844047,-0.270585626,178.0864122,170.6260532,126.998672,74.91672182,131.9705019,39.59467896,130.5825138,131.3804675,144.6577022,167.110111,HELP
0,0,0,0,0,0,0,0,0,0,0,0,0,0,0,0,0,0,0,0,0,0,0,0,0,0,0,0,0,0,0,0,0,0,0,0,0,0,0,0,0,0,0,0,0,0,0,0,0,0,0,0,0,0,0,0,0,0,0,0,0,0,0,0,0,0,0,0,0,0,0,0,0,0,0,0,0.008670857,-0.287839588,-0.06599928,0.04009904,-0.564160618,-0.130534067,0.060017162,-0.777738436,-0.18185021,0.075399468,-0.972603618,-0.219902529,0.209521893,-0.566275283,-0.175350836,-0.026893041,-0.565682765,-0.250142869,-0.045994351,-0.469826379,-0.272285307,0.031585746,-0.451880003,-0.289341203,0.26942806,-0.413875896,-0.183132713,-0.042703869,-0.416060894,-0.235565612,-0.0582543,-0.333513436,-0.213994544,0.035948731,-0.336650868,-0.208216349,0.277864637,-0.2298212,-0.194051182,-0.002335503,-0.234970079,-0.227924603,-0.022765872,-0.194261335,-0.173003188,0.037630458,-0.167326816,-0.146976971,0.270007615,-0.045151999,-0.214179471,0.124659145,-0.050500208,-0.266498902,0.140296855,-0.045552867,-0.26324097,0.216096616,-0.024296181,-0.256107696,178.7697688,177.4156617,104.5155378,94.32895165,97.41457214,78.73951757,100.4537637,104.760226,17.168865,173.6007019,HELP
0,0,0,0,0,0,0,0,0,0,0,0,0,0,0,0,0,0,0,0,0,0,0,0,0,0,0,0,0,0,0,0,0,0,0,0,0,0,0,0,0,0,0,0,0,0,0,0,0,0,0,0,0,0,0,0,0,0,0,0,0,0,0,0,0,0,0,0,0,0,0,0,0,0,0,0,0.014219631,-0.291813986,-0.063059149,0.060717597,-0.589252416,-0.114497727,0.097158611,-0.79864439,-0.152511465,0.108724913,-0.978740455,-0.173913812,0.242471699,-0.59220983,-0.144375011,-0.005850256,-0.589960775,-0.204487758,-0.037859232,-0.496474553,-0.21979278,0.027932454,-0.482377635,-0.233711822,0.297098775,-0.423853673,-0.151008427,0.004393746,-0.420625211,-0.199609917,-0.012546413,-0.343758732,-0.186762504,0.075454736,-0.35739178,-0.185273473,0.304479499,-0.228397635,-0.16060917,0.058522836,-0.242250018,-0.207050096,0.034076002,-0.20421284,-0.164806774,0.075930948,-0.181673201,-0.140871699,0.293342294,-0.035428336,-0.177436822,0.231720889,-0.048371749,-0.246732242,0.300678437,-0.039565862,-0.253406038,0.406234297,-0.020711751,-0.248175332,178.8931074,172.9943415,110.8147962,85.19916599,101.1643509,69.22488246,103.1310471,104.869935,53.37822961,171.2338282,HELP
0,0,0,0,0,0,0,0,0,0,0,0,0,0,0,0,0,0,0,0,0,0,0,0,0,0,0,0,0,0,0,0,0,0,0,0,0,0,0,0,0,0,0,0,0,0,0,0,0,0,0,0,0,0,0,0,0,0,0,0,0,0,0,0,0,0,0,0,0,0,0,0,0,0,0,0,0.020929491,-0.289800324,-0.062580114,0.079810665,-0.59066567,-0.104556943,0.126050912,-0.801295335,-0.13224116,0.143619581,-0.9792512,-0.142970286,0.27520596,-0.594282749,-0.13004199,0.026608127,-0.572716113,-0.17561274,-0.019267077,-0.471790929,-0.184750659,0.035644511,-0.448771077,-0.197363103,0.330848956,-0.418914177,-0.132578332,0.043829727,-0.399761418,-0.173652127,0.007734613,-0.326028533,-0.168087418,0.074845086,-0.334238061,-0.17395061,0.342191946,-0.217538014,-0.13658927,0.114001202,-0.228385042,-0.188548722,0.065857514,-0.195945743,-0.157339881,0.079081621,-0.170767752,-0.13892818,0.331417567,-0.016604462,-0.146151625,0.350674853,-0.034129145,-0.224484349,0.452682772,-0.033954522,-0.238904019,0.570743475,-0.020114885,-0.237806149,178.587128,172.2388942,119.7400027,89.31836182,118.8683953,56.76867905,125.706468,109.7525726,111.3116924,169.1902628,HELP
0,0,0,0,0,0,0,0,0,0,0,0,0,0,0,0,0,0,0,0,0,0,0,0,0,0,0,0,0,0,0,0,0,0,0,0,0,0,0,0,0,0,0,0,0,0,0,0,0,0,0,0,0,0,0,0,0,0,0,0,0,0,0,0,0,0,0,0,0,0,0,0,0,0,0,0,0.024717343,-0.287869029,-0.062902934,0.089343079,-0.589909614,-0.10904854,0.136767292,-0.800225205,-0.139314046,0.151569138,-0.976820832,-0.151155079,0.289880208,-0.581521521,-0.152661746,0.041539355,-0.571207552,-0.196065906,-0.001162104,-0.47503324,-0.197245077,0.05506453,-0.453429754,-0.204882159,0.342500222,-0.409719012,-0.154044117,0.060189943,-0.403561825,-0.196654545,0.02950211,-0.327360223,-0.183757167,0.101883389,-0.330107039,-0.184746947,0.353326855,-0.212150354,-0.154958111,0.13304634,-0.231702056,-0.202849666,0.089398881,-0.203373153,-0.163915504,0.105330977,-0.176372866,-0.142290787,0.344017793,-0.009836405,-0.161639759,0.387102527,-0.03586312,-0.238778798,0.50098425,-0.04539219,-0.253644704,0.62541849,-0.035650169,-0.254045646,179.1481586,171.0865726,116.0182316,87.18099016,111.1881559,66.07165866,119.2979412,111.6057591,126.4136537,168.2672197,HELP
0,0,0,0,0,0,0,0,0,0,0,0,0,0,0,0,0,0,0,0,0,0,0,0,0,0,0,0,0,0,0,0,0,0,0,0,0,0,0,0,0,0,0,0,0,0,0,0,0,0,0,0,0,0,0,0,0,0,0,0,0,0,0,0,0,0,0,0,0,0,0,0,0,0,0,0,0.019288736,-0.273502979,-0.073483656,0.097612882,-0.574092982,-0.129401462,0.150952969,-0.781689359,-0.169759986,0.162999781,-0.967812002,-0.191757658,0.317927573,-0.564160476,-0.171106957,0.078576671,-0.560126697,-0.225009333,0.008880148,-0.468530989,-0.229568318,0.059900333,-0.446576305,-0.238182115,0.367917503,-0.385652288,-0.173314616,0.115898383,-0.377389992,-0.228044235,0.049228655,-0.310511165,-0.214937785,0.106910108,-0.319815693,-0.212525385,0.368830625,-0.187868508,-0.176450963,0.181924895,-0.201647214,-0.240072036,0.099076427,-0.162555246,-0.200380035,0.094256106,-0.126837581,-0.172765762,0.350706755,0.011121423,-0.185366491,0.463132542,-0.002377543,-0.266389678,0.583087051,-0.019412833,-0.278437903,0.701117754,-0.01802874,-0.277321379,179.4253685,168.7056527,127.731403,76.55255672,132.5555206,37.27916674,128.9462128,129.6341664,150.0694965,169.2626758,HELP
0,0,0,0,0,0,0,0,0,0,0,0,0,0,0,0,0,0,0,0,0,0,0,0,0,0,0,0,0,0,0,0,0,0,0,0,0,0,0,0,0,0,0,0,0,0,0,0,0,0,0,0,0,0,0,0,0,0,0,0,0,0,0,0,0,0,0,0,0,0,0,0,0,0,0,0,0.01428332,-0.275451722,-0.069572377,0.078985641,-0.584179339,-0.12078415,0.12670848,-0.790904716,-0.155406469,0.14198353,-0.97501955,-0.170814383,0.283268479,-0.572769925,-0.177782982,0.04201902,-0.580354622,-0.231357331,-0.011994224,-0.487000751,-0.23384619,0.04136587,-0.463096541,-0.240605253,0.335834132,-0.394575793,-0.179151486,0.067888825,-0.400524783,-0.229465671,0.019245334,-0.332055952,-0.208294338,0.087039837,-0.334473565,-0.201168167,0.339846102,-0.194643698,-0.181173416,0.130394836,-0.218363394,-0.235507255,0.065356239,-0.195151618,-0.183186124,0.069433428,-0.163389348,-0.149995751,0.322269757,0.002873473,-0.190083718,0.395787673,-0.012502143,-0.273007825,0.514113942,-0.033514727,-0.284157565,0.638054605,-0.03180069,-0.281062766,178.816356,170.6471429,117.8381225,84.27201213,119.3053067,55.90084969,122.8447587,123.5532254,137.4413573,167.225548,HELP
0,0,0,0,0,0,0,0,0,0,0,0,0,0,0,0,0,0,0,0,0,0,0,0,0,0,0,0,0,0,0,0,0,0,0,0,0,0,0,0,0,0,0,0,0,0,0,0,0,0,0,0,0,0,0,0,0,0,0,0,0,0,0,0,0,0,0,0,0,0,0,0,0,0,0,0,0.002249311,-0.274177833,-0.067822805,0.065697363,-0.581803103,-0.106558471,0.122820876,-0.79057684,-0.13155587,0.147632075,-0.979410752,-0.137692956,0.280556659,-0.610776551,-0.116584552,0.044980247,-0.586631466,-0.166142244,-0.007293917,-0.483985749,-0.175483712,0.042936616,-0.45237811,-0.185248714,0.330159921,-0.436889916,-0.121387419,0.068668686,-0.411983835,-0.166682533,0.024291457,-0.339272557,-0.159774727,0.080067486,-0.336998804,-0.160859935,0.333220299,-0.240983588,-0.130912409,0.124548265,-0.249134048,-0.192759029,0.067969791,-0.198938284,-0.15767777,0.076678551,-0.163748062,-0.131350356,0.313342008,-0.046055922,-0.146798226,0.323524918,-0.068065383,-0.222807773,0.398875313,-0.064997332,-0.225799109,0.492781812,-0.048447816,-0.215389225,176.3392612,170.8713662,123.0663397,95.86119609,125.1097224,60.94651151,120.5403107,126.0282831,98.85669342,168.5513158,HELP
0,0,0,0,0,0,0,0,0,0,0,0,0,0,0,0,0,0,0,0,0,0,0,0,0,0,0,0,0,0,0,0,0,0,0,0,0,0,0,0,0,0,0,0,0,0,0,0,0,0,0,0,0,0,0,0,0,0,0,0,0,0,0,0,0,0,0,0,0,0,0,0,0,0,0,0,-0.004428399,-0.293976013,-0.067046699,0.024241694,-0.575805644,-0.108409548,0.052285991,-0.789704559,-0.138610833,0.071321804,-0.985338761,-0.154986214,0.203381797,-0.608096457,-0.113770486,-0.049576505,-0.578339682,-0.176646778,-0.078899347,-0.468797353,-0.196779697,-0.017603757,-0.448349395,-0.208947484,0.24601,-0.443993141,-0.120990699,-0.054473846,-0.406286598,-0.172417044,-0.057316273,-0.333324156,-0.169645102,0.006072633,-0.333619119,-0.173005818,0.247691827,-0.255339084,-0.134508923,-0.035812031,-0.234894115,-0.183916718,-0.032368329,-0.191096294,-0.151809484,0.025274926,-0.183141712,-0.131319298,0.227346767,-0.075109106,-0.156065943,0.011524537,-0.074876459,-0.191553766,-0.009159158,-0.063424067,-0.175322839,0.028308659,-0.057044716,-0.159257594,178.2949143,176.258053,113.281785,95.20879292,98.8743421,87.3926706,83.90395541,111.0308784,128.3336379,68.11309894,HELP
0,0,0,-0.02348084,-0.148482011,-0.127783753,-0.028885889,-0.231254569,-0.243278899,-0.122962505,-0.309255547,-0.348237639,-0.233786684,-0.340891846,-0.463269627,0.359281645,-0.224566337,-0.178402336,0.496609218,-0.264615072,-0.257242993,0.647200786,-0.316061703,-0.336723069,0.781266948,-0.351814528,-0.395695041,0.431689329,-0.185424181,-0.157029249,0.587048727,-0.256302496,-0.205247288,0.73871592,-0.323214245,-0.252677836,0.873397147,-0.383908547,-0.299652553,0.462917894,-0.161216487,-0.143060937,0.599709018,-0.223984559,-0.171030194,0.743252675,-0.291761193,-0.19745331,0.871743947,-0.358546272,-0.226222526,0.444890727,-0.17094119,-0.142436131,0.57553143,-0.22509188,-0.164954484,0.691390926,-0.2688243,-0.174788732,0.797148887,-0.301713677,-0.188264915,146.4320081,162.1346108,176.7062203,174.9784188,179.1880985,178.2279008,178.6960442,177.1738333,175.1198006,175.8249108,0,0,0,-0.030019932,-0.278080333,-0.096165272,-0.028383507,-0.560395428,-0.146639786,-0.015538903,-0.774370155,-0.17953946,0.006314134,-0.980502795,-0.196403668,0.166130095,-0.526495816,-0.151042829,-0.132041822,-0.488179429,-0.231837156,-0.151249145,-0.393039163,-0.264236188,-0.073806739,-0.379418224,-0.283331022,0.214820495,-0.332942738,-0.150432161,-0.140492856,-0.288437366,-0.217697266,-0.119562574,-0.234736593,-0.221980372,-0.031467817,-0.249123412,-0.230252187,0.223622502,-0.126222484,-0.158707723,-0.112680043,-0.097787128,-0.231731586,-0.083330392,-0.073806377,-0.203923864,-0.00244243,-0.087478741,-0.182399321,0.207131717,0.06624039,-0.177382981,-0.054136287,0.082521003,-0.237892531,-0.041501856,0.072985143,-0.230518604,0.027052371,0.050076407,-0.218121404,176.6134321,175.1548453,112.1118278,92.95666345,76.93961901,102.3332007,46.28121237,131.553115,33.73063364,156.6614389,HELP
0,0,0,0,0,0,0,0,0,0,0,0,0,0,0,0,0,0,0,0,0,0,0,0,0,0,0,0,0,0,0,0,0,0,0,0,0,0,0,0,0,0,0,0,0,0,0,0,0,0,0,0,0,0,0,0,0,0,0,0,0,0,0,0,0,0,0,0,0,0,0,0,0,0,0,0,-0.073547684,-0.276209615,-0.103300011,-0.092183628,-0.557052228,-0.157250632,-0.081085077,-0.770343109,-0.192101144,-0.061013948,-0.975181228,-0.212835313,0.112959371,-0.507786073,-0.163243672,-0.205339501,-0.459185838,-0.249710787,-0.19978786,-0.358811026,-0.287931914,-0.103183686,-0.350055144,-0.309667814,0.148595084,-0.308643573,-0.161094366,-0.208428934,-0.26746465,-0.22782128,-0.169543069,-0.213487139,-0.230295965,-0.070330282,-0.230214839,-0.239865947,0.148871035,-0.102646946,-0.168946889,-0.184097249,-0.080775528,-0.235333109,-0.145410554,-0.057609506,-0.201083715,-0.053410691,-0.068644982,-0.178576048,0.131197825,0.090646189,-0.188312449,-0.136235773,0.093578664,-0.239751852,-0.114299582,0.087114507,-0.226571527,-0.03196272,0.072922641,-0.213136948,173.1361695,175.6167045,100.3075867,102.1265152,61.81130613,116.2762913,40.50677393,138.9871415,24.0858579,158.2574018,HELP
0,0,0,0,0,0,0,0,0,0,0,0,0,0,0,0,0,0,0,0,0,0,0,0,0,0,0,0,0,0,0,0,0,0,0,0,0,0,0,0,0,0,0,0,0,0,0,0,0,0,0,0,0,0,0,0,0,0,0,0,0,0,0,0,0,0,0,0,0,0,0,0,0,0,0,0,-0.06161265,-0.288155049,-0.085344869,-0.083035819,-0.564639,-0.134772185,-0.08134709,-0.779145867,-0.170369355,-0.06595176,-0.979047431,-0.192656412,0.093213512,-0.518322023,-0.141468789,-0.196869349,-0.481573816,-0.223596383,-0.192078895,-0.391708398,-0.258035536,-0.103934923,-0.39337753,-0.277835989,0.135125943,-0.323750094,-0.14639857,-0.207641629,-0.293672927,-0.213090745,-0.163841734,-0.239075548,-0.215657756,-0.06652519,-0.260671093,-0.223182366,0.141422693,-0.121676692,-0.160017306,-0.181080017,-0.109532804,-0.229782738,-0.134684772,-0.079241237,-0.200908951,-0.044083836,-0.091162689,-0.179649286,0.125079584,0.065345149,-0.182815277,-0.129717433,0.078111371,-0.236867608,-0.096276854,0.074668477,-0.227304329,-0.010967431,0.054249274,-0.215098315,175.1300264,175.0071228,99.3231097,96.29154395,57.47432326,116.3019173,36.38382926,139.476111,4.928232346,169.1015153,HELP
0,0,0,0,0,0,0,0,0,0,0,0,0,0,0,0,0,0,0,0,0,0,0,0,0,0,0,0,0,0,0,0,0,0,0,0,0,0,0,0,0,0,0,0,0,0,0,0,0,0,0,0,0,0,0,0,0,0,0,0,0,0,0,0,0,0,0,0,0,0,0,0,0,0,0,0,-0.044126027,-0.297128995,-0.057278628,-0.051587365,-0.582915213,-0.095216316,-0.04655192,-0.797131451,-0.126424707,-0.03492787,-0.988562411,-0.146711977,0.115462509,-0.586491542,-0.093137192,-0.14308655,-0.578251914,-0.16389684,-0.15433624,-0.473293595,-0.193612244,-0.080113308,-0.463461532,-0.211078153,0.152845541,-0.414473811,-0.107660383,-0.155846954,-0.413180703,-0.167695489,-0.131385053,-0.339372262,-0.171682097,-0.052389693,-0.347131217,-0.177320307,0.154677207,-0.228062205,-0.129541535,-0.136214712,-0.249773439,-0.190622901,-0.1096533,-0.19382703,-0.166753694,-0.03249896,-0.1901639,-0.148008632,0.135295711,-0.053369042,-0.15743718,-0.091988808,-0.074507875,-0.199395503,-0.078842176,-0.053210528,-0.186246897,-0.011197187,-0.049496103,-0.171183459,177.077209,176.8981336,101.5250595,94.87136246,72.85914033,102.88996,58.28430387,120.8038688,52.5527685,126.4735705,HELP
0,0,0,0,0,0,0,0,0,0,0,0,0,0,0,0,0,0,0,0,0,0,0,0,0,0,0,0,0,0,0,0,0,0,0,0,0,0,0,0,0,0,0,0,0,0,0,0,0,0,0,0,0,0,0,0,0,0,0,0,0,0,0,0,0,0,0,0,0,0,0,0,0,0,0,0,-0.033233598,-0.303627929,-0.046123053,-0.027953126,-0.593185366,-0.074381475,-0.006238767,-0.806415081,-0.100132902,0.014812029,-0.993304946,-0.11456827,0.151133478,-0.616744452,-0.055064026,-0.093041116,-0.618253518,-0.126501811,-0.11178758,-0.4995462,-0.160361087,-0.039574295,-0.48227093,-0.179364812,0.187419444,-0.454940876,-0.075184288,-0.108921421,-0.450852382,-0.136920758,-0.097719707,-0.359375419,-0.144199481,-0.019235844,-0.357149255,-0.147989289,0.187431373,-0.271461734,-0.10460168,-0.08798041,-0.288456769,-0.166806575,-0.076743103,-0.221073854,-0.141690804,-0.00103501,-0.216436384,-0.118823091,0.168937455,-0.092137131,-0.139941727,-0.049145519,-0.112024511,-0.177317789,-0.04826675,-0.083224814,-0.159192991,0.014723192,-0.075117559,-0.138521401,175.0802119,177.4430324,102.392238,98.05161196,84.88304293,98.78877505,73.63061258,107.5375218,79.00898409,106.9673053,HELP
0,0,0,0,0,0,0,0,0,0,0,0,0,0,0,0,0,0,0,0,0,0,0,0,0,0,0,0,0,0,0,0,0,0,0,0,0,0,0,0,0,0,0,0,0,0,0,0,0,0,0,0,0,0,0,0,0,0,0,0,0,0,0,0,0,0,0,0,0,0,0,0,0,0,0,0,-0.009504185,-0.309751482,-0.041252508,0.007051071,-0.597676746,-0.070339385,0.031670287,-0.805485604,-0.098093323,0.057308531,-0.991874474,-0.113581513,0.187806357,-0.60469889,-0.057513523,-0.058414389,-0.629712966,-0.133727595,-0.079256838,-0.50871635,-0.170879094,-0.005764645,-0.489081365,-0.192877244,0.224649598,-0.446430065,-0.082140972,-0.073484517,-0.457249028,-0.150649864,-0.06760589,-0.366827922,-0.159060927,0.013381022,-0.364803297,-0.163903495,0.22535671,-0.264452444,-0.116164332,-0.046578844,-0.294349193,-0.183766133,-0.040989778,-0.224304484,-0.154912494,0.036798818,-0.216354316,-0.12934002,0.209708611,-0.079318914,-0.155984316,0.005774527,-0.111696121,-0.200041974,-0.003309804,-0.084780086,-0.182926317,0.056014141,-0.074068149,-0.162675547,176.1065513,176.9396625,98.54647916,99.41250436,85.56373434,95.43770486,74.93315486,106.0658276,91.85811571,92.60889169,HELP
0,0,0,0,0,0,0,0,0,0,0,0,0,0,0,0,0,0,0,0,0,0,0,0,0,0,0,0,0,0,0,0,0,0,0,0,0,0,0,0,0,0,0,0,0,0,0,0,0,0,0,0,0,0,0,0,0,0,0,0,0,0,0,0,0,0,0,0,0,0,0,0,0,0,0,0,-0.01471581,-0.309483482,-0.041510148,0.002544969,-0.594079562,-0.073141091,0.02285784,-0.803688774,-0.103359967,0.041608602,-0.991658049,-0.121996059,0.177502308,-0.603852756,-0.056812837,-0.066408186,-0.616942081,-0.13016393,-0.081599246,-0.500478825,-0.166435891,-0.0065384,-0.488024548,-0.188152779,0.210731353,-0.444564847,-0.080835983,-0.088279656,-0.447362695,-0.144690117,-0.073164522,-0.358062751,-0.153213536,0.008851104,-0.362704437,-0.159297958,0.206753224,-0.261768845,-0.113739067,-0.067936863,-0.283830962,-0.174128426,-0.05587655,-0.216990606,-0.147913483,0.022731717,-0.216838655,-0.126666717,0.186371639,-0.080886955,-0.152418264,-0.030740704,-0.104111272,-0.18713723,-0.037721605,-0.081176823,-0.169348946,0.021981121,-0.079487032,-0.151288727,177.234079,177.4422604,98.88363789,96.48121586,81.26317179,96.72110854,71.93083887,104.8075471,93.1735809,88.25382562,HELP
0,0,0,0,0,0,0,0,0,0,0,0,0,0,0,0,0,0,0,0,0,0,0,0,0,0,0,0,0,0,0,0,0,0,0,0,0,0,0,0,0,0,0,0,0,0,0,0,0,0,0,0,0,0,0,0,0,0,0,0,0,0,0,0,0,0,0,0,0,0,0,0,0,0,0,0,0.01075108,-0.295561453,-0.051132559,0.042416525,-0.583697515,-0.084808601,0.066164734,-0.796250265,-0.11447453,0.090327107,-0.987272348,-0.130898145,0.220716656,-0.594884725,-0.064650176,-0.019368839,-0.594261482,-0.136036774,-0.043984815,-0.482817772,-0.169145538,0.027351273,-0.472329388,-0.189663598,0.256810795,-0.430439355,-0.083421214,-0.030883745,-0.432059565,-0.14444141,-0.02810152,-0.348963198,-0.151614862,0.047709791,-0.360460431,-0.157464986,0.255571999,-0.244227031,-0.111496544,-0.011201189,-0.267913535,-0.173439016,-0.010087999,-0.205837818,-0.148700253,0.059339122,-0.203010862,-0.127856768,0.237069229,-0.065667897,-0.146013357,0.030459298,-0.086837269,-0.183474109,0.015358401,-0.066611747,-0.167785003,0.065866492,-0.063115419,-0.150900485,178.6913136,176.8497745,106.2772121,90.59287835,88.83891409,83.7158431,79.65348777,99.11889152,109.5998104,74.38062315,HELP
0,0,0,0,0,0,0,0,0,0,0,0,0,0,0,0,0,0,0,0,0,0,0,0,0,0,0,0,0,0,0,0,0,0,0,0,0,0,0,0,0,0,0,0,0,0,0,0,0,0,0,0,0,0,0,0,0,0,0,0,0,0,0,0,0,0,0,0,0,0,0,0,0,0,0,0,0.004655597,-0.290835831,-0.058277877,0.031803872,-0.57913343,-0.094123766,0.051647272,-0.794500785,-0.12326887,0.077566155,-0.987385203,-0.138036056,0.206822992,-0.590761166,-0.080824678,-0.040247081,-0.580559981,-0.148668798,-0.062802754,-0.472253178,-0.173200477,0.010750363,-0.460548972,-0.187788083,0.244738186,-0.419065079,-0.095226161,-0.050794733,-0.41566073,-0.154481429,-0.046196881,-0.338677319,-0.15722419,0.031371495,-0.350620125,-0.160546818,0.243557352,-0.229711806,-0.118470287,-0.029962107,-0.249579635,-0.180769771,-0.026588598,-0.189592832,-0.156164372,0.044453039,-0.186246278,-0.135582813,0.224329759,-0.048655462,-0.148280209,0.0137663,-0.065443453,-0.189075396,-0.002663817,-0.050745973,-0.176507597,0.045464677,-0.051294445,-0.161520347,179.3041853,175.8917931,106.6836628,89.77658098,87.69836057,84.76003414,78.47716238,101.3593093,119.6414249,61.49913204,HELP
0,0,0,0,0,0,0,0,0,0,0,0,0,0,0,0,0,0,0,0,0,0,0,0,0,0,0,0,0,0,0,0,0,0,0,0,0,0,0,0,0,0,0,0,0,0,0,0,0,0,0,0,0,0,0,0,0,0,0,0,0,0,0,0,0,0,0,0,0,0,0,0,0,0,0,0,-0.017960131,-0.278654118,-0.085342883,0.001334413,-0.567776796,-0.128564408,0.028838055,-0.782516598,-0.159039431,0.057973808,-0.983262768,-0.172723382,0.192043542,-0.55494969,-0.104864319,-0.071857556,-0.523406238,-0.182514619,-0.090121509,-0.42137215,-0.216616038,-0.012322666,-0.410369313,-0.236144544,0.235548557,-0.37661956,-0.106333532,-0.07462324,-0.34296171,-0.171619967,-0.063195007,-0.278507606,-0.178000608,0.023897744,-0.298343329,-0.184087711,0.236788228,-0.181420677,-0.119084397,-0.049481595,-0.162853236,-0.189217994,-0.034047897,-0.119497515,-0.164124041,0.04351292,-0.122747599,-0.141432108,0.218916382,-0.00126138,-0.141397109,-0.003313543,0.011990899,-0.190353417,-0.01144137,0.017702511,-0.179101337,0.044922927,0.008081402,-0.163539428,176.5092432,175.724804,110.7121774,92.3852054,87.37884396,87.62194639,69.69080216,112.5456498,112.891949,67.67215205,HELP
0,0,0,0,0,0,0,0,0,0,0,0,0,0,0,0,0,0,0,0,0,0,0,0,0,0,0,0,0,0,0,0,0,0,0,0,0,0,0,0,0,0,0,0,0,0,0,0,0,0,0,0,0,0,0,0,0,0,0,0,0,0,0,0,0,0,0,0,0,0,0,0,0,0,0,0,-0.011329601,-0.300670101,-0.076917817,0.009238613,-0.575528878,-0.122091924,0.041266838,-0.782288339,-0.156159549,0.065230375,-0.982283369,-0.175682613,0.217482715,-0.555801234,-0.114198324,-0.052717488,-0.554349361,-0.188631204,-0.081238925,-0.44261537,-0.217019779,-0.007576528,-0.424026733,-0.234148722,0.253183057,-0.380851416,-0.121856531,-0.071477455,-0.369256477,-0.187525475,-0.067133236,-0.291440631,-0.190843834,0.015260778,-0.298809976,-0.196053378,0.245730332,-0.188314508,-0.13849405,-0.058696697,-0.186289497,-0.200874057,-0.049076213,-0.140827464,-0.170496213,0.024745344,-0.143368725,-0.148505355,0.214498122,-0.006841752,-0.164281721,-0.023323925,-0.006386083,-0.205672128,-0.026156408,-0.000165548,-0.190666115,0.034680402,-0.006157753,-0.174927584,175.5217287,175.7901604,107.450669,92.86493508,89.35687274,88.24324491,74.08279547,107.1634479,90.79673968,91.46298109,HELP
0,0,0,0,0,0,0,0,0,0,0,0,0,0,0,0,0,0,0,0,0,0,0,0,0,0,0,0,0,0,0,0,0,0,0,0,0,0,0,0,0,0,0,0,0,0,0,0,0,0,0,0,0,0,0,0,0,0,0,0,0,0,0,0,0,0,0,0,0,0,0,0,0,0,0,0,0.00435393,-0.285265951,-0.066273043,0.05179384,-0.562079374,-0.112685236,0.084716343,-0.771836177,-0.151589308,0.100066842,-0.979144417,-0.176813002,0.251232356,-0.563859116,-0.068782583,-0.048724284,-0.53422416,-0.134387257,-0.064582051,-0.442439339,-0.172433346,0.027320691,-0.427631976,-0.198098378,0.291144402,-0.38439011,-0.079816601,-0.055405456,-0.355811508,-0.116838182,-0.039364207,-0.297264475,-0.119604558,0.06040265,-0.321252683,-0.129509783,0.285769931,-0.18922064,-0.101729395,-0.030972425,-0.17705654,-0.134290969,-0.018330298,-0.140995463,-0.103915299,0.061510908,-0.134814986,-0.088827634,0.255198356,-0.006021135,-0.134110278,0.028931004,-0.009163222,-0.165930443,0.029352366,-0.00037943,-0.155545901,0.096398675,0.010022154,-0.143957931,178.6851466,174.2061587,108.7419239,95.18576254,79.74439333,92.04313383,72.97382689,115.1479336,81.61763241,104.8413013,HELP
0,0,0,0,0,0,0,0,0,0,0,0,0,0,0,0,0,0,0,0,0,0,0,0,0,0,0,0,0,0,0,0,0,0,0,0,0,0,0,0,0,0,0,0,0,0,0,0,0,0,0,0,0,0,0,0,0,0,0,0,0,0,0,0,0,0,0,0,0,0,0,0,0,0,0,0,-0.073987556,-0.209749898,-0.163605289,-0.140994186,-0.34789262,-0.349933862,-0.288291015,-0.482753616,-0.513198851,-0.424188845,-0.605318964,-0.673537508,0.369071402,-0.710182514,-0.340363934,0.121429076,-0.71756682,-0.503820831,0.193809275,-0.603957163,-0.622435107,0.373743274,-0.540040004,-0.706907108,0.46272266,-0.563510279,-0.333856943,-0.055135389,-0.625113608,-0.423453452,-0.076310012,-0.515921487,-0.440569053,0.0572431,-0.483978929,-0.474904699,0.464776453,-0.370671365,-0.332734381,-0.031858293,-0.431927311,-0.371114493,-0.030802897,-0.3712566,-0.301884133,0.066349299,-0.331299133,-0.281525435,0.416628922,-0.179657634,-0.355106819,0.090769754,-0.219775313,-0.415410814,0.114275768,-0.160740304,-0.392007513,0.226752233,-0.103576847,-0.370171322,161.0951933,177.9821868,90.67216974,143.9604466,95.56259729,94.491986,81.41421776,113.5513754,59.59912376,138.8530813,HELP
0,0,0,0,0,0,0,0,0,0,0,0,0,0,0,0,0,0,0,0,0,0,0,0,0,0,0,0,0,0,0,0,0,0,0,0,0,0,0,0,0,0,0,0,0,0,0,0,0,0,0,0,0,0,0,0,0,0,0,0,0,0,0,0,0,0,0,0,0,0,0,0,0,0,0,0,0.003209266,-0.264249158,-0.08154346,0.06661734,-0.555988497,-0.13413287,0.10798858,-0.76796559,-0.172265926,0.127256823,-0.973010707,-0.192499001,0.28530562,-0.581553107,-0.112847503,-0.004924661,-0.582053454,-0.186929204,-0.041028342,-0.458492639,-0.223186635,0.039163232,-0.414121631,-0.24691449,0.333348982,-0.398549905,-0.113222671,-0.004955372,-0.392216109,-0.157744798,-0.018859859,-0.297926807,-0.149484358,0.078984035,-0.301084927,-0.148901349,0.325795848,-0.19323511,-0.123332068,0.022003187,-0.191538344,-0.163760648,0.007477374,-0.141236393,-0.121839523,0.070846833,-0.117121508,-0.096238994,0.294623941,-0.003034712,-0.144168291,0.110938612,-0.007506278,-0.196816674,0.108169683,0.010439261,-0.18948337,0.171676776,0.032351106,-0.173652141,178.7595377,172.8522834,109.0914324,105.8009394,98.69066795,79.83173039,97.83801984,106.3163269,90.6471606,104.2814765,HELP
0,0,0,0,0,0,0,0,0,0,0,0,0,0,0,0,0,0,0,0,0,0,0,0,0,0,0,0,0,0,0,0,0,0,0,0,0,0,0,0,0,0,0,0,0,0,0,0,0,0,0,0,0,0,0,0,0,0,0,0,0,0,0,0,0,0,0,0,0,0,0,0,0,0,0,0,0.031910787,-0.275635781,-0.06751639,0.104156231,-0.581625313,-0.113322764,0.156617093,-0.78729156,-0.140641104,0.17770414,-0.972738631,-0.148999313,0.316489027,-0.548277996,-0.153450661,0.0357091,-0.542160709,-0.204928822,0.005095395,-0.445999542,-0.221533607,0.074005864,-0.428195571,-0.239645725,0.359706799,-0.368474059,-0.153577426,0.051453239,-0.368704001,-0.19301961,0.03610114,-0.300707004,-0.188254414,0.115870896,-0.303335903,-0.199584873,0.350791559,-0.169667434,-0.154431978,0.104174411,-0.195609879,-0.199223037,0.068862429,-0.169355225,-0.160671105,0.084546035,-0.140205878,-0.142069242,0.318161796,0.026447322,-0.162239174,0.329342231,0.002010776,-0.236701976,0.435297984,0.001314449,-0.247434943,0.551700571,0.020964865,-0.247213431,178.5746632,170.8586804,110.106401,89.26156043,102.038032,75.0052121,115.3013877,114.7098718,103.7280733,168.4350511,HELP
0,0,0,0,0,0,0,0,0,0,0,0,0,0,0,0,0,0,0,0,0,0,0,0,0,0,0,0,0,0,0,0,0,0,0,0,0,0,0,0,0,0,0,0,0,0,0,0,0,0,0,0,0,0,0,0,0,0,0,0,0,0,0,0,0,0,0,0,0,0,0,0,0,0,0,0,0.0053028,-0.28115445,-0.065954848,0.092150105,-0.588292697,-0.134714746,0.135151844,-0.80486893,-0.185747501,0.122283389,-0.968077121,-0.218800047,0.31720083,-0.637443478,-0.169250531,0.047545884,-0.668608627,-0.218893079,0.020525885,-0.55352783,-0.235751621,0.096701839,-0.522515082,-0.255344467,0.363116531,-0.452356716,-0.173065445,0.049919244,-0.492054913,-0.203101643,0.041665319,-0.394958171,-0.183647509,0.143465902,-0.388425218,-0.184579957,0.353420313,-0.240469981,-0.176650525,0.117992393,-0.292434716,-0.194182637,0.085085127,-0.25043581,-0.140611736,0.116588349,-0.2108147,-0.118966524,0.319842027,-0.032350794,-0.18823801,0.371051853,-0.072656921,-0.244333737,0.499113779,-0.0748904,-0.249998539,0.63886921,-0.057660368,-0.248529162,175.4602252,164.5340326,97.91320635,100.5067005,86.62764404,88.73350323,104.659711,115.421307,129.1868918,171.3764195,HELP
0,0,0,0,0,0,0,0,0,0,0,0,0,0,0,0,0,0,0,0,0,0,0,0,0,0,0,0,0,0,0,0,0,0,0,0,0,0,0,0,0,0,0,0,0,0,0,0,0,0,0,0,0,0,0,0,0,0,0,0,0,0,0,0,0,0,0,0,0,0,0,0,0,0,0,0,0.016481278,-0.288690656,-0.062396291,0.08570065,-0.592134699,-0.113067356,0.131052496,-0.799310432,-0.147666478,0.148838796,-0.975146116,-0.164125153,0.292991988,-0.585334033,-0.15755307,0.027259707,-0.610404286,-0.209851645,-0.009850644,-0.509340424,-0.223983966,0.053561397,-0.48616895,-0.240145358,0.337754688,-0.410223066,-0.160640291,0.027398509,-0.441941493,-0.203226834,0.002898674,-0.352655242,-0.190210346,0.090344329,-0.347386101,-0.192436973,0.332417666,-0.211364978,-0.164538243,0.090724988,-0.261174736,-0.204567625,0.047358196,-0.226040788,-0.160040913,0.068621479,-0.188748474,-0.137501426,0.3033099,-0.013876274,-0.175267723,0.335825344,-0.05148365,-0.24819398,0.448415405,-0.062234128,-0.261009324,0.572678406,-0.048656753,-0.261333797,179.4271103,172.3748456,105.8507239,91.64920209,98.2361305,78.01884571,112.911261,113.7031866,119.8453528,166.7290448,HELP
0,0,0,0,0,0,0,0,0,0,0,0,0,0,0,0,0,0,0,0,0,0,0,0,0,0,0,0,0,0,0,0,0,0,0,0,0,0,0,0,0,0,0,0,0,0,0,0,0,0,0,0,0,0,0,0,0,0,0,0,0,0,0,0,0,0,0,0,0,0,0,0,0,0,0,0,-0.011933719,-0.275371423,-0.088316647,0.016665679,-0.578196149,-0.173670759,-0.005244839,-0.800772329,-0.237417561,-0.069088222,-0.95697918,-0.281811404,0.290433791,-0.674257721,-0.199065922,0.009640885,-0.718055591,-0.25621104,-0.021098513,-0.60133953,-0.279496771,0.053700021,-0.55673373,-0.303091628,0.34573648,-0.493598962,-0.198174524,0.010333734,-0.530223869,-0.240432603,0.011498491,-0.427732055,-0.233094285,0.114056104,-0.408678302,-0.243283443,0.349994815,-0.28333864,-0.196731743,0.089255787,-0.346885793,-0.23552896,0.06802471,-0.276408657,-0.190261898,0.104324483,-0.220140271,-0.169294661,0.336256151,-0.069869231,-0.204371627,0.373355166,-0.120391911,-0.270959804,0.493820759,-0.118908186,-0.271839941,0.623773438,-0.115926579,-0.265182405,169.3931065,163.9402617,97.82307134,108.1571835,82.67598834,100.6880398,88.29034222,133.1134635,113.8373194,176.5670917,HELP
0,0,0,0,0,0,0,0,0,0,0,0,0,0,0,0,0,0,0,0,0,0,0,0,0,0,0,0,0,0,0,0,0,0,0,0,0,0,0,0,0,0,0,0,0,0,0,0,0,0,0,0,0,0,0,0,0,0,0,0,0,0,0,0,0,0,0,0,0,0,0,0,0,0,0,0,0.007748964,-0.289195867,-0.065378335,0.075897904,-0.595067778,-0.120244412,0.110363228,-0.808457193,-0.158003101,0.108551831,-0.978447513,-0.175661506,0.30633024,-0.623505586,-0.156383519,0.04196791,-0.656330829,-0.203481502,0.004590948,-0.540102284,-0.216171512,0.069186289,-0.504150641,-0.231868929,0.353010711,-0.450327768,-0.158834318,0.044567951,-0.48389137,-0.200226396,0.024675557,-0.379961521,-0.190759876,0.110682196,-0.362209675,-0.195632878,0.350532865,-0.252020332,-0.161519629,0.108510905,-0.304088929,-0.205515881,0.069344851,-0.23942095,-0.168004831,0.094822823,-0.185442424,-0.149084409,0.32502871,-0.053235754,-0.170155186,0.377395811,-0.092499273,-0.242611261,0.494425849,-0.099147269,-0.255624458,0.61945734,-0.092612449,-0.256860883,176.652612,169.5200815,101.5758922,102.2188322,93.88917132,90.53919987,102.1362274,127.2991451,129.5472417,171.4995179,HELP
0,0,0,0,0,0,0,0,0,0,0,0,0,0,0,0,0,0,0,0,0,0,0,0,0,0,0,0,0,0,0,0,0,0,0,0,0,0,0,0,0,0,0,0,0,0,0,0,0,0,0,0,0,0,0,0,0,0,0,0,0,0,0,0,0,0,0,0,0,0,0,0,0,0,0,0,0.006307195,-0.297678254,-0.057708074,0.074643799,-0.607927563,-0.118181651,0.115499542,-0.819422319,-0.164564327,0.107487737,-0.975246114,-0.19323924,0.293928945,-0.628532994,-0.171694432,0.026426177,-0.650858822,-0.226898146,-0.011044716,-0.542067535,-0.23988752,0.051142812,-0.514135073,-0.255706382,0.337139083,-0.454671091,-0.180465035,0.03714299,-0.489984492,-0.225996769,0.00566239,-0.39665574,-0.204241024,0.093542865,-0.385021738,-0.200209543,0.332846668,-0.257644543,-0.190057397,0.0994197,-0.306832978,-0.228257382,0.040974321,-0.268458598,-0.175957961,0.058453392,-0.217806739,-0.149858016,0.302975759,-0.058987585,-0.206807232,0.362578565,-0.095210494,-0.276700876,0.476659013,-0.117758212,-0.290284491,0.603187056,-0.11270028,-0.293979251,177.9762749,166.2785961,105.1839709,96.47623575,99.63562363,79.74865879,117.5514415,116.0707885,137.8106654,165.6672287,HELP
0,0,0,0,0,0,0,0,0,0,0,0,0,0,0,0,0,0,0,0,0,0,0,0,0,0,0,0,0,0,0,0,0,0,0,0,0,0,0,0,0,0,0,0,0,0,0,0,0,0,0,0,0,0,0,0,0,0,0,0,0,0,0,0,0,0,0,0,0,0,0,0,0,0,0,0,-0.009215355,-0.294255936,-0.081422769,0.034832921,-0.612581019,-0.157061751,0.039575641,-0.827800426,-0.216402555,0.005827727,-0.967074032,-0.254428484,0.295479971,-0.726843021,-0.152154251,0.009196617,-0.772234898,-0.208194889,-0.032924869,-0.64078527,-0.234340037,0.033121301,-0.592758001,-0.257410102,0.334352806,-0.551515203,-0.154406639,0.008815815,-0.583028819,-0.192993536,-0.005320783,-0.474633778,-0.184600697,0.090929408,-0.454841868,-0.189344673,0.318303085,-0.345601628,-0.160286851,0.06814646,-0.3944713,-0.194213793,0.027992964,-0.321770528,-0.145716098,0.057149091,-0.256789953,-0.118912438,0.280309765,-0.140392982,-0.17595687,0.319702588,-0.201071111,-0.229272855,0.428854421,-0.210561832,-0.22296668,0.549259631,-0.195590905,-0.210750931,173.2280753,165.6208606,100.498067,110.2909049,91.36833756,93.95996742,101.3013324,131.5369965,117.4036531,167.7254851,HELP
0,0,0,-0.090151897,-0.162644857,-0.274045212,-0.119738751,-0.257593338,-0.450473458,-0.156185049,-0.295577232,-0.5766478,-0.212066823,-0.315668895,-0.708623945,0.1709978,-0.099839767,-0.438322641,0.332258336,-0.155772598,-0.580136198,0.469299979,-0.206389233,-0.681280519,0.580918223,-0.258316325,-0.750522057,0.262480385,-0.074389324,-0.342882952,0.449614662,-0.166130328,-0.468245308,0.592624654,-0.254424709,-0.54828639,0.719450036,-0.332912303,-0.609558072,0.315704313,-0.076116016,-0.25458128,0.482496277,-0.161731462,-0.350572871,0.600597184,-0.244528016,-0.4182056,0.705697649,-0.314612517,-0.466930209,0.338337377,-0.119488052,-0.185382854,0.459549699,-0.168137436,-0.264483246,0.542585803,-0.222097771,-0.320344561,0.624567547,-0.253865896,-0.363063765,166.690927,169.4543745,174.8823381,173.3398176,172.5756085,176.8471331,172.6595669,175.7684747,170.2092556,168.9418898,0,0,0,0.005464366,-0.290236823,-0.070710869,0.049876036,-0.593984436,-0.145752091,0.061979435,-0.808598641,-0.205711252,0.043772839,-0.96824856,-0.246127333,0.277254027,-0.679456419,-0.171769354,-0.001284567,-0.717485752,-0.228269304,-0.035247996,-0.590631648,-0.24347205,0.028952672,-0.557566706,-0.259091311,0.315355377,-0.505180334,-0.174841805,0.002601936,-0.544408701,-0.221596655,-0.017075534,-0.4371857,-0.207392036,0.077501177,-0.423623414,-0.208198281,0.305516963,-0.307267174,-0.178909238,0.074247783,-0.362221397,-0.217515435,0.025097639,-0.310454766,-0.172532044,0.048065942,-0.261215735,-0.15053824,0.271049118,-0.11053095,-0.190688746,0.329508499,-0.143682658,-0.252837618,0.448406644,-0.154032492,-0.263304085,0.579457022,-0.144609804,-0.264831858,174.7319473,170.4727715,98.33459227,103.3259884,92.10029609,87.71782818,109.5077172,119.1537287,136.4174591,169.9304323,HELP
0,0,0,0,0,0,0,0,0,0,0,0,0,0,0,0,0,0,0,0,0,0,0,0,0,0,0,0,0,0,0,0,0,0,0,0,0,0,0,0,0,0,0,0,0,0,0,0,0,0,0,0,0,0,0,0,0,0,0,0,0,0,0,0,0,0,0,0,0,0,0,0,0,0,0,0,-0.014991864,-0.280680326,-0.089942369,0.015002817,-0.586424671,-0.179440537,0.014590566,-0.79822527,-0.251205354,-0.006843928,-0.953059057,-0.30270711,0.268523124,-0.690040267,-0.200006628,-0.025591402,-0.747985916,-0.26764996,-0.065238801,-0.614359384,-0.287150297,0.008186297,-0.57756662,-0.305410781,0.310431313,-0.5109741,-0.201714574,-0.033062677,-0.575333138,-0.25947878,-0.052981485,-0.459020617,-0.243485033,0.058297337,-0.433952682,-0.241347799,0.299676896,-0.304339033,-0.206288431,0.038357812,-0.387366693,-0.250585664,-0.006057438,-0.332067026,-0.198098169,0.039174584,-0.277803884,-0.171226783,0.267449526,-0.098101845,-0.220713969,0.294217415,-0.160613483,-0.289405214,0.406833501,-0.17758904,-0.297322765,0.546283394,-0.169105127,-0.295332034,174.0071753,172.6075089,96.95441273,101.5032597,87.87019616,93.09415624,101.032716,111.1113308,114.7475817,167.0292823,HELP
0,0,0,0,0,0,0,0,0,0,0,0,0,0,0,0,0,0,0,0,0,0,0,0,0,0,0,0,0,0,0,0,0,0,0,0,0,0,0,0,0,0,0,0,0,0,0,0,0,0,0,0,0,0,0,0,0,0,0,0,0,0,0,0,0,0,0,0,0,0,0,0,0,0,0,0,-0.023012286,-0.306607082,-0.052131459,0.003478486,-0.602742162,-0.12374395,0.015451988,-0.813149997,-0.182604797,0.017103062,-0.974252214,-0.224811272,0.191922916,-0.6679878,-0.205104847,-0.097805625,-0.698669294,-0.267485809,-0.119833381,-0.558648793,-0.276439308,-0.046880315,-0.527845393,-0.28924514,0.241777926,-0.492223221,-0.223923809,-0.098372044,-0.539671721,-0.278778005,-0.100333045,-0.418205652,-0.255465731,0.005419472,-0.391308088,-0.253367405,0.240746888,-0.291613917,-0.240062265,-0.021658415,-0.356287204,-0.271527227,-0.062757615,-0.303179949,-0.212354811,-0.020698156,-0.257162259,-0.189881014,0.220085548,-0.08750276,-0.263158306,0.226860929,-0.155704165,-0.320062963,0.317955477,-0.189876598,-0.324366533,0.435111274,-0.196988896,-0.326893524,177.2516363,177.2428717,93.58295068,104.3343754,81.4784835,103.3123355,103.0240074,110.1682009,111.5924671,162.8664053,HELP
0,0,0,0,0,0,0,0,0,0,0,0,0,0,0,0,0,0,0,0,0,0,0,0,0,0,0,0,0,0,0,0,0,0,0,0,0,0,0,0,0,0,0,0,0,0,0,0,0,0,0,0,0,0,0,0,0,0,0,0,0,0,0,0,0,0,0,0,0,0,0,0,0,0,0,0,-0.088913642,-0.298291349,-0.041151561,-0.099246935,-0.595326695,-0.099090978,-0.084817009,-0.80622147,-0.151483621,-0.075370764,-0.97784578,-0.195286659,0.074423399,-0.622932835,-0.139203611,-0.203207688,-0.65041211,-0.208867714,-0.199656466,-0.523367453,-0.229604884,-0.118750834,-0.504613518,-0.242563965,0.113711419,-0.46287784,-0.162558249,-0.23987306,-0.494457643,-0.217906367,-0.210131062,-0.395165334,-0.202420795,-0.113749277,-0.377065112,-0.198633695,0.101435546,-0.279165113,-0.188178933,-0.209565164,-0.324573745,-0.222963679,-0.194353879,-0.251424866,-0.17920707,-0.108266384,-0.228231055,-0.161200806,0.067811092,-0.099585365,-0.218972141,-0.138502001,-0.142099193,-0.255253594,-0.108207626,-0.112290417,-0.243630679,-0.019857912,-0.092213974,-0.235202428,173.5441339,179.1089754,85.3028335,105.7522055,67.33598583,117.3313712,69.53192647,118.7986657,32.54943876,147.270418,HELP
0,0,0,0,0,0,0,0,0,0,0,0,0,0,0,0,0,0,0,0,0,0,0,0,0,0,0,0,0,0,0,0,0,0,0,0,0,0,0,0,0,0,0,0,0,0,0,0,0,0,0,0,0,0,0,0,0,0,0,0,0,0,0,0,0,0,0,0,0,0,0,0,0,0,0,0,-0.105998192,-0.283067463,-0.051562689,-0.131913539,-0.572831181,-0.131274952,-0.129593285,-0.780778187,-0.206883402,-0.12394901,-0.953688956,-0.274069366,0.091732982,-0.640927319,-0.156648349,-0.168764264,-0.661832527,-0.241841691,-0.151062237,-0.510118439,-0.280340454,-0.055335158,-0.483556589,-0.30946412,0.146615564,-0.50094873,-0.184308326,-0.224801766,-0.551007338,-0.250620684,-0.205279067,-0.425058606,-0.236975824,-0.095532035,-0.393819238,-0.236810583,0.135076689,-0.331736168,-0.21652833,-0.192371584,-0.397574307,-0.255762029,-0.195738984,-0.30412057,-0.202718275,-0.106691423,-0.261572195,-0.182160182,0.097164545,-0.161858923,-0.256611714,-0.104687052,-0.216221605,-0.307633266,-0.081076755,-0.190685141,-0.302318403,0.011343506,-0.169970327,-0.298901301,172.8052224,178.2751759,84.03034591,114.820528,72.75788044,114.5593227,78.62472873,116.0922957,31.93367686,144.9298525,HELP
0,0,0,0,0,0,0,0,0,0,0,0,0,0,0,0,0,0,0,0,0,0,0,0,0,0,0,0,0,0,0,0,0,0,0,0,0,0,0,0,0,0,0,0,0,0,0,0,0,0,0,0,0,0,0,0,0,0,0,0,0,0,0,0,0,0,0,0,0,0,0,0,0,0,0,0,-0.135637665,-0.269154017,-0.078690218,-0.172160758,-0.527727742,-0.196651855,-0.182536351,-0.718445743,-0.305315471,-0.184878166,-0.897351218,-0.400725412,0.142157743,-0.64386048,-0.236087489,-0.098178661,-0.591610949,-0.354058532,-0.046742021,-0.397463789,-0.409890171,0.080606933,-0.359680152,-0.453388583,0.212019346,-0.533335562,-0.266981936,-0.179344964,-0.583079391,-0.366985062,-0.158902191,-0.442616343,-0.354170981,-0.035478135,-0.415160681,-0.359170978,0.206026927,-0.39535043,-0.302957382,-0.142312473,-0.475395483,-0.365616413,-0.147615282,-0.356331891,-0.293018715,-0.04793726,-0.305577063,-0.263269038,0.172279853,-0.250302072,-0.350871514,0.007533222,-0.329041162,-0.426175298,0.059348915,-0.317857545,-0.41962916,0.182273882,-0.315646441,-0.416451849,173.0925947,177.3821832,94.40596808,124.04862,73.71127374,110.4986426,76.02181634,118.3660241,20.05944633,167.5610268,HELP
0,0,0,0,0,0,0,0,0,0,0,0,0,0,0,0,0,0,0,0,0,0,0,0,0,0,0,0,0,0,0,0,0,0,0,0,0,0,0,0,0,0,0,0,0,0,0,0,0,0,0,0,0,0,0,0,0,0,0,0,0,0,0,0,0,0,0,0,0,0,0,0,0,0,0,0,-0.082666243,-0.309907602,-0.031829825,-0.093384513,-0.599076671,-0.096351911,-0.085901293,-0.80516961,-0.158187757,-0.084731623,-0.973955379,-0.210312795,0.09608672,-0.658430996,-0.151876899,-0.186546119,-0.691593063,-0.220945459,-0.199732048,-0.530593439,-0.243509462,-0.12530409,-0.499177192,-0.265002372,0.149468455,-0.504209115,-0.186247407,-0.21094375,-0.54363753,-0.245706758,-0.20223362,-0.412608689,-0.228874037,-0.098841537,-0.379548131,-0.22985918,0.144647158,-0.318763145,-0.221554697,-0.158621651,-0.375319116,-0.25312999,-0.176389426,-0.290084576,-0.200316867,-0.102029797,-0.244109208,-0.183275135,0.115242306,-0.1329467,-0.262881311,-0.023091943,-0.179896832,-0.312960148,0.021943033,-0.165023604,-0.313144514,0.125601835,-0.145015708,-0.314811167,174.2046763,178.2923178,89.93541494,109.5441558,78.97008469,111.279445,88.00439033,112.680399,19.15738543,172.5965195,HELP
0,0,0,0,0,0,0,0,0,0,0,0,0,0,0,0,0,0,0,0,0,0,0,0,0,0,0,0,0,0,0,0,0,0,0,0,0,0,0,0,0,0,0,0,0,0,0,0,0,0,0,0,0,0,0,0,0,0,0,0,0,0,0,0,0,0,0,0,0,0,0,0,0,0,0,0,-0.079066825,-0.324808647,-0.025386116,-0.071167325,-0.613211313,-0.096666135,-0.042266725,-0.814587752,-0.16846166,-0.028044526,-0.972391848,-0.231662681,0.136935119,-0.646011435,-0.140074472,-0.131262804,-0.66666129,-0.2162388,-0.127740743,-0.517656314,-0.244384894,-0.03974467,-0.493046339,-0.268947333,0.196836091,-0.486954292,-0.180348505,-0.169354718,-0.52952243,-0.236535761,-0.1585931,-0.396114382,-0.211144532,-0.045361027,-0.375055979,-0.20611404,0.188090121,-0.303564737,-0.223877835,-0.128560672,-0.357431151,-0.251637304,-0.142585255,-0.26782074,-0.189377698,-0.05844662,-0.224537445,-0.167630873,0.147351941,-0.123756403,-0.274334081,-0.003280458,-0.159723025,-0.32438252,0.050591432,-0.145980181,-0.323508489,0.165892049,-0.135036537,-0.325577243,171.5788362,176.3381054,87.46198831,108.9820751,77.44135064,105.343305,86.58241111,112.2975021,17.03775244,170.8906371,HELP
0,0,0,0,0,0,0,0,0,0,0,0,0,0,0,0,0,0,0,0,0,0,0,0,0,0,0,0,0,0,0,0,0,0,0,0,0,0,0,0,0,0,0,0,0,0,0,0,0,0,0,0,0,0,0,0,0,0,0,0,0,0,0,0,0,0,0,0,0,0,0,0,0,0,0,0,-0.116733855,-0.286120156,-0.036378823,-0.13450127,-0.568548456,-0.114961798,-0.132657475,-0.778445727,-0.194045087,-0.13282385,-0.9551208,-0.264767978,0.106334644,-0.647218896,-0.14142052,-0.149561172,-0.635108583,-0.224335543,-0.126250836,-0.461143155,-0.262122256,-0.017908638,-0.42866434,-0.292532356,0.16558734,-0.51025214,-0.180854763,-0.220414248,-0.543673814,-0.24846438,-0.197716734,-0.408491873,-0.236149599,-0.075742709,-0.380812209,-0.238771961,0.157442557,-0.341105928,-0.223308867,-0.18763714,-0.39845546,-0.263062424,-0.18659149,-0.295423025,-0.203965224,-0.088824571,-0.257073142,-0.181270278,0.115790658,-0.165887911,-0.273133077,-0.072847012,-0.216668888,-0.324842761,-0.026110802,-0.199022051,-0.315485976,0.087937009,-0.191425874,-0.310004967,173.5544437,178.6782966,89.14055755,116.3228223,74.88800218,112.1008249,78.10616269,115.0046251,6.933681359,161.4917832,HELP
0,0,0,0,0,0,0,0,0,0,0,0,0,0,0,0,0,0,0,0,0,0,0,0,0,0,0,0,0,0,0,0,0,0,0,0,0,0,0,0,0,0,0,0,0,0,0,0,0,0,0,0,0,0,0,0,0,0,0,0,0,0,0,0,0,0,0,0,0,0,0,0,0,0,0,0,-0.116461657,-0.298049184,-0.055977735,-0.141666071,-0.567209969,-0.158044166,-0.148370982,-0.761126254,-0.254371308,-0.147506626,-0.929789973,-0.337242347,0.147106153,-0.681387527,-0.202809328,-0.137204585,-0.64487984,-0.306880319,-0.111531488,-0.438902385,-0.35449746,0.001807634,-0.399631103,-0.392724915,0.209725911,-0.556927128,-0.24055154,-0.173256928,-0.58321104,-0.329560406,-0.149376711,-0.441984499,-0.318616149,-0.025398031,-0.416079485,-0.326456743,0.20293647,-0.401539892,-0.281773295,-0.123764144,-0.463690663,-0.336201401,-0.128859939,-0.351376319,-0.270173229,-0.032443945,-0.307016114,-0.245694274,0.167295109,-0.23768048,-0.332387867,0.02833281,-0.313221672,-0.398451558,0.087032423,-0.314606703,-0.393229043,0.213513981,-0.324710478,-0.392195474,173.4951322,177.9208808,94.57141815,118.5626931,75.85698386,111.0017164,78.30098914,115.470103,33.79351261,174.3524723,HELP
0,0,0,0,0,0,0,0,0,0,0,0,0,0,0,0,0,0,0,0,0,0,0,0,0,0,0,0,0,0,0,0,0,0,0,0,0,0,0,0,0,0,0,0,0,0,0,0,0,0,0,0,0,0,0,0,0,0,0,0,0,0,0,0,0,0,0,0,0,0,0,0,0,0,0,0,-0.092656927,-0.308212989,-0.036362647,-0.092514364,-0.602845866,-0.100733429,-0.064546949,-0.808907443,-0.161964477,-0.047190427,-0.975680754,-0.214056371,0.107779548,-0.637827596,-0.150363471,-0.172260696,-0.667882319,-0.223924086,-0.178796649,-0.513832251,-0.248234558,-0.09715901,-0.478037716,-0.269043464,0.164187624,-0.48068608,-0.183086235,-0.205621119,-0.524870333,-0.245804339,-0.199604423,-0.394562978,-0.228249076,-0.090496073,-0.358353752,-0.226828932,0.156744941,-0.297234777,-0.218241538,-0.158828943,-0.362476922,-0.257267504,-0.178755484,-0.276231093,-0.202323954,-0.099199718,-0.227068431,-0.181022907,0.117188578,-0.115221597,-0.259999354,-0.024074935,-0.174783888,-0.317727989,0.027148179,-0.176135605,-0.318808008,0.137929962,-0.170628203,-0.319337545,171.4926088,178.0620681,88.72469258,112.5799596,79.47155834,110.9052452,87.48705115,112.5058952,32.35041269,175.5120196,HELP
0,0,0,0,0,0,0,0,0,0,0,0,0,0,0,0,0,0,0,0,0,0,0,0,0,0,0,0,0,0,0,0,0,0,0,0,0,0,0,0,0,0,0,0,0,0,0,0,0,0,0,0,0,0,0,0,0,0,0,0,0,0,0,0,0,0,0,0,0,0,0,0,0,0,0,0,-0.085531785,-0.303889112,-0.040399879,-0.093661849,-0.592452803,-0.106005596,-0.082667737,-0.7957102,-0.169990741,-0.070669266,-0.971777986,-0.225063104,0.122117575,-0.63705936,-0.137567588,-0.13690866,-0.656090727,-0.215359109,-0.132045895,-0.502581763,-0.244489912,-0.040703209,-0.466308517,-0.266568249,0.167038365,-0.489262094,-0.17045266,-0.191800065,-0.534507532,-0.235929444,-0.179831921,-0.41537134,-0.222104376,-0.070553118,-0.38403622,-0.220759999,0.150326892,-0.315177314,-0.207608912,-0.166593323,-0.379591824,-0.251218691,-0.173650745,-0.292415383,-0.199550259,-0.083544486,-0.252569648,-0.177147012,0.106106916,-0.141347393,-0.251728544,-0.087367996,-0.194290823,-0.304829479,-0.067222105,-0.174826426,-0.299710372,0.026004019,-0.156513914,-0.295129503,173.4941,179.1621569,87.41044889,115.0024706,76.17009772,111.6672504,80.2182702,112.9074044,28.35857358,146.4674654,HELP
0,0,0,0,0,0,0,0,0,0,0,0,0,0,0,0,0,0,0,0,0,0,0,0,0,0,0,0,0,0,0,0,0,0,0,0,0,0,0,0,0,0,0,0,0,0,0,0,0,0,0,0,0,0,0,0,0,0,0,0,0,0,0,0,0,0,0,0,0,0,0,0,0,0,0,0,-0.082566655,-0.3278139,-0.032599521,-0.079729782,-0.608984119,-0.104037016,-0.05722082,-0.806490831,-0.175174247,-0.042801466,-0.970534319,-0.237131125,0.135246985,-0.649223016,-0.14785528,-0.116182844,-0.658638048,-0.233486424,-0.109031595,-0.50783199,-0.26943429,-0.017951271,-0.48268219,-0.298707366,0.198544544,-0.496982413,-0.18783258,-0.150605927,-0.538655718,-0.257731698,-0.139141486,-0.414449067,-0.24127042,-0.029417896,-0.393243369,-0.240943467,0.195172441,-0.318581207,-0.231936296,-0.109906383,-0.381061951,-0.275614871,-0.125270012,-0.289343692,-0.216431761,-0.042038711,-0.245372202,-0.192478311,0.159700467,-0.139814687,-0.283174709,0.002939624,-0.190199927,-0.340588925,0.034721414,-0.177057625,-0.337331563,0.135390599,-0.164379747,-0.335933445,172.1456854,178.2996446,89.80605597,110.9784587,76.76172121,106.0911109,83.99139523,112.9314297,14.54737239,164.0424363,HELP
0,0,0,0,0,0,0,0,0,0,0,0,0,0,0,0,0,0,0,0,0,0,0,0,0,0,0,0,0,0,0,0,0,0,0,0,0,0,0,0,0,0,0,0,0,0,0,0,0,0,0,0,0,0,0,0,0,0,0,0,0,0,0,0,0,0,0,0,0,0,0,0,0,0,0,0,-0.0629283,-0.306317917,-0.063040066,-0.076490665,-0.576639124,-0.161820402,-0.086157217,-0.768692446,-0.248432315,-0.093801352,-0.942490629,-0.320800127,0.157011676,-0.648280584,-0.223678272,-0.091385132,-0.595573132,-0.322106455,-0.066022947,-0.433153823,-0.370388064,0.038692308,-0.406499149,-0.411493457,0.227333294,-0.495825733,-0.248912563,-0.11566617,-0.528898924,-0.319946625,-0.115660504,-0.416791884,-0.2997795,-0.00858536,-0.408136216,-0.304697805,0.231465155,-0.320239395,-0.276435577,-0.050357129,-0.380101189,-0.311455118,-0.086576654,-0.313868988,-0.233886024,-0.025838788,-0.267241095,-0.204741478,0.209695026,-0.135362938,-0.315103573,0.146411793,-0.201658854,-0.377520534,0.214060755,-0.232557772,-0.372899948,0.329563041,-0.244910819,-0.372510302,175.7928416,178.2763598,98.64435033,116.925675,82.62814177,94.08110844,96.44496685,110.7991514,72.23625424,161.2584151,HELP
0,0,0,0,0,0,0,0,0,0,0,0,0,0,0,0,0,0,0,0,0,0,0,0,0,0,0,0,0,0,0,0,0,0,0,0,0,0,0,0,0,0,0,0,0,0,0,0,0,0,0,0,0,0,0,0,0,0,0,0,0,0,0,0,0,0,0,0,0,0,0,0,0,0,0,0,-0.064646088,-0.297338543,-0.057329254,-0.067768147,-0.580344774,-0.141117958,-0.055756274,-0.77900992,-0.215100468,-0.048948763,-0.960332569,-0.274527548,0.169054318,-0.633109976,-0.200406181,-0.078932999,-0.612533221,-0.285270822,-0.06313621,-0.447484304,-0.320823187,0.029804633,-0.408405461,-0.351642361,0.236764351,-0.481756965,-0.222894882,-0.108855908,-0.537734237,-0.29319308,-0.112056848,-0.413521862,-0.27608143,-0.00810845,-0.380846761,-0.27892,0.24376711,-0.310753333,-0.246807407,-0.041655857,-0.384803129,-0.290460772,-0.079707937,-0.312562206,-0.226813206,-0.024266631,-0.255568415,-0.201808516,0.226109482,-0.133006219,-0.279669118,0.195540899,-0.210649267,-0.346819088,0.28552839,-0.245758146,-0.350880111,0.413411595,-0.260451804,-0.354521955,174.4907197,177.4068641,93.2092666,120.2771367,80.94472947,105.6031327,95.08092628,114.6505778,91.37157117,165.2232645,HELP
0,0,0,0,0,0,0,0,0,0,0,0,0,0,0,0,0,0,0,0,0,0,0,0,0,0,0,0,0,0,0,0,0,0,0,0,0,0,0,0,0,0,0,0,0,0,0,0,0,0,0,0,0,0,0,0,0,0,0,0,0,0,0,0,0,0,0,0,0,0,0,0,0,0,0,0,-0.052818211,-0.314867165,-0.027871304,-0.042085707,-0.606339247,-0.088600889,-0.022948854,-0.809971207,-0.144323408,-0.007498388,-0.982322278,-0.187047365,0.153721567,-0.643431151,-0.160849148,-0.108734306,-0.656153962,-0.226857442,-0.113392481,-0.518210449,-0.248076193,-0.033177163,-0.492338631,-0.26926323,0.208851942,-0.486053581,-0.193927047,-0.1321305,-0.52450918,-0.247956952,-0.1299364,-0.415919235,-0.227308691,-0.026649454,-0.389673989,-0.227469908,0.210265074,-0.302338374,-0.225988926,-0.071389482,-0.36320141,-0.253219464,-0.097334146,-0.307655188,-0.189333167,-0.036699067,-0.263085861,-0.165113053,0.190187703,-0.114504855,-0.264481793,0.11760767,-0.189458528,-0.316906721,0.190819601,-0.216618529,-0.313753136,0.308778534,-0.223131979,-0.311923779,175.2860418,178.5725629,91.31484069,107.4767657,80.95201202,105.1196714,94.89540171,110.4857443,67.83217493,162.7491423,HELP
0,0,0,0,0,0,0,0,0,0,0,0,0,0,0,0,0,0,0,0,0,0,0,0,0,0,0,0,0,0,0,0,0,0,0,0,0,0,0,0,0,0,0,0,0,0,0,0,0,0,0,0,0,0,0,0,0,0,0,0,0,0,0,0,0,0,0,0,0,0,0,0,0,0,0,0,-0.068801057,-0.308294446,-0.047536802,-0.066904795,-0.600769885,-0.126851968,-0.053620786,-0.802764241,-0.195785168,-0.048040917,-0.96694343,-0.250424585,0.137907316,-0.65590695,-0.206474521,-0.132627918,-0.688087587,-0.280177892,-0.137187014,-0.547177879,-0.298932228,-0.060554204,-0.522935368,-0.318697096,0.201284629,-0.498661356,-0.232313536,-0.145114745,-0.55293248,-0.292181596,-0.139012465,-0.436097912,-0.263272968,-0.032149894,-0.414776943,-0.258030962,0.205444555,-0.313766736,-0.257569412,-0.077347355,-0.38447173,-0.286096628,-0.107643689,-0.3227052,-0.21418812,-0.047960378,-0.276735321,-0.186583267,0.187068508,-0.126163055,-0.290948365,0.117771276,-0.205762874,-0.349129899,0.189615866,-0.233477448,-0.348815953,0.307714296,-0.243056744,-0.349563071,175.1228309,178.2024582,87.26002464,106.9765554,76.25494471,104.5124574,94.22805789,112.1939373,72.49908945,163.5259063,HELP
0,0,0,0,0,0,0,0,0,0,0,0,0,0,0,0,0,0,0,0,0,0,0,0,0,0,0,0,0,0,0,0,0,0,0,0,0,0,0,0,0,0,0,0,0,0,0,0,0,0,0,0,0,0,0,0,0,0,0,0,0,0,0,0,0,0,0,0,0,0,0,0,0,0,0,0,-0.035447565,-0.311533603,-0.03702123,-0.016570794,-0.60555514,-0.102671681,0.003109157,-0.811554648,-0.15884636,0.01629843,-0.979711899,-0.199747229,0.166568849,-0.644422716,-0.19471966,-0.111379776,-0.664964781,-0.247114874,-0.1225233,-0.540603338,-0.245448515,-0.05298612,-0.521866615,-0.251460357,0.212093197,-0.472186724,-0.2201332,-0.120366793,-0.51166934,-0.264580872,-0.10931096,-0.407438795,-0.233004464,-0.004153188,-0.39048559,-0.226904797,0.209363162,-0.274808623,-0.241535868,-0.054630568,-0.334082526,-0.2644048,-0.079802012,-0.292134371,-0.201573815,-0.029374055,-0.253743476,-0.179151618,0.18444617,-0.075899098,-0.269038357,0.168241076,-0.140891035,-0.324749112,0.269520291,-0.178181721,-0.330449478,0.396861598,-0.187135137,-0.334866118,176.8425033,178.1524531,90.73679758,99.85912384,75.60016104,105.5053067,97.23141862,109.0784635,96.70819337,163.7855543,HELP
0,0,0,0,0,0,0,0,0,0,0,0,0,0,0,0,0,0,0,0,0,0,0,0,0,0,0,0,0,0,0,0,0,0,0,0,0,0,0,0,0,0,0,0,0,0,0,0,0,0,0,0,0,0,0,0,0,0,0,0,0,0,0,0,0,0,0,0,0,0,0,0,0,0,0,0,-0.023187142,-0.314673033,-0.038205751,0.011573122,-0.619986113,-0.101295732,0.037612985,-0.824840549,-0.153073893,0.049987134,-0.980888784,-0.188038508,0.209785037,-0.650205987,-0.199166958,-0.064086565,-0.68663651,-0.256232715,-0.078500486,-0.562212778,-0.261112678,-0.009098869,-0.546040011,-0.27227368,0.25985338,-0.47388191,-0.222428111,-0.069616766,-0.533787339,-0.26989663,-0.065203205,-0.425324556,-0.238283757,0.037792681,-0.406223392,-0.231607739,0.258342841,-0.274486588,-0.242224638,-0.00054471,-0.350532391,-0.264926819,-0.037130858,-0.304784657,-0.198115466,0.005389018,-0.260342301,-0.172820299,0.234597311,-0.073075835,-0.268711715,0.246556729,-0.140426611,-0.326391716,0.34614938,-0.180330961,-0.333599329,0.470104662,-0.191229753,-0.338823341,177.4057113,176.9555997,89.50295952,96.77321665,75.6893304,103.3357052,100.7212761,111.5172938,116.5075137,163.1490999,HELP
0,0,0,-0.110889558,-0.167397466,-0.226466905,-0.173538237,-0.25536225,-0.397400413,-0.257921423,-0.316086747,-0.520127252,-0.344563428,-0.345622477,-0.649742411,0.125452808,-0.171051166,-0.450895732,0.264134395,-0.196926329,-0.615679936,0.394605332,-0.240130718,-0.734415799,0.509783731,-0.289903668,-0.809985439,0.234142065,-0.132702687,-0.367990228,0.39836542,-0.209269075,-0.486237594,0.528242119,-0.287064842,-0.540616657,0.637618367,-0.367102112,-0.584866958,0.293778603,-0.132571419,-0.28569292,0.432293095,-0.209571419,-0.374105969,0.541698402,-0.283588985,-0.40915019,0.636353858,-0.360944373,-0.434583357,0.310615999,-0.175172912,-0.216743118,0.409149574,-0.217251624,-0.286476197,0.478567397,-0.26474167,-0.313618829,0.551197446,-0.311182371,-0.332518939,166.3773867,168.5172866,169.8078207,169.4129241,165.6192855,174.7237705,164.9671522,174.0685516,161.7650477,174.1974649,0,0,0,-0.007777526,-0.297488267,-0.052100072,0.02526364,-0.605861633,-0.116662199,0.031933251,-0.818331864,-0.170416141,0.014543115,-0.978263048,-0.206857215,0.233803662,-0.663013213,-0.159683484,-0.045629002,-0.713916489,-0.218975499,-0.075187018,-0.592188887,-0.237974862,-0.006568603,-0.567624847,-0.257171188,0.280748695,-0.494274684,-0.174400567,-0.056028437,-0.546608363,-0.218777885,-0.061051473,-0.436813981,-0.199157412,0.04919048,-0.422673778,-0.197023683,0.276300642,-0.292334233,-0.190026007,0.008977926,-0.357344089,-0.218022169,-0.023200788,-0.306417715,-0.162378808,0.025667996,-0.257527975,-0.137441568,0.250744877,-0.086613804,-0.213361297,0.249334405,-0.147737226,-0.270616236,0.353014507,-0.171967833,-0.274798312,0.482174747,-0.166136319,-0.27291738,175.1326791,172.0806109,94.97746357,97.98552553,82.62605246,94.80950707,99.47586292,112.4850024,100.1586293,163.9592993,HELP
0,0,0,0,0,0,0,0,0,0,0,0,0,0,0,0,0,0,0,0,0,0,0,0,0,0,0,0,0,0,0,0,0,0,0,0,0,0,0,0,0,0,0,0,0,0,0,0,0,0,0,0,0,0,0,0,0,0,0,0,0,0,0,0,0,0,0,0,0,0,0,0,0,0,0,0,-0.019374125,-0.304565237,-0.069588692,0.006163178,-0.604420236,-0.148371847,-0.001279447,-0.818696,-0.211943308,-0.031053133,-0.96620849,-0.255884461,0.242238042,-0.709055856,-0.200745167,-0.058392915,-0.763812105,-0.263023005,-0.097402006,-0.620266278,-0.275839795,-0.030737614,-0.578577838,-0.292079246,0.292432594,-0.530613777,-0.212004163,-0.066561937,-0.582545031,-0.266235522,-0.080288968,-0.456184631,-0.246298912,0.029396202,-0.430019283,-0.245025136,0.288284622,-0.319646323,-0.222816822,0.009987669,-0.385708971,-0.256888083,-0.034670543,-0.326607901,-0.198023217,0.009826097,-0.271639842,-0.173022255,0.261561302,-0.104559853,-0.242770998,0.268626347,-0.166034888,-0.30466777,0.369526032,-0.199794685,-0.309435197,0.498342583,-0.20663822,-0.309019661,173.1370304,170.9526628,95.75066594,107.4357768,86.7012175,97.22996756,103.836749,112.6496727,109.3150089,164.2978282,HELP
0,0,0,-0.102404584,-0.158849393,-0.242547928,-0.160464431,-0.249892292,-0.415290451,-0.233211351,-0.315725728,-0.537219295,-0.303687332,-0.356956561,-0.66582532,0.119904065,-0.150745821,-0.457125964,0.265852283,-0.190540405,-0.618309757,0.394959648,-0.24470719,-0.734905178,0.503505049,-0.302389596,-0.80934739,0.22595654,-0.11046149,-0.364423913,0.394690946,-0.192051063,-0.48698233,0.528366347,-0.275268702,-0.551834091,0.64236149,-0.360136897,-0.602838374,0.285541559,-0.106732355,-0.272707773,0.430872614,-0.18862828,-0.365369276,0.539428418,-0.26290612,-0.412189279,0.633976236,-0.341073504,-0.445443559,0.308457045,-0.146613534,-0.195137675,0.408998349,-0.185902914,-0.264393881,0.475648692,-0.234236621,-0.297400811,0.546136364,-0.279413374,-0.321990187,168.8417509,170.6115679,171.0988889,170.4144617,167.9329052,174.8162312,169.5075933,173.3386604,163.1154724,173.6809976,0,0,0,0.00871588,-0.298895764,-0.050547286,0.048066072,-0.599293543,-0.116262494,0.066467854,-0.808971785,-0.171732054,0.062211265,-0.975571833,-0.210687818,0.245154515,-0.627335302,-0.168022297,-0.022633385,-0.650044338,-0.222431517,-0.050891927,-0.543332611,-0.230876961,0.018137695,-0.519972722,-0.241692146,0.285780828,-0.456740312,-0.184103034,-0.033026049,-0.483404485,-0.227759962,-0.044911479,-0.385476052,-0.201956108,0.060393902,-0.369905002,-0.194269518,0.279287024,-0.260080188,-0.200030537,0.027594758,-0.302901934,-0.231443121,-0.004574791,-0.263261932,-0.173140759,0.039412912,-0.216301582,-0.144751255,0.252012584,-0.061455909,-0.223129836,0.265764246,-0.106410597,-0.283641332,0.37252024,-0.132526533,-0.287221023,0.501220711,-0.126987748,-0.284206986,176.5188262,173.5024822,100.6366121,94.45391357,90.0895513,92.48359378,103.2467516,112.6807047,109.8317624,163.4725787,HELP
0,0,0,0,0,0,0,0,0,0,0,0,0,0,0,0,0,0,0,0,0,0,0,0,0,0,0,0,0,0,0,0,0,0,0,0,0,0,0,0,0,0,0,0,0,0,0,0,0,0,0,0,0,0,0,0,0,0,0,0,0,0,0,0,0,0,0,0,0,0,0,0,0,0,0,0,-0.013454044,-0.309742168,-0.049201478,0.025205275,-0.592171989,-0.109859186,0.050268056,-0.799738051,-0.160103784,0.055705769,-0.979073226,-0.195735756,0.205407894,-0.634480296,-0.172055784,-0.054017245,-0.67235428,-0.237221389,-0.070613737,-0.541890572,-0.250785302,0.00254796,-0.512811928,-0.264708437,0.27299832,-0.465853146,-0.188577909,-0.055488909,-0.506011115,-0.245832827,-0.072714615,-0.390405827,-0.223312344,0.025434789,-0.363866074,-0.217770514,0.283061071,-0.274019672,-0.206105704,0.022735309,-0.323761502,-0.243031066,-0.028725128,-0.268240166,-0.183140252,0.011267917,-0.214940172,-0.154981154,0.264935891,-0.07754196,-0.231365969,0.256201468,-0.130304712,-0.294772887,0.332320251,-0.165274079,-0.302120299,0.445028796,-0.170318771,-0.302906408,178.2346,174.4700388,90.39825039,105.1819832,89.60807564,97.11956735,109.031645,111.7500846,103.6498612,157.4383933,HELP
0,0,0,-0.116497778,-0.168834283,-0.228229033,-0.180067084,-0.254027426,-0.403310963,-0.261124867,-0.298268986,-0.533129435,-0.359987553,-0.320284953,-0.668852696,0.151155706,-0.184722888,-0.429328981,0.270980981,-0.2033458,-0.585490104,0.416055512,-0.244312371,-0.705062371,0.547687509,-0.287428927,-0.78576269,0.261482892,-0.1389488,-0.349998007,0.391618147,-0.205469174,-0.466271121,0.532396581,-0.285535875,-0.524514046,0.663310794,-0.3689002,-0.574989157,0.316509963,-0.132393112,-0.27378098,0.425209901,-0.214781802,-0.361002015,0.546828922,-0.293514181,-0.395695831,0.658977687,-0.370097593,-0.422708678,0.325341248,-0.171226011,-0.212169189,0.409734838,-0.223493797,-0.281935189,0.488120559,-0.270826005,-0.310230767,0.573750082,-0.312849472,-0.332030456,165.9164719,170.4601527,165.4244695,171.5678706,161.1418919,176.7494781,160.4767672,177.3601893,162.0572562,173.5288941,0,0,0,-0.003693237,-0.310430055,-0.055910088,0.042717352,-0.613071828,-0.122217729,0.058870172,-0.82197313,-0.175952669,0.043175974,-0.976208324,-0.212492691,0.258166495,-0.65289257,-0.172135253,-0.026022037,-0.697160565,-0.223387288,-0.053920149,-0.572911684,-0.23011603,0.014733319,-0.54855406,-0.242322691,0.307802433,-0.475580196,-0.184481635,-0.031982584,-0.534935395,-0.230649048,-0.045528786,-0.425883345,-0.210256863,0.060800314,-0.40864982,-0.208036916,0.302943315,-0.272948992,-0.196203374,0.03783886,-0.344745658,-0.228462188,-0.01209466,-0.304553847,-0.178713097,0.023569985,-0.257270907,-0.158264714,0.266828431,-0.070171558,-0.215346061,0.294035862,-0.11751122,-0.283298952,0.409343574,-0.146242051,-0.30091675,0.545736805,-0.145294537,-0.308666914,175.2830713,169.9969899,94.26852262,97.27788515,85.85496254,92.30475743,112.9428851,102.9205726,122.9401514,164.7766494,HELP
0,0,0,0,0,0,0,0,0,0,0,0,0,0,0,0,0,0,0,0,0,0,0,0,0,0,0,0,0,0,0,0,0,0,0,0,0,0,0,0,0,0,0,0,0,0,0,0,0,0,0,0,0,0,0,0,0,0,0,0,0,0,0,0,0,0,0,0,0,0,0,0,0,0,0,0,0.001143072,-0.305018332,-0.057112118,0.04531997,-0.610007123,-0.124722269,0.055277029,-0.822903357,-0.179263038,0.034102049,-0.975730328,-0.216303899,0.259701069,-0.642061965,-0.182600098,-0.020310886,-0.706946375,-0.236592221,-0.043551927,-0.583779599,-0.24350745,0.026828648,-0.555208948,-0.255584845,0.305336697,-0.467595952,-0.195007094,-0.024884809,-0.548032382,-0.243661266,-0.032138797,-0.438639922,-0.221950683,0.07111288,-0.415380587,-0.2193535,0.299957154,-0.270236058,-0.2065648,0.038791754,-0.354106418,-0.240964051,-0.001297168,-0.304663846,-0.189032797,0.037646722,-0.251439437,-0.1675183,0.267801604,-0.070575831,-0.22555873,0.298392021,-0.128279381,-0.294117968,0.414406078,-0.153384414,-0.310521389,0.549331184,-0.150924386,-0.318531832,174.2293648,169.7045364,88.26670776,101.7532936,78.7898929,99.00372935,101.5228185,112.5727347,122.6538194,166.0698599,HELP
0,0,0,0,0,0,0,0,0,0,0,0,0,0,0,0,0,0,0,0,0,0,0,0,0,0,0,0,0,0,0,0,0,0,0,0,0,0,0,0,0,0,0,0,0,0,0,0,0,0,0,0,0,0,0,0,0,0,0,0,0,0,0,0,0,0,0,0,0,0,0,0,0,0,0,0,-0.027910261,-0.279043027,-0.111275239,-0.024520744,-0.585080814,-0.215888566,-0.060507629,-0.796652578,-0.297200105,-0.11426633,-0.926795018,-0.357762771,0.262031163,-0.74188869,-0.213254392,-0.04326257,-0.794765746,-0.278887428,-0.083905241,-0.658446719,-0.30789898,-0.008429979,-0.626243218,-0.333530072,0.301252331,-0.565543489,-0.204976582,-0.052224748,-0.607480792,-0.257645837,-0.05974905,-0.495598475,-0.256350175,0.047853178,-0.473639636,-0.268059888,0.285270743,-0.357636319,-0.19833073,0.014427882,-0.418390504,-0.235469545,-0.015869402,-0.348317564,-0.189651104,0.030297178,-0.291321199,-0.168812848,0.250719146,-0.150629916,-0.20292629,0.267200502,-0.20879642,-0.254407143,0.368089509,-0.216976621,-0.247835316,0.493637855,-0.211884925,-0.237499912,170.1379584,167.8756745,98.88772157,99.52824861,87.01608192,97.57160126,95.17003489,121.5249132,102.9150899,172.9764175,HELP
0,0,0,-0.069952534,-0.125542291,-0.237364719,-0.085485667,-0.206995021,-0.396161812,-0.109515841,-0.24910575,-0.512470393,-0.153403256,-0.28684581,-0.634964859,0.21073453,-0.058987859,-0.388585186,0.363216504,-0.12055537,-0.529852598,0.495977978,-0.17172879,-0.631692421,0.608741795,-0.224016504,-0.700881936,0.292015297,-0.041462876,-0.314462764,0.474141222,-0.133407332,-0.443176052,0.615185886,-0.227230885,-0.527716344,0.74494473,-0.310319782,-0.590558196,0.334620813,-0.053699845,-0.246550555,0.50684082,-0.138780382,-0.35109126,0.627016255,-0.222806045,-0.420697664,0.733903312,-0.289393967,-0.467121242,0.344387733,-0.098926481,-0.194260466,0.470309014,-0.144837084,-0.277156548,0.558990375,-0.198552467,-0.331624688,0.644939019,-0.232300008,-0.371387017,170.6240514,171.6393366,174.86705,172.7510378,171.7294254,175.5570185,171.6459851,174.1186126,169.4966763,170.134929,0,0,0,0.001796775,-0.282117653,-0.070208381,0.054080553,-0.598067694,-0.123514724,0.077710299,-0.813639543,-0.161191981,0.065503581,-0.981539058,-0.179695184,0.246333561,-0.642836851,-0.11999846,-0.018629506,-0.641273136,-0.178674196,-0.044052123,-0.532947341,-0.208443856,0.023421112,-0.510303492,-0.230225812,0.274291603,-0.473681337,-0.120890729,-0.013500808,-0.469485879,-0.16179583,-0.012521052,-0.383218021,-0.158341807,0.069760268,-0.379399839,-0.163585332,0.255342384,-0.287742513,-0.126609611,0.036224978,-0.311861233,-0.169851428,0.019945068,-0.247974836,-0.132943186,0.05369185,-0.196639104,-0.108394067,0.222518509,-0.106300912,-0.140011827,0.215749632,-0.155449547,-0.192018492,0.289984364,-0.155240245,-0.185358265,0.380014602,-0.13467051,-0.171377173,176.8645131,169.0812595,106.06843,99.30353722,89.86003335,93.15223815,91.45292258,136.671489,80.7717299,166.904087,HELP
0,0,0,0,0,0,0,0,0,0,0,0,0,0,0,0,0,0,0,0,0,0,0,0,0,0,0,0,0,0,0,0,0,0,0,0,0,0,0,0,0,0,0,0,0,0,0,0,0,0,0,0,0,0,0,0,0,0,0,0,0,0,0,0,0,0,0,0,0,0,0,0,0,0,0,0,-0.004430454,-0.28316951,-0.077629422,0.03404833,-0.602611076,-0.132335477,0.050215968,-0.820589368,-0.170755902,0.048145371,-0.981028688,-0.187789073,0.247323133,-0.663756908,-0.125184388,-0.025476633,-0.668471262,-0.182664613,-0.058840543,-0.55381364,-0.206355659,0.007016793,-0.52343799,-0.222891077,0.28043714,-0.494057268,-0.124423825,-0.024636138,-0.485062547,-0.167472696,-0.028886469,-0.398206115,-0.160266616,0.055390964,-0.388235685,-0.160769114,0.26509778,-0.303081781,-0.1296118,0.028621982,-0.326127812,-0.176254191,0.006771961,-0.263710493,-0.133401742,0.038311024,-0.205869079,-0.102826085,0.231954702,-0.113590114,-0.143838258,0.222000788,-0.167502521,-0.200417264,0.295060933,-0.180931415,-0.191759561,0.380976474,-0.170638502,-0.174406249,177.3767004,173.6976272,106.9967907,100.6733595,93.76838848,93.90367017,95.20134497,137.6706849,85.19953711,162.3301844,HELP
0,0,0,-0.091781546,-0.154846663,-0.252864198,-0.128588223,-0.262538508,-0.41995157,-0.174167169,-0.311051577,-0.537850905,-0.237974882,-0.338559221,-0.660659928,0.157992198,-0.125322167,-0.429031903,0.31666089,-0.184231902,-0.575460386,0.453064743,-0.242138422,-0.678287303,0.567951826,-0.298826999,-0.746113931,0.250989686,-0.088150981,-0.343185181,0.43448836,-0.181476664,-0.469425778,0.580576596,-0.279312029,-0.544174921,0.711439658,-0.366133283,-0.599833336,0.309288608,-0.087490591,-0.262675206,0.469202715,-0.173370101,-0.362132257,0.58898325,-0.263204792,-0.42517177,0.69892141,-0.339537596,-0.46835704,0.335479894,-0.125355113,-0.198834666,0.451026629,-0.174401421,-0.277541476,0.532608237,-0.23002489,-0.326248036,0.61643616,-0.273921126,-0.362079496,166.3719542,168.5081579,173.5393907,172.5890022,169.5564304,176.4566243,170.2484195,174.6602107,168.5508292,171.7679198,0,0,0,0.000247491,-0.287747473,-0.066222748,0.046304363,-0.600553377,-0.124441685,0.070387585,-0.81388979,-0.167738435,0.058193229,-0.97954893,-0.19260696,0.254536511,-0.638455644,-0.151751576,-0.017103505,-0.658044752,-0.203522622,-0.056378866,-0.544238644,-0.219916575,0.00420771,-0.519169285,-0.237033566,0.28683552,-0.46897197,-0.156467593,-0.016970585,-0.495040927,-0.198769446,-0.034501621,-0.40039695,-0.186738485,0.056368676,-0.384747775,-0.188905135,0.270825989,-0.275103871,-0.162897613,0.040842786,-0.327569221,-0.201811212,0.004878121,-0.276972776,-0.157898663,0.034782307,-0.223482885,-0.135416362,0.235231315,-0.079529894,-0.176714329,0.267676661,-0.125775427,-0.239636068,0.376557991,-0.136833208,-0.245809319,0.497788958,-0.124714924,-0.24379025,177.8490198,169.1163871,106.0062244,95.25468072,94.51321653,89.11613562,102.413249,121.8345924,118.5668534,167.7552101,HELP
0,0,0,0,0,0,0,0,0,0,0,0,0,0,0,0,0,0,0,0,0,0,0,0,0,0,0,0,0,0,0,0,0,0,0,0,0,0,0,0,0,0,0,0,0,0,0,0,0,0,0,0,0,0,0,0,0,0,0,0,0,0,0,0,0,0,0,0,0,0,0,0,0,0,0,0,0.003291909,-0.290487701,-0.067620647,0.05513566,-0.601763743,-0.123033095,0.085786001,-0.81443049,-0.163737139,0.079822464,-0.979359579,-0.1856965,0.266093308,-0.641940724,-0.146139835,-0.008999935,-0.66050578,-0.19756286,-0.050100543,-0.547610016,-0.213112109,0.010071025,-0.516958,-0.22801132,0.295958829,-0.475394578,-0.148785102,-0.006944819,-0.49271051,-0.190353387,-0.027762988,-0.397424115,-0.178049049,0.060882727,-0.379696461,-0.179199337,0.279104035,-0.285413962,-0.153929745,0.049422375,-0.326928478,-0.195428382,0.007321361,-0.276458931,-0.153158489,0.031944649,-0.222133591,-0.129969258,0.241303573,-0.093425553,-0.166592827,0.282909758,-0.138185073,-0.228301125,0.390203357,-0.149942024,-0.232973264,0.507996314,-0.135108611,-0.229255976,178.5196065,169.378026,107.1334769,98.3667428,97.91272616,88.90153095,108.3117325,122.4768309,124.2339846,165.9031445,HELP
0,0,0,0,0,0,0,0,0,0,0,0,0,0,0,0,0,0,0,0,0,0,0,0,0,0,0,0,0,0,0,0,0,0,0,0,0,0,0,0,0,0,0,0,0,0,0,0,0,0,0,0,0,0,0,0,0,0,0,0,0,0,0,0,0,0,0,0,0,0,0,0,0,0,0,0,-0.015524017,-0.283428028,-0.084937497,0.014379023,-0.597206491,-0.151309691,0.022541937,-0.812515852,-0.200175603,0.001456149,-0.973503464,-0.228667632,0.254623088,-0.683503237,-0.15228742,-0.031151912,-0.705489982,-0.208040641,-0.074305949,-0.578092319,-0.22937312,-0.012104522,-0.543340788,-0.247941206,0.2902794,-0.517868627,-0.14927691,-0.027344346,-0.536716914,-0.19812878,-0.046293738,-0.435816134,-0.196082291,0.042272298,-0.418374757,-0.203334054,0.276990446,-0.324065296,-0.14989488,0.035530254,-0.369255007,-0.199741139,-0.006762266,-0.305454067,-0.164862247,0.018545355,-0.247645036,-0.14447621,0.243781206,-0.12689515,-0.158824004,0.27863671,-0.18027249,-0.221988474,0.383153507,-0.190933578,-0.226157197,0.501538066,-0.18224707,-0.221297399,176.6701002,170.1381066,105.6397238,102.3166654,96.97985722,90.41118138,105.3743404,126.6364792,118.3127068,168.9608521,HELP
0,0,0,0,0,0,0,0,0,0,0,0,0,0,0,0,0,0,0,0,0,0,0,0,0,0,0,0,0,0,0,0,0,0,0,0,0,0,0,0,0,0,0,0,0,0,0,0,0,0,0,0,0,0,0,0,0,0,0,0,0,0,0,0,0,0,0,0,0,0,0,0,0,0,0,0,-0.004434109,-0.293778281,-0.065969402,0.032005837,-0.601820014,-0.131110678,0.044979204,-0.813885688,-0.182284287,0.04116161,-0.975832133,-0.214609808,0.260734822,-0.659210011,-0.16048214,-0.021612091,-0.686844191,-0.211590596,-0.06148325,-0.570306749,-0.225313688,-0.000727374,-0.537913114,-0.239781402,0.289444736,-0.48966036,-0.166440187,-0.024347956,-0.523187698,-0.209620194,-0.039049489,-0.427613484,-0.198226548,0.054180958,-0.407324512,-0.201394021,0.27200752,-0.297517363,-0.173157246,0.031337758,-0.348176244,-0.209674937,-0.01151139,-0.297373883,-0.16688306,0.014228497,-0.241469289,-0.146999181,0.231115439,-0.102715777,-0.187397524,0.274272821,-0.146031372,-0.244780464,0.386711017,-0.163655989,-0.25112051,0.510172468,-0.154057743,-0.251077297,176.4038567,174.742263,104.1581905,100.247397,91.69415735,93.28331902,108.3152837,120.4108778,128.7250947,166.2666094,HELP
0,0,0,-0.093028832,-0.153773012,-0.262212733,-0.130119735,-0.248103957,-0.43748376,-0.172206868,-0.290760932,-0.559836986,-0.230231802,-0.323332416,-0.687829258,0.13397931,-0.11544473,-0.466956981,0.291287238,-0.165150092,-0.623002808,0.423663604,-0.217821967,-0.730366397,0.533491924,-0.27625074,-0.799419724,0.228132834,-0.076985294,-0.372283207,0.410607429,-0.16061598,-0.503717217,0.551049646,-0.256031009,-0.575503988,0.670461477,-0.344706922,-0.628926403,0.287264439,-0.073689951,-0.281376625,0.443088465,-0.154293758,-0.381118785,0.556626045,-0.241956774,-0.439030807,0.6557966,-0.318782121,-0.479163183,0.315994418,-0.110168766,-0.207177756,0.427738328,-0.157538069,-0.284650622,0.504912461,-0.214025835,-0.330698973,0.583679907,-0.257182905,-0.364895542,168.4863998,172.6361472,172.8436795,170.431731,166.6939903,176.1082958,167.9801306,175.7358638,166.5807437,171.5678894,0,0,0,0.003190126,-0.29287178,-0.059299992,0.047571263,-0.600448741,-0.11877196,0.071174605,-0.811089974,-0.165451368,0.06824905,-0.978792057,-0.193153247,0.25572197,-0.642598447,-0.144086559,-0.024621206,-0.669164748,-0.193936369,-0.054709403,-0.551867178,-0.208100632,0.012331742,-0.523736466,-0.222743812,0.283795692,-0.477079346,-0.152006788,-0.031234472,-0.506465855,-0.190305054,-0.037411133,-0.413619778,-0.175754713,0.060925603,-0.398492006,-0.17693084,0.265462433,-0.285676419,-0.161367008,0.023250456,-0.339076609,-0.192835921,-0.005056188,-0.29835803,-0.144591709,0.030477652,-0.25047045,-0.121145261,0.223690302,-0.09047222,-0.178403734,0.24767326,-0.147222968,-0.237731038,0.362845997,-0.159490156,-0.242289037,0.490666932,-0.141245536,-0.238960592,177.5995739,172.1232042,99.95048073,99.48393171,87.44170475,94.77463037,100.5379675,117.9107642,112.0917451,165.3124766,HELP
0,0,0,-0.093084527,-0.128968367,-0.26753765,-0.130630186,-0.220722828,-0.445589193,-0.159811685,-0.261188585,-0.571094253,-0.203137016,-0.300086938,-0.702122923,0.130541128,-0.100198018,-0.470359533,0.285631928,-0.158741735,-0.629281738,0.420474031,-0.211222488,-0.735858054,0.531961763,-0.265542174,-0.804054747,0.220228278,-0.067438122,-0.377757993,0.398615077,-0.153204208,-0.520344904,0.547054598,-0.243443228,-0.599744006,0.675362963,-0.323312151,-0.657019983,0.276339039,-0.067573086,-0.289556448,0.434897752,-0.148074677,-0.401249805,0.555326546,-0.234314039,-0.46654575,0.659995595,-0.301782598,-0.509529966,0.306377529,-0.103857563,-0.218136865,0.422425301,-0.155449436,-0.305092696,0.506396307,-0.212509751,-0.358237806,0.588465803,-0.247921368,-0.396381066,170.6047393,174.7151958,172.561683,171.4500022,167.7897878,176.134862,168.6670701,174.571575,168.9285222,169.1945381,0,0,0,0,0,0,0,0,0,0,0,0,0,0,0,0,0,0,0,0,0,0,0,0,0,0,0,0,0,0,0,0,0,0,0,0,0,0,0,0,0,0,0,0,0,0,0,0,0,0,0,0,0,0,0,0,0,0,0,0,0,0,0,0,0,0,0,0,0,0,0,0,0,HELP
0,0,0,0,0,0,0,0,0,0,0,0,0,0,0,0,0,0,0,0,0,0,0,0,0,0,0,0,0,0,0,0,0,0,0,0,0,0,0,0,0,0,0,0,0,0,0,0,0,0,0,0,0,0,0,0,0,0,0,0,0,0,0,0,0,0,0,0,0,0,0,0,0,0,0,0,0.003055511,-0.299880189,-0.054616114,0.051124614,-0.605058209,-0.103221517,0.088138959,-0.814067181,-0.140148409,0.099220139,-0.982135937,-0.1598886,0.259632945,-0.642445963,-0.131474877,-0.007613221,-0.662343681,-0.176586708,-0.049091798,-0.546273863,-0.190195686,0.00667717,-0.515537815,-0.206096126,0.29227535,-0.475215497,-0.14025414,-0.009880095,-0.499739849,-0.179942945,-0.031250448,-0.408684775,-0.172758004,0.053244895,-0.386315416,-0.179486047,0.277405599,-0.285547888,-0.150097006,0.046436437,-0.333467482,-0.187739158,0.002709161,-0.291251289,-0.150434905,0.026279788,-0.239747207,-0.133614108,0.238393697,-0.09362288,-0.166301453,0.273311906,-0.14508742,-0.22637461,0.383025939,-0.159921092,-0.234868054,0.505466938,-0.147857852,-0.235861366,178.5511864,173.0187153,106.1774568,100.4100224,97.89397593,91.2737613,113.0586862,114.8533357,122.1172422,166.1154766,HELP
0,0,0,0,0,0,0,0,0,0,0,0,0,0,0,0,0,0,0,0,0,0,0,0,0,0,0,0,0,0,0,0,0,0,0,0,0,0,0,0,0,0,0,0,0,0,0,0,0,0,0,0,0,0,0,0,0,0,0,0,0,0,0,0,0,0,0,0,0,0,0,0,0,0,0,0,-0.002853648,-0.29821462,-0.060688123,0.038549699,-0.603418082,-0.121669237,0.061829779,-0.813709629,-0.168515328,0.067302445,-0.978086244,-0.197022029,0.256585197,-0.647153431,-0.154145851,-0.016877989,-0.681596413,-0.203252626,-0.047320195,-0.569392192,-0.215526902,0.013869011,-0.544364353,-0.229173778,0.289750484,-0.478355723,-0.159487748,-0.017689159,-0.518782495,-0.200341329,-0.023191064,-0.429491367,-0.189022246,0.071648089,-0.416577214,-0.192563123,0.275601575,-0.285073092,-0.165086046,0.04029804,-0.341472249,-0.195959237,0.005570279,-0.306950773,-0.156626555,0.03776132,-0.265460292,-0.140915564,0.238422438,-0.090514868,-0.177750459,0.265157917,-0.141631479,-0.233267554,0.37651622,-0.157929747,-0.244116685,0.502361137,-0.146624053,-0.247607009,178.0949567,174.915448,98.89860339,98.10748213,85.15793175,93.92519184,109.0877582,105.7119698,119.172932,166.0011169,HELP
0,0,0,-0.079365564,-0.097596282,-0.277730844,-0.086775562,-0.179512035,-0.449015504,-0.076737923,-0.233284171,-0.564926774,-0.073686686,-0.285177552,-0.683435869,0.163490439,-0.048324619,-0.455059989,0.322106585,-0.111923393,-0.612874188,0.456766893,-0.169483007,-0.719948125,0.569696861,-0.229293407,-0.789221148,0.255871758,-0.02108265,-0.355630521,0.435923965,-0.106931627,-0.494697898,0.577231499,-0.196035575,-0.572287693,0.698297602,-0.278147645,-0.628752528,0.312699661,-0.02653863,-0.264035717,0.474783223,-0.104502643,-0.373567533,0.592609288,-0.188234036,-0.434448222,0.691343954,-0.256975398,-0.474157461,0.340143324,-0.06693508,-0.190779272,0.460016588,-0.114676818,-0.277328601,0.544320409,-0.169815413,-0.330888741,0.621844101,-0.209940782,-0.368966113,173.2293061,176.5993161,173.3668507,171.2971624,168.4458466,175.7908062,167.881956,175.3802148,168.5551271,173.1223802,0,0,0,-0.01420629,-0.284374645,-0.080332874,0.028152669,-0.591808373,-0.151045913,0.047498535,-0.807284331,-0.20545329,0.039780478,-0.969928994,-0.240115099,0.26228018,-0.682603871,-0.146469953,-0.009528651,-0.715843812,-0.199785926,-0.044149205,-0.597929855,-0.218163799,0.024463685,-0.569357452,-0.233979655,0.296218223,-0.514068306,-0.147173554,-0.015667178,-0.541385002,-0.188791166,-0.021214639,-0.446816458,-0.179228861,0.074124851,-0.434009963,-0.180805002,0.280451877,-0.318942459,-0.151412737,0.034594767,-0.366701392,-0.18648747,0.008557186,-0.309667116,-0.14091091,0.050368057,-0.262864108,-0.1160356,0.244402293,-0.126744993,-0.164750845,0.233352729,-0.187141905,-0.216527159,0.324148276,-0.190856433,-0.211351088,0.440039805,-0.174613679,-0.199579822,177.0523069,172.0667643,100.75771,97.81737231,87.61562657,94.17631628,96.08807421,121.2464746,81.7666833,169.4063969,HELP
0,0,0,0,0,0,0,0,0,0,0,0,0,0,0,0,0,0,0,0,0,0,0,0,0,0,0,0,0,0,0,0,0,0,0,0,0,0,0,0,0,0,0,0,0,0,0,0,0,0,0,0,0,0,0,0,0,0,0,0,0,0,0,0,0,0,0,0,0,0,0,0,0,0,0,0,-0.006850778,-0.297706644,-0.064391421,0.029601858,-0.602163052,-0.136749804,0.047358478,-0.813652339,-0.195224802,0.046296643,-0.970941532,-0.234796,0.252261237,-0.665320133,-0.165384403,-0.025898976,-0.692845411,-0.218176702,-0.054586783,-0.575448076,-0.230077073,0.012963368,-0.550537089,-0.243575803,0.287009121,-0.490873978,-0.172432035,-0.026354451,-0.526383799,-0.215029831,-0.031735737,-0.431697978,-0.198174088,0.070797603,-0.421513867,-0.197683057,0.27300197,-0.291986304,-0.180066164,0.034701161,-0.344489532,-0.21028287,0.000347305,-0.308832885,-0.163325748,0.036094208,-0.268835635,-0.143201038,0.234853517,-0.093084774,-0.195495525,0.267209881,-0.141892048,-0.252558979,0.384744833,-0.156999963,-0.261670862,0.518193352,-0.145161608,-0.263591613,177.0914379,174.8135194,98.95419768,97.40995028,85.52084852,92.42986171,106.9637557,106.9997184,121.3801208,167.1086901,HELP
0,0,0,-0.065041494,-0.098338829,-0.267481131,-0.054045497,-0.177530887,-0.42874842,-0.029569015,-0.24676257,-0.537878644,-0.013885337,-0.315605984,-0.650333745,0.195768456,-0.040524373,-0.421308695,0.360585158,-0.102924248,-0.574188158,0.502934383,-0.162509917,-0.681349273,0.621284657,-0.220730249,-0.751853398,0.28179181,-0.019785321,-0.327533148,0.466172726,-0.109016574,-0.46547361,0.612125796,-0.198148943,-0.549513856,0.740418633,-0.279681668,-0.610707621,0.331601975,-0.028065382,-0.242729416,0.500637528,-0.110211475,-0.355725002,0.623856463,-0.192995402,-0.424761578,0.726606896,-0.260625796,-0.469105555,0.354010285,-0.068752105,-0.175128336,0.480280604,-0.120255482,-0.265844041,0.57154717,-0.172811268,-0.324459423,0.654276843,-0.211064786,-0.365955696,170.4840531,175.9352883,173.6334296,172.7091483,170.8324621,175.6413772,170.697496,174.8428465,171.9753716,173.4871723,0,0,0,-0.001835963,-0.282685609,-0.074959191,0.036707068,-0.600684278,-0.134366062,0.04274148,-0.819403312,-0.177408592,0.02705503,-0.979509435,-0.199572775,0.249941464,-0.679097958,-0.12413175,-0.026797276,-0.695126294,-0.182392357,-0.056546149,-0.580025141,-0.213994667,0.014383056,-0.553305416,-0.238601739,0.279180093,-0.511108154,-0.123680326,-0.027260531,-0.523523933,-0.168116986,-0.028224088,-0.437826161,-0.170595409,0.064043346,-0.4288499,-0.180682627,0.260753883,-0.321563408,-0.127733582,0.027895558,-0.359882609,-0.171183704,0.004598485,-0.303174828,-0.137931885,0.041211138,-0.255248822,-0.11827787,0.224388116,-0.13635296,-0.139736092,0.231232348,-0.181046606,-0.198271903,0.327031034,-0.167720693,-0.199026253,0.443203515,-0.140110966,-0.190197428,174.7198346,172.1908746,103.659975,100.2419826,88.57968335,95.06107155,96.19877657,124.6954743,90.83483571,172.8089631,HELP
0,0,0,-0.077839571,-0.121311884,-0.253014653,-0.091950045,-0.201454257,-0.415212693,-0.111567967,-0.251866125,-0.528433283,-0.141628936,-0.303615414,-0.647000865,0.19820497,-0.06581455,-0.417445105,0.349519787,-0.125893299,-0.562882509,0.483419765,-0.17941471,-0.664972133,0.596607652,-0.233734194,-0.733722068,0.284861492,-0.051275554,-0.330771349,0.462833089,-0.138367502,-0.46425189,0.603251887,-0.226451355,-0.547977544,0.730773308,-0.305735336,-0.61032473,0.334340112,-0.060807053,-0.25001477,0.497541193,-0.141436763,-0.355186582,0.615815168,-0.224852926,-0.423211222,0.722746176,-0.294509893,-0.469937079,0.352269384,-0.100498567,-0.185718421,0.469739785,-0.14509957,-0.269361044,0.550929713,-0.199767996,-0.325301719,0.634043445,-0.239383409,-0.366999392,174.9105509,175.8708229,173.5125083,172.6358702,171.1439284,175.729597,170.740119,174.5591212,168.143918,170.7265382,0,0,0,-0.003578052,-0.289512727,-0.062387517,0.041053983,-0.594684618,-0.118667462,0.072885893,-0.80699976,-0.162067546,0.08800699,-0.978389405,-0.187106767,0.26660428,-0.644895423,-0.142323742,-0.004978522,-0.68812818,-0.192318155,-0.045554784,-0.572508208,-0.204582907,0.015691355,-0.535153426,-0.217394863,0.298991499,-0.480270139,-0.149177234,-0.017229391,-0.520040491,-0.191898234,-0.034758127,-0.426326291,-0.180669046,0.057634108,-0.401850048,-0.182518555,0.284503573,-0.290948827,-0.157907257,0.033117879,-0.349627888,-0.195752232,-0.005043132,-0.301488326,-0.152228293,0.028258306,-0.246508421,-0.13033739,0.245495842,-0.097603702,-0.174116067,0.250628347,-0.156589994,-0.235986596,0.348835139,-0.166742107,-0.241164979,0.467891379,-0.147037487,-0.237342013,178.8594004,175.330829,101.1129118,102.8175993,92.48076604,94.08321031,105.1124556,117.0963339,99.67732294,163.9594608,HELP
0,0,0,0,0,0,0,0,0,0,0,0,0,0,0,0,0,0,0,0,0,0,0,0,0,0,0,0,0,0,0,0,0,0,0,0,0,0,0,0,0,0,0,0,0,0,0,0,0,0,0,0,0,0,0,0,0,0,0,0,0,0,0,0,0,0,0,0,0,0,0,0,0,0,0,0,-0.006055595,-0.287899731,-0.071919085,0.029344191,-0.596633559,-0.136980361,0.040955383,-0.814245431,-0.18733895,0.029733678,-0.975548009,-0.217765909,0.25563249,-0.679776673,-0.152447295,-0.024132263,-0.723546447,-0.206620825,-0.056322717,-0.602645377,-0.221532176,0.004528949,-0.565137087,-0.234576223,0.292226538,-0.511403662,-0.154183505,-0.016877379,-0.546575599,-0.194135575,-0.02325606,-0.450085911,-0.176108173,0.068394587,-0.434725455,-0.172651724,0.281807142,-0.312723225,-0.159134881,0.04050661,-0.365855297,-0.193621136,0.00895863,-0.319343746,-0.142587502,0.038582035,-0.268997655,-0.114530274,0.247356506,-0.113307068,-0.173065744,0.261966825,-0.175748792,-0.232814425,0.36265104,-0.191032793,-0.234440932,0.479333062,-0.175230298,-0.226950657,176.3829311,172.7172519,97.15044346,107.6132753,86.01852567,96.0228676,100.2843947,125.2438327,106.4133371,163.0359158,HELP
0,0,0,0,0,0,0,0,0,0,0,0,0,0,0,0,0,0,0,0,0,0,0,0,0,0,0,0,0,0,0,0,0,0,0,0,0,0,0,0,0,0,0,0,0,0,0,0,0,0,0,0,0,0,0,0,0,0,0,0,0,0,0,0,0,0,0,0,0,0,0,0,0,0,0,0,-0.007308156,-0.283670399,-0.080974019,0.0302564,-0.59219942,-0.154648865,0.041064204,-0.810512826,-0.212201435,0.019869656,-0.968057282,-0.249940582,0.258687091,-0.69947261,-0.157886252,-0.015026045,-0.731738711,-0.214682268,-0.050683565,-0.601047282,-0.233294482,0.012578247,-0.563828033,-0.249971827,0.297004414,-0.525287136,-0.157667796,-0.009163499,-0.55520452,-0.204972975,-0.025664825,-0.452436167,-0.19621472,0.066952652,-0.439852208,-0.198392609,0.283585597,-0.325854169,-0.160450943,0.056338703,-0.378888386,-0.204378414,0.012078146,-0.323827721,-0.161728945,0.035771799,-0.274407964,-0.137668783,0.244917351,-0.129492095,-0.171757457,0.289535801,-0.172744027,-0.234296186,0.405342668,-0.1793772,-0.239396648,0.535509213,-0.16938378,-0.234754322,175.7617537,169.7184072,99.87637587,106.4743525,92.75618035,88.50874958,105.584686,123.1149857,124.3292035,171.0732836,HELP
0,0,0,0.036708022,-0.078767553,-0.106131297,0.159093288,-0.142799273,-0.177403945,0.287237768,-0.175724764,-0.230471692,0.395293994,-0.200668623,-0.284466077,0.341819127,0.013467716,-0.202869041,0.515472756,-0.072324327,-0.318581372,0.658987981,-0.146820038,-0.397992618,0.774262376,-0.221131618,-0.450752386,0.37472825,0.016479851,-0.195769422,0.579611772,-0.084022338,-0.30832308,0.732322302,-0.179352602,-0.374145503,0.866718602,-0.271457502,-0.418461096,0.377646388,-0.015276975,-0.194493134,0.583249158,-0.112985372,-0.293769189,0.721161909,-0.195902127,-0.34213473,0.835643289,-0.265225231,-0.369224996,0.359735088,-0.078315977,-0.199467801,0.515268962,-0.14695359,-0.287012798,0.628435282,-0.192706088,-0.332478728,0.729436217,-0.230565157,-0.360103429,166.8187245,175.6750739,175.1827899,172.8901164,171.8146552,174.588966,171.3750251,174.6958873,172.9757819,173.7605847,0,0,0,-0.015650728,-0.280105056,-0.082987389,0.028448464,-0.603356847,-0.155830753,0.043545703,-0.824199363,-0.209680314,0.012782782,-0.969534137,-0.244622479,0.263354346,-0.689932423,-0.167878523,-0.023759534,-0.725419468,-0.228370807,-0.050233248,-0.612612106,-0.259909635,0.020915856,-0.580230959,-0.288609443,0.305902428,-0.520166103,-0.167456155,-0.024531389,-0.548360001,-0.207437102,-0.025387126,-0.452409434,-0.19883734,0.075145127,-0.43700436,-0.206473618,0.294695781,-0.317711555,-0.170537797,0.032490405,-0.364396939,-0.201568362,0.007109523,-0.309887474,-0.152259389,0.046337269,-0.2538199,-0.129369173,0.25862695,-0.115224078,-0.183923914,0.258730065,-0.178418093,-0.244510099,0.361545054,-0.1851505,-0.2455012,0.484966603,-0.163890003,-0.239761531,176.078837,164.565922,98.92360784,105.5113728,85.06882204,97.75801761,97.10811571,124.6375139,93.15249286,166.1088763,HELP
0,0,0,-0.084258478,-0.164349518,-0.250815992,-0.113825379,-0.26068246,-0.41541249,-0.157648898,-0.31356112,-0.53460665,-0.218639536,-0.350217607,-0.658368153,0.198169279,-0.112512508,-0.39710332,0.360000411,-0.164465479,-0.530304049,0.496765425,-0.216476796,-0.627985332,0.610425259,-0.270746246,-0.694739462,0.283548637,-0.088127881,-0.312626564,0.47093355,-0.177770907,-0.429640407,0.615773498,-0.268198791,-0.505652555,0.747999163,-0.351535462,-0.562956545,0.332842284,-0.090565777,-0.234741315,0.499773154,-0.17226704,-0.324410708,0.619003912,-0.254880035,-0.38564355,0.729584657,-0.328426399,-0.42896503,0.351181862,-0.132580682,-0.174525434,0.471114784,-0.177498269,-0.245285759,0.555876666,-0.229494475,-0.291353216,0.643533779,-0.266133437,-0.326037275,168.415093,170.3767128,174.9890323,172.9227377,172.1263505,176.11433,171.6158095,175.0575007,169.3828084,170.5145384,0,0,0,-0.01907938,-0.285081127,-0.088927713,0.011141381,-0.596452886,-0.16664973,0.011972985,-0.813215072,-0.226416603,-0.017411194,-0.964224375,-0.264515037,0.272929959,-0.738383545,-0.153898051,-0.013759638,-0.766984207,-0.213847525,-0.055369225,-0.630137574,-0.243615008,0.010547726,-0.584092204,-0.268755906,0.312926099,-0.564739076,-0.153555167,-0.009142117,-0.582860818,-0.200107043,-0.021704442,-0.478634346,-0.199504311,0.070712553,-0.454377812,-0.209107868,0.300186607,-0.359872437,-0.157326218,0.056728777,-0.403811147,-0.199905692,0.016089015,-0.339175295,-0.157396648,0.045266271,-0.280747764,-0.133429502,0.264821597,-0.155074452,-0.170916141,0.298594894,-0.211170118,-0.227898684,0.403664193,-0.219602043,-0.223411208,0.526765964,-0.20685859,-0.211947877,174.6388877,169.0268688,103.1750453,110.4813938,93.56749389,97.76083323,103.830421,126.4224405,114.2805241,169.1357732,HELP
0,0,0,-0.077278927,-0.146169237,-0.247854089,-0.100755916,-0.228437273,-0.411899161,-0.133141336,-0.269842369,-0.526984646,-0.17848525,-0.313679898,-0.64884772,0.180768615,-0.069438811,-0.430417454,0.330979587,-0.12008876,-0.577407589,0.469603851,-0.172939313,-0.680918245,0.586564789,-0.225859324,-0.749556163,0.264558522,-0.055728571,-0.342911621,0.443823138,-0.132296118,-0.476848418,0.589273632,-0.22387877,-0.561482427,0.719500546,-0.302695155,-0.625055684,0.312390974,-0.067984468,-0.25840358,0.471295608,-0.142046467,-0.363560807,0.591898292,-0.222986789,-0.434259804,0.700260515,-0.290369496,-0.482416442,0.332234696,-0.10976701,-0.18873553,0.445566074,-0.151977264,-0.269366542,0.527553234,-0.202179294,-0.323618152,0.613237585,-0.238487387,-0.364635544,169.8965925,175.5155147,171.8706237,172.600307,168.6157697,176.3167908,170.728851,174.4001317,169.6657145,170.5132442,0,0,0,-0.011481641,-0.287370088,-0.078630819,0.019665818,-0.605729484,-0.141081903,0.028911203,-0.820230996,-0.185007953,0.020072867,-0.978249295,-0.206459189,0.241754029,-0.670813684,-0.151438832,-0.037756303,-0.694413439,-0.21148765,-0.067771622,-0.575626078,-0.239436267,-0.002322943,-0.53892156,-0.261224838,0.275824278,-0.505475462,-0.150376103,-0.035642877,-0.518972827,-0.194400835,-0.039344297,-0.424441988,-0.189825412,0.047227343,-0.404173907,-0.196457461,0.26176437,-0.316609288,-0.152752524,0.026125353,-0.350597103,-0.194878105,-0.004412838,-0.287813087,-0.150132944,0.020299392,-0.229138507,-0.12368358,0.227645898,-0.124810371,-0.164060599,0.259970146,-0.175554455,-0.222644362,0.360266062,-0.180034506,-0.217344825,0.469347838,-0.162934874,-0.204846214,176.8844919,173.2090547,101.6254538,107.8164283,89.37657215,100.6808885,99.11780226,136.0000409,111.9716019,168.0603474,HELP
0,0,0,0.00888368,-0.105820504,-0.12914449,0.082119206,-0.171519136,-0.223209294,0.162076024,-0.213760067,-0.294953511,0.231809401,-0.258017282,-0.371045449,0.307967015,0.009120963,-0.259566775,0.474704008,-0.061419145,-0.390450767,0.617514069,-0.129628768,-0.481930288,0.733977984,-0.200555911,-0.542513906,0.34668903,0.019051162,-0.243052408,0.545689179,-0.070540543,-0.371122257,0.695774955,-0.165272248,-0.448316864,0.826162007,-0.256665979,-0.501576428,0.354669355,-0.007371303,-0.230529565,0.554253922,-0.092591417,-0.340353922,0.690675455,-0.175406579,-0.398699731,0.802657819,-0.243495138,-0.433273857,0.342508398,-0.067155756,-0.224896177,0.493695944,-0.123277473,-0.320105973,0.603338461,-0.16994835,-0.372952645,0.699267851,-0.206040051,-0.406893089,168.1769261,174.5196781,173.7612419,172.0123345,170.0646203,174.3495289,169.9287072,174.6811112,172.9311725,173.9440236,0,0,0,-0.029279312,-0.279588204,-0.088734793,0.000729526,-0.593486392,-0.159091528,0.001023175,-0.809247668,-0.209844422,-0.034355198,-0.970070269,-0.240381767,0.250445041,-0.698281829,-0.142503463,-0.026930521,-0.710018905,-0.200863341,-0.057230798,-0.583199426,-0.234700396,0.019154117,-0.543880827,-0.262160515,0.29559186,-0.531804334,-0.137509756,-0.018132549,-0.535454276,-0.179278253,-0.01977181,-0.433615828,-0.180605955,0.073821551,-0.409035505,-0.190925614,0.290350686,-0.337689048,-0.13710754,0.040911137,-0.360669849,-0.177892714,0.017617947,-0.291191694,-0.140403294,0.056068158,-0.239012265,-0.117957178,0.265775388,-0.144696662,-0.146063413,0.254280918,-0.186505074,-0.201644639,0.33964547,-0.168884916,-0.195447523,0.448306025,-0.139924021,-0.181056187,174.7040586,167.4787556,103.4528211,107.2404526,90.3519206,103.7935944,97.38317193,129.2341531,70.440882,175.3999896,HELP
0,0,0,-0.007622816,-0.119384291,-0.207604947,0.070392326,-0.187809583,-0.322489879,0.156806472,-0.238978261,-0.396081627,0.23665276,-0.285173,-0.469170521,0.289972024,-0.014334432,-0.308123989,0.449731288,-0.083792819,-0.44108142,0.591407243,-0.153122533,-0.536015343,0.707535592,-0.215893792,-0.599051161,0.348910339,-0.014847918,-0.241087471,0.532434274,-0.101016089,-0.374272237,0.679553817,-0.193035729,-0.459701254,0.80871315,-0.278401694,-0.518146252,0.375813759,-0.036607512,-0.183086185,0.550612911,-0.122392727,-0.298255614,0.677965038,-0.199140279,-0.365615452,0.78776746,-0.263952583,-0.405289041,0.378622902,-0.08271206,-0.137940939,0.501554259,-0.134905415,-0.233710411,0.594300345,-0.18032014,-0.293356997,0.683027092,-0.219247796,-0.333062426,165.9338802,177.7494865,173.3325711,174.1051028,170.7325354,174.3035061,172.3784118,172.8840206,173.7855532,171.9658959,0,0,0,0.009110536,-0.294914929,-0.059617573,0.063304483,-0.59226001,-0.117718673,0.100022743,-0.804044265,-0.163485029,0.107838696,-0.975521069,-0.191649313,0.258693718,-0.619619115,-0.125246288,-0.008605143,-0.633934486,-0.176058134,-0.039692729,-0.52271805,-0.190963845,0.028337746,-0.494426244,-0.204346657,0.291361249,-0.448193277,-0.131831709,-0.015160505,-0.461047133,-0.166076471,-0.022503825,-0.378237236,-0.150848489,0.06834362,-0.374310817,-0.150091336,0.275138898,-0.257028008,-0.141454891,0.031162447,-0.2946372,-0.167972192,0.009698754,-0.255854415,-0.12113542,0.049662764,-0.22110861,-0.097359282,0.237975835,-0.070574175,-0.158859238,0.189490835,-0.122553687,-0.206291969,0.258791952,-0.122497269,-0.201980745,0.356402463,-0.09640487,-0.191530254,178.7304121,172.3957605,103.6278285,98.11645838,91.4604555,87.53589938,99.11372378,115.3596012,53.04311484,164.9408747,HELP
0,0,0,-0.058734376,-0.118225759,-0.250673839,-0.042881643,-0.196296683,-0.404190607,-0.017371445,-0.253611882,-0.506297432,-0.002667067,-0.314700831,-0.611015943,0.212748608,-0.046389897,-0.406920784,0.363504415,-0.101126702,-0.557856442,0.493938668,-0.157395796,-0.665109585,0.606668928,-0.213384669,-0.735460262,0.297914165,-0.034974233,-0.317492266,0.473522384,-0.121979873,-0.456075768,0.614172665,-0.214558195,-0.541511414,0.739211476,-0.299306917,-0.603309012,0.343746647,-0.050023483,-0.234525896,0.506707188,-0.134049666,-0.347311824,0.628635465,-0.213377358,-0.414326213,0.735033322,-0.280583452,-0.457007246,0.358656152,-0.091909154,-0.166934993,0.474554494,-0.13926275,-0.255406744,0.559166813,-0.187042684,-0.310519389,0.643847543,-0.224699023,-0.349585453,172.5840848,174.5265354,173.2688724,171.7292164,169.7136716,175.2805323,171.4535763,173.9436542,171.6524839,171.677263,0,0,0,0.006866217,-0.293914059,-0.057944371,0.056386391,-0.596077307,-0.108575116,0.083962187,-0.809451055,-0.147003458,0.085400624,-0.982013268,-0.168394401,0.250019008,-0.626414708,-0.120344127,-0.022239581,-0.646957466,-0.177590148,-0.047528387,-0.53473794,-0.201679327,0.025312222,-0.517034903,-0.222665296,0.286324141,-0.460265224,-0.128292497,-0.034883483,-0.480588226,-0.171516318,-0.034167746,-0.391911705,-0.165208173,0.063120268,-0.392039896,-0.17074724,0.27532732,-0.264360544,-0.13996552,0.005070056,-0.303040083,-0.173312444,-0.007466782,-0.258077341,-0.133182033,0.044910664,-0.225048249,-0.11399318,0.242363755,-0.068761558,-0.15952718,0.152274598,-0.117791237,-0.215315523,0.216841886,-0.114897387,-0.218610305,0.318430519,-0.091558973,-0.21343886,177.9277842,172.5283418,100.4711114,94.07469431,85.42129874,90.15425023,91.05184259,113.6124118,40.16049711,168.1294514,HELP
0,0,0,-0.064903987,-0.111477654,-0.257236909,-0.066792725,-0.189102364,-0.421193496,-0.058178336,-0.241160703,-0.530191271,-0.058597395,-0.301995408,-0.643345459,0.171493906,-0.032723664,-0.454071508,0.320006975,-0.084560981,-0.616275626,0.451421145,-0.142672495,-0.728217168,0.564467051,-0.199350688,-0.801022004,0.262494528,-0.031145208,-0.358839603,0.435478174,-0.105971633,-0.507777205,0.572597888,-0.197926184,-0.597638046,0.692369544,-0.281166287,-0.663967824,0.313923881,-0.051492361,-0.266114151,0.467649135,-0.124572509,-0.385091577,0.584351951,-0.202800347,-0.458100569,0.682630234,-0.265121573,-0.506039497,0.335669484,-0.092260078,-0.187401163,0.441597032,-0.131279634,-0.277974515,0.518177462,-0.175735468,-0.33631193,0.594366573,-0.211279607,-0.379346677,175.30423,174.9169506,171.3294603,171.6779857,166.9253897,175.7927758,169.6157761,174.7467829,170.3561574,172.3122245,0,0,0,-0.024252926,-0.282941736,-0.089329587,0.010813671,-0.597681767,-0.170698598,0.016683549,-0.816038041,-0.233832413,-0.012592551,-0.960379845,-0.278409735,0.254846717,-0.720954489,-0.157436163,-0.028596179,-0.756094428,-0.222258906,-0.060520907,-0.633852652,-0.25877805,0.01366461,-0.605519894,-0.29001438,0.298085463,-0.548605016,-0.155763222,-0.032269205,-0.573238609,-0.200901621,-0.037858964,-0.474474367,-0.198881386,0.061757109,-0.46271512,-0.20913044,0.284888617,-0.345768162,-0.158905827,0.021490403,-0.386965216,-0.191127208,-0.005870234,-0.332755659,-0.147897268,0.037971743,-0.285272531,-0.128611279,0.249186865,-0.145920352,-0.172586108,0.220431415,-0.206110536,-0.227095706,0.30745859,-0.200201474,-0.225932059,0.426054088,-0.172993967,-0.218679701,175.0394214,167.5057216,100.6531136,101.4911941,88.82647522,93.35497041,100.3040232,116.0548333,67.12273949,170.5788232,HELP
0,0,0,-0.079514076,-0.131197072,-0.249879791,-0.104349235,-0.21304772,-0.414726959,-0.124477376,-0.269345654,-0.527744581,-0.158796236,-0.326430708,-0.645705352,0.171841866,-0.060370642,-0.440065754,0.32362359,-0.108425022,-0.59948368,0.462732749,-0.164268717,-0.712266131,0.579337818,-0.21896717,-0.785124876,0.266321968,-0.055937995,-0.347671076,0.443837839,-0.125247029,-0.484042934,0.582357264,-0.21924664,-0.563131798,0.700820889,-0.303545679,-0.622616324,0.319267778,-0.074515574,-0.259001433,0.477532738,-0.142749335,-0.367341141,0.592224933,-0.220812702,-0.431180521,0.688913231,-0.288874318,-0.473173999,0.336815416,-0.119159876,-0.184862622,0.450523611,-0.150316628,-0.267615804,0.529253344,-0.197119452,-0.318765834,0.605858076,-0.237441765,-0.356170978,178.5730414,174.3310379,171.2880084,172.0497817,164.9066409,176.7259362,167.8582475,174.760674,165.7020218,173.5893775,0,0,0,-0.011935023,-0.288640858,-0.079748343,0.019118346,-0.594695245,-0.144247884,0.028208204,-0.813765129,-0.195195523,0.024022995,-0.973304709,-0.228256081,0.225987077,-0.675537165,-0.121966175,-0.044616424,-0.714626315,-0.192590552,-0.071953106,-0.598739926,-0.227619542,-0.001464587,-0.57354322,-0.251595237,0.263378293,-0.514805917,-0.121694062,-0.057783073,-0.542323711,-0.177764543,-0.055199128,-0.447672151,-0.17863007,0.039062479,-0.444605675,-0.182553204,0.250600056,-0.326406333,-0.1287377,-0.01784604,-0.366816847,-0.17396747,-0.025417583,-0.307084489,-0.139939708,0.031615913,-0.270910504,-0.117806566,0.21351801,-0.141147365,-0.14531419,0.096518858,-0.191013522,-0.196473571,0.125343428,-0.181462172,-0.193429854,0.199974406,-0.159891886,-0.180926666,176.4288511,175.9551461,98.76607834,100.8287346,83.72566581,93.44560437,84.20972456,120.3270764,16.84039367,175.878803,HELP
0,0,0,0,0,0,0,0,0,0,0,0,0,0,0,0,0,0,0,0,0,0,0,0,0,0,0,0,0,0,0,0,0,0,0,0,0,0,0,0,0,0,0,0,0,0,0,0,0,0,0,0,0,0,0,0,0,0,0,0,0,0,0,0,0,0,0,0,0,0,0,0,0,0,0,0,-0.013580616,-0.286510498,-0.087459021,0.024603387,-0.595883206,-0.168557919,0.031876517,-0.815152829,-0.230600134,0.000979085,-0.962272056,-0.272087359,0.2663615,-0.718528486,-0.176145423,-0.027789806,-0.740051485,-0.233808252,-0.061040474,-0.609065935,-0.257210955,0.010502795,-0.575068177,-0.27982453,0.306766531,-0.542872364,-0.175121707,-0.018715739,-0.558140739,-0.218883565,-0.02873687,-0.460176279,-0.211619373,0.068652736,-0.447695226,-0.219181238,0.293698743,-0.337854574,-0.176046254,0.052099171,-0.376562129,-0.20962805,0.013213189,-0.32300221,-0.161324816,0.043725169,-0.273953019,-0.138964054,0.256181979,-0.128151506,-0.187101385,0.295059503,-0.170159563,-0.243958647,0.412197551,-0.184058066,-0.244899242,0.545002366,-0.179395494,-0.239786423,174.8902395,166.7400011,101.6326725,103.3230147,92.55650155,91.13025419,106.357814,119.7764319,123.056327,170.8205829,HELP
0,0,0,0,0,0,0,0,0,0,0,0,0,0,0,0,0,0,0,0,0,0,0,0,0,0,0,0,0,0,0,0,0,0,0,0,0,0,0,0,0,0,0,0,0,0,0,0,0,0,0,0,0,0,0,0,0,0,0,0,0,0,0,0,0,0,0,0,0,0,0,0,0,0,0,0,0.011260854,-0.299881321,-0.052632665,0.059113191,-0.605583,-0.109508239,0.083485021,-0.814176906,-0.154130242,0.089192197,-0.97942121,-0.18104929,0.263096209,-0.618488695,-0.16440917,-0.011135245,-0.650557898,-0.217308533,-0.047352124,-0.543583074,-0.228137669,0.012257109,-0.517172798,-0.240666038,0.294440463,-0.446861694,-0.176245829,-0.018962942,-0.482398108,-0.220465691,-0.03273035,-0.394303878,-0.203275851,0.058736455,-0.373211934,-0.20275505,0.27900926,-0.251416901,-0.187886355,0.038473439,-0.305928592,-0.222101507,-0.00308381,-0.277745146,-0.174589391,0.023981264,-0.234064836,-0.152965957,0.241151939,-0.052004865,-0.206316174,0.281771838,-0.104457659,-0.266663075,0.39377954,-0.128103317,-0.274833475,0.516067214,-0.117757593,-0.276070564,177.2853006,174.6271437,102.8139374,96.11210196,90.840131,94.08869005,113.392191,107.1066807,127.6200754,162.8924964,HELP
0,0,0,-0.070263167,-0.112698453,-0.244380747,-0.072208429,-0.200543243,-0.404436803,-0.050919972,-0.2436699,-0.515143202,-0.034023382,-0.296297676,-0.629104543,0.173530369,-0.070945337,-0.427324351,0.3314369,-0.133027005,-0.585827314,0.467527565,-0.184730398,-0.691670379,0.581903769,-0.232257763,-0.758845097,0.260816114,-0.03732583,-0.344901864,0.441000752,-0.126568285,-0.490586797,0.588465732,-0.218482281,-0.572492608,0.71648862,-0.297977368,-0.630756329,0.309249973,-0.03982932,-0.26780935,0.475469408,-0.12534736,-0.38771271,0.602572103,-0.211605273,-0.455569369,0.707868031,-0.27371771,-0.497559228,0.327773817,-0.07100575,-0.204567029,0.454197971,-0.127149513,-0.299636594,0.546737354,-0.181246304,-0.357490052,0.629457303,-0.218249729,-0.397386684,166.905918,175.7136167,172.941663,172.3002964,168.2820952,175.884099,169.2515517,174.0556837,171.7954467,172.7617542,0,0,0,-0.011715211,-0.30002253,-0.059889141,0.029845774,-0.606921726,-0.125788353,0.049763592,-0.816764961,-0.177143752,0.039985896,-0.97696628,-0.209613968,0.245031192,-0.682576105,-0.163412044,-0.0355992,-0.695227126,-0.216889559,-0.058853468,-0.573497544,-0.233410692,0.009528314,-0.553851429,-0.251757527,0.280884229,-0.506027395,-0.172597097,-0.031377475,-0.535173191,-0.212824661,-0.029310999,-0.439892188,-0.197725735,0.068928251,-0.431080651,-0.200663424,0.266148401,-0.300862466,-0.181919128,0.02496514,-0.34581828,-0.208639225,-0.005683354,-0.308884184,-0.160747276,0.028012207,-0.273441556,-0.142511582,0.22643574,-0.096487078,-0.199124972,0.244665239,-0.137867547,-0.255138294,0.360717732,-0.151314048,-0.264171834,0.493349737,-0.145232258,-0.267599634,177.1916553,171.0061013,99.44855804,96.90496,82.41036096,96.01764932,105.4292082,108.9570193,112.1317526,170.312189,HELP
0,0,0,-0.073768764,-0.136557215,-0.23177195,-0.090205887,-0.226044681,-0.387498063,-0.108673938,-0.268866381,-0.501408034,-0.143283972,-0.312713528,-0.620572462,0.193554761,-0.063687506,-0.386560204,0.356509625,-0.129753624,-0.529198318,0.499778004,-0.182660596,-0.627210189,0.617260627,-0.231885609,-0.691844148,0.267559843,-0.034339597,-0.316771677,0.456266703,-0.132184111,-0.451651205,0.607946474,-0.226782143,-0.534668662,0.743956125,-0.30738692,-0.59333175,0.308168538,-0.042288133,-0.253258733,0.482375851,-0.135906314,-0.364199479,0.611388616,-0.223915047,-0.433294725,0.725568562,-0.291283998,-0.476786264,0.322355706,-0.085474704,-0.204486503,0.450843448,-0.139003861,-0.292242335,0.544239515,-0.194466373,-0.347522386,0.634095763,-0.231543998,-0.386119708,170.1728487,173.3574539,173.4684258,173.8199815,171.5148377,175.2789582,172.3352205,173.2936211,171.2163593,170.7629136,0,0,0,0.001714698,-0.286544835,-0.070400542,0.047194771,-0.604925847,-0.120816797,0.069123877,-0.82019335,-0.155025359,0.065739256,-0.983592173,-0.168002345,0.246428477,-0.653805918,-0.123040328,-0.033375015,-0.659062675,-0.180185542,-0.059366315,-0.539849319,-0.207369774,0.010729412,-0.51011099,-0.22808101,0.279241193,-0.48423714,-0.123800838,-0.030146139,-0.483995906,-0.168220152,-0.029402854,-0.39409745,-0.167400168,0.056586204,-0.382741914,-0.175137053,0.264118175,-0.293319397,-0.129205096,0.026727428,-0.324857042,-0.17752907,0.005070695,-0.269313621,-0.143329308,0.035652978,-0.220693207,-0.120967925,0.228727271,-0.104316824,-0.142130622,0.230636252,-0.156920182,-0.203469998,0.321957112,-0.153439241,-0.203436562,0.427404722,-0.13117234,-0.193589885,177.6962329,171.741653,103.2755104,103.4016518,89.50107826,97.91721043,95.9367422,131.4235327,89.91599644,168.9607669,HELP
0,0,0,0,0,0,0,0,0,0,0,0,0,0,0,0,0,0,0,0,0,0,0,0,0,0,0,0,0,0,0,0,0,0,0,0,0,0,0,0,0,0,0,0,0,0,0,0,0,0,0,0,0,0,0,0,0,0,0,0,0,0,0,0,0,0,0,0,0,0,0,0,0,0,0,0,-0.007092334,-0.283436245,-0.07653617,0.030101198,-0.591749101,-0.144927738,0.0391104,-0.808891566,-0.196789719,0.024622077,-0.973085252,-0.229126267,0.251006471,-0.670955629,-0.159385722,-0.02348277,-0.705621664,-0.216704842,-0.060671633,-0.583016472,-0.238408494,0.004178671,-0.552214385,-0.257932992,0.288517247,-0.49757432,-0.159928841,-0.02474848,-0.531150172,-0.207327522,-0.039323702,-0.433686583,-0.202512587,0.053977839,-0.420066456,-0.208971413,0.276140696,-0.300543727,-0.162551641,0.040056717,-0.35590023,-0.204277067,0.001072066,-0.302043564,-0.163800552,0.028373864,-0.252290624,-0.142641735,0.240000972,-0.104086453,-0.173113714,0.280169337,-0.153295399,-0.233459755,0.393224741,-0.163816765,-0.238085856,0.519726568,-0.153815205,-0.234207432,175.4897277,172.3815369,101.3116378,100.6603383,91.94196647,89.60970189,103.6919627,121.6170961,122.4203817,169.3427361,HELP
0,0,0,0,0,0,0,0,0,0,0,0,0,0,0,0,0,0,0,0,0,0,0,0,0,0,0,0,0,0,0,0,0,0,0,0,0,0,0,0,0,0,0,0,0,0,0,0,0,0,0,0,0,0,0,0,0,0,0,0,0,0,0,0,0,0,0,0,0,0,0,0,0,0,0,0,-0.002555538,-0.281067807,-0.075917449,0.032555006,-0.587265343,-0.148423954,0.041809402,-0.803967667,-0.205067479,0.026824563,-0.970059453,-0.241381651,0.253851642,-0.681062561,-0.165275113,-0.018832828,-0.707581151,-0.222755523,-0.052004412,-0.588380055,-0.239003876,0.008586515,-0.554584327,-0.25345538,0.291753999,-0.509460438,-0.166306097,-0.010712245,-0.532598486,-0.212697187,-0.028504266,-0.434214521,-0.199146649,0.061014399,-0.422696516,-0.198415029,0.281824156,-0.313902212,-0.169740767,0.057815568,-0.357246062,-0.211881167,0.012306554,-0.304773354,-0.166494073,0.031693877,-0.255392048,-0.14120293,0.247061336,-0.118906472,-0.181325998,0.301059226,-0.15319986,-0.244150934,0.415200833,-0.163349383,-0.249979302,0.540037995,-0.153987416,-0.246276025,175.7768832,172.237155,101.2548208,104.761215,94.58752182,87.17011092,108.1822829,125.860285,131.9530202,169.5534191,HELP
0,0,0,0,0,0,0,0,0,0,0,0,0,0,0,0,0,0,0,0,0,0,0,0,0,0,0,0,0,0,0,0,0,0,0,0,0,0,0,0,0,0,0,0,0,0,0,0,0,0,0,0,0,0,0,0,0,0,0,0,0,0,0,0,0,0,0,0,0,0,0,0,0,0,0,0,-0.006256456,-0.290305417,-0.08301266,0.039413642,-0.599303686,-0.16260726,0.053244494,-0.817969454,-0.224399334,0.022818472,-0.963512407,-0.266689256,0.281579752,-0.692194754,-0.182403975,-0.009536769,-0.740493066,-0.243266774,-0.047587518,-0.608649589,-0.264081154,0.021880123,-0.572415352,-0.284400573,0.322339611,-0.517362162,-0.182834407,-0.011133989,-0.561215202,-0.235172127,-0.027174782,-0.450928611,-0.22745376,0.074386991,-0.428642313,-0.233016473,0.311088185,-0.311388971,-0.18479113,0.059518175,-0.372305434,-0.225658929,0.014222092,-0.316916015,-0.182828271,0.046640059,-0.260490224,-0.162884909,0.277600145,-0.103604794,-0.195830544,0.317043657,-0.154384959,-0.258466319,0.432550134,-0.168024547,-0.267948502,0.566301373,-0.157181934,-0.268725008,175.1440352,165.1557792,98.21579923,103.1552667,90.16395501,93.87336867,106.6750681,116.2577347,123.8995001,167.840006,HELP
0,0,0,-0.054261991,-0.1510005,-0.197716016,-0.050125426,-0.236084598,-0.327968051,-0.073906329,-0.271576641,-0.425219229,-0.114139872,-0.307980242,-0.529495201,0.260617851,-0.059429329,-0.308686792,0.423935783,-0.119794449,-0.433415066,0.569549533,-0.1776993,-0.527094756,0.690769132,-0.233018036,-0.592117099,0.331632041,-0.040555598,-0.25491905,0.519872714,-0.127998572,-0.370140173,0.663586517,-0.218257071,-0.452972437,0.801868905,-0.303550691,-0.514648655,0.364988858,-0.052048955,-0.208587147,0.541015557,-0.138458331,-0.303503778,0.664716291,-0.218729368,-0.372703982,0.781243893,-0.290535029,-0.419184239,0.367167119,-0.096742422,-0.17581058,0.495433681,-0.148771815,-0.253006714,0.586536902,-0.199015587,-0.305388809,0.680020627,-0.239097148,-0.343834692,160.5486958,172.8646495,175.1009334,174.5221345,172.9196919,174.7409144,173.7827491,173.4858789,173.5114156,172.041434,0,0,0,-0.004211812,-0.284211726,-0.079172741,0.036065114,-0.589073123,-0.156072283,0.044270397,-0.804656871,-0.21624231,0.019397809,-0.966629504,-0.255443001,0.270136734,-0.682305794,-0.17280513,-0.011936043,-0.711574433,-0.232823245,-0.049651847,-0.591974243,-0.254286343,0.013411478,-0.555560987,-0.273314146,0.304104653,-0.510033645,-0.174145569,-0.005107437,-0.532597358,-0.221190729,-0.023397597,-0.436102591,-0.209981422,0.066172176,-0.422607163,-0.212433447,0.289689762,-0.311994318,-0.177530087,0.062331061,-0.354511122,-0.218228434,0.014724982,-0.303121474,-0.169414024,0.032814074,-0.254764328,-0.142947712,0.252909658,-0.113588786,-0.189734751,0.318464071,-0.149818989,-0.251985785,0.442044949,-0.158550977,-0.254976557,0.573041052,-0.14909092,-0.249806736,174.5982905,169.2223137,103.207238,104.4209599,95.46255852,87.67432692,109.373709,126.0571249,135.46689,171.0470097,HELP
0,0,0,0.022968159,-0.150394855,-0.121914505,0.12016396,-0.23336457,-0.1998909,0.213926844,-0.283533775,-0.256749722,0.293919729,-0.333931415,-0.315622077,0.321105868,-0.033272961,-0.211151154,0.492854815,-0.105148551,-0.328957344,0.643233417,-0.170215809,-0.412455778,0.763963084,-0.22999644,-0.467176117,0.358961094,-0.016897029,-0.192740237,0.558628787,-0.103683113,-0.313121536,0.712172976,-0.201500778,-0.39069943,0.847683788,-0.292051784,-0.442874644,0.369068622,-0.032753882,-0.180495165,0.562354029,-0.117533593,-0.290096268,0.696645325,-0.202114348,-0.353752339,0.811635307,-0.273756234,-0.389902597,0.357808831,-0.072923836,-0.174540999,0.500716325,-0.122668004,-0.2681005,0.604909887,-0.169706145,-0.322950357,0.701660699,-0.214172317,-0.358504026,168.8063633,174.8189559,174.6348233,174.4050395,170.0071826,174.5317697,170.4494898,173.068177,172.4267485,172.809415,0,0,0,0.000238676,-0.292917358,-0.072945122,0.041207303,-0.597957554,-0.139593639,0.053939263,-0.811052931,-0.191065229,0.03219338,-0.9744368,-0.222343223,0.26338472,-0.681713933,-0.150208411,-0.012565029,-0.694081529,-0.204896963,-0.047539201,-0.576824274,-0.221884507,0.012026476,-0.542112415,-0.237162677,0.302142298,-0.503666287,-0.152566396,-0.004967615,-0.507763351,-0.19774901,-0.023194856,-0.416372925,-0.18854469,0.061857199,-0.4057634,-0.190673709,0.290824347,-0.306000931,-0.157622637,0.062663999,-0.334672728,-0.204191577,0.015137549,-0.285675776,-0.162548875,0.028561163,-0.240841208,-0.137401912,0.253911835,-0.110647401,-0.170367274,0.307637481,-0.142643299,-0.237031569,0.42581315,-0.146156595,-0.242897615,0.55212096,-0.132227578,-0.237929141,175.6554834,168.8814173,105.2157225,104.9227108,99.51846877,85.71259422,113.5621617,127.835588,129.296013,170.5201416,HELP
0,0,0,0,0,0,0,0,0,0,0,0,0,0,0,0,0,0,0,0,0,0,0,0,0,0,0,0,0,0,0,0,0,0,0,0,0,0,0,0,0,0,0,0,0,0,0,0,0,0,0,0,0,0,0,0,0,0,0,0,0,0,0,0,0,0,0,0,0,0,0,0,0,0,0,0,-0.023771903,-0.283521196,-0.088179517,0.014815541,-0.591813281,-0.159975197,0.026047047,-0.811647181,-0.210538844,-0.01227537,-0.969899784,-0.243194828,0.262701372,-0.676961589,-0.160789101,0.001708061,-0.692918454,-0.224612378,-0.029013147,-0.574280571,-0.263535426,0.044218625,-0.537954596,-0.296437552,0.311836919,-0.508216772,-0.154427392,0.000388259,-0.524135967,-0.202115906,-0.013382381,-0.426603868,-0.206247066,0.078923631,-0.404170283,-0.220253603,0.309647287,-0.313309181,-0.151456676,0.061530989,-0.344664716,-0.192317733,0.031851819,-0.285545335,-0.158550406,0.066699805,-0.237284456,-0.141797818,0.289062077,-0.120526447,-0.157307351,0.280676995,-0.154720555,-0.213768564,0.364620833,-0.143405266,-0.213442513,0.473359504,-0.124082193,-0.205432557,175.8872502,163.7533905,104.4034495,107.1461921,95.41148307,95.91006145,102.6769596,121.2762045,78.6504052,175.3740894,HELP
0,0,0,-0.088967584,-0.143907347,-0.248260979,-0.123997,-0.2402152,-0.41369397,-0.169743321,-0.302122096,-0.532359969,-0.231298947,-0.350807502,-0.657110428,0.175212116,-0.088840982,-0.413631858,0.332393269,-0.139188289,-0.557945323,0.474861936,-0.19496257,-0.664117779,0.595546403,-0.251857295,-0.736556665,0.269551515,-0.071485004,-0.328785063,0.448279068,-0.152641064,-0.453046485,0.592223946,-0.248083227,-0.532371703,0.728682515,-0.340588682,-0.594155823,0.322763673,-0.082809276,-0.249356557,0.480254067,-0.159002999,-0.344550066,0.600308162,-0.241680142,-0.407673379,0.711991339,-0.321297749,-0.453108571,0.341939843,-0.129936792,-0.18666061,0.463770706,-0.17008544,-0.261969335,0.550818481,-0.22235664,-0.311507585,0.640567852,-0.266064511,-0.349928783,171.1132981,171.7882323,172.9804155,172.9212457,168.9106145,175.8252248,170.6143469,174.8254542,167.9368708,173.2235807,0,0,0,-0.005378078,-0.277963514,-0.070249934,0.042808286,-0.585135763,-0.131160486,0.058394472,-0.803718549,-0.175169039,0.036974154,-0.979273802,-0.199137471,0.258850472,-0.639038069,-0.134463418,-0.014509273,-0.653877001,-0.18736222,-0.042816588,-0.538718696,-0.217334123,0.028222861,-0.50733619,-0.243834804,0.293367813,-0.477972335,-0.133949499,-0.013802241,-0.490559244,-0.170144429,-0.012573835,-0.396565317,-0.168946786,0.079434601,-0.379848396,-0.180665603,0.277479213,-0.292130865,-0.135814129,0.04089284,-0.324457258,-0.168349211,0.017857963,-0.266420739,-0.130526255,0.04908158,-0.214842266,-0.11226402,0.240237763,-0.111860144,-0.145605822,0.260307383,-0.14665232,-0.200286374,0.367465657,-0.136120517,-0.201511488,0.485281986,-0.108100347,-0.195788483,175.2395449,168.52331,102.9012128,103.8177885,86.84084546,100.865938,97.65321659,130.1397809,104.6772273,171.5316328,HELP
0,0,0,-0.087207129,-0.153941212,-0.257235297,-0.11562976,-0.251791546,-0.4234319,-0.163584065,-0.298954618,-0.539842009,-0.230004443,-0.331283449,-0.662584203,0.17712011,-0.099222279,-0.427373446,0.336426899,-0.154426513,-0.57095059,0.475012704,-0.208192568,-0.673949348,0.590484808,-0.260930284,-0.742768662,0.271063362,-0.073552506,-0.336580895,0.455452733,-0.15959173,-0.459597484,0.601351954,-0.249872729,-0.536385972,0.732356504,-0.330810275,-0.595162593,0.327980559,-0.077933072,-0.251559488,0.489307123,-0.160299055,-0.34580082,0.608026352,-0.241225925,-0.411172726,0.717626745,-0.314029127,-0.457802584,0.353067805,-0.118284718,-0.18389423,0.468699017,-0.165607001,-0.258703821,0.549413814,-0.21810953,-0.309906702,0.634155514,-0.25872777,-0.349247372,165.0679591,170.5346492,174.0554268,173.1185533,170.7672515,176.7598348,172.8218565,174.9928365,170.1641363,171.4431441,0,0,0,-0.007380691,-0.283535986,-0.066750068,0.053774403,-0.597304976,-0.116469966,0.095057289,-0.811478679,-0.151943348,0.086738361,-0.981810525,-0.168892126,0.266330015,-0.661409692,-0.113861064,0.016048873,-0.672995379,-0.167874521,-0.018196181,-0.561139455,-0.192944112,0.046792489,-0.53366683,-0.21478917,0.315609018,-0.492903354,-0.116543853,0.017097453,-0.503251121,-0.156818233,-0.000423682,-0.403954123,-0.14863738,0.090813444,-0.39188975,-0.149386253,0.311164103,-0.297688673,-0.124779157,0.067132036,-0.329242536,-0.167100935,0.033270325,-0.266925633,-0.124918782,0.06863935,-0.217739617,-0.098019981,0.279305123,-0.10935287,-0.140779096,0.266260107,-0.152424338,-0.205206911,0.350282515,-0.144776994,-0.206144691,0.461411274,-0.120009071,-0.195317133,179.4980819,165.949604,106.3441172,99.08336266,97.29817574,87.49617708,102.6491779,123.2866549,78.12074077,170.4535374,HELP
0,0,0,-0.066004669,-0.130358174,-0.244048166,-0.070214295,-0.214466012,-0.400070991,-0.088687256,-0.267099399,-0.51081067,-0.127882055,-0.309636574,-0.626736487,0.223787239,-0.066215411,-0.390242724,0.387741596,-0.125935507,-0.5304141,0.527247954,-0.175211114,-0.630312059,0.643799263,-0.224460821,-0.696227857,0.302232185,-0.042323195,-0.308649513,0.48847229,-0.130739662,-0.433917104,0.633317073,-0.221500924,-0.513157869,0.762940364,-0.303181779,-0.570966558,0.343925033,-0.050692426,-0.234298771,0.514237064,-0.13380942,-0.333448872,0.636302451,-0.214977935,-0.398379177,0.745058902,-0.282012819,-0.441108663,0.356886526,-0.093168613,-0.176329336,0.486552007,-0.139627916,-0.253192356,0.577889731,-0.190014358,-0.303143293,0.666350789,-0.226815956,-0.339256245,172.2232705,169.5963703,175.2185372,172.8372631,171.2913533,175.7827952,172.1936663,174.284091,171.1001625,172.3811727,0,0,0,-0.020542107,-0.279440723,-0.081293481,0.01572321,-0.592493852,-0.149299953,0.028743265,-0.81041112,-0.200570576,0.004013601,-0.972444336,-0.233100632,0.25003468,-0.670390322,-0.144365313,-0.006900527,-0.70699077,-0.209239213,-0.04039369,-0.592880294,-0.245802052,0.030154051,-0.553677662,-0.274763612,0.294178463,-0.508940828,-0.14304968,-0.012361843,-0.536094639,-0.190625919,-0.025425678,-0.441352899,-0.187971913,0.067973545,-0.415397046,-0.193946336,0.285735421,-0.321962157,-0.146840614,0.044840624,-0.365531403,-0.189778507,0.010731865,-0.302906006,-0.146405823,0.043742375,-0.244755045,-0.11977836,0.257118735,-0.136940092,-0.159869548,0.263453714,-0.188680758,-0.219963814,0.353497839,-0.182705546,-0.216638501,0.46589578,-0.156967574,-0.204146775,176.7079692,168.0078238,101.7904304,107.2821859,92.51183807,97.5632914,100.0656116,127.6622133,90.48996315,170.0421342,HELP
0,0,0,0,0,0,0,0,0,0,0,0,0,0,0,0,0,0,0,0,0,0,0,0,0,0,0,0,0,0,0,0,0,0,0,0,0,0,0,0,0,0,0,0,0,0,0,0,0,0,0,0,0,0,0,0,0,0,0,0,0,0,0,0,0,0,0,0,0,0,0,0,0,0,0,0,0.002043167,-0.285913223,-0.068507956,0.05081714,-0.591973487,-0.130595943,0.067350792,-0.812746239,-0.178344917,0.046629338,-0.977409222,-0.206147803,0.271977897,-0.675574356,-0.132645833,0.000966717,-0.703933239,-0.183106175,-0.040339371,-0.585173696,-0.204154224,0.018941607,-0.542980526,-0.223314078,0.303160495,-0.506750515,-0.136664832,-0.003086654,-0.526456476,-0.176277219,-0.015064086,-0.437891508,-0.171062746,0.068980014,-0.416443535,-0.177341224,0.286096094,-0.313608072,-0.143399259,0.05500733,-0.3565966,-0.179734704,0.018080419,-0.305253106,-0.137241597,0.040668999,-0.25406277,-0.114178675,0.247809397,-0.121413668,-0.158161867,0.28498157,-0.165693477,-0.21261338,0.39412439,-0.171676938,-0.211507455,0.514600959,-0.158058437,-0.203491887,175.2446501,168.4358094,104.5713394,108.0067409,93.55201991,96.34306578,105.3003762,126.9840892,119.3989817,169.8908286,HELP
0,0,0,-0.074546331,-0.14109976,-0.247866385,-0.085986396,-0.222011109,-0.405658343,-0.11114219,-0.25873434,-0.5176594,-0.14917511,-0.2909433,-0.635240825,0.208969451,-0.063495834,-0.393597774,0.37167107,-0.122956349,-0.532987383,0.515967597,-0.171554914,-0.633940867,0.636677731,-0.216494529,-0.701886277,0.293187082,-0.045438648,-0.310219471,0.479442178,-0.138158358,-0.432787235,0.625695811,-0.226700522,-0.514036162,0.760227515,-0.303015618,-0.574661344,0.339413148,-0.053873133,-0.234057055,0.508966032,-0.143434478,-0.331201472,0.630559125,-0.221995685,-0.399427529,0.742669568,-0.287823028,-0.445913384,0.354564539,-0.096006636,-0.174666877,0.477498115,-0.144888825,-0.25161257,0.563573066,-0.195991971,-0.304416758,0.650953617,-0.230848773,-0.34351518,167.7849104,174.0369553,174.5825604,174.0482328,173.4153314,175.7017999,175.1888518,173.9866295,171.7597855,170.3456931,0,0,0,-0.049566443,-0.27460655,-0.117080979,-0.055192025,-0.579212444,-0.208928676,-0.091181385,-0.788149867,-0.2790579,-0.168278592,-0.929463038,-0.328299828,0.27344133,-0.763997599,-0.160333825,-0.022507459,-0.795537589,-0.235844149,-0.065661037,-0.667924356,-0.284973796,0.010235801,-0.616750093,-0.3218394,0.333563208,-0.598908981,-0.150271998,-0.01175558,-0.610299011,-0.205134375,-0.025834235,-0.500637637,-0.2177514,0.066205736,-0.462543852,-0.234673769,0.336835977,-0.39609302,-0.147928755,0.057285905,-0.425947528,-0.202136926,0.032551558,-0.336532524,-0.171298956,0.075714063,-0.275304399,-0.150879938,0.318471311,-0.187836318,-0.157808127,0.292980868,-0.228045297,-0.218195241,0.378333198,-0.203582768,-0.208962221,0.493414502,-0.179149029,-0.190144467,171.5465423,162.0029278,106.4335025,110.9798178,96.34857196,105.9782013,95.27473452,131.567277,57.2181445,174.9073226,HELP
0,0,0,-0.047020797,-0.159280581,-0.181890174,-0.04155832,-0.248933105,-0.3074957,-0.073146423,-0.299763135,-0.403988467,-0.123101354,-0.340363731,-0.50752326,0.283578139,-0.064263675,-0.285228681,0.445132784,-0.132556933,-0.401100367,0.588816726,-0.188181336,-0.490400409,0.708925207,-0.242413831,-0.552430681,0.340842105,-0.043408514,-0.239595639,0.530141635,-0.146677303,-0.345259035,0.675695858,-0.241582161,-0.422520244,0.813678951,-0.327204994,-0.480482525,0.363020772,-0.062006548,-0.200680831,0.542938282,-0.157205748,-0.285527718,0.672079939,-0.243494243,-0.349049866,0.790702054,-0.314393256,-0.392458815,0.35680724,-0.122042712,-0.174898418,0.496510349,-0.177262028,-0.242807531,0.597100964,-0.228349377,-0.288436203,0.696171013,-0.264841783,-0.322395054,160.273055,169.9793067,176.3136486,174.3629761,175.3935821,175.4954412,174.5541033,174.4685388,174.5465513,172.4204887,0,0,0,-0.012057357,-0.286276959,-0.086291857,0.042540725,-0.606078965,-0.161309801,0.06192685,-0.822735371,-0.216607203,0.034026384,-0.967324876,-0.251246471,0.291464676,-0.6886913,-0.169257875,0.017448822,-0.723476769,-0.230475205,-0.017973583,-0.604961997,-0.259084461,0.053641192,-0.574733152,-0.285022086,0.332440437,-0.514650822,-0.166423649,0.018113361,-0.543104407,-0.211977517,0.00140141,-0.438868284,-0.202704532,0.099980917,-0.424852872,-0.206470413,0.319822809,-0.31009902,-0.167084297,0.08033911,-0.358734837,-0.20594535,0.038399407,-0.300169568,-0.157674921,0.07122133,-0.247656828,-0.131003435,0.28661953,-0.106107843,-0.177169318,0.326290391,-0.160030254,-0.23696077,0.433295233,-0.169430008,-0.236346879,0.558912911,-0.153985583,-0.227814379,175.3743862,164.3901831,101.7830237,99.89467735,93.16311481,88.7982796,104.3547995,120.7143739,119.2762539,167.4655569,HELP
0,0,0,0,0,0,0,0,0,0,0,0,0,0,0,0,0,0,0,0,0,0,0,0,0,0,0,0,0,0,0,0,0,0,0,0,0,0,0,0,0,0,0,0,0,0,0,0,0,0,0,0,0,0,0,0,0,0,0,0,0,0,0,0,0,0,0,0,0,0,0,0,0,0,0,0,0.003684529,-0.285991176,-0.067437481,0.046365989,-0.589023086,-0.136907511,0.06297536,-0.805172111,-0.192260695,0.048052379,-0.972519276,-0.227809628,0.262094961,-0.656899318,-0.160959589,-0.006786525,-0.680346254,-0.214259293,-0.047390388,-0.566939529,-0.226111571,0.006767706,-0.528579498,-0.238152704,0.297130305,-0.486779774,-0.165542285,-0.006930994,-0.500177038,-0.204883898,-0.030329837,-0.404775473,-0.182878028,0.055218706,-0.392580961,-0.176794649,0.286270609,-0.295070291,-0.171913961,0.059987513,-0.32893439,-0.205665266,0.015157505,-0.283599644,-0.148980805,0.031649922,-0.238410697,-0.117645198,0.25173758,-0.10488239,-0.186762759,0.299707365,-0.137589407,-0.247477131,0.41407709,-0.146598473,-0.247831365,0.536169917,-0.132377308,-0.239702015,176.1481034,170.4533331,105.4844361,106.3182725,99.25931504,85.36628899,109.8374439,129.0466076,127.0164753,168.1695188,HELP
0,0,0,0,0,0,0,0,0,0,0,0,0,0,0,0,0,0,0,0,0,0,0,0,0,0,0,0,0,0,0,0,0,0,0,0,0,0,0,0,0,0,0,0,0,0,0,0,0,0,0,0,0,0,0,0,0,0,0,0,0,0,0,0,0,0,0,0,0,0,0,0,0,0,0,0,0.00281232,-0.28722399,-0.071217228,0.053735349,-0.594341112,-0.13694701,0.075883784,-0.808817689,-0.186607426,0.066855026,-0.974347428,-0.214889496,0.277292589,-0.651728974,-0.159548339,0.002288245,-0.672030038,-0.215681534,-0.03742933,-0.551211244,-0.234130026,0.024537683,-0.509809944,-0.250925364,0.307538404,-0.482011473,-0.161781451,0.009594288,-0.492076965,-0.20490694,-0.010928953,-0.394881214,-0.193195648,0.074917675,-0.383892666,-0.195241253,0.292657556,-0.290135475,-0.16580535,0.071959171,-0.320036777,-0.205277455,0.024747768,-0.263171393,-0.15987233,0.040992692,-0.213232661,-0.13533328,0.256976142,-0.098398114,-0.177691051,0.323567632,-0.124511215,-0.238037466,0.443241722,-0.128819234,-0.241472132,0.567022406,-0.117754643,-0.236986704,176.3965707,170.5617433,105.2383494,106.8796825,98.84207917,85.24555736,110.6737677,129.3330337,137.672915,171.9177595,HELP
0,0,0,-0.074534139,-0.158699624,-0.235124241,-0.088522044,-0.248902125,-0.388917838,-0.122349407,-0.289260895,-0.500614751,-0.180519544,-0.32397121,-0.618776849,0.216158171,-0.090300619,-0.375053504,0.386978406,-0.149645154,-0.506745133,0.533153754,-0.199622701,-0.603910271,0.655476863,-0.248168304,-0.670199118,0.298040658,-0.056976938,-0.297524963,0.488207653,-0.150290891,-0.413770287,0.633684138,-0.240340249,-0.491933528,0.769960193,-0.320903379,-0.551527264,0.342258852,-0.058988503,-0.226592703,0.514971833,-0.145743589,-0.316052512,0.639082284,-0.232037977,-0.380159463,0.751888008,-0.30368436,-0.425197344,0.355216999,-0.103728547,-0.172154275,0.486505649,-0.155542547,-0.243323194,0.579162986,-0.210616071,-0.292777413,0.670708502,-0.249217495,-0.330360909,164.5943091,170.0540353,176.0832233,174.043001,173.4436241,175.9140005,172.3236994,175.0886955,171.4470035,171.7417905,0,0,0,-0.010145987,-0.272012595,-0.081180254,0.028620068,-0.583745483,-0.145832369,0.037766356,-0.805230079,-0.191672435,0.008562878,-0.976150326,-0.21692676,0.249787495,-0.650518417,-0.14055177,-0.026427223,-0.660284943,-0.199207572,-0.057784128,-0.544789195,-0.230460393,0.009230111,-0.509870929,-0.255155921,0.287398863,-0.490179341,-0.137838143,-0.017702931,-0.490526001,-0.181559009,-0.018739076,-0.397806873,-0.182381362,0.062974872,-0.376517453,-0.192546854,0.276105766,-0.31028573,-0.139195221,0.042213236,-0.329205736,-0.1837836,0.018916074,-0.262934498,-0.149784687,0.046607271,-0.20879987,-0.129395774,0.246740011,-0.131411526,-0.148926452,0.255097262,-0.166383884,-0.205639945,0.33981213,-0.152022107,-0.202546065,0.435932596,-0.122097399,-0.191898179,175.3645792,167.6440195,105.5456749,105.9567444,90.64138677,103.9221083,98.26348052,136.581811,90.30021456,171.3655957,HELP
0,0,0,0,0,0,0,0,0,0,0,0,0,0,0,0,0,0,0,0,0,0,0,0,0,0,0,0,0,0,0,0,0,0,0,0,0,0,0,0,0,0,0,0,0,0,0,0,0,0,0,0,0,0,0,0,0,0,0,0,0,0,0,0,0,0,0,0,0,0,0,0,0,0,0,0,-0.014474911,-0.270458813,-0.078038948,0.021970544,-0.584071766,-0.137409789,0.029943917,-0.802872386,-0.180665372,0.005903942,-0.978968649,-0.203925301,0.235993763,-0.647605751,-0.11688808,-0.038736953,-0.647784296,-0.174853775,-0.06495065,-0.538834266,-0.205367444,0.005428383,-0.506882284,-0.227745762,0.275355228,-0.486819776,-0.116014102,-0.033255928,-0.47973442,-0.156003276,-0.030347106,-0.390721837,-0.154053752,0.054654651,-0.369217384,-0.159619538,0.265923553,-0.310068912,-0.121312244,0.019020828,-0.321541813,-0.166223795,0.006757609,-0.254117503,-0.133446933,0.044787865,-0.199211391,-0.11126695,0.236668091,-0.139307398,-0.135431577,0.196080404,-0.168368155,-0.19486073,0.270401264,-0.143186124,-0.193406331,0.36298292,-0.102088378,-0.181247986,175.5004157,169.5794467,105.931314,104.3679564,89.28718578,105.9486244,92.34904611,137.8308817,50.98606431,172.2045463,HELP
0,0,0,-0.096544686,-0.150496954,-0.270213072,-0.13679068,-0.24316649,-0.445690142,-0.188555299,-0.296590994,-0.56912295,-0.254051706,-0.331893063,-0.697929553,0.167356881,-0.112978798,-0.444102587,0.321334587,-0.160676585,-0.592088283,0.455359905,-0.215209903,-0.698763474,0.564734955,-0.274465741,-0.769308167,0.261760376,-0.089501408,-0.345100312,0.443301143,-0.169296689,-0.472689966,0.588507926,-0.255617341,-0.550872386,0.717607954,-0.335964669,-0.61005456,0.319119218,-0.092582268,-0.251790334,0.475398637,-0.169919576,-0.347620426,0.595868397,-0.249166816,-0.410188152,0.705763665,-0.320882438,-0.454532881,0.346775707,-0.132401624,-0.176738825,0.463217598,-0.178322743,-0.250274698,0.544075595,-0.229801586,-0.297432504,0.629289897,-0.267403315,-0.333489593,169.5076756,171.0213578,172.7598327,171.3482758,169.9802605,176.2552322,171.7452164,175.1954902,169.4595236,170.5893564,0,0,0,-0.009945588,-0.280463405,-0.082484138,0.023430528,-0.590900197,-0.147272032,0.022170811,-0.808917409,-0.194400957,-0.007724205,-0.975362492,-0.220473006,0.256689851,-0.690877719,-0.135938298,-0.022757495,-0.712909797,-0.196150873,-0.059842006,-0.597867389,-0.228317573,0.005316437,-0.559963445,-0.25365386,0.294683179,-0.522331616,-0.135350507,-0.023282223,-0.529185649,-0.180986555,-0.025459351,-0.439325228,-0.184310499,0.057895105,-0.414889191,-0.195575394,0.283709131,-0.330809677,-0.139711466,0.035732528,-0.354567073,-0.187239753,0.018372415,-0.286999832,-0.155224406,0.054818062,-0.230378235,-0.135291162,0.253218013,-0.141138616,-0.152741212,0.24867305,-0.17942454,-0.215257518,0.33913585,-0.1556197,-0.214709119,0.4467661,-0.118690338,-0.203797491,173.6484312,169.718969,105.8015001,106.1039093,90.45208754,105.0949144,93.46943631,135.2941728,78.61089233,173.3520156,HELP
0,0,0,-0.061455504,-0.141159968,-0.237392655,-0.057641349,-0.225333493,-0.387359742,-0.067881154,-0.270696668,-0.492992142,-0.103925312,-0.312419256,-0.603934632,0.23299593,-0.055527756,-0.374655746,0.401299469,-0.118814666,-0.506657448,0.541660425,-0.17316398,-0.601452514,0.659158361,-0.225391262,-0.665940617,0.313279864,-0.02812952,-0.296137062,0.503339065,-0.12663851,-0.416295141,0.645554074,-0.221432055,-0.49529241,0.774208411,-0.305572974,-0.554280159,0.354191383,-0.038496448,-0.22460198,0.530894672,-0.130965927,-0.320113625,0.655204607,-0.217491721,-0.386670238,0.764068993,-0.287838271,-0.431852139,0.36368811,-0.089185255,-0.168984085,0.494468778,-0.14404694,-0.24533526,0.586733288,-0.199989876,-0.298181799,0.674627186,-0.240179966,-0.337312708,171.2071797,167.890167,175.8793309,173.911245,172.8123034,176.141178,173.1729243,175.1210622,172.1409893,172.6828392,0,0,0,-0.027138013,-0.282057899,-0.094187303,0.007211184,-0.589864719,-0.169455846,0.007393166,-0.809012522,-0.223355253,-0.043062211,-0.965559809,-0.256592871,0.267270122,-0.698572179,-0.162146383,-0.006330218,-0.736534294,-0.230159285,-0.039180112,-0.617468342,-0.267785814,0.035504245,-0.571285344,-0.297984916,0.320629064,-0.525979286,-0.156452355,-0.01028863,-0.537280918,-0.204773117,-0.01359563,-0.435005889,-0.20412315,0.088237832,-0.41358079,-0.21276322,0.321055564,-0.322953092,-0.155993014,0.055186607,-0.349486183,-0.197025506,0.042355076,-0.277383839,-0.154551564,0.089341593,-0.225401399,-0.130219094,0.301822611,-0.121020237,-0.166198082,0.279944284,-0.152817347,-0.226535505,0.370018656,-0.129211142,-0.221541776,0.486519726,-0.104392204,-0.207056693,173.8520748,162.3595782,101.0289015,110.411908,89.8444945,99.96353254,89.38812324,131.7121125,63.09439467,175.2926681,HELP
0,0,0,0,0,0,0,0,0,0,0,0,0,0,0,0,0,0,0,0,0,0,0,0,0,0,0,0,0,0,0,0,0,0,0,0,0,0,0,0,0,0,0,0,0,0,0,0,0,0,0,0,0,0,0,0,0,0,0,0,0,0,0,0,0,0,0,0,0,0,0,0,0,0,0,0,-0.022863122,-0.292388409,-0.100034481,0.019311753,-0.607636117,-0.180282155,0.035685064,-0.823240993,-0.238960744,0.00732062,-0.96155543,-0.274513321,0.2969804,-0.741627571,-0.172157058,0.000284883,-0.791143558,-0.238870066,-0.040300946,-0.659505119,-0.272840605,0.027976725,-0.610444434,-0.300658883,0.343352859,-0.56304935,-0.166190067,-0.001666239,-0.59349796,-0.21299188,-0.015970409,-0.482522156,-0.207335959,0.081127062,-0.459811403,-0.212914766,0.333002482,-0.351755884,-0.165582728,0.058743876,-0.396163577,-0.204089076,0.024848168,-0.329511477,-0.153297594,0.059627299,-0.272510448,-0.124256714,0.296243932,-0.138536461,-0.176897317,0.298485829,-0.196221717,-0.234125572,0.393527007,-0.203765104,-0.226223348,0.509121135,-0.191034158,-0.210948329,176.6557826,164.5502325,100.2644849,111.6325855,91.88995354,95.64088022,99.94873777,128.4750519,91.44405998,168.8853364,HELP
0,0,0,0,0,0,0,0,0,0,0,0,0,0,0,0,0,0,0,0,0,0,0,0,0,0,0,0,0,0,0,0,0,0,0,0,0,0,0,0,0,0,0,0,0,0,0,0,0,0,0,0,0,0,0,0,0,0,0,0,0,0,0,0,0,0,0,0,0,0,0,0,0,0,0,0,-0.003003997,-0.291803555,-0.077676041,0.05473487,-0.603001202,-0.137327476,0.094370668,-0.815634873,-0.179368812,0.092269088,-0.975250062,-0.20093216,0.288362001,-0.655396455,-0.142823448,0.013043034,-0.680818289,-0.195210339,-0.022344991,-0.564707574,-0.216389715,0.040845539,-0.528091718,-0.235729734,0.327643521,-0.48605087,-0.140253619,0.01453767,-0.504146285,-0.180363883,0.002294126,-0.410962735,-0.170582193,0.089298929,-0.392640253,-0.172478073,0.313929866,-0.293742672,-0.141547566,0.067506418,-0.327470429,-0.179419204,0.040303152,-0.273106999,-0.131024896,0.07113969,-0.221371251,-0.102092424,0.273357032,-0.101050454,-0.151985872,0.290010031,-0.149161317,-0.213167793,0.38942835,-0.149876016,-0.21070355,0.503245476,-0.127905829,-0.198759405,179.563262,168.3547216,103.1705519,105.0985378,93.36745922,94.25525597,98.93781691,130.5277256,101.2122924,167.8318692,HELP
0,0,0,0,0,0,0,0,0,0,0,0,0,0,0,0,0,0,0,0,0,0,0,0,0,0,0,0,0,0,0,0,0,0,0,0,0,0,0,0,0,0,0,0,0,0,0,0,0,0,0,0,0,0,0,0,0,0,0,0,0,0,0,0,0,0,0,0,0,0,0,0,0,0,0,0,-0.014184846,-0.286557925,-0.088927749,0.035783701,-0.594012622,-0.166020941,0.064078828,-0.810383927,-0.224027528,0.044347174,-0.964293069,-0.261098078,0.280946788,-0.69007858,-0.167718053,1.51E-05,-0.718709645,-0.22488521,-0.032178807,-0.603716728,-0.248296999,0.036384424,-0.567580983,-0.269260834,0.324155437,-0.51800086,-0.163606042,0.005845966,-0.531367613,-0.203987007,-0.003018822,-0.438383952,-0.191847015,0.088166582,-0.422708738,-0.193311254,0.314539945,-0.319263745,-0.162921747,0.069404054,-0.349145983,-0.195695232,0.038492075,-0.294162408,-0.140877455,0.065707084,-0.243708646,-0.109831955,0.279413368,-0.11742642,-0.172905441,0.314183385,-0.166015289,-0.228368674,0.426058179,-0.172672924,-0.221791799,0.548748607,-0.157699591,-0.208260351,177.9927587,165.6179258,101.6672979,104.4546932,92.06245998,94.15428007,101.4646802,131.845605,114.8658345,169.2687045,HELP
0,0,0,0,0,0,0,0,0,0,0,0,0,0,0,0,0,0,0,0,0,0,0,0,0,0,0,0,0,0,0,0,0,0,0,0,0,0,0,0,0,0,0,0,0,0,0,0,0,0,0,0,0,0,0,0,0,0,0,0,0,0,0,0,0,0,0,0,0,0,0,0,0,0,0,0,-0.029889624,-0.280144392,-0.090523239,-0.004209315,-0.580034313,-0.160203049,-0.003337459,-0.802394819,-0.21226607,-0.044065649,-0.968455608,-0.245258954,0.258980605,-0.706691737,-0.12539976,-0.006690703,-0.747105544,-0.191535596,-0.045880909,-0.625458818,-0.231699317,0.023769566,-0.57541749,-0.261105758,0.308129679,-0.546078625,-0.121902458,-0.015811286,-0.556812585,-0.17081399,-0.015745991,-0.457360897,-0.180534432,0.074486658,-0.424653207,-0.193687688,0.308292662,-0.356514784,-0.125299242,0.032339492,-0.380060581,-0.168852583,0.030504756,-0.299751129,-0.139672857,0.08597449,-0.24360845,-0.121849886,0.286411237,-0.167914386,-0.138978284,0.200109961,-0.204814528,-0.190997843,0.2589804,-0.172334399,-0.184155458,0.354977619,-0.140114018,-0.168354691,175.4402503,166.1174014,102.7014221,111.9425769,88.92728477,110.4769965,83.63723462,135.4370496,23.81725943,169.2939776,HELP
0,0,0,0,0,0,0,0,0,0,0,0,0,0,0,0,0,0,0,0,0,0,0,0,0,0,0,0,0,0,0,0,0,0,0,0,0,0,0,0,0,0,0,0,0,0,0,0,0,0,0,0,0,0,0,0,0,0,0,0,0,0,0,0,0,0,0,0,0,0,0,0,0,0,0,0,-0.017235448,-0.295068926,-0.078441382,0.034806359,-0.60335862,-0.133125169,0.071863371,-0.817817996,-0.171633004,0.074090061,-0.978821297,-0.190839017,0.253945012,-0.682860526,-0.118889269,-0.013153569,-0.705890964,-0.179664394,-0.04691615,-0.585789304,-0.211238376,0.022444972,-0.552477308,-0.235728298,0.296161595,-0.520666439,-0.117658121,-0.021820908,-0.532750818,-0.166102016,-0.026592069,-0.441538788,-0.166525547,0.062091286,-0.425289824,-0.172252069,0.287042368,-0.333606146,-0.123237781,0.017952171,-0.356536824,-0.166918933,0.002536259,-0.298449735,-0.128489842,0.049435983,-0.253184907,-0.103923253,0.251126721,-0.148506406,-0.138612268,0.169073001,-0.192049766,-0.197406744,0.224069912,-0.180679307,-0.19484319,0.316029535,-0.154750433,-0.18165014,179.6229431,170.5136,103.3540396,103.5357346,90.8485895,97.39019542,93.34193397,125.0029848,33.42279433,173.3503572,HELP
0,0,0,0,0,0,0,0,0,0,0,0,0,0,0,0,0,0,0,0,0,0,0,0,0,0,0,0,0,0,0,0,0,0,0,0,0,0,0,0,0,0,0,0,0,0,0,0,0,0,0,0,0,0,0,0,0,0,0,0,0,0,0,0,0,0,0,0,0,0,0,0,0,0,0,0,-0.015616829,-0.284888442,-0.071758105,0.045112399,-0.591622611,-0.12522721,0.079581677,-0.807855637,-0.163501719,0.071203999,-0.980419748,-0.183594957,0.26221218,-0.65949051,-0.108293219,0.009538603,-0.678861066,-0.166457126,-0.023432421,-0.56584994,-0.196257029,0.046549189,-0.534923986,-0.21871689,0.308227221,-0.494014058,-0.108901463,0.006124758,-0.504714597,-0.148015802,-0.003968513,-0.410485111,-0.144571815,0.08715175,-0.399127592,-0.147730002,0.300777956,-0.303424226,-0.116080897,0.044030134,-0.32783713,-0.154172953,0.023035507,-0.267476155,-0.121921252,0.069766824,-0.223317168,-0.102344038,0.269073782,-0.123162007,-0.131459806,0.192786924,-0.154523121,-0.186906696,0.244068878,-0.1343492,-0.187644382,0.332500724,-0.101424804,-0.177373199,177.8599456,167.8333441,104.4428284,101.0555776,93.7810368,90.91822737,98.28165692,118.7709567,34.69074205,172.9207761,HELP
0,0,0,0,0,0,0,0,0,0,0,0,0,0,0,0,0,0,0,0,0,0,0,0,0,0,0,0,0,0,0,0,0,0,0,0,0,0,0,0,0,0,0,0,0,0,0,0,0,0,0,0,0,0,0,0,0,0,0,0,0,0,0,0,0,0,0,0,0,0,0,0,0,0,0,0,-0.031085599,-0.287305118,-0.085264863,-0.00477406,-0.598258637,-0.151122634,-0.006742213,-0.81386273,-0.198993157,-0.033360382,-0.973446599,-0.226470317,0.24788756,-0.708982803,-0.131344478,-0.027642123,-0.74160586,-0.19495098,-0.065394844,-0.610564212,-0.230054905,0.005260981,-0.562631451,-0.256338641,0.297175158,-0.543837747,-0.131008593,-0.033479625,-0.553428518,-0.170547558,-0.035206701,-0.448285334,-0.169852338,0.057616759,-0.428424094,-0.177545215,0.291708754,-0.349416306,-0.136824654,0.007914377,-0.369124049,-0.175005439,0.002086255,-0.290710764,-0.139001209,0.056485172,-0.23700616,-0.117955069,0.265115511,-0.158972834,-0.15268042,0.164306677,-0.19851601,-0.208214423,0.219274705,-0.180186528,-0.202109091,0.310872572,-0.153640339,-0.186375172,174.7192506,170.7549314,102.0377015,111.136934,89.23979646,101.0676241,87.07652515,132.7191634,21.33110752,175.9184016,HELP
0,0,0,0,0,0,0,0,0,0,0,0,0,0,0,0,0,0,0,0,0,0,0,0,0,0,0,0,0,0,0,0,0,0,0,0,0,0,0,0,0,0,0,0,0,0,0,0,0,0,0,0,0,0,0,0,0,0,0,0,0,0,0,0,0,0,0,0,0,0,0,0,0,0,0,0,-0.030455645,-0.269424955,-0.080935489,-0.007356278,-0.571338933,-0.144143804,-0.013751746,-0.795080021,-0.191812092,-0.051814928,-0.973858996,-0.221164801,0.230110261,-0.684175167,-0.112942028,-0.038902122,-0.706643126,-0.173363438,-0.066507014,-0.591607269,-0.209848496,0.006795391,-0.53992462,-0.237205566,0.280382226,-0.525437774,-0.114239658,-0.039364099,-0.526644762,-0.152894244,-0.027034592,-0.432813648,-0.158062454,0.065050062,-0.403029155,-0.170043412,0.284216399,-0.338552231,-0.122258111,0.010309327,-0.359717729,-0.158972203,0.013622755,-0.281135454,-0.128116075,0.069239334,-0.227432923,-0.110595224,0.26689155,-0.150189268,-0.140210198,0.165248157,-0.18259492,-0.186686439,0.217910093,-0.154341088,-0.177858928,0.305553619,-0.125640419,-0.162362901,174.1054078,169.3871442,101.872627,115.0750769,82.74365418,115.5872258,80.90015834,137.5859797,18.1976124,169.9624316,HELP
0,0,0,0,0,0,0,0,0,0,0,0,0,0,0,0,0,0,0,0,0,0,0,0,0,0,0,0,0,0,0,0,0,0,0,0,0,0,0,0,0,0,0,0,0,0,0,0,0,0,0,0,0,0,0,0,0,0,0,0,0,0,0,0,0,0,0,0,0,0,0,0,0,0,0,0,-0.020289778,-0.277013238,-0.093878063,0.022958072,-0.585608845,-0.165838461,0.043415459,-0.803941445,-0.216856581,0.016615879,-0.968747745,-0.247490845,0.271817606,-0.672648815,-0.173210505,0.009190555,-0.698463785,-0.240219878,-0.027612362,-0.58315814,-0.271649875,0.038145675,-0.536517609,-0.295806796,0.324856911,-0.503086825,-0.165115526,0.017866718,-0.517302078,-0.217147254,-0.003341758,-0.421991839,-0.210086357,0.079361718,-0.389480746,-0.211226168,0.326586704,-0.305003205,-0.161606779,0.091498063,-0.337967641,-0.214221764,0.049710154,-0.277840513,-0.168029489,0.066766769,-0.219733429,-0.135330401,0.306695078,-0.10591254,-0.167593194,0.347567565,-0.145750487,-0.237721625,0.456710885,-0.14718844,-0.235779628,0.57741104,-0.13238534,-0.22086277,177.4251593,165.4626744,104.9698312,110.6817485,99.0286344,98.8368095,104.8956174,136.0725656,116.353907,170.225394,HELP
0,0,0,0,0,0,0,0,0,0,0,0,0,0,0,0,0,0,0,0,0,0,0,0,0,0,0,0,0,0,0,0,0,0,0,0,0,0,0,0,0,0,0,0,0,0,0,0,0,0,0,0,0,0,0,0,0,0,0,0,0,0,0,0,0,0,0,0,0,0,0,0,0,0,0,0,-0.007133271,-0.283045669,-0.073268009,0.050558635,-0.596518734,-0.130175482,0.086139683,-0.81720283,-0.169668685,0.075813423,-0.978894152,-0.189785575,0.274863501,-0.667843776,-0.138918346,0.000953253,-0.70105672,-0.191221396,-0.030931815,-0.581227825,-0.214656475,0.034835898,-0.545115541,-0.235954095,0.314971367,-0.504471152,-0.136847131,0.000843414,-0.529562087,-0.177688548,-0.006104618,-0.435963523,-0.174263426,0.08444228,-0.419517832,-0.181982091,0.304181936,-0.311617716,-0.137532419,0.057828943,-0.353564165,-0.171601006,0.029047316,-0.299139457,-0.132052646,0.060250156,-0.249926036,-0.112862156,0.267678644,-0.116232895,-0.14689128,0.27236703,-0.15929764,-0.205361464,0.371932079,-0.160272279,-0.210481226,0.490377561,-0.143799247,-0.20643532,178.715237,166.9900195,99.71362168,106.0992654,89.41293029,95.84774113,100.8059271,124.4448345,96.3949906,170.2094603,HELP
0,0,0,0,0,0,0,0,0,0,0,0,0,0,0,0,0,0,0,0,0,0,0,0,0,0,0,0,0,0,0,0,0,0,0,0,0,0,0,0,0,0,0,0,0,0,0,0,0,0,0,0,0,0,0,0,0,0,0,0,0,0,0,0,0,0,0,0,0,0,0,0,0,0,0,0,-0.008945877,-0.294938267,-0.072287715,0.047171299,-0.605692287,-0.124080717,0.078858966,-0.826257694,-0.159988068,0.066430947,-0.982028312,-0.176655948,0.268601626,-0.688875996,-0.118259916,0.000762136,-0.716476828,-0.175311413,-0.035347102,-0.59546111,-0.204361572,0.031470965,-0.564356882,-0.228860265,0.307534477,-0.528734788,-0.119553083,-0.009609926,-0.542729199,-0.164400634,-0.015400263,-0.447903379,-0.162732995,0.070850001,-0.435608402,-0.16999591,0.296796984,-0.3328825,-0.126510783,0.030052042,-0.366068586,-0.167975114,0.007633029,-0.310602193,-0.130555498,0.048180057,-0.268274734,-0.110007076,0.262592554,-0.13740944,-0.142508126,0.195086037,-0.192798466,-0.203785952,0.26301308,-0.18327191,-0.206338638,0.365523539,-0.158564407,-0.198788784,177.9398705,167.0061229,102.9427634,101.8278092,90.81732929,94.51787196,97.74911183,120.2429541,47.39670688,171.6342572,HELP
0,0,0,0,0,0,0,0,0,0,0,0,0,0,0,0,0,0,0,0,0,0,0,0,0,0,0,0,0,0,0,0,0,0,0,0,0,0,0,0,0,0,0,0,0,0,0,0,0,0,0,0,0,0,0,0,0,0,0,0,0,0,0,0,0,0,0,0,0,0,0,0,0,0,0,0,-0.015549372,-0.287308721,-0.094550445,0.037327877,-0.606017166,-0.170641212,0.058788826,-0.825633677,-0.225041901,0.031779936,-0.965660024,-0.257858009,0.295208824,-0.712511237,-0.189776961,0.001445054,-0.768771087,-0.255753241,-0.03538887,-0.6456971,-0.28513238,0.03219184,-0.603644675,-0.311496177,0.340738095,-0.531982345,-0.184468334,0.001955061,-0.577319842,-0.234073021,-0.014315327,-0.466517141,-0.22317913,0.082975059,-0.445410445,-0.226690483,0.332341643,-0.316444794,-0.182866743,0.065390663,-0.373411377,-0.225380255,0.024991433,-0.308644462,-0.171519936,0.05621596,-0.249333119,-0.141996289,0.297561507,-0.098167364,-0.192142689,0.324918707,-0.153529802,-0.260856437,0.43615015,-0.168839809,-0.262307981,0.566556268,-0.163454503,-0.254649746,176.2094547,163.9254342,98.31103567,108.2515491,89.9236701,93.66992351,100.7303364,127.5474281,112.6212577,169.0016157,HELP
0,0,0,0,0,0,0,0,0,0,0,0,0,0,0,0,0,0,0,0,0,0,0,0,0,0,0,0,0,0,0,0,0,0,0,0,0,0,0,0,0,0,0,0,0,0,0,0,0,0,0,0,0,0,0,0,0,0,0,0,0,0,0,0,0,0,0,0,0,0,0,0,0,0,0,0,-0.011973974,-0.284765231,-0.073340716,0.049347009,-0.60202754,-0.127554124,0.085331657,-0.822234727,-0.163796528,0.06973539,-0.981217105,-0.179860971,0.268882141,-0.687041982,-0.131055713,0.007925719,-0.704250201,-0.181547748,-0.027515479,-0.579678047,-0.206142228,0.037068151,-0.548834285,-0.230186667,0.314008936,-0.520544945,-0.129669402,0.012077188,-0.532822056,-0.167725755,-0.002835323,-0.432924037,-0.162412292,0.085012403,-0.422162801,-0.169616521,0.30505001,-0.319536752,-0.132072644,0.068682084,-0.350166319,-0.167274134,0.02853684,-0.296964567,-0.126946578,0.055607809,-0.251840685,-0.107082483,0.272119639,-0.121194448,-0.143183865,0.276675905,-0.161138023,-0.20421777,0.376684808,-0.161914118,-0.210076347,0.497516211,-0.145716045,-0.206441189,178.3128587,164.8369376,103.7511267,102.4429795,95.72661205,88.25640133,110.0668448,118.8603685,96.62087936,170.4590768,HELP
0,0,0,0,0,0,0,0,0,0,0,0,0,0,0,0,0,0,0,0,0,0,0,0,0,0,0,0,0,0,0,0,0,0,0,0,0,0,0,0,0,0,0,0,0,0,0,0,0,0,0,0,0,0,0,0,0,0,0,0,0,0,0,0,0,0,0,0,0,0,0,0,0,0,0,0,-0.013089369,-0.285408238,-0.070601617,0.048839761,-0.602777006,-0.122426763,0.082831977,-0.820056005,-0.15936486,0.078550324,-0.981098475,-0.17684917,0.267487327,-0.670049224,-0.106641631,0.007821458,-0.696496459,-0.161050267,-0.023607527,-0.576573599,-0.190052254,0.047377574,-0.544269734,-0.213081342,0.311243641,-0.505596428,-0.10762475,0.00523711,-0.525621185,-0.144147389,-0.001116274,-0.427465345,-0.139096251,0.093139006,-0.414804511,-0.142561901,0.30088445,-0.310491382,-0.114866419,0.049550174,-0.349301758,-0.150547326,0.025563014,-0.290142025,-0.114805072,0.070003855,-0.241283871,-0.094228985,0.266877831,-0.121903455,-0.130740317,0.218118162,-0.175429414,-0.189006973,0.295869515,-0.164170723,-0.191717176,0.403532195,-0.130794523,-0.183030656,177.8169166,169.1526564,101.1548438,102.8964229,89.61224632,93.83180375,97.5154192,120.3818161,54.56556648,168.974339,HELP
0,0,0,0,0,0,0,0,0,0,0,0,0,0,0,0,0,0,0,0,0,0,0,0,0,0,0,0,0,0,0,0,0,0,0,0,0,0,0,0,0,0,0,0,0,0,0,0,0,0,0,0,0,0,0,0,0,0,0,0,0,0,0,0,0,0,0,0,0,0,0,0,0,0,0,0,0.008621591,-0.280382255,-0.066154194,0.082391507,-0.583338583,-0.114663771,0.130705476,-0.795113934,-0.147006059,0.135355216,-0.977576538,-0.161316701,0.289366312,-0.606362345,-0.126167418,0.028612139,-0.61794379,-0.177406666,-0.002295245,-0.51058076,-0.201051268,0.063818132,-0.483240974,-0.222812748,0.332729807,-0.434171182,-0.127267111,0.027623834,-0.44436975,-0.161228991,0.019585711,-0.355589533,-0.156738848,0.10633177,-0.354336688,-0.165565764,0.323675991,-0.235692556,-0.131677024,0.07545197,-0.267309645,-0.167201434,0.055354594,-0.217987621,-0.133411568,0.090883843,-0.184811505,-0.11802884,0.291854781,-0.043287217,-0.14323816,0.266832033,-0.078504642,-0.20504749,0.360203469,-0.067783706,-0.211791249,0.474485945,-0.045259059,-0.208606209,179.0501543,167.99789,105.3230975,99.47909816,92.91562671,85.38939145,98.03704781,116.6400915,71.13924042,172.6863603,HELP
0,0,0,0,0,0,0,0,0,0,0,0,0,0,0,0,0,0,0,0,0,0,0,0,0,0,0,0,0,0,0,0,0,0,0,0,0,0,0,0,0,0,0,0,0,0,0,0,0,0,0,0,0,0,0,0,0,0,0,0,0,0,0,0,0,0,0,0,0,0,0,0,0,0,0,0,-0.003944181,-0.29091225,-0.073579041,0.060848882,-0.610506123,-0.133074329,0.091583221,-0.827357094,-0.175092071,0.077914338,-0.977341543,-0.196806667,0.282592807,-0.668145576,-0.134872393,0.016519566,-0.692843148,-0.183154692,-0.017176145,-0.574658581,-0.20335014,0.050853662,-0.547447688,-0.223877127,0.326614479,-0.500672779,-0.133230615,0.019404482,-0.519363449,-0.16521264,0.008845275,-0.420010991,-0.152077424,0.104435843,-0.412489761,-0.154102983,0.314914646,-0.303920238,-0.135694391,0.074259213,-0.342735479,-0.163199624,0.039451761,-0.287746665,-0.12038877,0.073998406,-0.238765538,-0.100307958,0.280339409,-0.112478491,-0.147208146,0.278223723,-0.153926618,-0.204181163,0.371772267,-0.153086916,-0.210238062,0.487180056,-0.130130985,-0.207235911,176.6118978,166.6401926,101.9831705,98.11734024,91.77675877,88.28821303,105.3686872,118.5118779,90.97421469,168.0826896,HELP
0,0,0,0,0,0,0,0,0,0,0,0,0,0,0,0,0,0,0,0,0,0,0,0,0,0,0,0,0,0,0,0,0,0,0,0,0,0,0,0,0,0,0,0,0,0,0,0,0,0,0,0,0,0,0,0,0,0,0,0,0,0,0,0,0,0,0,0,0,0,0,0,0,0,0,0,-0.013979902,-0.287733525,-0.075106843,0.054494194,-0.601995327,-0.131563975,0.094375863,-0.814468982,-0.170652522,0.08765375,-0.977742728,-0.190619985,0.276623533,-0.662512981,-0.13278298,0.013413948,-0.670692165,-0.185895747,-0.022952663,-0.554818146,-0.209842146,0.046147152,-0.530060959,-0.231693746,0.325694196,-0.488051429,-0.131541378,0.027958817,-0.499130158,-0.164616265,0.007172923,-0.400829504,-0.151206299,0.098059765,-0.394187868,-0.150922151,0.317859013,-0.285347318,-0.135294255,0.080921578,-0.315323094,-0.168960479,0.038194705,-0.260772981,-0.124681376,0.070756501,-0.214534798,-0.100005074,0.285970227,-0.091224925,-0.14757092,0.283160232,-0.128057534,-0.209318872,0.371462829,-0.123864338,-0.211705252,0.48432428,-0.096841462,-0.203334664,178.3138179,166.7431653,107.3129566,95.32032986,98.81397687,82.33283318,110.6599236,115.9918639,87.70139188,167.8462898,HELP
0,0,0,0,0,0,0,0,0,0,0,0,0,0,0,0,0,0,0,0,0,0,0,0,0,0,0,0,0,0,0,0,0,0,0,0,0,0,0,0,0,0,0,0,0,0,0,0,0,0,0,0,0,0,0,0,0,0,0,0,0,0,0,0,0,0,0,0,0,0,0,0,0,0,0,0,-0.006363444,-0.284142334,-0.067858257,0.064715586,-0.587475851,-0.113730048,0.114560768,-0.798167974,-0.145704076,0.124504908,-0.979417217,-0.158872412,0.274979803,-0.614849272,-0.098375879,0.017400008,-0.622217614,-0.155255685,-0.013712677,-0.511846433,-0.182975138,0.052658467,-0.477729704,-0.203404063,0.315028375,-0.451261936,-0.100198697,0.020122364,-0.451485419,-0.135415192,0.015677493,-0.362590582,-0.128712705,0.098663681,-0.356508681,-0.130572758,0.305416445,-0.262433899,-0.108971579,0.056290414,-0.284890975,-0.147584089,0.042971654,-0.226716803,-0.110387339,0.085168799,-0.188533025,-0.086697578,0.273325656,-0.079013472,-0.126168684,0.190137379,-0.111730172,-0.181278784,0.244287682,-0.09137421,-0.177415695,0.329021281,-0.059981879,-0.163416978,179.6866159,169.0309117,106.3756669,104.3785031,92.28054765,91.22881107,91.85245717,125.8758369,27.85046974,174.9767856,HELP
0,0,0,0,0,0,0,0,0,0,0,0,0,0,0,0,0,0,0,0,0,0,0,0,0,0,0,0,0,0,0,0,0,0,0,0,0,0,0,0,0,0,0,0,0,0,0,0,0,0,0,0,0,0,0,0,0,0,0,0,0,0,0,0,0,0,0,0,0,0,0,0,0,0,0,0,-0.016976868,-0.282520927,-0.079144013,0.043156629,-0.596535034,-0.129018381,0.080592415,-0.811186783,-0.160767006,0.080927936,-0.981648605,-0.172675085,0.266925757,-0.663042857,-0.116370707,0.001272816,-0.672467318,-0.170117915,-0.032823168,-0.551913876,-0.199080718,0.036964748,-0.520524358,-0.222771324,0.313248426,-0.49687979,-0.112130283,0.007309279,-0.500159736,-0.152362574,0.001854979,-0.406216702,-0.154314397,0.090843142,-0.390071077,-0.163078583,0.307276063,-0.304847995,-0.11363646,0.056024894,-0.330031631,-0.15716488,0.033988176,-0.267312207,-0.126853002,0.074016717,-0.218182336,-0.107658377,0.275858984,-0.118838467,-0.123619472,0.233559549,-0.155851801,-0.186117646,0.308740885,-0.140063064,-0.18862457,0.410931761,-0.109284442,-0.178881284,178.8631538,169.3670871,105.7708379,101.710754,92.83991117,97.04188298,98.0997151,125.0883676,56.05408588,171.3737249,HELP
0,0,0,0,0,0,0,0,0,0,0,0,0,0,0,0,0,0,0,0,0,0,0,0,0,0,0,0,0,0,0,0,0,0,0,0,0,0,0,0,0,0,0,0,0,0,0,0,0,0,0,0,0,0,0,0,0,0,0,0,0,0,0,0,0,0,0,0,0,0,0,0,0,0,0,0,-0.008450852,-0.290979786,-0.066053131,0.050497789,-0.596127275,-0.113319403,0.08710345,-0.809518802,-0.147513959,0.086965011,-0.982453172,-0.164993488,0.259410697,-0.650790193,-0.103229569,0.003812955,-0.657706881,-0.160977397,-0.037787263,-0.550809899,-0.190112493,0.027001763,-0.524512921,-0.212928155,0.304860337,-0.486054301,-0.108032652,-0.002311882,-0.49335254,-0.149797164,-0.017663214,-0.406444883,-0.147664107,0.068458863,-0.394153629,-0.152314244,0.299688992,-0.295856791,-0.119380977,0.033358955,-0.321344601,-0.163414742,0.013272095,-0.266038689,-0.133102215,0.061644388,-0.22143068,-0.113958983,0.269340867,-0.115550862,-0.138364678,0.172138805,-0.148912035,-0.199619159,0.217414987,-0.131663415,-0.202939836,0.303396068,-0.096882253,-0.193856844,178.736933,169.78193,111.9092553,95.14459064,98.38559008,88.03436339,98.34672017,117.2321606,34.76958432,170.3974669,HELP
0,0,0,0,0,0,0,0,0,0,0,0,0,0,0,0,0,0,0,0,0,0,0,0,0,0,0,0,0,0,0,0,0,0,0,0,0,0,0,0,0,0,0,0,0,0,0,0,0,0,0,0,0,0,0,0,0,0,0,0,0,0,0,0,0,0,0,0,0,0,0,0,0,0,0,0,-0.026253157,-0.280574225,-0.077081864,0.026337895,-0.591465047,-0.137459828,0.05041278,-0.811593466,-0.181146181,0.029493211,-0.978008502,-0.206469178,0.25358792,-0.685979147,-0.122814764,0.001409593,-0.705557994,-0.184357422,-0.034418099,-0.588083649,-0.220221485,0.035468979,-0.555756845,-0.248410526,0.301348605,-0.521482134,-0.12283893,-0.003301868,-0.53534332,-0.163247034,-0.014836187,-0.436122724,-0.15946431,0.078612627,-0.419511806,-0.16357708,0.295670613,-0.328219265,-0.129159078,0.040441907,-0.352788756,-0.163891064,0.019841335,-0.287318915,-0.125242177,0.070207536,-0.240981695,-0.103047143,0.268324767,-0.14135532,-0.14455447,0.205080605,-0.173756544,-0.196245794,0.263383963,-0.15907859,-0.191727391,0.359391859,-0.133517746,-0.178499452,176.6742005,166.5416016,105.5735918,102.689233,93.7024222,93.34861096,96.4990271,120.2361332,33.9223274,176.5823355,HELP
0,0,0,0,0,0,0,0,0,0,0,0,0,0,0,0,0,0,0,0,0,0,0,0,0,0,0,0,0,0,0,0,0,0,0,0,0,0,0,0,0,0,0,0,0,0,0,0,0,0,0,0,0,0,0,0,0,0,0,0,0,0,0,0,0,0,0,0,0,0,0,0,0,0,0,0,-0.00834183,-0.290308347,-0.07233224,0.056847143,-0.594413639,-0.126990088,0.091808639,-0.808317018,-0.168094358,0.091856608,-0.97709244,-0.191970643,0.264714766,-0.635313298,-0.104169223,-0.001549319,-0.652518783,-0.167170123,-0.029528275,-0.545290127,-0.20532729,0.046589608,-0.522721429,-0.234534326,0.30236468,-0.468609651,-0.105625766,-0.012069079,-0.483573279,-0.147718246,-0.006845005,-0.399105977,-0.148593344,0.086944286,-0.393570055,-0.15612798,0.287357607,-0.273670126,-0.114137227,0.017368609,-0.30661886,-0.148763073,0.013858341,-0.256676368,-0.113900568,0.070172568,-0.223335804,-0.094614236,0.24655953,-0.085444688,-0.132107592,0.126927275,-0.124006212,-0.185950395,0.181042021,-0.104262153,-0.186373896,0.275907361,-0.071852951,-0.176545919,177.1099519,170.4667622,104.4325668,98.14497179,83.87125421,96.94188648,83.46114021,120.9345492,23.71000632,173.8411523,HELP
0,0,0,0,0,0,0,0,0,0,0,0,0,0,0,0,0,0,0,0,0,0,0,0,0,0,0,0,0,0,0,0,0,0,0,0,0,0,0,0,0,0,0,0,0,0,0,0,0,0,0,0,0,0,0,0,0,0,0,0,0,0,0,0,0,0,0,0,0,0,0,0,0,0,0,0,-0.0051772,-0.28303423,-0.069658937,0.056611123,-0.59581359,-0.121502479,0.098689339,-0.809830155,-0.157668776,0.09690503,-0.979950584,-0.174086956,0.274585254,-0.660715847,-0.113013778,0.009817007,-0.65964389,-0.164235319,-0.017846349,-0.544653302,-0.19058015,0.052268445,-0.516401441,-0.213408014,0.312927996,-0.492924359,-0.113887773,0.015389532,-0.490603329,-0.150050881,0.012574597,-0.401208084,-0.145848017,0.09772186,-0.389588356,-0.151608352,0.301325721,-0.300571319,-0.119816138,0.062382629,-0.322019657,-0.157179438,0.041341651,-0.263594594,-0.116328803,0.074741415,-0.218740328,-0.091934454,0.265036656,-0.111272711,-0.134019372,0.252402556,-0.152364844,-0.191520299,0.339584748,-0.145129509,-0.18903439,0.446987924,-0.123519588,-0.177462238,179.660827,167.7358266,105.6171015,101.5174003,91.90686677,95.76634698,97.1558389,129.9858443,75.79698432,172.040167,HELP
0,0,0,0,0,0,0,0,0,0,0,0,0,0,0,0,0,0,0,0,0,0,0,0,0,0,0,0,0,0,0,0,0,0,0,0,0,0,0,0,0,0,0,0,0,0,0,0,0,0,0,0,0,0,0,0,0,0,0,0,0,0,0,0,0,0,0,0,0,0,0,0,0,0,0,0,-0.004151077,-0.285252778,-0.072559682,0.052707403,-0.599238405,-0.130716365,0.081177902,-0.817170676,-0.173763269,0.072366669,-0.977602223,-0.197628333,0.269328797,-0.663521999,-0.112509058,0.000759107,-0.681116424,-0.16551631,-0.027295551,-0.564960891,-0.197052405,0.045428259,-0.537881168,-0.224149472,0.310653375,-0.498342296,-0.113159948,0.00726231,-0.511607801,-0.14804907,0.007583941,-0.422481104,-0.14698582,0.099539972,-0.410027632,-0.156598304,0.297188342,-0.307369538,-0.119447566,0.057098272,-0.337305082,-0.152140381,0.036158012,-0.284117028,-0.115952316,0.072859255,-0.235864723,-0.096775266,0.258916298,-0.122714184,-0.134776167,0.246222889,-0.160477149,-0.188376981,0.334834297,-0.15439585,-0.189095484,0.441532716,-0.127591331,-0.181578561,177.1134998,169.2358244,102.1968178,101.1227977,87.22951066,97.80497397,97.83672541,125.3974534,77.1838325,168.921379,HELP
0,0,0,-0.08546594,-0.149587871,-0.259133981,-0.109896848,-0.247668987,-0.427652864,-0.148274285,-0.289470958,-0.545671553,-0.206823117,-0.322749844,-0.669726314,0.172136577,-0.096895252,-0.437951951,0.327860172,-0.153421925,-0.585065248,0.465430724,-0.203966589,-0.688812107,0.581966323,-0.255590612,-0.758413984,0.263586404,-0.067942938,-0.347699029,0.441320954,-0.158488341,-0.478294134,0.585557619,-0.243970171,-0.558378257,0.717627616,-0.319289622,-0.618922243,0.318252551,-0.071313103,-0.262585116,0.47768014,-0.153752606,-0.363378588,0.597001095,-0.232122405,-0.429983826,0.707696725,-0.299921375,-0.476583669,0.343014241,-0.110069397,-0.194637293,0.459175095,-0.154573166,-0.274825318,0.540256642,-0.204157261,-0.328501985,0.624871918,-0.240680315,-0.369045196,165.6053597,171.4300951,173.6767325,172.6267122,171.6786457,176.0663368,173.1669569,174.4623017,170.4171335,170.7698851,0,0,0,-0.012297684,-0.278743443,-0.07421323,0.045395875,-0.596198267,-0.131607609,0.075929783,-0.811772244,-0.171389469,0.067896501,-0.979096418,-0.191729678,0.26105372,-0.648445205,-0.134972319,-0.008209482,-0.662145869,-0.18933915,-0.031025049,-0.554850605,-0.217950027,0.042416924,-0.534259474,-0.243753569,0.307724148,-0.480262119,-0.134557846,-0.004140059,-0.493498301,-0.168811089,0.001362701,-0.404509897,-0.161121182,0.100183357,-0.400075815,-0.167331927,0.301272965,-0.279302787,-0.138737383,0.048753106,-0.315885275,-0.171864252,0.03376164,-0.266986909,-0.128370646,0.07598709,-0.226695472,-0.106040882,0.268965385,-0.083813331,-0.151842352,0.251076112,-0.133890415,-0.216743605,0.352632093,-0.129095858,-0.221017759,0.475021274,-0.105332647,-0.214720982,177.7624264,168.7718918,101.5235282,98.00975782,83.54894318,95.76257151,91.84444533,123.3793438,77.97084502,170.1585598,HELP
0,0,0,0,0,0,0,0,0,0,0,0,0,0,0,0,0,0,0,0,0,0,0,0,0,0,0,0,0,0,0,0,0,0,0,0,0,0,0,0,0,0,0,0,0,0,0,0,0,0,0,0,0,0,0,0,0,0,0,0,0,0,0,0,0,0,0,0,0,0,0,0,0,0,0,0,-0.067141893,-0.267175913,-0.103664499,-0.074717474,-0.547057672,-0.2046908,-0.114089111,-0.755539813,-0.287142845,-0.168533216,-0.918582484,-0.35749514,0.213332624,-0.641937032,-0.191291714,0.001238376,-0.672445353,-0.290979043,0.024387874,-0.55279311,-0.368446696,0.140853017,-0.510511905,-0.427917494,0.27508404,-0.513540115,-0.185068019,-0.071394613,-0.57011496,-0.236156912,-0.068878313,-0.476509469,-0.238808823,0.043479834,-0.452170954,-0.257645354,0.273370497,-0.358000389,-0.186419493,-0.029812491,-0.416398808,-0.21136388,-0.030381519,-0.354618357,-0.160725399,0.033734717,-0.302637788,-0.142140293,0.249711593,-0.20221487,-0.202443721,0.115902673,-0.261135011,-0.252799853,0.16646465,-0.23164135,-0.247137152,0.263436955,-0.195283506,-0.237943742,171.3208276,172.7035859,88.59348501,128.5255976,79.5426796,103.8415391,79.05465639,127.5152176,14.89786972,170.3127735,HELP
0,0,0,0.029580621,-0.166328546,-0.08481705,0.136545883,-0.248814499,-0.140932173,0.229171752,-0.289909225,-0.185254638,0.29720556,-0.320840861,-0.233503029,0.359390441,-0.01234698,-0.153118931,0.528480659,-0.08794977,-0.252626387,0.676563311,-0.161360262,-0.327045441,0.796090205,-0.229110066,-0.378872319,0.386879245,0.007119684,-0.155032747,0.58533316,-0.08391189,-0.261734537,0.739818552,-0.183503397,-0.335814091,0.880032995,-0.27659867,-0.38605065,0.38541139,-0.009135102,-0.162262525,0.582666233,-0.097842259,-0.263457231,0.717818897,-0.183548951,-0.325959119,0.839104356,-0.259450402,-0.362180135,0.361800173,-0.060596379,-0.173529545,0.507730629,-0.113625255,-0.264773882,0.613022928,-0.159010626,-0.318702005,0.71857049,-0.200504323,-0.353684955,167.3386393,170.7533314,175.4885738,175.3601099,171.4857452,174.6062567,171.6084717,172.8549817,173.9583417,171.7573697,0,0,0,-0.004909436,-0.279179447,-0.070993055,0.06175194,-0.586775047,-0.125042966,0.103373614,-0.800128453,-0.162239909,0.102602552,-0.978337048,-0.179803606,0.27567503,-0.626583081,-0.120197344,0.011686297,-0.625834773,-0.167600398,-0.017367132,-0.512789832,-0.190261017,0.052669974,-0.484738717,-0.210831126,0.318106446,-0.453673397,-0.11861487,0.022312215,-0.450370309,-0.147098024,0.017409177,-0.357823075,-0.138358846,0.110698032,-0.353598109,-0.142571726,0.307078736,-0.258828467,-0.121016501,0.078207584,-0.280754862,-0.15099526,0.050857199,-0.227454106,-0.108859836,0.082367221,-0.188036319,-0.085414583,0.273038564,-0.071095993,-0.13146583,0.282068477,-0.099464327,-0.183863024,0.380507544,-0.092844584,-0.180458562,0.493299585,-0.071099553,-0.16925116,178.7933519,168.0910423,106.0716583,99.92335565,93.12279825,89.32045864,103.0261621,123.1217158,95.04045125,172.0746749,HELP
0,0,0,-0.073528454,-0.108002783,-0.268435733,-0.08465914,-0.190903361,-0.436208216,-0.082673548,-0.24681472,-0.552486767,-0.089460444,-0.300476521,-0.671985413,0.181778076,-0.057232783,-0.431905257,0.342731911,-0.119093026,-0.582916867,0.482192281,-0.173403985,-0.686512617,0.598660824,-0.225723625,-0.753865312,0.269873764,-0.023973817,-0.339001584,0.455151374,-0.110852078,-0.475976546,0.605823318,-0.202982092,-0.55693605,0.735170482,-0.283750831,-0.615637741,0.320681628,-0.022838205,-0.253961766,0.490491521,-0.103547104,-0.363785892,0.615362889,-0.186195839,-0.429359829,0.720601391,-0.252132502,-0.471580449,0.344704865,-0.057974072,-0.186538295,0.4716505,-0.105763543,-0.271940117,0.563032931,-0.161094355,-0.326478698,0.647434038,-0.199919851,-0.365476336,175.6534628,175.8504993,173.468152,172.675988,169.2998664,176.3745955,170.2048383,174.9334106,169.470795,172.7125191,0,0,0,-0.01850113,-0.274566076,-0.075012564,0.022962015,-0.580768801,-0.132904686,0.041642461,-0.797164727,-0.175515668,0.035504314,-0.979451168,-0.198531743,0.238730045,-0.656315328,-0.113184309,-0.026882459,-0.667479562,-0.16995411,-0.053952185,-0.553046226,-0.201237154,0.018321143,-0.517020486,-0.225197169,0.280996187,-0.495861504,-0.113439155,-0.023889538,-0.494294207,-0.155265351,-0.014369423,-0.410501988,-0.157700757,0.072380324,-0.386613791,-0.166471803,0.274901624,-0.313339566,-0.119303226,0.028104437,-0.333208177,-0.161323729,0.019566589,-0.271991656,-0.12496529,0.061260297,-0.221257496,-0.10097278,0.245344262,-0.134130006,-0.133910768,0.2047004,-0.169532975,-0.190848726,0.282567603,-0.153670157,-0.18610172,0.381468878,-0.122376527,-0.171205447,177.2141262,172.173532,103.440111,106.5262151,84.09900392,111.9318175,87.9731002,136.2562433,50.18547438,172.3217483,HELP
0,0,0,-0.085038813,-0.137567167,-0.261668826,-0.105569014,-0.225289848,-0.43141122,-0.131817597,-0.280716622,-0.550210075,-0.174544159,-0.330195615,-0.674414917,0.179610428,-0.068171577,-0.437698357,0.333608972,-0.131366582,-0.586196114,0.468565524,-0.18557553,-0.68936056,0.582116188,-0.238731406,-0.757389291,0.270334992,-0.042495668,-0.345539791,0.450713211,-0.134876236,-0.478872222,0.593776681,-0.226541388,-0.559655138,0.722953918,-0.30554463,-0.619661288,0.323000314,-0.048913898,-0.2587769,0.487713607,-0.133272916,-0.363991995,0.608064799,-0.214463957,-0.431206436,0.716836639,-0.280904678,-0.476830723,0.345311427,-0.093065467,-0.18866351,0.464034554,-0.140162626,-0.270005632,0.547261938,-0.192762067,-0.323262908,0.632846103,-0.227619307,-0.363173221,174.3147112,172.8400911,173.5962448,172.6078803,170.7337437,176.017569,172.23021,174.309402,169.947111,169.5742844,0,0,0,-0.020288442,-0.291417484,-0.095547996,0.026474303,-0.621688164,-0.179584819,0.037514191,-0.840429463,-0.240984516,0.008807838,-0.959911741,-0.280164007,0.301689183,-0.729475394,-0.191626191,-0.005010298,-0.765485639,-0.256875487,-0.041619402,-0.638312163,-0.290325969,0.034444059,-0.607182222,-0.321418742,0.345404006,-0.546597167,-0.187238983,-0.001278102,-0.580542283,-0.231117033,-0.012047513,-0.475545984,-0.221187377,0.091541171,-0.466745157,-0.228927182,0.330959556,-0.331732668,-0.186121553,0.060321054,-0.386189821,-0.218300435,0.019967873,-0.32826838,-0.163009654,0.053334894,-0.27389953,-0.136890654,0.292542848,-0.119606225,-0.196447559,0.311599533,-0.184501838,-0.25571713,0.419595375,-0.198287703,-0.253246607,0.548944226,-0.187288381,-0.245599454,174.7702504,164.1616882,101.8280556,100.6382594,89.59016045,88.60851042,103.9015751,121.6862873,106.6505769,167.6920762,HELP
0,0,0,0,0,0,0,0,0,0,0,0,0,0,0,0,0,0,0,0,0,0,0,0,0,0,0,0,0,0,0,0,0,0,0,0,0,0,0,0,0,0,0,0,0,0,0,0,0,0,0,0,0,0,0,0,0,0,0,0,0,0,0,0,0,0,0,0,0,0,0,0,0,0,0,0,-0.00206405,-0.279016344,-0.078205006,0.039081543,-0.582723527,-0.152394024,0.05307445,-0.799631091,-0.210803479,0.036286029,-0.96776529,-0.249226136,0.260809483,-0.680640743,-0.163262671,-0.012339433,-0.707544481,-0.216936515,-0.047832328,-0.587520144,-0.231467809,0.011892697,-0.554236456,-0.245927897,0.296997542,-0.507960484,-0.16398215,-0.009386408,-0.531689463,-0.208540837,-0.025937145,-0.436070432,-0.196958356,0.065491691,-0.425120285,-0.198111234,0.284071518,-0.312733657,-0.1668366,0.055237653,-0.355793837,-0.205543656,0.010319256,-0.308283438,-0.159168447,0.030629687,-0.262255279,-0.134299782,0.243085753,-0.119557581,-0.17843476,0.293871579,-0.152329174,-0.23932607,0.413152855,-0.160536815,-0.244192497,0.543001485,-0.148441692,-0.240117973,175.8362464,170.6095635,101.8652635,103.696956,94.31977617,86.94585836,109.8916444,122.6596955,130.172801,169.8603807,HELP
0,0,0,0,0,0,0,0,0,0,0,0,0,0,0,0,0,0,0,0,0,0,0,0,0,0,0,0,0,0,0,0,0,0,0,0,0,0,0,0,0,0,0,0,0,0,0,0,0,0,0,0,0,0,0,0,0,0,0,0,0,0,0,0,0,0,0,0,0,0,0,0,0,0,0,0,-0.00206405,-0.279016344,-0.078205006,0.039081543,-0.582723527,-0.152394024,0.05307445,-0.799631091,-0.210803479,0.036286029,-0.96776529,-0.249226136,0.260809483,-0.680640743,-0.163262671,-0.012339433,-0.707544481,-0.216936515,-0.047832328,-0.587520144,-0.231467809,0.011892697,-0.554236456,-0.245927897,0.296997542,-0.507960484,-0.16398215,-0.009386408,-0.531689463,-0.208540837,-0.025937145,-0.436070432,-0.196958356,0.065491691,-0.425120285,-0.198111234,0.284071518,-0.312733657,-0.1668366,0.055237653,-0.355793837,-0.205543656,0.010319256,-0.308283438,-0.159168447,0.030629687,-0.262255279,-0.134299782,0.243085753,-0.119557581,-0.17843476,0.293871579,-0.152329174,-0.23932607,0.413152855,-0.160536815,-0.244192497,0.543001485,-0.148441692,-0.240117973,175.8362464,170.6095635,101.8652635,103.696956,94.31977617,86.94585836,109.8916444,122.6596955,130.172801,169.8603807,HELP
0,0,0,-0.084889104,-0.144340984,-0.263935736,-0.106841044,-0.239547454,-0.434807456,-0.14025485,-0.294500276,-0.553882441,-0.188470167,-0.341242837,-0.678795343,0.171682579,-0.092040145,-0.447154254,0.320548154,-0.151289597,-0.599199175,0.454101858,-0.202033011,-0.704659484,0.566555719,-0.253170045,-0.774456253,0.261160516,-0.068846678,-0.354560778,0.436613843,-0.155688155,-0.49086408,0.578628647,-0.242177785,-0.5724619,0.705502348,-0.31761173,-0.633552859,0.314332446,-0.075075969,-0.267469765,0.473239729,-0.155303625,-0.37445336,0.589994203,-0.237884117,-0.442737771,0.696061487,-0.306314399,-0.489898617,0.337507734,-0.116310195,-0.197446541,0.452772292,-0.162710407,-0.281119906,0.532198307,-0.217054823,-0.337152733,0.615074984,-0.254583156,-0.379729521,171.0163631,173.0822478,172.8921965,172.3822468,170.2786391,176.2858065,170.7314317,174.4701432,168.804702,169.7456923,0,0,0,-0.024174018,-0.280887986,-0.092697507,0.010074372,-0.595640964,-0.180834323,0.009461234,-0.812079926,-0.24841668,-0.025752733,-0.955199906,-0.294838832,0.281944529,-0.719457144,-0.189318247,-0.008600887,-0.764141752,-0.251796874,-0.044257794,-0.637331878,-0.281615479,0.028661767,-0.597406262,-0.308842318,0.323490933,-0.543846682,-0.186884029,-0.006521499,-0.580257362,-0.229440485,-0.017370163,-0.473508265,-0.219236048,0.082929276,-0.452404383,-0.225462478,0.309565362,-0.335701391,-0.186891588,0.056547124,-0.390124782,-0.219305849,0.01681238,-0.327950618,-0.166312218,0.048586303,-0.267685074,-0.140445287,0.272616022,-0.12728951,-0.197503548,0.315718555,-0.182892143,-0.254905437,0.435352185,-0.196888109,-0.25263006,0.569541321,-0.187951477,-0.245018216,173.6271454,166.962805,99.29571389,106.0907557,88.82335971,95.70985754,102.0632379,125.6134102,122.0452153,169.2971677,HELP
0,0,0,0,0,0,0,0,0,0,0,0,0,0,0,0,0,0,0,0,0,0,0,0,0,0,0,0,0,0,0,0,0,0,0,0,0,0,0,0,0,0,0,0,0,0,0,0,0,0,0,0,0,0,0,0,0,0,0,0,0,0,0,0,0,0,0,0,0,0,0,0,0,0,0,0,-0.0045289,-0.284652957,-0.080835228,0.038793161,-0.5903275,-0.15202431,0.057132905,-0.80754623,-0.205923465,0.044000046,-0.969612209,-0.240657767,0.263307945,-0.663007646,-0.169651938,-0.017632272,-0.686758904,-0.226269535,-0.051342142,-0.571471412,-0.24399944,0.010590932,-0.542785668,-0.260668301,0.297955266,-0.490288844,-0.16790095,-0.00913761,-0.518141169,-0.212837376,-0.019889432,-0.426731305,-0.20047896,0.070282131,-0.416873806,-0.202171901,0.285083235,-0.294820854,-0.168674242,0.050573812,-0.342333997,-0.208469719,0.013578516,-0.295245065,-0.162169868,0.036552179,-0.247729852,-0.137885972,0.245817751,-0.101612187,-0.178524686,0.285734695,-0.143687434,-0.24254466,0.404541351,-0.151171232,-0.249810638,0.533975105,-0.137665424,-0.247719423,176.7093253,170.5980285,102.8006303,100.2285481,90.39694971,89.3923299,104.4955704,124.8313805,122.4126166,169.4656954,HELP
0,0,0,0,0,0,0,0,0,0,0,0,0,0,0,0,0,0,0,0,0,0,0,0,0,0,0,0,0,0,0,0,0,0,0,0,0,0,0,0,0,0,0,0,0,0,0,0,0,0,0,0,0,0,0,0,0,0,0,0,0,0,0,0,0,0,0,0,0,0,0,0,0,0,0,0,-0.012676331,-0.282761894,-0.084697719,0.031874241,-0.590967764,-0.153708475,0.051861747,-0.814119305,-0.203238559,0.030769141,-0.971739071,-0.234043668,0.253121468,-0.679943983,-0.160845389,-0.024012754,-0.710598148,-0.218160607,-0.051920306,-0.585832608,-0.243075362,0.016501192,-0.554562334,-0.265285186,0.29145654,-0.516164752,-0.156656152,-0.01963777,-0.538426732,-0.206847823,-0.020767961,-0.445324048,-0.210321544,0.067753449,-0.432053604,-0.223006944,0.282493094,-0.322511144,-0.154610821,0.046447935,-0.368245134,-0.198771404,0.02128847,-0.308682437,-0.167114712,0.055426616,-0.262462739,-0.15217675,0.252631,-0.124242413,-0.160818502,0.268300272,-0.171963318,-0.220640704,0.373092685,-0.171545596,-0.22715588,0.497198269,-0.163838457,-0.225206886,176.9536291,167.4320057,98.27676291,104.4254945,86.98789351,98.04930917,95.92507026,123.6248963,104.1992502,174.4249388,HELP
0,0,0,-0.094011685,-0.162763397,-0.255743883,-0.138271488,-0.256411598,-0.428971271,-0.194479033,-0.327080574,-0.550058239,-0.262848234,-0.377797562,-0.676782689,0.147058853,-0.14127224,-0.446062419,0.295647261,-0.184460325,-0.59756066,0.432165179,-0.242199829,-0.708601211,0.546712134,-0.301666421,-0.78109104,0.249325918,-0.108253074,-0.347133526,0.420397854,-0.184342335,-0.465395868,0.558937884,-0.272750816,-0.531855896,0.682757896,-0.359388368,-0.584778306,0.309042025,-0.109028787,-0.251901164,0.456477798,-0.181034396,-0.342243461,0.570085737,-0.258176054,-0.394678734,0.670528124,-0.334692257,-0.432281613,0.335403826,-0.154168955,-0.172769319,0.445349365,-0.193216305,-0.242903712,0.519810207,-0.241151649,-0.283583307,0.598413647,-0.283346185,-0.31462332,170.6422493,170.9338819,170.8852395,171.5818983,167.2263331,176.4345046,169.1546373,174.7546458,166.710499,173.0648885,0,0,0,-0.004528936,-0.282888182,-0.080510856,0.037753937,-0.589707251,-0.159860802,0.052015327,-0.810289724,-0.221573527,0.025064725,-0.964358407,-0.263409611,0.285911278,-0.694081931,-0.174050049,-0.000766785,-0.7260439,-0.228661524,-0.044676168,-0.603413062,-0.249232784,0.016249073,-0.560238619,-0.269583747,0.319514405,-0.523755014,-0.174561043,3.41E-05,-0.547517463,-0.215848605,-0.020603154,-0.450578017,-0.205885543,0.07022935,-0.43124059,-0.211574308,0.302821605,-0.328073678,-0.176228804,0.062670361,-0.366377167,-0.206368807,0.015259861,-0.312706622,-0.158418787,0.036899602,-0.256409184,-0.136830646,0.262903317,-0.129597112,-0.187441915,0.306656462,-0.166917023,-0.239247651,0.416552523,-0.180174453,-0.239315849,0.538223397,-0.16866185,-0.234897146,175.7999569,166.8437984,104.650428,107.3166425,96.92291036,89.64975916,111.921695,123.2935044,128.2683685,167.5320715,HELP
0,0,0,0,0,0,0,0,0,0,0,0,0,0,0,0,0,0,0,0,0,0,0,0,0,0,0,0,0,0,0,0,0,0,0,0,0,0,0,0,0,0,0,0,0,0,0,0,0,0,0,0,0,0,0,0,0,0,0,0,0,0,0,0,0,0,0,0,0,0,0,0,0,0,0,0,-0.004699495,-0.287062902,-0.08112391,0.039088209,-0.595052783,-0.15146968,0.059341656,-0.814567283,-0.204530126,0.04862499,-0.970079701,-0.237867575,0.268384614,-0.67844264,-0.149456845,-0.002220033,-0.714129812,-0.201228163,-0.04498603,-0.590820717,-0.219044709,0.015346146,-0.555639947,-0.235874494,0.306116807,-0.508600674,-0.14740174,-0.008311257,-0.534646359,-0.188176626,-0.02709936,-0.435462486,-0.179912296,0.062751013,-0.420485583,-0.183508562,0.29083727,-0.312743431,-0.14839794,0.047177794,-0.355460822,-0.182126296,0.00952739,-0.30053977,-0.140159362,0.039420621,-0.250278704,-0.118807004,0.252050138,-0.120269565,-0.158511357,0.253300183,-0.170288717,-0.211947931,0.346477833,-0.174856357,-0.211703366,0.459268628,-0.157250523,-0.203958952,177.1277829,170.8918526,102.7787678,102.5591759,95.31929874,88.55794922,105.9868648,121.0978168,92.78534881,167.7407392,HELP
0,0,0,-0.094239137,-0.168598882,-0.243307227,-0.139992329,-0.270464031,-0.411773265,-0.197640667,-0.334274985,-0.532477749,-0.262493478,-0.376493933,-0.659077872,0.152904833,-0.144307477,-0.428529631,0.315154469,-0.178249625,-0.579347481,0.457055308,-0.231961635,-0.690783131,0.575606747,-0.290623522,-0.76433948,0.25370733,-0.100891438,-0.342112737,0.43795816,-0.175778546,-0.4611727,0.584353469,-0.26851558,-0.531714962,0.718701692,-0.364575831,-0.587637818,0.314074112,-0.093917449,-0.259486897,0.471770295,-0.166672049,-0.347499106,0.592411624,-0.25280506,-0.401242976,0.699328767,-0.336628712,-0.440918762,0.338542369,-0.133484143,-0.19288162,0.459107832,-0.178296565,-0.262160124,0.543254716,-0.232551276,-0.301916743,0.627520908,-0.278352232,-0.332336048,169.6988929,170.8974406,170.8577765,171.3791291,167.3389787,175.4134491,167.9320962,175.5912084,166.9277672,174.2558719,0,0,0,-0.004684051,-0.280308801,-0.076585389,0.050371877,-0.59270765,-0.138160496,0.079783545,-0.808515082,-0.183212701,0.071235327,-0.975456226,-0.208352295,0.278286947,-0.665703831,-0.132812048,0.007638734,-0.675948755,-0.186032531,-0.023899493,-0.564176826,-0.212433301,0.04587041,-0.535750363,-0.236170858,0.31848148,-0.498790249,-0.131851168,0.015640722,-0.503712349,-0.168406356,0.008011747,-0.416024802,-0.160673314,0.096905875,-0.401148106,-0.165580274,0.30597312,-0.305188105,-0.135624044,0.069729836,-0.332450948,-0.17205052,0.039054846,-0.280534787,-0.126503567,0.069802124,-0.231996247,-0.100300037,0.268301896,-0.114787129,-0.148572616,0.283069817,-0.154299194,-0.208569282,0.379157328,-0.152093285,-0.206731236,0.492111561,-0.126545735,-0.19601405,177.6821503,169.0143517,105.5187746,99.8137866,93.39439574,94.23061513,103.2664283,125.4829998,99.97736518,167.8370071,HELP
0,0,0,-0.094159416,-0.162739556,-0.249388139,-0.141954222,-0.254605358,-0.422514736,-0.205214517,-0.325323102,-0.543062198,-0.272705677,-0.372119087,-0.669802512,0.120046627,-0.15164855,-0.467373185,0.267512074,-0.1801808,-0.627834842,0.398640212,-0.224893684,-0.741435042,0.511031553,-0.27645617,-0.813891109,0.224219986,-0.104566848,-0.371398937,0.395814286,-0.172454393,-0.495416184,0.532318339,-0.254661665,-0.557849668,0.646080056,-0.339610639,-0.607466688,0.287743921,-0.092646419,-0.277320422,0.437388941,-0.158783488,-0.370424947,0.547466159,-0.239106113,-0.417807724,0.639145946,-0.320772622,-0.451706916,0.318110492,-0.126371987,-0.198351924,0.431253204,-0.162025502,-0.270455676,0.503516324,-0.213384406,-0.308587015,0.575198042,-0.262165499,-0.336976288,169.0989519,170.5882006,170.521544,169.8281559,164.9533298,174.2415524,164.7022681,173.4839857,162.2035541,174.7211735,0,0,0,-0.016090583,-0.287107987,-0.077224984,0.040994768,-0.596292174,-0.147707699,0.065929948,-0.812998623,-0.201294196,0.039311033,-0.970504613,-0.237855921,0.273593208,-0.663686979,-0.157962728,0.00621982,-0.696647974,-0.220161226,-0.030708352,-0.584131486,-0.250428063,0.036532805,-0.554856504,-0.277799693,0.318404601,-0.490266648,-0.161547285,-0.007629614,-0.531364912,-0.20566261,-0.027893825,-0.432642794,-0.19405613,0.072717743,-0.421292046,-0.196530759,0.30692948,-0.289956063,-0.169551279,0.040047243,-0.344258619,-0.202830707,0.007177906,-0.291791776,-0.152526372,0.052343355,-0.243923351,-0.127953354,0.270469372,-0.097822289,-0.187103182,0.238079937,-0.152781088,-0.248692015,0.32381733,-0.151823543,-0.249808414,0.444278733,-0.129214882,-0.243001757,176.0208285,164.2531971,103.7760946,99.86486747,93.47274954,84.71191658,101.1935732,113.8165091,68.71033504,169.2608327,HELP
0,0,0,0,0,0,0,0,0,0,0,0,0,0,0,0,0,0,0,0,0,0,0,0,0,0,0,0,0,0,0,0,0,0,0,0,0,0,0,0,0,0,0,0,0,0,0,0,0,0,0,0,0,0,0,0,0,0,0,0,0,0,0,0,0,0,0,0,0,0,0,0,0,0,0,0,-0.035366862,-0.279325722,-0.101596975,-0.003950303,-0.590300489,-0.184137247,0.003039275,-0.806999943,-0.246493543,-0.040424395,-0.956343806,-0.28943461,0.268341287,-0.734059098,-0.15606202,-0.003244626,-0.753442811,-0.221271106,-0.041241767,-0.627337602,-0.259352263,0.028590956,-0.588308384,-0.290217558,0.318503333,-0.55669676,-0.150199934,0.00233918,-0.568823417,-0.194815413,-0.014709384,-0.463971115,-0.193161197,0.074191763,-0.438062796,-0.200243255,0.311874113,-0.352439406,-0.150625263,0.056737407,-0.379309922,-0.189491048,0.026382801,-0.310528401,-0.144284093,0.063274314,-0.257522663,-0.117242094,0.281822391,-0.15081445,-0.162512094,0.258035394,-0.197790534,-0.215607069,0.335412498,-0.189576087,-0.204372252,0.44129662,-0.166058067,-0.18613319,176.0070728,162.5949777,105.6553255,107.0331919,96.84293842,96.92222586,100.4771145,127.6091316,61.30390741,173.4589861,HELP
0,0,0,0,0,0,0,0,0,0,0,0,0,0,0,0,0,0,0,0,0,0,0,0,0,0,0,0,0,0,0,0,0,0,0,0,0,0,0,0,0,0,0,0,0,0,0,0,0,0,0,0,0,0,0,0,0,0,0,0,0,0,0,0,0,0,0,0,0,0,0,0,0,0,0,0,-0.008682974,-0.279904013,-0.07643352,0.040154673,-0.584764088,-0.139592503,0.064591453,-0.806739277,-0.185493536,0.058632536,-0.975507514,-0.212007821,0.250934314,-0.646257671,-0.138534424,-0.013451575,-0.687828815,-0.195879344,-0.044475011,-0.574058386,-0.221212958,0.021738825,-0.538062819,-0.241141874,0.284084934,-0.486564465,-0.135785562,-0.022471925,-0.51859674,-0.176522318,-0.025528738,-0.421120118,-0.170675645,0.064091606,-0.402349129,-0.175093355,0.26814022,-0.298181443,-0.136605864,0.019885666,-0.343434423,-0.169048248,0.003720179,-0.285547132,-0.129533163,0.046682789,-0.239529663,-0.10908006,0.231762266,-0.111602996,-0.146032,0.183358544,-0.17000709,-0.196425322,0.254775239,-0.157616559,-0.192996209,0.352936091,-0.126645946,-0.182118699,177.2236329,171.3913792,98.57996899,105.7093551,85.42392387,99.83542237,90.34946063,125.6850738,48.79680065,171.6491212,HELP
0,0,0,0,0,0,0,0,0,0,0,0,0,0,0,0,0,0,0,0,0,0,0,0,0,0,0,0,0,0,0,0,0,0,0,0,0,0,0,0,0,0,0,0,0,0,0,0,0,0,0,0,0,0,0,0,0,0,0,0,0,0,0,0,0,0,0,0,0,0,0,0,0,0,0,0,-0.012873716,-0.287824585,-0.076180827,0.028921278,-0.597884111,-0.142420839,0.040737046,-0.81792673,-0.192531528,0.018791663,-0.974711664,-0.222674754,0.266588197,-0.68263223,-0.127211958,-0.005093187,-0.723378996,-0.184667057,-0.041127909,-0.603829117,-0.219122354,0.026345841,-0.565200544,-0.24706098,0.301978742,-0.522635204,-0.127991412,-0.008633619,-0.549504817,-0.166649538,-0.01086528,-0.457986883,-0.167608415,0.075776098,-0.436403349,-0.178779237,0.285090839,-0.335974304,-0.133347035,0.040657818,-0.378913752,-0.166050152,0.016771894,-0.321321677,-0.129603161,0.050657016,-0.270040365,-0.11142086,0.246643532,-0.152074258,-0.147887988,0.233848018,-0.201448244,-0.196151432,0.321177924,-0.194744371,-0.192580825,0.427198235,-0.170974406,-0.183289841,175.4140459,168.9984635,100.9381791,107.1144747,86.55404434,102.5677262,96.90534959,127.3208886,74.73448581,171.3702816,HELP
