0,0,0,0.189996391,-0.035775169,0.037639316,0.262573767,-0.201395395,0.053014389,0.292738585,-0.330653284,0.049870178,0.329148732,-0.422921338,0.044045747,0.233769399,-0.400069387,0.060247532,0.348522383,-0.574289238,0.027017817,0.441564056,-0.681352251,-0.005329602,0.525955267,-0.77159984,-0.030050668,0.212018091,-0.420934146,0.007894804,0.341998344,-0.604217861,-0.033404551,0.455710678,-0.725326919,-0.077057324,0.5574986,-0.823329178,-0.106416053,0.189769691,-0.410659565,-0.04813364,0.317103071,-0.570344767,-0.091173913,0.422593556,-0.662565767,-0.127002921,0.511470024,-0.736823224,-0.146097546,0.173651758,-0.359319936,-0.102797452,0.280098952,-0.498285237,-0.133176377,0.364360597,-0.574228068,-0.150198871,0.436197293,-0.620548546,-0.160367234,167.7725231,171.3541419,171.5992361,177.3943973,171.1993908,175.8700934,169.6944639,174.8357249,169.5202724,170.6829738,0,0,0,-0.199008872,-0.10151877,0.00318676,-0.346531492,-0.23849724,0.000948296,-0.453926016,-0.342001897,-0.007974043,-0.539995509,-0.427965124,-0.01803748,-0.350796563,-0.453392555,0.00605296,-0.501691938,-0.586931404,-0.031686082,-0.5928907,-0.666832991,-0.068176284,-0.661508191,-0.74350275,-0.098033536,-0.309222253,-0.43687979,-0.027044996,-0.4850989,-0.566203595,-0.061059443,-0.589199471,-0.647390687,-0.092578304,-0.669855881,-0.722550636,-0.119812991,-0.264214698,-0.373609823,-0.065068181,-0.432463983,-0.488086478,-0.1090288,-0.533477248,-0.557197212,-0.137151707,-0.614313168,-0.620318568,-0.158610184,-0.216851937,-0.26960146,-0.103349876,-0.324702919,-0.313922366,-0.153073023,-0.402596385,-0.357635097,-0.176253079,-0.472630662,-0.407620367,-0.191935346,176.947578,178.1892553,173.8154389,173.2654116,175.1149783,175.0334792,178.9781566,176.2191155,169.1830639,172.5555875,HOUSE
0,0,0,0.189463315,-0.038337112,0.048929671,0.263708963,-0.199086629,0.068155486,0.292230169,-0.325759408,0.065947062,0.324937543,-0.418565564,0.058809099,0.238279337,-0.395091139,0.071123946,0.348394691,-0.563591203,0.039482376,0.442042127,-0.66930904,0.006005649,0.52819586,-0.757586543,-0.020665077,0.21955964,-0.416213827,0.011543785,0.346412423,-0.605386403,-0.027598788,0.458237734,-0.725306063,-0.072624521,0.557761963,-0.82340013,-0.104469229,0.198417126,-0.409111723,-0.051087625,0.326507643,-0.581994906,-0.093033048,0.434570965,-0.688071353,-0.131079258,0.526573683,-0.775703786,-0.15353249,0.182063809,-0.363570329,-0.1113446,0.29174577,-0.507052934,-0.143717221,0.377862153,-0.590359343,-0.163183272,0.453073226,-0.648844586,-0.176284789,165.9421377,172.5487358,170.6727401,177.0271448,169.4472642,176.5279146,170.6879205,175.8011057,171.5014817,173.703296,0,0,0,-0.215260538,-0.094082244,-0.017769977,-0.368805581,-0.235032238,-0.018203722,-0.478322954,-0.352913055,-0.020496934,-0.564709569,-0.450040599,-0.02192175,-0.360352445,-0.451678613,0.020680029,-0.512292458,-0.586312641,0.00087865,-0.597201756,-0.667788137,-0.027021922,-0.662235201,-0.747492056,-0.05196311,-0.313589823,-0.43229964,0.006116042,-0.483577079,-0.566160075,-0.008663822,-0.582502685,-0.652145189,-0.035390792,-0.658973146,-0.730725359,-0.060773836,-0.265846114,-0.367774774,-0.015949998,-0.422041618,-0.481400751,-0.042567661,-0.516489128,-0.552888113,-0.069078846,-0.592382767,-0.620286207,-0.091371901,-0.218506669,-0.266483219,-0.040748646,-0.317633432,-0.306630415,-0.073476668,-0.386939916,-0.349163382,-0.092373694,-0.448821146,-0.39973011,-0.107127381,175.3493629,178.5581696,171.8870839,173.1697877,171.8748164,175.0302189,175.0634386,175.5433755,169.9940092,171.9501167,HOUSE
0,0,0,0.194978102,-0.036670527,0.058937555,0.26940977,-0.200437075,0.082040417,0.300926269,-0.326838313,0.081973424,0.332646759,-0.420362531,0.07640872,0.233907673,-0.394351447,0.077746071,0.347464663,-0.559803351,0.048795465,0.443472805,-0.663007092,0.017422922,0.532163754,-0.748764022,-0.008185743,0.214917242,-0.413939534,0.013607698,0.345927784,-0.603420876,-0.024246622,0.461621806,-0.723190049,-0.06846325,0.563028998,-0.820378274,-0.099889114,0.195550956,-0.403229155,-0.052404112,0.326760994,-0.582435733,-0.093261304,0.438927752,-0.692999779,-0.130770276,0.533287159,-0.784451966,-0.153237232,0.183550136,-0.352249327,-0.115119754,0.295145787,-0.504736554,-0.147986099,0.384254455,-0.595238949,-0.168224463,0.461706531,-0.659091988,-0.181961377,167.2463274,174.2613861,170.5992448,176.8800542,169.3078796,176.8473814,170.5096798,176.2428451,171.702271,173.9619749,0,0,0,-0.211171129,-0.095564866,-0.001676177,-0.359027656,-0.238652863,-0.005905146,-0.468302459,-0.346661532,-0.016761767,-0.555861397,-0.440878629,-0.029265256,-0.336827043,-0.459559601,0.002189464,-0.493470093,-0.586675137,-0.03654673,-0.584677927,-0.668171726,-0.074310064,-0.656070916,-0.747328427,-0.105219652,-0.293057383,-0.442922511,-0.029383371,-0.473189802,-0.573595656,-0.065753876,-0.579350767,-0.655656254,-0.100268492,-0.663857568,-0.731381121,-0.129896517,-0.248301458,-0.380181726,-0.066278319,-0.418213045,-0.491521452,-0.112962382,-0.522479951,-0.557603735,-0.14483978,-0.606728874,-0.618778425,-0.168555455,-0.207300743,-0.277610329,-0.103730851,-0.321261966,-0.327058527,-0.154334241,-0.397890672,-0.370611443,-0.179970159,-0.464540603,-0.419567617,-0.198094122,177.0058001,177.0592185,173.1481151,173.9586161,174.5435404,175.9008433,178.1245255,176.0408819,171.6483317,172.4098328,HOUSE
0,0,0,0.181681583,-0.035929639,0.032883316,0.256834311,-0.199109522,0.044206465,0.287450146,-0.326547797,0.038052607,0.32361664,-0.417006257,0.028301175,0.231410389,-0.389663088,0.045257394,0.344593933,-0.56688732,0.005826093,0.437742654,-0.677491277,-0.029901741,0.522475618,-0.77166065,-0.056639269,0.209964171,-0.408224827,-0.006106055,0.337040732,-0.597944784,-0.051679272,0.448831848,-0.721524607,-0.096961979,0.548407721,-0.826402821,-0.127700231,0.187235294,-0.397391868,-0.060732962,0.312490169,-0.564786968,-0.10709791,0.418568078,-0.666210505,-0.143607182,0.507726147,-0.751069896,-0.163300577,0.168792806,-0.348649653,-0.11408252,0.27401822,-0.492767862,-0.148950593,0.359799628,-0.576566356,-0.167754351,0.432166429,-0.634111772,-0.178946973,167.1312015,171.184155,171.9326463,177.2700939,170.9979754,176.4943344,170.6471834,175.0917387,170.3551673,173.8501305,0,0,0,-0.199811907,-0.098925632,-0.015252359,-0.348377145,-0.237008263,-0.017567372,-0.460854312,-0.346058455,-0.022284005,-0.550402432,-0.439841391,-0.025883093,-0.347812949,-0.456615189,0.01546608,-0.500937702,-0.592231221,-0.010457354,-0.589500714,-0.674152495,-0.040468332,-0.655392206,-0.752376821,-0.066258396,-0.310009636,-0.435508608,-0.002370838,-0.48417236,-0.573369135,-0.024842843,-0.582806321,-0.658611597,-0.053354529,-0.657188504,-0.734934796,-0.078818376,-0.268793069,-0.372422934,-0.027586898,-0.429308204,-0.487900101,-0.060894353,-0.524480407,-0.561440459,-0.089530352,-0.599396788,-0.628602187,-0.112030428,-0.224426199,-0.274675793,-0.055055796,-0.330065053,-0.315606274,-0.093283612,-0.399584243,-0.359115203,-0.115024813,-0.458679863,-0.409206197,-0.130990683,178.2672863,177.6781318,173.111849,173.0448061,172.9717462,175.0360938,175.6608182,175.775185,168.8992887,171.3115139,HOUSE
0,0,0,0.189627867,-0.036849481,0.046791648,0.265156108,-0.205479896,0.065094545,0.298133866,-0.333955167,0.062787597,0.328336981,-0.422829535,0.056047747,0.23080155,-0.389690082,0.064334931,0.34517729,-0.566268307,0.031189457,0.440805233,-0.674100197,-0.001584804,0.528615629,-0.761486279,-0.027342683,0.211698762,-0.406122171,0.00682005,0.34073741,-0.604076561,-0.034246512,0.455212564,-0.726364232,-0.078935093,0.557114278,-0.823110884,-0.110055232,0.19126737,-0.394788898,-0.053388242,0.318561233,-0.576792515,-0.096947165,0.427743688,-0.682507191,-0.134675912,0.520049203,-0.767764491,-0.156373237,0.175839655,-0.346289963,-0.111165317,0.282118212,-0.493304142,-0.144937648,0.368982996,-0.57966699,-0.165386768,0.445299597,-0.641022606,-0.178875907,168.2129958,174.6059361,170.6746333,176.3144676,168.9773723,175.8777101,168.9258924,175.6197529,170.7643368,173.7863145,0,0,0,-0.199509206,-0.095622796,-0.033147658,-0.355496929,-0.236612751,-0.03838781,-0.471712814,-0.354831118,-0.042441311,-0.562861372,-0.454994098,-0.043850598,-0.35393767,-0.453490039,0.014901857,-0.507748033,-0.589374791,-0.010262188,-0.595690146,-0.667995058,-0.043769199,-0.662359518,-0.745698106,-0.072209449,-0.316852199,-0.427506957,0.007666147,-0.487840783,-0.559535735,-0.012091323,-0.58861063,-0.642863902,-0.043316867,-0.666012768,-0.719935495,-0.071473524,-0.27725231,-0.362920667,-0.008909292,-0.434963098,-0.474693088,-0.038815872,-0.530140717,-0.547271881,-0.067164334,-0.605308829,-0.614782269,-0.089667606,-0.230029704,-0.267978174,-0.029864577,-0.33339799,-0.313055007,-0.06400365,-0.403808866,-0.360335906,-0.083402422,-0.465168357,-0.417251934,-0.097804395,176.5637761,177.5498407,171.1007644,172.6586021,171.5551424,174.7099684,175.014924,175.3820704,169.2380009,170.627713,HOUSE
0,0,0,0.189469237,-0.034432515,0.039309496,0.270461723,-0.20305331,0.053944943,0.307261692,-0.331568395,0.050148703,0.339957901,-0.420959704,0.042672195,0.238909118,-0.391748281,0.052662103,0.351301773,-0.567405798,0.016593908,0.444898831,-0.676199928,-0.017694576,0.527007724,-0.766216173,-0.043954634,0.215495542,-0.405903316,-0.000768177,0.344947233,-0.59683916,-0.042575286,0.458304447,-0.721158568,-0.085866881,0.556959669,-0.822398231,-0.116004644,0.189649373,-0.390856498,-0.05725549,0.315389221,-0.560483906,-0.100360086,0.422439657,-0.662876154,-0.137350527,0.512230018,-0.74628713,-0.158930247,0.16782227,-0.337628891,-0.11187379,0.270981901,-0.463666559,-0.14518334,0.353427479,-0.544654428,-0.165165633,0.423876296,-0.606130102,-0.17839298,168.5568061,174.9608955,171.273082,177.8717075,170.9473233,176.9356834,170.1866985,175.8514677,173.6300982,176.1802635,0,0,0,-0.205971538,-0.087176679,-0.019240522,-0.358851596,-0.229927964,-0.025885126,-0.465194007,-0.354958747,-0.036712062,-0.554802524,-0.461639287,-0.046744456,-0.359151425,-0.437445826,0.00940804,-0.502683516,-0.582164412,-0.029840887,-0.58715943,-0.669624317,-0.069951293,-0.650657156,-0.752318515,-0.103257524,-0.31419117,-0.427705155,-0.014902461,-0.477277916,-0.567905919,-0.050226648,-0.574670159,-0.658105218,-0.087937217,-0.650694635,-0.742275878,-0.119984472,-0.261366313,-0.376743711,-0.047817611,-0.417358743,-0.493885236,-0.093815942,-0.510943944,-0.56933619,-0.127116482,-0.587191648,-0.640194035,-0.152422437,-0.200476641,-0.287946574,-0.083715572,-0.305502696,-0.322780029,-0.135515678,-0.379698936,-0.367415799,-0.162488991,-0.445723185,-0.422992871,-0.181339062,173.115132,179.1501694,172.5762991,173.7581568,173.1180762,175.0284309,176.9950189,175.6287084,165.8337077,169.8882708,HOUSE
0,0,0,0.18798934,-0.035606304,0.041150573,0.265411412,-0.196399674,0.056920511,0.297768992,-0.322112204,0.053458659,0.330069008,-0.412911851,0.045387191,0.235838311,-0.390636688,0.05308079,0.348434338,-0.57206354,0.017275229,0.441570498,-0.684547098,-0.016070885,0.524735381,-0.779308908,-0.041640996,0.213559577,-0.407723826,-0.002098558,0.340508352,-0.598112476,-0.045676045,0.452321997,-0.722133154,-0.089980344,0.550620016,-0.82604756,-0.120262326,0.189419124,-0.395769724,-0.060008141,0.315081151,-0.564513169,-0.105000949,0.420781603,-0.66746702,-0.141695103,0.508869453,-0.752773631,-0.162112743,0.169729002,-0.347655113,-0.115935781,0.276331698,-0.492655153,-0.150888006,0.362139268,-0.578114601,-0.170700565,0.435225057,-0.637323434,-0.183031436,166.9461308,173.887203,171.6385235,177.8073918,170.8931757,176.7660314,170.9430932,175.4557732,171.165261,173.8842226,0,0,0,-0.182710649,-0.104503045,-0.015836,-0.328473937,-0.242135867,-0.020522094,-0.435301019,-0.35750691,-0.029727404,-0.523248255,-0.447219749,-0.03870794,-0.34782592,-0.431109588,0.012093879,-0.493055096,-0.577222564,-0.026411983,-0.581386506,-0.666769638,-0.064898552,-0.645951428,-0.749667799,-0.096483416,-0.312975356,-0.421526725,-0.01163456,-0.480955441,-0.565976556,-0.046721794,-0.579250724,-0.661699405,-0.08315058,-0.651209583,-0.750383836,-0.113358624,-0.270100117,-0.373024149,-0.043408709,-0.433175566,-0.493270506,-0.08763176,-0.525764546,-0.57342697,-0.121194482,-0.596665844,-0.650927533,-0.14659218,-0.218822024,-0.28876022,-0.077861208,-0.32238146,-0.320788287,-0.127513615,-0.394847109,-0.364872526,-0.154902696,-0.456797115,-0.420239924,-0.174020548,175.6156914,178.0703744,173.5355695,173.5394945,173.1507917,173.4764839,174.6648133,173.2733868,165.2088176,168.7278124,HOUSE
0,0,0,0.183256246,-0.041864206,0.029261246,0.262017805,-0.204838996,0.037283875,0.294605816,-0.335876096,0.029391416,0.330580363,-0.43031726,0.018906136,0.229083752,-0.410821059,0.033091897,0.341257072,-0.587001508,-0.007425352,0.430775925,-0.696448174,-0.041952107,0.508791704,-0.790447183,-0.067003679,0.203902378,-0.425787985,-0.015355971,0.33385779,-0.610652337,-0.063016499,0.443435714,-0.730604734,-0.10441894,0.536228071,-0.833811449,-0.131217083,0.180283261,-0.408275191,-0.066637006,0.309578626,-0.561257101,-0.112693185,0.41355515,-0.65104942,-0.14384179,0.497617508,-0.725894184,-0.159213368,0.162260558,-0.353361755,-0.116803455,0.266777639,-0.489447765,-0.149187255,0.349935499,-0.567368819,-0.163678526,0.418897958,-0.62084055,-0.171253281,166.786434,172.6467741,172.8032286,177.7687032,172.4834098,176.5686625,171.2286506,174.9018677,170.1447818,174.1803033,0,0,0,-0.207190421,-0.089684237,-0.02356722,-0.359123032,-0.227022919,-0.02772825,-0.469710612,-0.347164323,-0.032619316,-0.561282548,-0.441506033,-0.035862393,-0.348939975,-0.449914094,0.011566797,-0.501114421,-0.592236529,-0.017965273,-0.59200948,-0.672260811,-0.052118403,-0.661237244,-0.745854103,-0.080417434,-0.313291555,-0.429135119,-0.002937947,-0.488802488,-0.570145858,-0.026768652,-0.592660727,-0.65473561,-0.057465563,-0.670713522,-0.726606316,-0.084500439,-0.271383666,-0.368278944,-0.025710051,-0.436495335,-0.486508827,-0.059948167,-0.534563976,-0.561428109,-0.091700647,-0.612528712,-0.628681429,-0.117016691,-0.223436456,-0.273131717,-0.051742861,-0.320783533,-0.306295242,-0.094162859,-0.392282778,-0.350070951,-0.120133755,-0.456700115,-0.402298258,-0.138761818,174.6761219,178.300149,172.1062675,174.7497512,173.0936111,176.2668292,174.7969466,176.5507639,166.9784797,171.3498771,HOUSE
0,0,0,0.18804432,-0.038589618,0.017741751,0.269388133,-0.204259683,0.017668361,0.303372873,-0.33751178,0.003183747,0.338626487,-0.435352699,-0.013170559,0.231105856,-0.423995872,0.017355951,0.34425561,-0.596029611,-0.031400397,0.437064192,-0.704758974,-0.07162357,0.518245306,-0.795373183,-0.100951832,0.204414513,-0.43349408,-0.029462378,0.336628447,-0.614687622,-0.081543267,0.448295183,-0.729786871,-0.126419439,0.545403871,-0.823426513,-0.156535601,0.176786654,-0.403548746,-0.08007076,0.30337395,-0.550490966,-0.131791589,0.406825684,-0.629464204,-0.167425919,0.492569096,-0.691133466,-0.187215475,0.154988724,-0.334584016,-0.130503682,0.244415326,-0.449340884,-0.170039902,0.317657878,-0.512765545,-0.189301409,0.380018281,-0.555600262,-0.200835246,166.739162,173.7820636,172.663146,177.4099327,171.8130134,176.3994395,168.49905,175.0080413,168.4082363,173.1545022,0,0,0,-0.201046483,-0.091825631,-0.027209276,-0.352172062,-0.23006965,-0.033669886,-0.463168693,-0.344271618,-0.040595464,-0.554064431,-0.439079217,-0.046397636,-0.353812687,-0.452355071,0.007225149,-0.505297275,-0.587957516,-0.027763433,-0.597073862,-0.665648133,-0.066538433,-0.666298977,-0.739247223,-0.097771248,-0.314100369,-0.430492481,-0.007159668,-0.482732855,-0.566246913,-0.035353394,-0.583257067,-0.645996243,-0.068781318,-0.659960493,-0.715439871,-0.097755072,-0.268803517,-0.3649421,-0.030434666,-0.426101187,-0.484602837,-0.070344138,-0.52294241,-0.555099857,-0.102421378,-0.600798287,-0.620974932,-0.126622953,-0.218571193,-0.265605949,-0.056891405,-0.316408834,-0.306426369,-0.101794864,-0.386349051,-0.350979145,-0.126109297,-0.448628056,-0.405221256,-0.143082293,176.5118737,179.1942195,171.719914,173.7086165,172.7773601,176.1723942,176.1751014,175.5547265,168.582126,170.4043474,HOUSE
0,0,0,0.193145742,-0.03204045,0.020028735,0.279236209,-0.203425149,0.020583115,0.31828273,-0.343049017,0.007443341,0.34945729,-0.448222336,-0.007645665,0.226949651,-0.429686864,0.010419067,0.345014727,-0.599240853,-0.038909185,0.441294379,-0.706598137,-0.079084256,0.524002797,-0.794778534,-0.10842315,0.198027553,-0.435371129,-0.036799626,0.339678079,-0.611708455,-0.088673477,0.45483402,-0.724932187,-0.133255227,0.553492178,-0.816771101,-0.162884552,0.172362952,-0.392888907,-0.08648451,0.305692567,-0.538329551,-0.137788311,0.412155352,-0.622457957,-0.175553783,0.499702459,-0.687632374,-0.197627014,0.158560857,-0.308152669,-0.13542494,0.246999147,-0.40063018,-0.176592736,0.31807285,-0.456929009,-0.198136892,0.379174711,-0.497438306,-0.211371042,167.7320437,177.1528213,172.8464486,177.6514213,173.012222,176.5707464,171.078609,175.545912,171.1635502,174.2820375,0,0,0,-0.213056292,-0.087290565,-0.009693349,-0.366580256,-0.224857694,-0.015648956,-0.476818281,-0.334676807,-0.026639525,-0.567410705,-0.427430646,-0.037662299,-0.340529334,-0.453342658,0.005778667,-0.490726472,-0.594220695,-0.035084225,-0.583721436,-0.673560155,-0.074618712,-0.655954149,-0.747225042,-0.106671885,-0.303826334,-0.432365254,-0.023857359,-0.479500319,-0.57449349,-0.061897773,-0.586122301,-0.656720925,-0.098018036,-0.666726203,-0.732022414,-0.128166937,-0.26504788,-0.364369745,-0.060382555,-0.438231185,-0.485568501,-0.109895921,-0.540680811,-0.556912452,-0.144629556,-0.621440212,-0.628074595,-0.170419737,-0.225142051,-0.25680471,-0.098168739,-0.334397812,-0.290795175,-0.152739218,-0.411183254,-0.334463665,-0.181750503,-0.478483202,-0.3915963,-0.202019256,176.094474,178.6572107,172.7798001,175.0366884,174.3480082,174.7131047,177.5380612,173.2989876,166.3914471,168.401007,HOUSE
0,0,0,0.180948007,-0.040404163,0.003028299,0.266445574,-0.202686281,-0.003899116,0.298377478,-0.339774347,-0.022479677,0.335622282,-0.439445546,-0.042030319,0.238226435,-0.427094032,0.00697016,0.347941498,-0.598627079,-0.044511748,0.438275121,-0.70677275,-0.087145522,0.514884001,-0.798826761,-0.117916429,0.207955324,-0.436747453,-0.032983778,0.335630069,-0.616878097,-0.085306661,0.443587856,-0.731124601,-0.131160886,0.535962139,-0.828492494,-0.162310728,0.175615844,-0.405317312,-0.078104836,0.299175577,-0.552679178,-0.131366087,0.399845793,-0.62235437,-0.168689791,0.482205232,-0.677122755,-0.189818281,0.147616642,-0.33565171,-0.124269865,0.231146587,-0.434923204,-0.167673354,0.301263373,-0.490367792,-0.190425585,0.360035695,-0.532880819,-0.204255234,164.4298085,172.1421769,172.5008883,177.5190531,171.6731737,176.7640048,165.1995623,174.9651337,168.1017705,175.7184665,0,0,0,-0.199640494,-0.101269288,-0.003305512,-0.349694397,-0.239180449,-0.007174231,-0.463805937,-0.340981429,-0.017452861,-0.556797939,-0.424578381,-0.028457196,-0.328538067,-0.467216994,0.008103274,-0.484668586,-0.601714839,-0.032876395,-0.582598302,-0.675088464,-0.072731843,-0.659012493,-0.744849327,-0.10441271,-0.296042745,-0.437069668,-0.022887238,-0.473549693,-0.571660781,-0.061852781,-0.582990737,-0.647568453,-0.098986872,-0.667571843,-0.719385568,-0.129739058,-0.263836908,-0.360945769,-0.059685623,-0.43732914,-0.470548338,-0.107916248,-0.542097751,-0.536058088,-0.141293733,-0.623723005,-0.600650326,-0.165609574,-0.234801859,-0.247425141,-0.097260094,-0.349001826,-0.289318902,-0.149469996,-0.429288412,-0.339931116,-0.177176079,-0.498376068,-0.402852278,-0.196304557,177.0452382,178.5986108,172.2014921,174.5541956,173.8350075,174.5621451,177.9788464,173.4996597,166.6575722,169.0977569,HOUSE
0,0,0,0.177292158,-0.036337636,0.02282481,0.25763014,-0.204056794,0.026916122,0.292560041,-0.336610352,0.01515308,0.326538592,-0.436894498,0.000437026,0.219519678,-0.411167501,0.030192117,0.327795705,-0.582035497,-0.013873501,0.418852893,-0.693550202,-0.052700085,0.498154527,-0.787397755,-0.081018245,0.196875087,-0.42678367,-0.01735662,0.326222094,-0.610148056,-0.065090481,0.437002984,-0.732500703,-0.107985289,0.531757736,-0.835773622,-0.136807032,0.176607824,-0.409548445,-0.068879711,0.308623957,-0.567433317,-0.115480951,0.413410997,-0.662404394,-0.148324657,0.497341205,-0.741106773,-0.165805156,0.162492459,-0.352936362,-0.120305873,0.269726326,-0.486547981,-0.155407746,0.353373454,-0.569944315,-0.173179912,0.422853555,-0.630744247,-0.183616662,167.5370679,175.021692,172.7457003,177.6324971,172.7484587,176.9911471,172.2683735,175.4324164,173.050622,175.7078109,0,0,0,-0.19346877,-0.102219195,-0.007185849,-0.344328577,-0.235584684,-0.008461943,-0.462224924,-0.333459713,-0.014499364,-0.555075854,-0.412854488,-0.020523328,-0.340133919,-0.471668593,0.018021265,-0.494469123,-0.605783894,-0.016703698,-0.590435008,-0.677170272,-0.05413835,-0.663105362,-0.743827178,-0.083740123,-0.3105022,-0.439279436,-0.005888035,-0.489322493,-0.574304133,-0.035105132,-0.595706769,-0.64788957,-0.068329443,-0.676090731,-0.715161244,-0.096638266,-0.278836854,-0.360693951,-0.036509931,-0.45055002,-0.468430295,-0.076926871,-0.55348165,-0.533619428,-0.107713596,-0.631542722,-0.59774462,-0.130616476,-0.244820342,-0.248070016,-0.068404618,-0.356970079,-0.285623191,-0.113237438,-0.434090229,-0.332873872,-0.137154115,-0.500367516,-0.392631985,-0.153665959,177.324431,178.7583345,171.1572987,174.2793881,172.6133353,174.8126863,177.0077613,172.9520615,166.2665496,168.8072883,HOUSE
0,0,0,0.173886521,-0.028191167,0.003945162,0.257515988,-0.194180773,-0.001443844,0.295687216,-0.325206235,-0.018696751,0.33265906,-0.424666546,-0.03764974,0.221212571,-0.418506643,0.008226056,0.332925247,-0.586976383,-0.043714906,0.427690476,-0.692169431,-0.088065796,0.509956495,-0.779899415,-0.11984577,0.195884271,-0.430018135,-0.031307736,0.326328673,-0.609191218,-0.083317042,0.440998503,-0.725748534,-0.129883739,0.542167231,-0.824614947,-0.161446222,0.17160363,-0.403863262,-0.07577067,0.301014712,-0.556444135,-0.126909724,0.406418759,-0.642087972,-0.163641975,0.492866159,-0.712160399,-0.184227299,0.153805101,-0.337740626,-0.121416904,0.24729675,-0.453855603,-0.16283342,0.323106833,-0.527160875,-0.184354828,0.387380247,-0.582421772,-0.197061391,168.1498854,174.9342815,171.3181122,177.1373888,171.3562258,176.4727839,169.7060815,175.3143571,171.9905641,175.4928904,0,0,0,-0.167193712,-0.097246442,-0.016604082,-0.311560984,-0.224230989,-0.021366437,-0.427830544,-0.314994508,-0.027683963,-0.520874721,-0.381669948,-0.033065301,-0.332992585,-0.453752138,0.009601453,-0.493383404,-0.600519588,-0.019534895,-0.587481445,-0.677574087,-0.052764734,-0.657760082,-0.749052813,-0.07919316,-0.3119951,-0.423575032,-0.005593131,-0.488552762,-0.574049731,-0.027152617,-0.5916728,-0.651211375,-0.055912184,-0.670518151,-0.717355486,-0.081543353,-0.287391161,-0.351273016,-0.027187822,-0.450709416,-0.464813799,-0.056589702,-0.550398862,-0.528556593,-0.08317768,-0.627378782,-0.586153205,-0.104683518,-0.258748932,-0.245280092,-0.051150807,-0.367933897,-0.289142607,-0.083519103,-0.447514933,-0.340460329,-0.101927955,-0.517484185,-0.400210426,-0.115767925,176.4278595,177.5240563,171.7270692,173.9651681,171.8601317,176.5095984,175.1718491,175.8136366,168.4682315,171.9995976,HOUSE
0,0,0,0.179961413,-0.033959564,0.007611223,0.262961859,-0.202734917,0.003308822,0.299921262,-0.339050914,-0.013467137,0.333705807,-0.441292808,-0.031560125,0.221374044,-0.424926127,0.010550103,0.33434458,-0.591070686,-0.0399956,0.427144924,-0.697355702,-0.082572626,0.507897196,-0.787072112,-0.113559967,0.196448477,-0.435838839,-0.030723365,0.326671238,-0.612634939,-0.083119025,0.439494073,-0.728597744,-0.129111077,0.538909665,-0.826978363,-0.160259664,0.172729691,-0.407012171,-0.076510102,0.30127739,-0.551914209,-0.128627636,0.403759801,-0.628797143,-0.164807683,0.487189852,-0.691422426,-0.184687627,0.156061767,-0.337895149,-0.123131125,0.247222184,-0.45461102,-0.164652515,0.319526983,-0.524434206,-0.185729614,0.380120995,-0.576162905,-0.19802532,167.7220577,175.8233888,172.809863,177.4132122,172.0193379,176.4897072,168.83886,174.9889838,171.3189607,175.3350054,0,0,0,-0.20257915,-0.095000641,-0.003179532,-0.350735606,-0.231657287,-0.005703212,-0.46566227,-0.331315003,-0.012726783,-0.556804801,-0.408163869,-0.020361911,-0.333880907,-0.455670765,0.001762147,-0.492808187,-0.597182886,-0.035418448,-0.586341925,-0.675009958,-0.071831725,-0.656954623,-0.747163921,-0.100780449,-0.299147357,-0.425415695,-0.024873832,-0.479205192,-0.567925181,-0.055803779,-0.5855126,-0.644660233,-0.084862322,-0.66787579,-0.71150769,-0.110651464,-0.262646703,-0.348955189,-0.056554811,-0.43125993,-0.46114385,-0.097152724,-0.533621716,-0.524486649,-0.12365827,-0.61528287,-0.584588622,-0.144501859,-0.22590446,-0.236260459,-0.089116951,-0.329191686,-0.275847374,-0.137042203,-0.408466829,-0.327053595,-0.161323751,-0.481847405,-0.388348736,-0.178149996,177.3149142,178.5155182,172.9653648,174.2877089,174.5278581,176.5472962,177.7526663,175.3583368,165.5889823,171.7865664,HOUSE
0,0,0,0.178142668,-0.027926796,0.017231968,0.259925814,-0.189383673,0.016168598,0.296214392,-0.316417703,0.000606446,0.330119473,-0.41544005,-0.01717843,0.220743183,-0.419128575,0.015903886,0.334022512,-0.590031931,-0.032798742,0.426801094,-0.699227219,-0.074179252,0.507322311,-0.789514965,-0.104269869,0.193782192,-0.430079109,-0.030217126,0.326642512,-0.612430937,-0.081522513,0.439216271,-0.73039778,-0.126616363,0.537474381,-0.828561415,-0.156867046,0.170092906,-0.400569106,-0.079905132,0.303825621,-0.553058023,-0.130096356,0.409947002,-0.640846166,-0.164640461,0.49730538,-0.712382871,-0.183595702,0.155319223,-0.32844179,-0.129560347,0.254710701,-0.448611211,-0.16840946,0.333926972,-0.523411511,-0.187195385,0.401122434,-0.578685308,-0.198140327,167.364796,175.8241046,172.8457748,177.4291268,172.1737502,176.5282473,171.1079585,175.4098599,171.906408,175.2873755,0,0,0,-0.176980276,-0.095506369,-0.006607107,-0.324807087,-0.229769461,-0.002699289,-0.44253566,-0.325711114,-0.002007616,-0.532994019,-0.397484536,-0.000581755,-0.337189177,-0.460299676,0.028957092,-0.488969988,-0.616806504,0.008441576,-0.581536198,-0.692420302,-0.018114722,-0.651860494,-0.75730586,-0.03956933,-0.316106696,-0.43538626,0.01149617,-0.488676486,-0.593786775,-0.002494213,-0.592981466,-0.669303181,-0.027317863,-0.670992144,-0.728606064,-0.049708804,-0.293385438,-0.364596038,-0.012358376,-0.455561401,-0.489442043,-0.036625254,-0.5578917,-0.556351806,-0.063804226,-0.636245902,-0.613611602,-0.085570282,-0.272519605,-0.256263682,-0.037474547,-0.387517215,-0.305398166,-0.065083196,-0.470973257,-0.359324258,-0.082740844,-0.543696255,-0.41987668,-0.096282109,176.7471746,178.8532624,170.2797548,176.5307798,170.0014589,177.5112588,172.7432687,176.9791792,170.1320036,172.853907,HOUSE
0,0,0,0.178235825,-0.030121072,0.002927008,0.262189225,-0.193472647,-0.003603325,0.297126032,-0.327848308,-0.021639819,0.328190651,-0.432506119,-0.040787694,0.221786395,-0.425679057,0.004897224,0.334861226,-0.589016938,-0.047466979,0.429340972,-0.694276201,-0.091604683,0.510461669,-0.783461014,-0.123545886,0.194817024,-0.432891193,-0.035125454,0.323775663,-0.609171126,-0.089428444,0.4371605,-0.72579395,-0.137725549,0.537468162,-0.825993712,-0.169889264,0.169141874,-0.396235906,-0.079704247,0.294712967,-0.542082616,-0.134638171,0.399446342,-0.623147961,-0.17422377,0.486799414,-0.689215051,-0.196045622,0.151873844,-0.319829397,-0.125242237,0.236717996,-0.423617244,-0.169730425,0.309913988,-0.487844096,-0.193103947,0.371848874,-0.534043412,-0.206557677,166.3163512,176.7558316,172.5923484,177.4293202,171.8476045,176.1275823,168.8998646,174.5645266,169.6664931,174.2276999,0,0,0,-0.160199865,-0.102729886,-0.025685328,-0.307786002,-0.23401771,-0.03247744,-0.432028077,-0.334775922,-0.039741903,-0.534098002,-0.410568067,-0.045175724,-0.331261661,-0.447003023,0.007755141,-0.480142776,-0.596416109,-0.027689545,-0.57300871,-0.680728002,-0.064656194,-0.645187814,-0.755738434,-0.093694468,-0.316404858,-0.422570406,-0.005732653,-0.485897978,-0.577107121,-0.037315196,-0.585877758,-0.666506052,-0.070798976,-0.660780386,-0.744227045,-0.097444276,-0.297118678,-0.35602672,-0.027519687,-0.461300617,-0.482836271,-0.0676145,-0.556265885,-0.563362831,-0.100120891,-0.626885175,-0.639104109,-0.123203643,-0.271831821,-0.257481556,-0.052111059,-0.383007943,-0.304226945,-0.093037237,-0.457060269,-0.35408294,-0.116608631,-0.517125784,-0.414722104,-0.133001765,177.238251,177.4499737,172.5435496,176.1120027,173.7648875,175.7966402,175.4623944,173.1163291,168.5941073,168.255279,HOUSE
0,0,0,0.170418354,-0.024633903,0.014423153,0.256785604,-0.180693315,0.012479554,0.294809901,-0.305737181,-0.003101448,0.326487007,-0.407610178,-0.020872823,0.216602261,-0.411620876,0.009172415,0.331859248,-0.581291176,-0.039460666,0.423817205,-0.690764201,-0.080142722,0.503538301,-0.784334916,-0.109749167,0.189635512,-0.422307316,-0.03545013,0.32297639,-0.606629602,-0.085721062,0.436444225,-0.727274556,-0.130837565,0.532648856,-0.830809112,-0.16137353,0.165357072,-0.389206978,-0.083071212,0.299360564,-0.536624048,-0.132150713,0.404287547,-0.623894832,-0.167554288,0.489773231,-0.697451373,-0.187555969,0.152651259,-0.31174496,-0.130646144,0.251293308,-0.42267194,-0.169176997,0.328476468,-0.49584197,-0.188298714,0.391654205,-0.553974233,-0.199632101,166.4819359,177.2618574,173.784507,177.5718234,172.3210352,176.8983711,172.2207399,175.3871847,173.5176869,177.1324266,0,0,0,-0.18185957,-0.098047539,-0.012464998,-0.333839278,-0.233289165,-0.020635529,-0.452674956,-0.333009273,-0.03265409,-0.549813504,-0.408269588,-0.044954673,-0.337870497,-0.440090865,-0.006088915,-0.482704525,-0.590351738,-0.052269988,-0.575130732,-0.675998769,-0.095111531,-0.646160879,-0.75230539,-0.128501823,-0.311739292,-0.416725464,-0.033110212,-0.48010892,-0.563884267,-0.074411409,-0.583472426,-0.653117358,-0.111859704,-0.661493918,-0.732123025,-0.142473926,-0.278826598,-0.347403908,-0.066295584,-0.444755618,-0.468520241,-0.116475513,-0.543023753,-0.542524395,-0.151430152,-0.619244119,-0.611932867,-0.176717894,-0.240123861,-0.239891698,-0.100717661,-0.347627314,-0.279236065,-0.154436773,-0.427106892,-0.329440894,-0.182838646,-0.496748354,-0.388297575,-0.202250328,177.223863,177.3290585,172.9417108,175.782987,175.0742402,175.5425256,177.6121549,174.3799114,165.896736,170.9137594,HOUSE
0,0,0,0.175476176,-0.02150457,0.006280771,0.260704522,-0.179053328,0.001254339,0.295024699,-0.314679115,-0.015897195,0.322872478,-0.421647681,-0.034611771,0.226087364,-0.416949559,0.005922583,0.340496552,-0.588651203,-0.044657876,0.434985008,-0.701687653,-0.086914973,0.51520048,-0.796969516,-0.117853644,0.198708075,-0.424628889,-0.035826581,0.330158286,-0.604219807,-0.087884633,0.440596056,-0.725481359,-0.13397456,0.535050293,-0.828594472,-0.164779804,0.171294071,-0.387022423,-0.081761912,0.29820585,-0.532033213,-0.13485865,0.400818073,-0.616977307,-0.172100111,0.485194657,-0.687095454,-0.19265209,0.152602753,-0.308151007,-0.128363491,0.2412946,-0.405373202,-0.171647646,0.315005438,-0.468945139,-0.193191725,0.376620844,-0.517605086,-0.205541984,164.838865,177.296867,173.5768137,177.8744044,173.5386772,176.6882901,171.1309158,174.9605826,171.2420063,175.6563075,0,0,0,-0.191963568,-0.062663685,-0.01431657,-0.349753484,-0.202917143,-0.026251802,-0.464698567,-0.3156934,-0.041925961,-0.56440129,-0.395937765,-0.058408865,-0.350421821,-0.424000709,-0.021561708,-0.492883339,-0.573616569,-0.073152371,-0.583682583,-0.660707607,-0.117133416,-0.652867204,-0.739805096,-0.151426682,-0.314168475,-0.40821597,-0.052457894,-0.483424403,-0.554198132,-0.099947431,-0.585670044,-0.646941818,-0.138039737,-0.662246297,-0.730152233,-0.168248504,-0.268034955,-0.342271512,-0.089042037,-0.439945993,-0.460468459,-0.146669995,-0.542824524,-0.537321925,-0.183595173,-0.624020978,-0.613662953,-0.209476082,-0.21605985,-0.234782761,-0.126530243,-0.332396672,-0.268365338,-0.188975556,-0.418119718,-0.316678354,-0.220974338,-0.493146957,-0.376624983,-0.241998487,176.2950882,174.0889073,174.1538977,175.0343821,176.2394301,174.9329843,177.6523814,173.0233354,164.6168988,169.4207729,HOUSE
0,0,0,0.1788408,-0.030373262,0.003482554,0.263686692,-0.189889502,-0.005702569,0.299758446,-0.328296934,-0.024695123,0.325612468,-0.436186233,-0.045505329,0.216202585,-0.411210845,-0.012120758,0.336221812,-0.578222171,-0.068373107,0.432981143,-0.692264771,-0.113582684,0.51339225,-0.786609349,-0.145674094,0.186784809,-0.415432738,-0.052380176,0.327606584,-0.593959184,-0.110339496,0.439931895,-0.718065733,-0.158593778,0.534187604,-0.823817433,-0.189653475,0.159246608,-0.367893445,-0.095038366,0.292424584,-0.51803813,-0.150824963,0.397599494,-0.617629334,-0.189291847,0.485270555,-0.700014772,-0.210886757,0.141795738,-0.278348448,-0.137854794,0.227095623,-0.359356785,-0.183045629,0.29934713,-0.42164098,-0.204179536,0.361610069,-0.47361375,-0.215835115,165.8630313,176.6992117,175.2940165,177.6366977,175.8314198,176.2314443,175.1193616,175.2702161,171.0601364,175.5486435,0,0,0,-0.165273032,-0.091026507,-0.017659912,-0.310614511,-0.229812332,-0.024436376,-0.426534497,-0.338194327,-0.033586123,-0.525765523,-0.417844845,-0.042571915,-0.328212401,-0.428777461,-0.003998415,-0.476065022,-0.576035656,-0.04422982,-0.569825825,-0.668881656,-0.081836074,-0.639883308,-0.748917638,-0.111603438,-0.304342367,-0.417346499,-0.026234815,-0.474839956,-0.571760321,-0.061723234,-0.575073873,-0.669179358,-0.094606886,-0.648328925,-0.751694183,-0.12093577,-0.274259566,-0.359394499,-0.055137396,-0.441009202,-0.488541287,-0.099813173,-0.538492837,-0.567333443,-0.13147864,-0.613105739,-0.641824002,-0.154367174,-0.240554745,-0.261491145,-0.085876188,-0.351199279,-0.299920383,-0.13613586,-0.424889221,-0.34420906,-0.162446046,-0.486656708,-0.399131998,-0.179796282,178.3750698,175.5664218,174.9595265,175.9862341,175.0713933,175.8234411,177.4101495,173.7943191,167.2378313,168.4481557,HOUSE
0,0,0,0.169261959,-0.025060856,0.001508469,0.254486782,-0.178703285,-0.005720885,0.288003072,-0.311065178,-0.022596219,0.311675419,-0.41630487,-0.041489671,0.217002873,-0.403033585,-0.004934344,0.330014959,-0.580144057,-0.057417184,0.424648475,-0.696350596,-0.101283794,0.505206525,-0.791775255,-0.132465877,0.189858242,-0.409473021,-0.042195247,0.321076823,-0.593601588,-0.095495392,0.431644868,-0.722897053,-0.143230091,0.524674152,-0.833156981,-0.174832717,0.163504186,-0.371728772,-0.082602648,0.291623625,-0.530414111,-0.134081678,0.397414768,-0.638614718,-0.172839939,0.484139281,-0.728220709,-0.194771144,0.145474463,-0.294784472,-0.123621654,0.236461432,-0.389023145,-0.165003644,0.314689213,-0.463231238,-0.186390978,0.381235446,-0.525524733,-0.198699044,164.5122958,176.6930467,173.202486,177.4547166,174.5244224,176.629371,174.7070831,175.5704298,173.2122136,176.4012769,0,0,0,-0.213067647,-0.083648903,-0.01781916,-0.369458479,-0.221192012,-0.023199216,-0.484499835,-0.339431183,-0.032405472,-0.578772486,-0.434658265,-0.041005174,-0.35216816,-0.443188209,0.014774549,-0.49699094,-0.585317201,-0.020571664,-0.585029992,-0.671499354,-0.06002182,-0.653263569,-0.751527264,-0.091942813,-0.312633578,-0.425763582,-0.007074079,-0.481920929,-0.56469675,-0.036009095,-0.585749177,-0.652527616,-0.069783754,-0.664089526,-0.727979605,-0.098763105,-0.271423223,-0.363209938,-0.037239477,-0.440638191,-0.479575112,-0.076442237,-0.542103355,-0.553264665,-0.106230936,-0.620712651,-0.619748259,-0.128963692,-0.229927983,-0.262018038,-0.070360315,-0.341770858,-0.299393571,-0.114274825,-0.420316404,-0.346701558,-0.137232668,-0.487642201,-0.403444115,-0.153371391,175.1894744,179.0161006,172.096346,174.9376311,173.4920314,176.2137219,176.989162,175.7002085,166.3845072,170.3724223,HOUSE
0,0,0,0.183134721,-0.029843767,0.005200927,0.264993967,-0.190654971,-0.001540431,0.299324804,-0.325416008,-0.019376982,0.325919168,-0.430766379,-0.038398336,0.221569638,-0.404230629,0.002333947,0.34021993,-0.578150953,-0.050248932,0.436555369,-0.688043819,-0.095020597,0.519014891,-0.778213492,-0.127085194,0.19528044,-0.407874958,-0.037387956,0.327606693,-0.596962737,-0.090311867,0.44105372,-0.720604157,-0.139304241,0.53778997,-0.825189693,-0.172753926,0.17078128,-0.365149494,-0.080826128,0.296061258,-0.530362994,-0.132891146,0.403669919,-0.633472896,-0.173988608,0.491513206,-0.718145911,-0.19811138,0.15750523,-0.282452003,-0.124751286,0.246293851,-0.381011562,-0.164355405,0.322902991,-0.45606103,-0.186530846,0.386274666,-0.519502436,-0.200774589,166.337508,177.321329,172.6576028,177.3493887,171.9456194,176.8927703,171.1386569,175.7334295,173.9415054,177.2081533,0,0,0,-0.178250692,-0.091410329,-0.011732896,-0.332026064,-0.22648923,-0.018405232,-0.452498764,-0.328999041,-0.029339147,-0.548917992,-0.405794035,-0.040493817,-0.339773932,-0.436249317,0.001774074,-0.481752776,-0.583896049,-0.040938476,-0.573056036,-0.669769577,-0.082766057,-0.644572684,-0.748038503,-0.116065675,-0.31874241,-0.417162796,-0.024908239,-0.486875847,-0.560198966,-0.062940081,-0.591006408,-0.650751053,-0.098969412,-0.669445833,-0.731691459,-0.128335049,-0.290681549,-0.352362738,-0.058043727,-0.461106905,-0.473541281,-0.105294642,-0.559155002,-0.550828657,-0.137379479,-0.634671596,-0.625250544,-0.160630716,-0.255881603,-0.248944955,-0.092742319,-0.367903128,-0.291170548,-0.143392065,-0.446032679,-0.343601351,-0.168540498,-0.512661028,-0.407997998,-0.185558266,177.6369337,177.6661772,172.7389553,175.6791011,175.061572,175.2086063,176.7031668,173.4599869,165.1721518,169.0589488,HOUSE
0,0,0,0.181055139,-0.028280929,0.015177238,0.266944971,-0.183798382,0.015963565,0.303914187,-0.316342152,0.003105837,0.326729636,-0.42082008,-0.012677158,0.221188524,-0.394591879,0.023666233,0.330432657,-0.563120106,-0.024011025,0.427070802,-0.675817624,-0.067844077,0.509684137,-0.766160926,-0.099678158,0.200130423,-0.403782033,-0.018717508,0.328367926,-0.595392379,-0.067616759,0.440537703,-0.724297281,-0.116328277,0.535719799,-0.831022747,-0.149684638,0.180742648,-0.372583652,-0.064891172,0.308772607,-0.551044941,-0.114186548,0.417490865,-0.670654904,-0.155680929,0.504933747,-0.768564589,-0.179698372,0.168263344,-0.302444268,-0.110832008,0.2663414,-0.412570563,-0.149620597,0.349771689,-0.502813703,-0.172929622,0.41971829,-0.5818756,-0.18789945,165.5573209,175.5106623,171.9646878,177.3793878,171.9396329,177.0989478,173.3236623,175.9111769,175.8383206,177.007099,0,0,0,-0.183124022,-0.068802557,-0.01877358,-0.34374258,-0.206790364,-0.030579515,-0.464962581,-0.31655212,-0.044257411,-0.563899361,-0.395094562,-0.058341056,-0.341798393,-0.423374722,-0.024054053,-0.481778523,-0.582233441,-0.070289605,-0.569734996,-0.672162437,-0.109683079,-0.635205465,-0.751909285,-0.140715805,-0.314751827,-0.407903497,-0.048809454,-0.487742177,-0.558489775,-0.091716105,-0.589389553,-0.65286787,-0.126813169,-0.66112273,-0.734074309,-0.155085926,-0.27942292,-0.342751881,-0.07911334,-0.453807486,-0.466002782,-0.132422711,-0.554866998,-0.544703625,-0.16876567,-0.629735454,-0.619829315,-0.194439772,-0.239373683,-0.236067369,-0.110432387,-0.359396447,-0.272512093,-0.169510892,-0.444076649,-0.323593185,-0.201743917,-0.515878444,-0.384792246,-0.223078387,177.7293275,175.9141902,174.1302416,175.1304688,175.922646,174.4400035,176.7791737,172.6562344,164.9677033,169.5123676,HOUSE
0,0,0,0.191205558,-0.024323752,0.018232485,0.281417785,-0.174527119,0.018055141,0.321225168,-0.305514653,0.003717785,0.343240731,-0.412151927,-0.012894778,0.232516226,-0.411162218,0.022903326,0.34388767,-0.568916631,-0.025108199,0.438578107,-0.677223523,-0.069551045,0.518480394,-0.765197307,-0.102888835,0.207177334,-0.414872882,-0.023359791,0.340829081,-0.597592189,-0.072190454,0.450725405,-0.721559563,-0.118469,0.54552742,-0.824471263,-0.150489102,0.183742315,-0.36777654,-0.073142862,0.312704706,-0.529149671,-0.122946868,0.413019372,-0.635478801,-0.160151937,0.496107565,-0.723936174,-0.182803153,0.170969036,-0.276360642,-0.122817398,0.255734714,-0.343791416,-0.162952548,0.327464196,-0.411184583,-0.183462041,0.38968914,-0.477972394,-0.19715083,164.7376615,174.1210106,173.4252309,178.1042618,173.7406352,177.0428042,175.3562474,176.2548647,170.3002577,175.0040984,0,0,0,-0.207491649,-0.072947664,-0.014446592,-0.365388192,-0.219574247,-0.026572656,-0.478112521,-0.333336822,-0.041248458,-0.563271727,-0.427892098,-0.05590777,-0.324478162,-0.451098715,-0.027662164,-0.476317266,-0.608572885,-0.073815727,-0.561883392,-0.692339121,-0.112357891,-0.622297413,-0.769613699,-0.142970919,-0.289853582,-0.421234581,-0.055877079,-0.465124054,-0.570364321,-0.09728734,-0.567748188,-0.658081628,-0.128342626,-0.639578282,-0.737421367,-0.154753275,-0.249822636,-0.339260681,-0.089473451,-0.418051851,-0.461518093,-0.142085161,-0.523354787,-0.542310895,-0.173151928,-0.60064001,-0.624628359,-0.196106796,-0.20989196,-0.215987,-0.123785811,-0.320924739,-0.2532648,-0.184383086,-0.40393431,-0.311798748,-0.213633834,-0.476818276,-0.383618197,-0.232950633,176.819963,176.8872581,173.8225354,172.7013709,177.1656977,172.7778053,178.1036131,170.7199201,160.8830652,169.3719712,HOUSE
0,0,0,0.187472955,-0.027370122,0.012896409,0.278224821,-0.18350734,0.010755282,0.314569659,-0.320200518,-0.005001785,0.340830947,-0.427631065,-0.021969867,0.235453661,-0.419307916,0.022672737,0.341658047,-0.584117192,-0.023043775,0.430261578,-0.688337484,-0.064579911,0.507524261,-0.772780603,-0.095634079,0.208058795,-0.423539655,-0.020553672,0.336029347,-0.607281649,-0.067470595,0.442513724,-0.730116972,-0.111400737,0.534959149,-0.832867564,-0.141951855,0.182837091,-0.381009707,-0.06840757,0.308811675,-0.538201456,-0.116159398,0.407203571,-0.636603232,-0.151573197,0.487949524,-0.717918134,-0.172503939,0.168448069,-0.295780755,-0.116827748,0.259183246,-0.382039161,-0.15365852,0.332320473,-0.453230241,-0.173453649,0.393343558,-0.518203413,-0.186636106,163.7284916,177.3173689,171.7627562,177.3105274,173.2340742,177.1097339,173.8040913,176.0319461,174.5141683,176.3451832,0,0,0,-0.185106671,-0.125069896,-0.01261823,-0.352380523,-0.273907475,-0.014068923,-0.47308576,-0.379776747,-0.017479065,-0.558032492,-0.460906996,-0.018514558,-0.322540552,-0.486480785,0.015353606,-0.481083044,-0.638929897,-0.014041485,-0.566075017,-0.713649222,-0.046096129,-0.621723661,-0.779990109,-0.07123987,-0.303195698,-0.448562911,-0.001310438,-0.480696276,-0.598576441,-0.020044274,-0.574857402,-0.676464235,-0.0423038,-0.633963825,-0.744433492,-0.063057855,-0.281714266,-0.36627321,-0.025870454,-0.450143319,-0.49530484,-0.054256118,-0.545884512,-0.567258622,-0.077354918,-0.608264345,-0.639605635,-0.096234363,-0.257439058,-0.244192515,-0.052535191,-0.36594529,-0.289479727,-0.089799054,-0.446338911,-0.34817421,-0.110954066,-0.51429167,-0.416867679,-0.125708391,178.8675635,177.3615407,171.3960977,171.5960858,174.213601,170.390892,176.5911929,167.8932821,165.8055051,170.3443176,HOUSE
0,0,0,0.183040836,-0.021690063,0.016688104,0.271628633,-0.176811885,0.018957118,0.310614636,-0.307613881,0.007889479,0.334100979,-0.411999408,-0.005947779,0.22967142,-0.398129232,0.025453868,0.335404893,-0.556230612,-0.02210917,0.428955783,-0.669380735,-0.067738851,0.508216808,-0.761359512,-0.102096098,0.205514051,-0.40638092,-0.019025707,0.332508978,-0.592784747,-0.065695172,0.44033983,-0.723705414,-0.11422443,0.533890474,-0.832387182,-0.148635601,0.180892716,-0.367135313,-0.067133094,0.307042047,-0.532302975,-0.116019768,0.406523572,-0.644745978,-0.156415692,0.490367286,-0.740502442,-0.181728688,0.164142257,-0.283966799,-0.114908613,0.24922744,-0.353603801,-0.154991541,0.321745625,-0.421345986,-0.177042857,0.386371738,-0.489301124,-0.192265071,165.8173083,175.2106949,173.5272641,178.0860243,173.3631478,177.2089858,175.5784639,176.1447068,171.6604163,175.2691346,0,0,0,-0.191202094,-0.127907033,-0.006553773,-0.355963352,-0.287131289,-0.01127296,-0.47336267,-0.403870325,-0.019400906,-0.55944576,-0.49650658,-0.026567842,-0.317502596,-0.490871433,0.000321682,-0.479995381,-0.647519162,-0.038442418,-0.56302284,-0.723608679,-0.07445867,-0.615766345,-0.781460567,-0.100753123,-0.292644045,-0.452529248,-0.023863838,-0.472242383,-0.614917245,-0.051897743,-0.566606232,-0.688909836,-0.075499769,-0.625641345,-0.740760066,-0.095893134,-0.264857404,-0.366312474,-0.054615972,-0.436450985,-0.503119529,-0.090265076,-0.531304067,-0.569976891,-0.109541195,-0.589436441,-0.629984492,-0.124497635,-0.233820501,-0.241183408,-0.086501445,-0.346310549,-0.290727634,-0.12837896,-0.422939452,-0.350142708,-0.146926492,-0.484917271,-0.414327224,-0.1588289,178.074711,177.5922922,171.8595923,174.969347,173.9397239,175.2996217,176.5820828,169.366673,164.2636968,171.2298071,HOUSE
0,0,0,0.182334512,-0.022546986,0.016386981,0.27023967,-0.171768235,0.017687585,0.308305583,-0.299423781,0.005729257,0.329740784,-0.402900264,-0.009369697,0.230023692,-0.392591052,0.024698472,0.336936798,-0.558419032,-0.022069603,0.432526641,-0.675038766,-0.066681019,0.511898882,-0.766652642,-0.100215057,0.206781398,-0.399666665,-0.018940559,0.332600612,-0.594732303,-0.06507486,0.440352095,-0.727045242,-0.113074633,0.5326814,-0.833487172,-0.146798025,0.18203129,-0.358358694,-0.066025647,0.307590072,-0.538092003,-0.114074374,0.408133796,-0.657832573,-0.154660971,0.492280138,-0.754787324,-0.179904256,0.163257576,-0.273064019,-0.112680135,0.244577105,-0.353179942,-0.154020146,0.319816512,-0.428039747,-0.177663088,0.387663862,-0.499217526,-0.193552993,165.0394045,174.2548029,172.9359885,178.1145513,172.3777944,177.1250495,174.5765422,176.4184489,172.6246017,176.2604232,0,0,0,-0.199049882,-0.074926485,-0.008841751,-0.358271526,-0.234410771,-0.014392731,-0.474265684,-0.363610646,-0.023230721,-0.56700567,-0.466463316,-0.032172477,-0.339998704,-0.460165629,-0.010181641,-0.482751131,-0.627222624,-0.047760143,-0.5625871,-0.710708852,-0.081573831,-0.617958277,-0.77874588,-0.108085259,-0.301198469,-0.440241268,-0.037155198,-0.463784989,-0.600024651,-0.06811778,-0.5608137,-0.686364358,-0.094888645,-0.630312359,-0.747285568,-0.118204463,-0.257184618,-0.365106822,-0.069688177,-0.418420605,-0.495358829,-0.110374114,-0.519152,-0.574133466,-0.136997069,-0.592593592,-0.640430598,-0.157603575,-0.213556139,-0.250006481,-0.102736385,-0.329676324,-0.298420675,-0.149023348,-0.40933766,-0.353305278,-0.171218998,-0.476615751,-0.411415885,-0.186351634,176.5576986,178.9419301,172.6557118,175.4999244,175.1443547,177.3213509,178.6992968,175.9545159,166.4287099,172.9979438,HOUSE
0,0,0,0.172805118,-0.029318189,0.026151926,0.254372034,-0.179843335,0.0327493,0.292259042,-0.304798663,0.0228784,0.316800922,-0.403388854,0.007965844,0.230936181,-0.375335028,0.040484027,0.325230701,-0.544700578,-0.002341599,0.415352771,-0.66718523,-0.045748556,0.493785362,-0.762964308,-0.079386686,0.212393153,-0.389848706,-0.009179528,0.321237125,-0.597122629,-0.053235383,0.425657315,-0.737582887,-0.101477853,0.513333802,-0.847236504,-0.136670088,0.187601596,-0.369463209,-0.062765672,0.303014493,-0.569546956,-0.109827419,0.403650372,-0.695740313,-0.150545104,0.485740904,-0.794232456,-0.176036033,0.163216478,-0.31156352,-0.115398312,0.256743833,-0.427040264,-0.157955372,0.341470249,-0.520401252,-0.183966522,0.415715651,-0.60256002,-0.201812134,166.6995737,175.0225749,172.1587131,177.0053226,170.0867696,177.5868992,171.2045989,176.8061935,174.6410121,177.4345485,0,0,0,-0.184086548,-0.076022316,-0.018797218,-0.340780061,-0.228348357,-0.029289783,-0.456565413,-0.349753158,-0.04076698,-0.548974382,-0.445455938,-0.052793659,-0.32662245,-0.438155562,-0.023716097,-0.459804516,-0.599702941,-0.067829266,-0.545918212,-0.695645756,-0.107914149,-0.612063197,-0.776670849,-0.138767687,-0.300063724,-0.419601587,-0.045918735,-0.459612351,-0.582465738,-0.083227302,-0.558871545,-0.683234553,-0.116379405,-0.631746396,-0.761738939,-0.143702057,-0.268261159,-0.352805567,-0.073250378,-0.430229625,-0.491501937,-0.118728496,-0.527810626,-0.576591894,-0.148476575,-0.599250055,-0.649294413,-0.169836096,-0.234997186,-0.246797189,-0.101689378,-0.351004451,-0.304880149,-0.149997041,-0.427111908,-0.36183457,-0.172495029,-0.488220948,-0.42323938,-0.187210413,177.4638682,178.5174747,174.1048519,177.1861389,176.045828,177.862386,178.7671983,175.4779562,167.896124,171.0048712,HOUSE
0,0,0,0.168868029,-0.022256765,0.037104593,0.246824199,-0.169427842,0.050439721,0.282331402,-0.293127168,0.045763901,0.302028075,-0.391647415,0.034224387,0.220327658,-0.367589107,0.0435621,0.320490786,-0.543078797,0.006820596,0.409011273,-0.666572436,-0.029685089,0.485795312,-0.764112171,-0.058468888,0.204110005,-0.384687903,-0.00967346,0.317565855,-0.59601823,-0.050731322,0.420721878,-0.739621797,-0.09654795,0.506662562,-0.852266428,-0.130134481,0.183797007,-0.369561906,-0.065230069,0.301840462,-0.576671022,-0.110370602,0.402284683,-0.710820575,-0.15298781,0.484795582,-0.815984974,-0.180260147,0.166110101,-0.316038043,-0.11845249,0.268854667,-0.452948796,-0.160197909,0.355999952,-0.549172541,-0.18824781,0.430531407,-0.62633197,-0.20827305,166.368148,173.4918685,173.3685145,177.4010926,171.2523129,177.9490002,172.1669966,176.9484089,174.6152521,177.5138615,0,0,0,-0.19942353,-0.091865541,-0.007425435,-0.350110483,-0.248748614,-0.016388906,-0.45800723,-0.372577614,-0.030839305,-0.546004271,-0.474091419,-0.046451195,-0.310196302,-0.45853868,-0.007947921,-0.446164371,-0.613658187,-0.054177415,-0.534086749,-0.707653767,-0.097841756,-0.601093795,-0.788288105,-0.131484266,-0.28102752,-0.438473507,-0.039537889,-0.441072558,-0.598197067,-0.078445037,-0.543010545,-0.69412119,-0.113078997,-0.616770593,-0.769433693,-0.141919943,-0.249651753,-0.37145945,-0.076735411,-0.411051826,-0.511491808,-0.123794665,-0.515090181,-0.593914818,-0.15353228,-0.593047055,-0.665058861,-0.175632797,-0.218760486,-0.263209109,-0.114722651,-0.33429479,-0.320494206,-0.16371021,-0.413408465,-0.376115996,-0.18536037,-0.477900742,-0.437859405,-0.200211994,176.1021977,178.2490779,173.6038858,176.5826099,175.5044318,177.2315877,177.4105478,175.9390689,168.2779273,170.902227,HOUSE
0,0,0,0.189331041,-0.033602473,0.064435802,0.267740566,-0.17767012,0.085417038,0.301007625,-0.297200623,0.081002357,0.325028484,-0.396698949,0.069549509,0.226744242,-0.388644315,0.079128137,0.335758249,-0.559893212,0.049873825,0.425266891,-0.677232631,0.017747511,0.504383449,-0.771793542,-0.009032929,0.21124149,-0.399639835,0.009726777,0.332722109,-0.606046698,-0.026903232,0.43648945,-0.741653098,-0.070080386,0.522114142,-0.846737229,-0.102141507,0.19473533,-0.377492791,-0.061413516,0.320402347,-0.576906097,-0.100118453,0.420919874,-0.70416789,-0.135229317,0.50270565,-0.804435861,-0.158336576,0.184533916,-0.317895044,-0.128987537,0.294329395,-0.457657468,-0.161475939,0.380456033,-0.554080125,-0.181033498,0.454041055,-0.632085711,-0.19601774,164.0113738,175.1931011,173.7001342,177.4266479,171.2446676,178.0251937,173.3469083,177.6773277,175.9920759,178.240199,0,0,0,-0.192459916,-0.099285853,-0.001350683,-0.340993693,-0.258207356,-0.007141569,-0.44365695,-0.380816464,-0.019623869,-0.528932261,-0.482203295,-0.033829713,-0.308042569,-0.450242938,-0.006769738,-0.43993897,-0.604770849,-0.05340976,-0.524759636,-0.703695594,-0.095123563,-0.590580079,-0.788725983,-0.128251034,-0.273932836,-0.436461999,-0.042777117,-0.430881607,-0.59364901,-0.086236203,-0.528288263,-0.69613155,-0.123373435,-0.601061669,-0.784322451,-0.153502973,-0.237787144,-0.374241883,-0.083849895,-0.396241944,-0.519444697,-0.137221379,-0.494146916,-0.607773784,-0.170937912,-0.568659377,-0.686872612,-0.19482878,-0.202840474,-0.268505784,-0.124771497,-0.321869624,-0.331079513,-0.18243962,-0.403632929,-0.393041834,-0.210334739,-0.470424258,-0.460437726,-0.228987563,175.6690654,178.1957717,175.1324352,177.0912799,176.0509711,176.0454271,179.1229095,175.014194,168.0171158,171.0760131,HOUSE
0,0,0,0.177993927,-0.017412422,0.023294376,0.261218042,-0.170812653,0.027127928,0.298973399,-0.295202315,0.016609358,0.322260311,-0.398001487,0.002351339,0.219916201,-0.387253986,0.020724069,0.330803711,-0.565910968,-0.024488269,0.421245032,-0.686890606,-0.06460903,0.499427132,-0.783450262,-0.094484439,0.199516931,-0.390899265,-0.02522232,0.322802601,-0.592988871,-0.075591707,0.430322379,-0.727850057,-0.122803528,0.525684373,-0.836458463,-0.154897324,0.180520923,-0.352745843,-0.073579695,0.300703522,-0.532620893,-0.125163914,0.400415482,-0.644208878,-0.165612898,0.485009902,-0.735547683,-0.188803578,0.172476364,-0.273089277,-0.120641462,0.261628745,-0.392196795,-0.162792165,0.339751866,-0.478691584,-0.186696742,0.408232222,-0.548999287,-0.201954873,166.9955226,174.8462609,174.4404849,177.4104471,172.2745838,176.1304967,172.0154144,175.2917838,173.3382188,176.4751878,0,0,0,-0.168860616,-0.122032359,-0.01334394,-0.304184929,-0.28813996,-0.019577071,-0.412499078,-0.415726997,-0.029560087,-0.501240743,-0.520125344,-0.039909976,-0.271154082,-0.480364426,-0.000244799,-0.41290635,-0.642390409,-0.035868623,-0.498087278,-0.738808689,-0.071075215,-0.562430599,-0.820857361,-0.099322777,-0.239476161,-0.460157452,-0.023500577,-0.399011052,-0.620312743,-0.054853682,-0.495911206,-0.719753674,-0.084155978,-0.569792342,-0.802437133,-0.108803982,-0.208146483,-0.395037111,-0.053488928,-0.363826084,-0.537552309,-0.09116337,-0.460590679,-0.625670608,-0.114337322,-0.534649792,-0.703332431,-0.131409676,-0.182135959,-0.292349573,-0.085611158,-0.302707419,-0.36575803,-0.126284007,-0.382053948,-0.426566866,-0.14391331,-0.446082842,-0.48961718,-0.15544654,177.8220242,178.879735,174.052252,176.6761066,175.8862055,177.4011075,179.3470973,175.8280797,171.4533575,172.4458087,HOUSE
0,0,0,0.190367881,-0.033292886,0.076428964,0.271613927,-0.190346199,0.100527294,0.308575271,-0.316496882,0.096893399,0.333467179,-0.420947023,0.085915014,0.220617847,-0.374857977,0.087604978,0.331887941,-0.547361468,0.063566975,0.421913877,-0.666657848,0.036536102,0.499890111,-0.761661874,0.012535293,0.204820427,-0.38367303,0.011885103,0.326432271,-0.602464038,-0.023728477,0.430790811,-0.745459716,-0.064326001,0.512818152,-0.853223684,-0.095009939,0.192442484,-0.363374613,-0.064371238,0.318296517,-0.575730916,-0.1014309,0.421180819,-0.711151739,-0.134311577,0.500218838,-0.815767381,-0.156666143,0.190204492,-0.306506921,-0.13602767,0.301078212,-0.459366039,-0.166799008,0.386032996,-0.563826574,-0.185503579,0.454767269,-0.648898378,-0.201030193,165.5630453,174.8114091,174.4902783,177.5145495,171.5455634,178.7674618,173.0789358,178.6342407,176.5595548,179.4033413,0,0,0,-0.137906215,-0.09965406,-0.006603032,-0.265994603,-0.252351948,-0.009420663,-0.376786178,-0.36635676,-0.016379588,-0.467579386,-0.44873619,-0.024324329,-0.261664732,-0.44221159,0.002200352,-0.402256633,-0.600918025,-0.028995603,-0.490738526,-0.702635331,-0.058265258,-0.558984022,-0.789668967,-0.083038997,-0.255480498,-0.439839715,-0.022854851,-0.411701062,-0.61709286,-0.050658348,-0.504172135,-0.724603675,-0.075692289,-0.572135234,-0.814342429,-0.097507347,-0.250381485,-0.388816708,-0.053323767,-0.397947489,-0.546501235,-0.088360181,-0.485777148,-0.638809735,-0.114209217,-0.550079774,-0.724292294,-0.134860627,-0.251761408,-0.297580312,-0.08495809,-0.361914352,-0.368170642,-0.123481065,-0.430387514,-0.427457322,-0.144614069,-0.483957437,-0.489413495,-0.160742665,175.4370652,176.1422672,176.0338186,177.0274235,176.5713409,176.294448,177.6060723,173.4339014,171.3560177,171.630316,HOUSE
0,0,0,0.189912546,-0.03789215,0.121784519,0.268285979,-0.19263564,0.165747851,0.303229915,-0.308451881,0.172155427,0.33557753,-0.407982816,0.16856241,0.229857166,-0.366834421,0.140249538,0.335253245,-0.535679971,0.132335895,0.422758687,-0.654814046,0.115301967,0.497447444,-0.750311597,0.095489645,0.214640611,-0.375619354,0.039075647,0.331891874,-0.600770224,0.012201839,0.432695035,-0.746867806,-0.025104751,0.511723491,-0.857396653,-0.054863905,0.203312289,-0.361558952,-0.060720263,0.325231374,-0.583123739,-0.095178976,0.425105136,-0.718925727,-0.126245125,0.504425367,-0.82759014,-0.148671095,0.200968044,-0.314858181,-0.152362623,0.313925106,-0.475834963,-0.184166203,0.399127063,-0.579357216,-0.203054119,0.468852384,-0.663994901,-0.2199368,165.0242346,174.8254175,173.8963312,176.7537296,170.8787895,178.8404669,172.1042342,178.8891596,175.472693,179.0868727,0,0,0,-0.16566056,-0.124468124,-0.004385442,-0.294154005,-0.274174914,-0.016241647,-0.389719282,-0.390830685,-0.032821613,-0.468115748,-0.484905416,-0.051327569,-0.255626759,-0.45776045,-0.026552917,-0.395118046,-0.610481313,-0.073769008,-0.480910657,-0.713392656,-0.111541416,-0.544768403,-0.800621044,-0.140477586,-0.226357781,-0.449293146,-0.058672207,-0.388131303,-0.619355446,-0.101524269,-0.481992407,-0.730648157,-0.129963004,-0.55023283,-0.820917549,-0.152768488,-0.20001331,-0.387950961,-0.094875856,-0.363421409,-0.540502829,-0.143176893,-0.45536895,-0.630834705,-0.167076297,-0.521389592,-0.709613944,-0.183812199,-0.180990244,-0.28188938,-0.131547787,-0.305799082,-0.351425936,-0.183798053,-0.384962002,-0.410596452,-0.206034465,-0.449101457,-0.468472953,-0.219892477,176.8153534,177.5310748,176.1238436,176.3631523,176.507999,176.8998358,177.6983118,174.3455525,169.5491312,173.6474935,HOUSE
0,0,0,0.18530869,-0.041258933,0.111853,0.262148392,-0.198851805,0.151706122,0.297066329,-0.317594511,0.155839591,0.32766237,-0.417185216,0.150377148,0.22441622,-0.368900569,0.131873754,0.332038322,-0.542244565,0.12110208,0.422368891,-0.663412826,0.102328186,0.498645482,-0.758137778,0.082373702,0.209178756,-0.377991459,0.036455592,0.325796141,-0.609184091,0.009883964,0.428486915,-0.753771616,-0.026390937,0.508300306,-0.859424889,-0.054951427,0.19757156,-0.364671318,-0.058405064,0.319824737,-0.597586274,-0.091158356,0.4205076,-0.73581248,-0.121320226,0.49979145,-0.842624309,-0.142817047,0.194670768,-0.318806794,-0.146003795,0.307308287,-0.481163394,-0.176546221,0.392582877,-0.58477963,-0.194943899,0.462603135,-0.669982555,-0.211002764,165.5298732,175.0055434,173.6592368,176.8780263,169.7459989,178.1760848,171.2145214,178.9158964,175.2214783,179.2740797,0,0,0,-0.141684716,-0.137518463,0.010888617,-0.258327522,-0.280001084,0.001918982,-0.355494498,-0.380902835,-0.015545637,-0.433950046,-0.461478921,-0.036136618,-0.221191669,-0.460507782,-0.018064708,-0.36062505,-0.620827986,-0.062632368,-0.443977754,-0.723528795,-0.097126549,-0.509600639,-0.809225382,-0.123731545,-0.200407305,-0.445640709,-0.057844182,-0.362878897,-0.628837059,-0.102345455,-0.45648098,-0.742205882,-0.130952544,-0.52652278,-0.836126234,-0.153839795,-0.185307394,-0.382876801,-0.100094818,-0.34635208,-0.549184372,-0.147767261,-0.438401345,-0.645293382,-0.171860418,-0.504900867,-0.729175836,-0.189542217,-0.179292947,-0.282033958,-0.141515979,-0.298704973,-0.366577937,-0.193080045,-0.378587707,-0.437574125,-0.217008781,-0.443805498,-0.510643808,-0.233172765,173.6634336,176.6430767,176.5874739,178.113559,177.8109642,177.1394633,178.4698892,174.6003903,170.8569336,172.6948828,HOUSE
0,0,0,0.18840151,-0.034321199,0.111198242,0.265504915,-0.18816251,0.148549551,0.301307167,-0.309260766,0.151078248,0.332174177,-0.410870721,0.143832847,0.232278227,-0.360833691,0.11984784,0.336486281,-0.531068482,0.104980592,0.423776379,-0.653672396,0.083904114,0.497478697,-0.748269178,0.062118304,0.214234281,-0.370027852,0.024138419,0.327270581,-0.601146951,-0.009574112,0.42994539,-0.74946136,-0.050442197,0.50977795,-0.856371312,-0.08218648,0.199830173,-0.354713308,-0.069912867,0.318064822,-0.588088532,-0.108520442,0.420342404,-0.733933166,-0.142555577,0.500507077,-0.847306551,-0.166583133,0.193620155,-0.306225261,-0.156132577,0.30424848,-0.466868581,-0.191064199,0.390006909,-0.577195195,-0.212239333,0.459234588,-0.669985022,-0.230385506,165.009691,174.9006989,174.5574648,176.5888143,169.9798124,177.8500592,171.5762147,178.8700246,176.3650022,178.7258127,0,0,0,-0.136988205,-0.114107012,-0.021205161,-0.257245533,-0.268116967,-0.033129477,-0.357487217,-0.390674255,-0.047216466,-0.438822993,-0.484051177,-0.060839296,-0.234682251,-0.465262892,-0.011922699,-0.360556937,-0.629000983,-0.050250546,-0.441597488,-0.736752418,-0.086910296,-0.504966792,-0.82781291,-0.116161428,-0.223574327,-0.460230857,-0.031630362,-0.363588745,-0.637106778,-0.065314886,-0.451643845,-0.751485707,-0.093421321,-0.519392115,-0.846580995,-0.116329056,-0.213297694,-0.410094788,-0.057871657,-0.35022934,-0.566702569,-0.094150557,-0.431002012,-0.66136139,-0.114016695,-0.491661149,-0.743163932,-0.128969228,-0.207355899,-0.319926497,-0.087501902,-0.315192017,-0.398313284,-0.124178073,-0.382555874,-0.460151768,-0.138828301,-0.435269725,-0.518519802,-0.148618958,177.8563026,177.7547012,175.2225187,177.785823,177.2900743,177.7926821,178.7455781,175.9872013,171.0100659,174.2548254,HOUSE
0,0,0,0.120283608,-0.049475056,0.02175571,0.182357737,-0.200613257,0.034002308,0.207393361,-0.316702202,0.034331623,0.211462376,-0.394143419,0.028982872,0.192387059,-0.435826816,0.023689855,0.27983507,-0.602908785,0.004420745,0.340057466,-0.701141214,-0.014819358,0.389139888,-0.783375834,-0.032045171,0.16332855,-0.466531088,-0.017702876,0.242957815,-0.680732177,-0.039598763,0.304482218,-0.820269449,-0.064611494,0.354028679,-0.927165631,-0.084762442,0.116073122,-0.466457871,-0.061288985,0.186357558,-0.692497374,-0.086921617,0.244841129,-0.834016588,-0.112250132,0.294482531,-0.946637671,-0.130985339,0.04951153,-0.433480267,-0.104051307,0.091881834,-0.638393854,-0.13940637,0.135330339,-0.766135221,-0.159918426,0.178229855,-0.873669031,-0.174000571,169.0343885,169.9512831,174.6795583,178.8862541,174.8728776,178.7775709,173.9327148,178.4213422,172.9117396,176.5676925,0,0,0,-0.126543615,-0.065568687,0.057098518,-0.16583287,-0.209247916,0.079917609,-0.190292171,-0.303896207,0.085083695,-0.226952035,-0.392336641,0.084060106,-0.111083493,-0.425181174,0.049105174,-0.244946373,-0.575303516,0.027167349,-0.343649274,-0.688845888,0.006363457,-0.417308952,-0.781474447,-0.013383269,-0.07805987,-0.446723011,-0.010382775,-0.231109194,-0.654637598,-0.03737325,-0.33696916,-0.799280177,-0.058671414,-0.415828906,-0.906094914,-0.077963632,-0.073151763,-0.438844891,-0.070690832,-0.207123357,-0.658713255,-0.108143409,-0.304909223,-0.797339468,-0.127276183,-0.372376192,-0.904430214,-0.141172654,-0.092795318,-0.412338914,-0.127196717,-0.183723453,-0.589679173,-0.175987453,-0.255362595,-0.717563288,-0.200153755,-0.311704218,-0.819250143,-0.216500283,174.2377806,171.1745878,178.1556799,177.0120581,179.0965516,178.4279812,175.7495755,176.9917147,175.1254808,178.5375797,HOUSE
0,0,0,0.118084458,-0.048092434,0.033858317,0.178972236,-0.188594758,0.053566458,0.20759075,-0.29386914,0.060433932,0.213789076,-0.355268291,0.061736226,0.192680235,-0.435431771,0.035391646,0.28422034,-0.601357953,0.023401392,0.34328918,-0.6981396,0.009833016,0.391192287,-0.779196356,-0.004067746,0.165720665,-0.467286747,-0.009541783,0.247299412,-0.681726884,-0.02646446,0.3086977,-0.819116575,-0.047142222,0.357161819,-0.924722228,-0.064816809,0.120557776,-0.468688411,-0.055592914,0.192174967,-0.695034995,-0.076334542,0.251088258,-0.833870678,-0.099257816,0.300894316,-0.946376087,-0.117621909,0.057480371,-0.436464338,-0.09982791,0.097746526,-0.645079096,-0.134854307,0.141059951,-0.772659593,-0.156981597,0.185170827,-0.88180106,-0.172743599,170.9938453,170.2478268,175.9105958,178.1527562,175.1409954,178.8947498,173.4735894,178.9981715,172.2651058,176.3283809,0,0,0,-0.127515124,-0.045184343,0.036098467,-0.17018709,-0.199912999,0.050023549,-0.193058342,-0.308031584,0.049435421,-0.235335675,-0.399011894,0.044061365,-0.123532053,-0.433233936,0.031391852,-0.251159724,-0.589281786,0.005676865,-0.34486038,-0.703612228,-0.01860402,-0.413486292,-0.796419239,-0.039964314,-0.09218395,-0.455355266,-0.018008014,-0.24458637,-0.658378278,-0.045717694,-0.346064151,-0.797868626,-0.068247698,-0.419244366,-0.903597317,-0.088011648,-0.084390746,-0.446283391,-0.069738155,-0.212506645,-0.662095863,-0.106286686,-0.301505288,-0.795285794,-0.124386759,-0.361543631,-0.897806564,-0.137022521,-0.10059309,-0.417786613,-0.119941442,-0.183522162,-0.59032216,-0.163010632,-0.248954532,-0.712214633,-0.182732018,-0.299031865,-0.808245773,-0.19564592,173.6784906,166.7266639,177.9004196,176.9227547,178.4719227,178.0889306,176.4346624,176.5716777,174.7706971,178.4434174,HOUSE
0,0,0,0.123186409,-0.050483601,0.044159755,0.181629718,-0.183721371,0.066842186,0.20782239,-0.289786727,0.07463723,0.213861219,-0.354040087,0.076270266,0.195290684,-0.428306602,0.043659795,0.289273747,-0.594401092,0.03297668,0.348574231,-0.688517117,0.021801741,0.398262371,-0.765773845,0.009417786,0.169602914,-0.459394012,-0.007307108,0.253076594,-0.675598971,-0.027685528,0.315583887,-0.813374173,-0.049417598,0.365142374,-0.913402554,-0.06737555,0.124011137,-0.462013676,-0.058690669,0.194891596,-0.692086197,-0.08235417,0.252991109,-0.834270106,-0.10462871,0.303497951,-0.944951427,-0.122293881,0.060707457,-0.430997251,-0.107257346,0.101554278,-0.645154327,-0.144018433,0.144427728,-0.772774538,-0.166589897,0.188911832,-0.879671444,-0.182913452,169.1334573,171.0898197,176.2683914,177.9171134,175.4426276,177.7908407,174.2756333,177.6752142,172.3252895,175.7246246,0,0,0,-0.125331013,-0.047497625,0.021810893,-0.169506171,-0.209793538,0.030594902,-0.195125035,-0.320850696,0.027335999,-0.240367143,-0.410849468,0.020398338,-0.119206198,-0.439697434,0.023677201,-0.234454485,-0.598146074,-0.005275953,-0.319554124,-0.718529282,-0.033414564,-0.383745504,-0.816145095,-0.05744466,-0.090432846,-0.458400646,-0.018875406,-0.22977804,-0.657150652,-0.049364142,-0.32398104,-0.800696157,-0.075629796,-0.392907941,-0.914457547,-0.096905853,-0.081111805,-0.446601143,-0.064984964,-0.205766792,-0.655499499,-0.102987269,-0.290094344,-0.793303922,-0.124147929,-0.346474184,-0.902593511,-0.138013346,-0.093782539,-0.414405796,-0.111144014,-0.176911249,-0.580349282,-0.153830252,-0.241715599,-0.70081025,-0.173875017,-0.290522639,-0.797257466,-0.186487462,174.8407199,166.1168939,177.4490753,177.8888782,177.6458933,177.8794318,178.4028071,175.7055826,175.0835454,177.7438164,HOUSE
0,0,0,0.122735961,-0.044906778,0.026277516,0.190320358,-0.187055457,0.039513173,0.214996805,-0.302957069,0.040275326,0.215916612,-0.384515797,0.03476414,0.199151979,-0.423350035,0.022653113,0.289616688,-0.588410788,0.00404081,0.349634451,-0.683972155,-0.01235961,0.399068952,-0.762913138,-0.027791746,0.169179227,-0.456734917,-0.022894346,0.251898922,-0.670288624,-0.048809579,0.315127408,-0.805974546,-0.073951234,0.365950626,-0.906958994,-0.093427636,0.120029703,-0.459793264,-0.070142377,0.193615599,-0.686445515,-0.099775399,0.254103085,-0.828036838,-0.124494021,0.306045688,-0.941339464,-0.142183159,0.051360596,-0.428206279,-0.115955528,0.096948527,-0.642473239,-0.154078511,0.142651857,-0.772750641,-0.175129486,0.188192111,-0.882298191,-0.189545707,165.8838024,167.8591762,175.6979411,178.7389844,175.1135385,178.2125755,174.5017107,178.1313699,172.664273,176.3154276,0,0,0,-0.132142258,-0.054949953,0.04034434,-0.171804783,-0.20123131,0.057328944,-0.194196765,-0.300254616,0.059157236,-0.229777334,-0.391970485,0.05604875,-0.105635978,-0.439393103,0.039072755,-0.232933845,-0.598625093,0.016775898,-0.322009893,-0.716943293,-0.004239044,-0.386011534,-0.815816905,-0.023469235,-0.074739521,-0.457957448,-0.012934763,-0.226034772,-0.666065879,-0.03999137,-0.324784147,-0.808905233,-0.061695914,-0.393922296,-0.915685126,-0.079661631,-0.071942147,-0.444836143,-0.066991415,-0.20778852,-0.662777987,-0.105624805,-0.296338006,-0.800539478,-0.12536621,-0.35317015,-0.904464391,-0.137486842,-0.097190472,-0.411668613,-0.118912633,-0.189027266,-0.589803434,-0.164862974,-0.254259586,-0.712369975,-0.185885705,-0.302413596,-0.805534019,-0.198729182,174.0960125,171.0592069,177.4973512,175.7872028,178.2057059,178.0033428,178.1049821,175.811181,175.6144162,178.1687053,HOUSE
0,0,0,0.124733447,-0.047727642,0.033438509,0.187399731,-0.182510131,0.053099247,0.212752611,-0.294923086,0.060179924,0.220699267,-0.364472401,0.061432646,0.200773795,-0.423560506,0.034805289,0.293012275,-0.588043177,0.023369318,0.352510605,-0.683192836,0.011621981,0.402424864,-0.764157829,-0.00125855,0.172479583,-0.457695502,-0.010908082,0.256287406,-0.670152942,-0.031581211,0.318170497,-0.804789018,-0.053840305,0.368600652,-0.904944335,-0.071915731,0.124422863,-0.462577597,-0.057820401,0.199166399,-0.686463715,-0.083480653,0.259273768,-0.828473658,-0.106823392,0.31111914,-0.942212173,-0.124262233,0.056813037,-0.433128764,-0.102657867,0.102134811,-0.649672507,-0.140706537,0.146573548,-0.780767057,-0.163198512,0.192336639,-0.891313025,-0.178675282,167.1780562,173.306282,176.2693182,178.1479794,175.3794433,177.8383698,174.9341777,178.2538092,173.1571309,175.8117324,0,0,0,-0.12487708,-0.051496035,0.046761104,-0.165195561,-0.203493032,0.068082996,-0.191525623,-0.309370033,0.072615883,-0.231999376,-0.404369129,0.071675873,-0.108422721,-0.432361012,0.048828337,-0.235715412,-0.589237617,0.028255973,-0.327110808,-0.710066842,0.007566059,-0.392812409,-0.809129489,-0.012624389,-0.078106548,-0.455973868,-0.006296381,-0.224539933,-0.666383602,-0.031312228,-0.320497257,-0.810069362,-0.05229387,-0.388552853,-0.918678747,-0.071105841,-0.073193084,-0.447842096,-0.063620722,-0.199454646,-0.670479453,-0.100580588,-0.284367377,-0.805852938,-0.119185099,-0.339796855,-0.910444043,-0.132080519,-0.093560392,-0.421085649,-0.118665789,-0.176013536,-0.598056117,-0.165984347,-0.239021409,-0.722012847,-0.188927047,-0.286256722,-0.817959209,-0.20407127,174.5640941,170.4267312,177.2121121,176.0002639,178.2236229,177.7757148,177.0050587,175.8038861,175.3124168,178.4277011,HOUSE
0,0,0,0.124077032,-0.046765551,0.032135009,0.185296012,-0.164519208,0.048305765,0.209704562,-0.268943104,0.053700239,0.201402777,-0.341879833,0.054001709,0.203810446,-0.418390062,0.018310067,0.30021295,-0.581419974,0.003857117,0.359832014,-0.679353308,-0.006812068,0.410919246,-0.759263768,-0.018381017,0.173823694,-0.453002941,-0.025628282,0.257893333,-0.664673398,-0.058022921,0.319219295,-0.804082934,-0.082867015,0.373537403,-0.907151367,-0.100160012,0.124312464,-0.45536551,-0.068318076,0.197146895,-0.678837134,-0.099300078,0.256052811,-0.824817085,-0.118130024,0.311064349,-0.941435327,-0.13014798,0.05515558,-0.418773522,-0.108637488,0.098149537,-0.640045428,-0.149623222,0.141244814,-0.773216616,-0.169166299,0.186197673,-0.883555185,-0.180337212,165.1655277,160.1733629,178.711895,177.8680537,177.5970042,175.8914183,176.0267884,176.3823358,172.7458507,175.0359271,0,0,0,-0.125563013,-0.057661206,0.037982399,-0.174830628,-0.224224737,0.054403186,-0.207870242,-0.33571423,0.055014654,-0.254563733,-0.428863319,0.050760172,-0.112174016,-0.453308026,0.041570964,-0.224479642,-0.617063695,0.016573631,-0.307432512,-0.741861545,-0.008210812,-0.370705987,-0.84405511,-0.031295087,-0.087341132,-0.468152913,-0.011206099,-0.226436518,-0.670197292,-0.039826061,-0.317227124,-0.810813286,-0.064323463,-0.383821405,-0.919488971,-0.084977418,-0.082320274,-0.451971595,-0.067320753,-0.204647791,-0.666476094,-0.10700878,-0.286137096,-0.804931019,-0.127909495,-0.341907551,-0.915015271,-0.142058708,-0.098145901,-0.415021555,-0.122139149,-0.176522239,-0.588724613,-0.171515623,-0.236139937,-0.711578952,-0.196003944,-0.281909733,-0.810419608,-0.211781736,174.8809814,169.5351475,177.6020543,177.6107646,177.59942,178.3439273,178.0769273,176.2834069,175.3501923,177.7673339,HOUSE
0,0,0,0.121924367,-0.046676234,0.028781791,0.188687362,-0.169332488,0.044217733,0.216189334,-0.274984872,0.049018591,0.207261622,-0.350794552,0.047536146,0.200335562,-0.412395748,0.016723695,0.29480842,-0.575859399,0.001456352,0.354318631,-0.67137067,-0.011278094,0.40517281,-0.751613664,-0.024631352,0.170428096,-0.446849948,-0.027146007,0.255300635,-0.661773196,-0.055261041,0.315015959,-0.801102359,-0.081103054,0.365671619,-0.906669643,-0.100826327,0.120671608,-0.450374165,-0.07065456,0.197596193,-0.67552918,-0.101267253,0.255824006,-0.822592921,-0.125801445,0.306735728,-0.940970164,-0.143137497,0.051466399,-0.418550842,-0.111808912,0.094137248,-0.636798538,-0.152900399,0.134228724,-0.769531906,-0.175057703,0.175128857,-0.882800936,-0.189510225,165.5600929,158.3833996,177.3255552,178.3057488,176.7866041,177.5504453,176.883614,177.9306859,174.1563554,176.2131297,0,0,0,-0.128245063,-0.05555201,0.024982115,-0.174681937,-0.223820918,0.033409223,-0.203617739,-0.338852966,0.028594364,-0.254305446,-0.428360576,0.019334593,-0.128899057,-0.448626893,0.024674797,-0.248574361,-0.606240451,-0.003809419,-0.334958221,-0.724698853,-0.031728497,-0.400037988,-0.823499643,-0.056721455,-0.099158085,-0.467106414,-0.020357238,-0.23747679,-0.669231896,-0.050271248,-0.325155934,-0.806722882,-0.075704005,-0.389511582,-0.915826807,-0.097683094,-0.086297348,-0.451417673,-0.06873874,-0.203884393,-0.669378117,-0.106532815,-0.281982679,-0.806109286,-0.127575011,-0.336415098,-0.913742487,-0.142879262,-0.092803876,-0.413598961,-0.116790193,-0.166946693,-0.583433492,-0.159585883,-0.226242398,-0.705515348,-0.180702119,-0.273546563,-0.804097124,-0.195472499,174.7274876,164.3669918,177.1586127,177.0542442,177.3270407,177.760992,178.220589,177.0572283,175.2378994,178.725313,HOUSE
0,0,0,0.125332723,-0.046489125,0.029965025,0.189034357,-0.168074823,0.044059001,0.218092133,-0.27545184,0.047503355,0.205055274,-0.345089172,0.044326174,0.199333508,-0.412540595,0.016178653,0.293330406,-0.574991252,0.004058129,0.352317932,-0.6722657,-0.007935694,0.404059347,-0.75685816,-0.022369302,0.169589835,-0.44782922,-0.028259356,0.250564459,-0.667250635,-0.054647201,0.30870151,-0.809277868,-0.081352629,0.358408255,-0.915697824,-0.103351478,0.119090815,-0.451354986,-0.071302856,0.195400338,-0.679363198,-0.09912924,0.254025803,-0.825986686,-0.122665713,0.304791219,-0.941907782,-0.141110041,0.050281839,-0.419357665,-0.111905338,0.09221791,-0.636585707,-0.152284068,0.131109234,-0.767723764,-0.173989149,0.172452377,-0.880106583,-0.18892145,166.8596979,153.8909816,177.3560556,177.6645288,176.0130011,177.1318426,176.21742,178.0966201,174.3147397,175.8594402,0,0,0,-0.118338002,-0.054501171,0.033266373,-0.166445984,-0.225286378,0.049280793,-0.198323556,-0.337688628,0.04995878,-0.246547313,-0.4336724,0.046384054,-0.111390382,-0.446088944,0.040799002,-0.21925775,-0.612198796,0.01718513,-0.3010791,-0.739592926,-0.007012552,-0.363440836,-0.843743551,-0.02979343,-0.080248748,-0.461466353,-0.009994143,-0.213583004,-0.666535632,-0.037208942,-0.305128115,-0.811649609,-0.060751704,-0.373168842,-0.92424443,-0.080729481,-0.068784384,-0.446866047,-0.064579917,-0.18920015,-0.663446707,-0.101925509,-0.273855914,-0.802350611,-0.120697543,-0.332657846,-0.912711244,-0.133545395,-0.07971207,-0.412272794,-0.118611538,-0.166169412,-0.588647523,-0.16537669,-0.231905456,-0.71458399,-0.187259815,-0.282306929,-0.815604075,-0.201216576,175.1533376,168.9195227,177.6659362,177.6023963,178.2994729,178.5676375,176.9616048,176.601968,175.1346223,177.9450628,HOUSE
0,0,0,0.127202365,-0.050733056,0.038667581,0.191830588,-0.166863282,0.059053759,0.224720057,-0.268172662,0.068860615,0.211613685,-0.326130321,0.072643721,0.202594532,-0.415288916,0.019397438,0.300554292,-0.579050269,0.01093456,0.359843422,-0.675851716,0.004680886,0.411262336,-0.757501606,-0.005326713,0.173085756,-0.448222531,-0.026125277,0.259171442,-0.666282974,-0.052016899,0.317471379,-0.806656252,-0.074741715,0.367726368,-0.910561091,-0.093229093,0.123457491,-0.45126163,-0.069045098,0.201069234,-0.680739845,-0.095743816,0.258440344,-0.827418618,-0.11646977,0.309489329,-0.941599683,-0.132689082,0.056455836,-0.418485159,-0.108601376,0.099576565,-0.642124106,-0.150035951,0.138303181,-0.775272576,-0.17302814,0.179889235,-0.886981036,-0.188582393,168.4326994,149.3194616,179.0269062,177.0921214,177.5483019,176.6918008,177.0550617,177.2548412,174.6822954,175.371171,0,0,0,-0.127433555,-0.059968207,0.031320671,-0.173399013,-0.222649407,0.044354474,-0.205829557,-0.330106319,0.042779331,-0.253913206,-0.421119277,0.036703881,-0.105295013,-0.445719065,0.03661166,-0.237421797,-0.597666807,0.01229041,-0.328218553,-0.716122388,-0.012808128,-0.394371944,-0.817749712,-0.036757978,-0.07540149,-0.464176988,-0.012774466,-0.219641577,-0.667349462,-0.0401224,-0.312301918,-0.809338364,-0.064564509,-0.379801145,-0.921024677,-0.086398115,-0.069742848,-0.448977753,-0.065660042,-0.195599623,-0.662702848,-0.103838062,-0.280379683,-0.799445795,-0.124259727,-0.337483979,-0.90830686,-0.138744197,-0.089214674,-0.412697067,-0.11789858,-0.171286251,-0.585263661,-0.163504052,-0.23331666,-0.710143579,-0.185952885,-0.280735668,-0.809523856,-0.201235362,174.6694856,168.6464929,175.5847537,175.345918,177.0235553,177.6130214,177.970658,175.8548984,175.5966584,178.3934086,HOUSE
0,0,0,0.127202365,-0.050733056,0.038667581,0.191830588,-0.166863282,0.059053759,0.224720057,-0.268172662,0.068860615,0.211613685,-0.326130321,0.072643721,0.202594532,-0.415288916,0.019397438,0.300554292,-0.579050269,0.01093456,0.359843422,-0.675851716,0.004680886,0.411262336,-0.757501606,-0.005326713,0.173085756,-0.448222531,-0.026125277,0.259171442,-0.666282974,-0.052016899,0.317471379,-0.806656252,-0.074741715,0.367726368,-0.910561091,-0.093229093,0.123457491,-0.45126163,-0.069045098,0.201069234,-0.680739845,-0.095743816,0.258440344,-0.827418618,-0.11646977,0.309489329,-0.941599683,-0.132689082,0.056455836,-0.418485159,-0.108601376,0.099576565,-0.642124106,-0.150035951,0.138303181,-0.775272576,-0.17302814,0.179889235,-0.886981036,-0.188582393,168.4326994,149.3194616,179.0269062,177.0921214,177.5483019,176.6918008,177.0550617,177.2548412,174.6822954,175.371171,0,0,0,-0.127433555,-0.059968207,0.031320671,-0.173399013,-0.222649407,0.044354474,-0.205829557,-0.330106319,0.042779331,-0.253913206,-0.421119277,0.036703881,-0.105295013,-0.445719065,0.03661166,-0.237421797,-0.597666807,0.01229041,-0.328218553,-0.716122388,-0.012808128,-0.394371944,-0.817749712,-0.036757978,-0.07540149,-0.464176988,-0.012774466,-0.219641577,-0.667349462,-0.0401224,-0.312301918,-0.809338364,-0.064564509,-0.379801145,-0.921024677,-0.086398115,-0.069742848,-0.448977753,-0.065660042,-0.195599623,-0.662702848,-0.103838062,-0.280379683,-0.799445795,-0.124259727,-0.337483979,-0.90830686,-0.138744197,-0.089214674,-0.412697067,-0.11789858,-0.171286251,-0.585263661,-0.163504052,-0.23331666,-0.710143579,-0.185952885,-0.280735668,-0.809523856,-0.201235362,174.6694856,168.6464929,175.5847537,175.345918,177.0235553,177.6130214,177.970658,175.8548984,175.5966584,178.3934086,HOUSE
0,0,0,0.134083244,-0.056472684,0.037085272,0.196026737,-0.176409441,0.059102171,0.230532852,-0.288041922,0.072961485,0.213786352,-0.352073254,0.082913646,0.203825094,-0.414423795,0.017254893,0.306157066,-0.577704371,0.009578593,0.363708644,-0.675395302,0.005046931,0.414295601,-0.757280008,-0.003085029,0.175871978,-0.446048622,-0.025762049,0.264964444,-0.659802488,-0.055262414,0.32429918,-0.798654362,-0.078411254,0.376446602,-0.9000848,-0.095650834,0.127759866,-0.449744344,-0.065676019,0.204787698,-0.67641474,-0.094217715,0.262901154,-0.823972961,-0.113548212,0.316568888,-0.940033206,-0.126971299,0.060986942,-0.413753093,-0.102163083,0.105341253,-0.643215256,-0.139024583,0.14646897,-0.774202523,-0.157029532,0.187612896,-0.879493735,-0.16867079,169.6442365,148.4039506,178.3633639,177.1396347,178.4069717,175.9463012,177.2598911,176.5349419,173.391987,175.7728025,0,0,0,-0.123606291,-0.049926138,0.024154603,-0.170575262,-0.218427689,0.035151928,-0.198786205,-0.331702889,0.032964256,-0.244627749,-0.42510306,0.026968517,-0.099389305,-0.450791613,0.028634711,-0.197960043,-0.625866546,0.000519858,-0.272613901,-0.759584416,-0.02782571,-0.330410279,-0.867717245,-0.052356177,-0.073126803,-0.463236712,-0.01582153,-0.205479965,-0.66675903,-0.045759536,-0.295897865,-0.812285029,-0.073641464,-0.361398273,-0.927466313,-0.095903741,-0.069119843,-0.447228826,-0.063596395,-0.190077185,-0.659248506,-0.101753547,-0.274075812,-0.799537248,-0.123320836,-0.332422321,-0.912283945,-0.137282426,-0.08923627,-0.410986581,-0.111214966,-0.174209246,-0.585117099,-0.153513332,-0.236360842,-0.705053808,-0.172197557,-0.282583602,-0.803902959,-0.183564651,175.0454381,167.6400989,177.4399168,178.6026151,177.4683138,177.7407337,178.1430902,176.2387309,175.3377151,176.9488208,HOUSE
0,0,0,0.130302287,-0.049001559,0.032932773,0.194251834,-0.166842859,0.050164151,0.227717347,-0.2734911,0.057681773,0.213229574,-0.336349285,0.059565196,0.203960157,-0.413063008,0.014311772,0.301041694,-0.576726715,0.00353045,0.358457862,-0.674319903,-0.004801704,0.407433636,-0.757201046,-0.015814983,0.174786329,-0.446703257,-0.029178389,0.259978516,-0.663085247,-0.056708514,0.319496996,-0.803980388,-0.080723179,0.37030168,-0.908151808,-0.099674599,0.125150704,-0.45034113,-0.070550855,0.200754472,-0.679209147,-0.098112455,0.257834064,-0.826628438,-0.119464457,0.308828887,-0.941407709,-0.135559009,0.057579163,-0.416588915,-0.109136818,0.10064022,-0.642389,-0.1488859,0.140026557,-0.77528496,-0.170501454,0.180801882,-0.884667611,-0.184974723,168.4424067,149.554133,178.9112928,177.6189359,177.3868364,176.8835315,176.8821815,177.1699597,174.2706165,175.6811587,0,0,0,-0.128435441,-0.047494142,0.026866188,-0.176752855,-0.217734079,0.037301729,-0.206213649,-0.333710421,0.034399212,-0.257228342,-0.425210813,0.027247636,-0.099985806,-0.451530929,0.025192184,-0.198953665,-0.627878808,-0.003291769,-0.274264106,-0.758202216,-0.031382779,-0.332277892,-0.864906821,-0.055792251,-0.073323983,-0.462472456,-0.020802167,-0.20792897,-0.668503725,-0.050874399,-0.30248013,-0.812375069,-0.077657078,-0.368157468,-0.924420185,-0.099535929,-0.071262857,-0.443335862,-0.069675746,-0.19287992,-0.660987653,-0.109253298,-0.27962101,-0.801326791,-0.131619622,-0.337116216,-0.911542022,-0.146584863,-0.095554379,-0.404672556,-0.117819833,-0.18079365,-0.57865007,-0.163499467,-0.245556014,-0.699331089,-0.184740764,-0.293181049,-0.79731827,-0.198100685,174.9573947,164.9095559,177.3188364,178.2755393,178.0814974,176.983324,177.159936,175.7528303,175.0702636,177.0432036,HOUSE
0,0,0,0.131597349,-0.050895106,0.04439612,0.193121775,-0.164492198,0.070768163,0.227780449,-0.271943919,0.088921913,0.214796416,-0.336789965,0.104517369,0.206145313,-0.415536634,0.022644666,0.307551754,-0.57764529,0.017383755,0.364800164,-0.673274355,0.017507302,0.415518139,-0.751011687,0.012983938,0.177975936,-0.447634159,-0.021777627,0.268567766,-0.663718697,-0.05570829,0.32725457,-0.800329686,-0.076281646,0.380384987,-0.899669855,-0.089400268,0.129900773,-0.451208997,-0.062114928,0.206292457,-0.678121133,-0.093987691,0.264134203,-0.825023228,-0.108522549,0.32023667,-0.940163633,-0.116365023,0.06286205,-0.414156989,-0.098110426,0.106425929,-0.644719779,-0.137192668,0.146731425,-0.775494848,-0.153675086,0.188402559,-0.880992559,-0.162564686,169.3241833,151.0729548,177.9611374,176.347796,179.2641459,174.9699255,176.288904,175.1729582,173.1171966,174.9684938,0,0,0,-0.133097654,-0.047146172,0.016952213,-0.178999486,-0.21063279,0.02289113,-0.204899317,-0.323352298,0.017963249,-0.251073631,-0.41544604,0.009751893,-0.104919658,-0.452784002,0.017217959,-0.197930302,-0.62307394,-0.013195221,-0.269737193,-0.753691076,-0.044029585,-0.324898446,-0.862351529,-0.070562057,-0.077063106,-0.464816442,-0.022919082,-0.204594576,-0.665384733,-0.053876752,-0.292134411,-0.809245432,-0.083624338,-0.353949864,-0.929005294,-0.108021556,-0.073084637,-0.443750651,-0.066076915,-0.19189247,-0.656508789,-0.106156338,-0.274917414,-0.794590877,-0.13075905,-0.331638331,-0.907524469,-0.147242387,-0.096260284,-0.399637995,-0.109285771,-0.183200709,-0.566232976,-0.154627649,-0.250048986,-0.683379075,-0.176636146,-0.301311589,-0.781740353,-0.190340694,174.7597191,166.1661186,177.1868155,178.0099062,177.1486114,176.0125186,178.0327692,175.4940383,175.1941924,176.8620484,HOUSE
0,0,0,0.131291581,-0.048839677,0.035142955,0.194166195,-0.168343234,0.054545389,0.230379997,-0.280212714,0.06609211,0.215098748,-0.344516574,0.07487902,0.208887639,-0.417242138,0.013785259,0.310378563,-0.580028843,0.005573512,0.367030796,-0.675027575,0.002922331,0.415991438,-0.752521096,-0.003275441,0.17939176,-0.451145912,-0.027538061,0.269178904,-0.665726843,-0.061101977,0.328811809,-0.800653676,-0.081859849,0.383001185,-0.898961147,-0.094971966,0.131495171,-0.453878174,-0.065531426,0.205411155,-0.682080989,-0.096500872,0.263164635,-0.827465289,-0.110601566,0.319102413,-0.940345495,-0.117999997,0.064770712,-0.41520084,-0.100264347,0.10848426,-0.646066051,-0.13680905,0.149335738,-0.77597503,-0.15115975,0.191444936,-0.878180746,-0.158476461,169.914796,148.8412815,178.3707056,177.0516967,178.786592,174.8190219,175.678041,174.9662822,172.738055,174.5790061,0,0,0,-0.134916285,-0.046412661,0.031299055,-0.180492383,-0.212486704,0.040846664,-0.209344005,-0.32736579,0.035744217,-0.263793797,-0.418854017,0.025727499,-0.110313151,-0.455500918,0.031105504,-0.198994083,-0.62935335,0.005617629,-0.26746415,-0.758320709,-0.022805931,-0.321084537,-0.869550161,-0.048761691,-0.080348832,-0.467936722,-0.017195666,-0.210559922,-0.669889289,-0.042326733,-0.299650974,-0.809395745,-0.070012056,-0.361540046,-0.927529665,-0.094749748,-0.075380312,-0.445349652,-0.067536335,-0.195781566,-0.66264634,-0.104271702,-0.278088071,-0.800638456,-0.127359091,-0.333949044,-0.914389275,-0.144548459,-0.099807645,-0.402269555,-0.116665478,-0.190176269,-0.573372393,-0.158511599,-0.258319597,-0.688262027,-0.177239518,-0.310845746,-0.783238967,-0.190164316,174.2068421,163.1203537,176.28507,177.6128781,176.4471546,175.0378649,178.1417233,175.3424647,174.9239817,177.8591142,HOUSE
0,0,0,0.129599835,-0.053055112,0.036358193,0.189249632,-0.176686717,0.054316942,0.220486747,-0.289692819,0.06218068,0.207120672,-0.358456117,0.065923167,0.203546839,-0.415395707,0.020959005,0.302795375,-0.5796206,0.011798634,0.359772506,-0.675383522,0.005493141,0.40813998,-0.755516759,-0.003556453,0.176408919,-0.451876661,-0.023429679,0.263352495,-0.667223074,-0.05069218,0.323663938,-0.804537232,-0.071602959,0.376217687,-0.904755111,-0.087278405,0.129242398,-0.458221233,-0.065878174,0.202921392,-0.683598873,-0.092016891,0.260337409,-0.828832014,-0.10872953,0.313521365,-0.941862585,-0.120827255,0.064094898,-0.423821887,-0.105589496,0.107153442,-0.651412458,-0.14068472,0.147896623,-0.782707102,-0.157502522,0.189495856,-0.8867807,-0.168402336,169.1176606,153.579827,179.2125509,177.6260487,177.8470674,176.0484898,176.52553,176.3165782,173.3162412,175.2374716,0,0,0,-0.148148699,-0.05020203,0.043342641,-0.192490984,-0.21739471,0.055999875,-0.224758406,-0.331169419,0.051300237,-0.281736058,-0.426156623,0.041493754,-0.114589286,-0.4603657,0.039854253,-0.205718219,-0.637948823,0.018724118,-0.275486414,-0.763015181,-0.004294049,-0.331247449,-0.870670128,-0.026032627,-0.086875579,-0.470380155,-0.014964971,-0.219128579,-0.67561021,-0.037157874,-0.31159048,-0.80946941,-0.060103823,-0.376128612,-0.923011861,-0.081094826,-0.085112116,-0.443735098,-0.071000381,-0.211001272,-0.663040795,-0.105254006,-0.298253977,-0.797916226,-0.123973993,-0.357132436,-0.90747141,-0.138316553,-0.115920736,-0.397562829,-0.125005106,-0.208685906,-0.572402176,-0.16516353,-0.279525533,-0.690344305,-0.182511835,-0.333083378,-0.785560288,-0.194601005,173.4503031,164.646846,176.3134515,177.9185636,176.6086705,174.8964566,176.7768426,175.3647446,174.7549164,178.0979823,HOUSE
0,0,0,0.129784504,-0.053649629,0.039564671,0.187949142,-0.186041132,0.059483944,0.215648582,-0.300157274,0.066768208,0.217721549,-0.359698132,0.068787359,0.201904581,-0.424906715,0.03493328,0.29531143,-0.588007751,0.027200942,0.352303703,-0.680335329,0.019561574,0.400016876,-0.758768782,0.009149361,0.174722558,-0.460144114,-0.012727704,0.258199052,-0.67276012,-0.031054695,0.318077141,-0.806557313,-0.048413192,0.369080609,-0.905643887,-0.063426009,0.127919415,-0.465555768,-0.0604468,0.200852604,-0.692665992,-0.081504338,0.258437652,-0.833684021,-0.099320506,0.310553028,-0.943667877,-0.114226768,0.063573655,-0.434385319,-0.105791925,0.105694724,-0.656803513,-0.141079743,0.1468815,-0.787129433,-0.161384079,0.190915392,-0.892705417,-0.175978641,169.0870401,168.2382024,177.4399172,177.4706917,176.5454216,176.7299736,175.3057608,176.832012,173.2383057,174.7881105,0,0,0,-0.141890558,-0.047805341,0.053110449,-0.184707616,-0.21124049,0.07039164,-0.213731871,-0.322699259,0.067757289,-0.268341652,-0.418794969,0.059496535,-0.115184675,-0.458558209,0.053859605,-0.205372106,-0.637453648,0.035443344,-0.274624304,-0.762645125,0.013302646,-0.329201842,-0.871630203,-0.009235312,-0.083241347,-0.469599302,-0.007545912,-0.212922906,-0.680202456,-0.027755706,-0.300465517,-0.815888962,-0.050965848,-0.3617603,-0.92940797,-0.073008976,-0.077995118,-0.442337131,-0.070151205,-0.205141385,-0.663151084,-0.10469988,-0.290892054,-0.793319804,-0.123725009,-0.349524077,-0.900883923,-0.139018673,-0.10548387,-0.394398551,-0.130103599,-0.200411424,-0.563910409,-0.173084547,-0.272824834,-0.6726876,-0.191756546,-0.330240524,-0.761769792,-0.205190221,172.8350346,164.7085781,175.8192776,177.1034183,176.2739743,175.3179217,176.4819903,175.2312767,173.8528426,178.6709814,HOUSE
0,0,0,0.134810429,-0.052789135,0.044581576,0.192753723,-0.17801962,0.067355398,0.223630079,-0.28864163,0.078569646,0.221683252,-0.347587959,0.085541484,0.205159885,-0.427833279,0.030017304,0.303734035,-0.589166679,0.022303688,0.360365978,-0.682266453,0.01758508,0.409510995,-0.757899133,0.00943232,0.178072384,-0.460909766,-0.017360314,0.264162945,-0.675617791,-0.045220472,0.325248708,-0.809052733,-0.064533401,0.380076179,-0.905893027,-0.078536328,0.132266608,-0.461709417,-0.06245986,0.202890857,-0.691888184,-0.088564654,0.260450459,-0.833209349,-0.102835358,0.316460943,-0.941845851,-0.113043636,0.069496645,-0.421029434,-0.104187868,0.110166247,-0.651783839,-0.142574218,0.150668698,-0.780836569,-0.16104823,0.195103681,-0.882324413,-0.172507245,170.078993,162.5658436,179.5062992,176.7761175,177.1723233,175.0872857,174.8373687,174.8538589,172.4860297,173.5274478,0,0,0,-0.140855203,-0.052720376,0.028765856,-0.184484975,-0.215424428,0.034891036,-0.214172859,-0.3286189,0.027156904,-0.269027969,-0.421348442,0.014836541,-0.109900239,-0.464887395,0.020353521,-0.202478166,-0.64312322,-0.006691142,-0.270277286,-0.769490813,-0.035544896,-0.322409343,-0.878976864,-0.060966904,-0.083371987,-0.470753943,-0.025463898,-0.218834499,-0.67313929,-0.051666125,-0.307178734,-0.808624694,-0.078723041,-0.366641569,-0.924681199,-0.102657877,-0.081371853,-0.440898933,-0.072588932,-0.207790046,-0.652295699,-0.10777873,-0.293292514,-0.785887988,-0.129087774,-0.350520539,-0.894367593,-0.145203847,-0.108202834,-0.390113391,-0.118659356,-0.200262996,-0.557322215,-0.157146727,-0.272080145,-0.664158518,-0.173343658,-0.32819483,-0.749583177,-0.184322936,174.1110168,163.9125552,176.1952203,177.2264414,176.5551257,174.0275344,178.1718337,175.2118414,173.4335272,178.7008837,HOUSE
0,0,0,0.127002191,-0.046469953,0.036576513,0.188094586,-0.177604688,0.057854069,0.217606109,-0.287668784,0.067467563,0.220784686,-0.345550361,0.071842358,0.201307851,-0.425730739,0.030913458,0.294624099,-0.58709657,0.021901333,0.35297219,-0.6803191,0.013717676,0.401607752,-0.758780183,0.003049582,0.172756851,-0.461154173,-0.014337426,0.257045425,-0.672455774,-0.03527221,0.319241362,-0.807153923,-0.054010678,0.37165714,-0.907791928,-0.069081538,0.125311391,-0.464466335,-0.059468215,0.19714293,-0.690763578,-0.083452432,0.256268324,-0.832013274,-0.102612551,0.310355903,-0.943367076,-0.117208245,0.060813048,-0.430146644,-0.102199484,0.10295961,-0.65044187,-0.141508265,0.145832701,-0.779777506,-0.163833139,0.191604821,-0.885594001,-0.178691415,169.4716935,168.1447074,177.4664,177.5890561,176.3879912,177.2292345,174.734279,176.7704482,172.5583084,174.609061,0,0,0,-0.146680774,-0.065361416,0.041043522,-0.188093359,-0.221067494,0.050420259,-0.217452134,-0.329418567,0.043692367,-0.27028375,-0.418753396,0.031999185,-0.109598032,-0.471702211,0.031295109,-0.204333245,-0.654001135,0.009370794,-0.269177702,-0.77578625,-0.013783526,-0.318706194,-0.882733501,-0.03538173,-0.082523982,-0.477541091,-0.02024786,-0.218568114,-0.688431359,-0.041922948,-0.30404785,-0.818980133,-0.063385412,-0.360100777,-0.929146273,-0.083753409,-0.08291617,-0.445760405,-0.072433215,-0.211019446,-0.663588588,-0.105323122,-0.296671501,-0.794986608,-0.123403728,-0.354756509,-0.900224629,-0.137735605,-0.113987465,-0.394459677,-0.122364867,-0.208828826,-0.563472483,-0.160132225,-0.278723317,-0.669653172,-0.175612393,-0.33406648,-0.754293967,-0.186662733,173.2190982,164.3230561,176.4947267,176.7166685,177.0550243,173.6209671,177.224075,175.7964951,174.2640243,179.121489,HOUSE
0,0,0,0.128463781,-0.050077162,0.039363749,0.186108354,-0.178052326,0.059110713,0.215154267,-0.292052571,0.067815697,0.20964806,-0.351083162,0.071901845,0.203081558,-0.421511409,0.026375281,0.2978085,-0.584251425,0.020148734,0.355714027,-0.679704062,0.015777078,0.405272307,-0.759082779,0.007359469,0.174677001,-0.45583015,-0.019636772,0.259120252,-0.671981021,-0.042371973,0.316889921,-0.808908806,-0.059205449,0.369537149,-0.910499859,-0.072352127,0.126495122,-0.45852094,-0.063870603,0.200842999,-0.688035908,-0.087024259,0.25765467,-0.832859314,-0.100381975,0.310948768,-0.943971843,-0.110580393,0.060104405,-0.420628872,-0.105430023,0.102789762,-0.64733979,-0.142282645,0.14260637,-0.780394554,-0.159771907,0.185638568,-0.886990552,-0.170714996,169.3975413,160.4159625,178.8112628,176.9628835,178.1981758,175.4833849,176.4744448,175.7806003,173.7538392,174.4091441,0,0,0,-0.146305583,-0.060388341,0.041625633,-0.192878139,-0.219040284,0.053298218,-0.224571105,-0.331459968,0.049387379,-0.276983762,-0.42087727,0.040523806,-0.108034829,-0.468359054,0.031495062,-0.203729248,-0.652539582,0.009234587,-0.268056312,-0.776479256,-0.014443683,-0.317160324,-0.884563712,-0.036485059,-0.082299446,-0.476205229,-0.019321979,-0.218035981,-0.685502708,-0.041316018,-0.305021839,-0.817964021,-0.063447262,-0.362333464,-0.928231472,-0.084266212,-0.083969656,-0.446165635,-0.070790612,-0.21012043,-0.665320364,-0.105503989,-0.296259852,-0.800490751,-0.126324705,-0.354435511,-0.90917351,-0.142271105,-0.115792385,-0.396134037,-0.119567575,-0.211930404,-0.566017137,-0.160592108,-0.283949826,-0.672472338,-0.178653046,-0.340744298,-0.75814917,-0.191140326,173.9956146,165.0873205,176.4740191,176.8819675,177.0458728,174.0145855,177.3800624,175.6643647,174.0469072,178.7045966,HOUSE
0,0,0,0.128463781,-0.050077162,0.039363749,0.186108354,-0.178052326,0.059110713,0.215154267,-0.292052571,0.067815697,0.20964806,-0.351083162,0.071901845,0.203081558,-0.421511409,0.026375281,0.2978085,-0.584251425,0.020148734,0.355714027,-0.679704062,0.015777078,0.405272307,-0.759082779,0.007359469,0.174677001,-0.45583015,-0.019636772,0.259120252,-0.671981021,-0.042371973,0.316889921,-0.808908806,-0.059205449,0.369537149,-0.910499859,-0.072352127,0.126495122,-0.45852094,-0.063870603,0.200842999,-0.688035908,-0.087024259,0.25765467,-0.832859314,-0.100381975,0.310948768,-0.943971843,-0.110580393,0.060104405,-0.420628872,-0.105430023,0.102789762,-0.64733979,-0.142282645,0.14260637,-0.780394554,-0.159771907,0.185638568,-0.886990552,-0.170714996,169.3975413,160.4159625,178.8112628,176.9628835,178.1981758,175.4833849,176.4744448,175.7806003,173.7538392,174.4091441,0,0,0,-0.146305583,-0.060388341,0.041625633,-0.192878139,-0.219040284,0.053298218,-0.224571105,-0.331459968,0.049387379,-0.276983762,-0.42087727,0.040523806,-0.108034829,-0.468359054,0.031495062,-0.203729248,-0.652539582,0.009234587,-0.268056312,-0.776479256,-0.014443683,-0.317160324,-0.884563712,-0.036485059,-0.082299446,-0.476205229,-0.019321979,-0.218035981,-0.685502708,-0.041316018,-0.305021839,-0.817964021,-0.063447262,-0.362333464,-0.928231472,-0.084266212,-0.083969656,-0.446165635,-0.070790612,-0.21012043,-0.665320364,-0.105503989,-0.296259852,-0.800490751,-0.126324705,-0.354435511,-0.90917351,-0.142271105,-0.115792385,-0.396134037,-0.119567575,-0.211930404,-0.566017137,-0.160592108,-0.283949826,-0.672472338,-0.178653046,-0.340744298,-0.75814917,-0.191140326,173.9956146,165.0873205,176.4740191,176.8819675,177.0458728,174.0145855,177.3800624,175.6643647,174.0469072,178.7045966,HOUSE
0,0,0,0.12994024,-0.057022892,0.054161376,0.18478257,-0.185584146,0.082969587,0.214160232,-0.292306699,0.096878776,0.226752644,-0.34579686,0.105505473,0.1988364,-0.425934648,0.05316163,0.293228989,-0.59041525,0.050998155,0.349469282,-0.684118543,0.047798384,0.397199565,-0.762647249,0.040440543,0.172258553,-0.460823644,8.04E-05,0.257417308,-0.675357351,-0.015612419,0.317704619,-0.810360729,-0.03020475,0.36817113,-0.90857762,-0.042424747,0.126141701,-0.467504956,-0.052472314,0.198409882,-0.69499447,-0.071485514,0.256464181,-0.835679908,-0.087314382,0.309961656,-0.945441991,-0.100315572,0.063330992,-0.436954022,-0.101387881,0.105572343,-0.658817484,-0.136105245,0.146548174,-0.786166062,-0.155647084,0.19050858,-0.889651871,-0.169173202,171.1577358,177.1729828,178.4146506,177.0326066,177.000745,176.7768042,175.0086985,176.4261827,172.9963585,174.6429679,0,0,0,-0.149144785,-0.06143903,0.036169174,-0.191514131,-0.22013397,0.04454615,-0.221959999,-0.332876419,0.038298937,-0.277062593,-0.423658569,0.02738653,-0.106863306,-0.472431005,0.028321984,-0.203597405,-0.651492188,0.004988414,-0.269609854,-0.774390206,-0.020277416,-0.319299886,-0.881291986,-0.043342041,-0.082366876,-0.479466746,-0.020404964,-0.217813242,-0.687007869,-0.041739206,-0.303173917,-0.818320094,-0.064901551,-0.358121864,-0.92961598,-0.086964712,-0.085539801,-0.449061298,-0.070319504,-0.211848867,-0.668396921,-0.103883025,-0.295153926,-0.800735762,-0.125371284,-0.35000371,-0.907783968,-0.142430218,-0.119746056,-0.398589363,-0.118162567,-0.216655765,-0.565732591,-0.157259643,-0.286867567,-0.671507962,-0.175286094,-0.340944488,-0.758045445,-0.188324998,173.999251,163.6563795,176.2502663,176.6160317,176.4857757,173.118241,177.7193447,174.9626919,175.1884669,178.1789866,HOUSE
0,0,0,0.127581898,-0.054037347,0.058581479,0.184555379,-0.18296848,0.09167112,0.215611376,-0.288439848,0.108518152,0.233824999,-0.347249784,0.120115758,0.199093266,-0.431494911,0.065322403,0.29324437,-0.594390118,0.065448495,0.34944671,-0.686385758,0.062370585,0.396186662,-0.762342361,0.055320398,0.172801447,-0.467941738,0.011072123,0.256939669,-0.681996112,0.001314644,0.31713833,-0.815668557,-0.011343167,0.366423523,-0.911989122,-0.023126058,0.128195079,-0.476241367,-0.043383078,0.198838847,-0.704340429,-0.057686537,0.255146186,-0.84116236,-0.072923107,0.306927339,-0.947769019,-0.08677266,0.067558084,-0.448346486,-0.094290503,0.108830131,-0.665080078,-0.126424216,0.148835604,-0.788451579,-0.146156049,0.192539153,-0.889403922,-0.160588607,171.4154884,177.8061403,177.7736519,177.0589205,176.2361838,176.8477157,174.2882964,176.3665252,172.8722655,174.4631601,0,0,0,-0.147336153,-0.062711288,0.023282478,-0.192138975,-0.216366225,0.026484312,-0.218740957,-0.326205419,0.018129921,-0.268769417,-0.41174151,0.005671357,-0.111461674,-0.473618803,0.01106147,-0.20609875,-0.651905011,-0.016724628,-0.271380856,-0.775936237,-0.043708128,-0.320808895,-0.883354624,-0.06762498,-0.086139648,-0.481927291,-0.030628569,-0.217570078,-0.691435055,-0.057645785,-0.297216545,-0.82225961,-0.081818164,-0.348732581,-0.931543391,-0.103016976,-0.085660464,-0.448188327,-0.073790877,-0.214387178,-0.660788909,-0.110588235,-0.29497772,-0.791482885,-0.131322117,-0.348371877,-0.896257736,-0.146618861,-0.114507162,-0.390639989,-0.115960961,-0.21076534,-0.549926654,-0.157144562,-0.280357845,-0.654026485,-0.175933068,-0.334253503,-0.741102497,-0.188536973,173.9956789,163.1115974,176.9079102,176.9251747,177.1363588,173.8925082,179.0559853,175.3541608,175.2709396,177.4502669,HOUSE
0,0,0,0.124625492,-0.062345561,0.050688272,0.180107642,-0.20109599,0.078130278,0.208559065,-0.308125757,0.090045494,0.219963104,-0.364405379,0.096698225,0.195181329,-0.434486512,0.0561507,0.289308522,-0.594470024,0.051756974,0.346649516,-0.685792969,0.043730218,0.394003428,-0.763805843,0.032845911,0.168266768,-0.470604793,0.003983283,0.252064618,-0.681260087,-0.007011286,0.31313774,-0.814225474,-0.022986509,0.362389481,-0.914011502,-0.037963556,0.123224287,-0.47567709,-0.048694688,0.193764372,-0.702976209,-0.063871964,0.250578815,-0.839422951,-0.081984371,0.301756606,-0.948277829,-0.098550038,0.062196449,-0.444463881,-0.098568849,0.100552655,-0.656810794,-0.131174133,0.139227364,-0.780678192,-0.151939814,0.181875392,-0.885110577,-0.167596297,171.9296929,176.5029805,176.630205,177.2599168,175.4279931,177.807719,173.6894652,177.2680662,172.953497,175.0108467,0,0,0,-0.15082857,-0.068879685,0.018709306,-0.196040765,-0.224061377,0.019777525,-0.226916218,-0.337686739,0.010721524,-0.28105102,-0.425594199,-0.001525496,-0.109049699,-0.473041144,0.00349511,-0.206537178,-0.657194199,-0.026270812,-0.272763256,-0.78397286,-0.052560544,-0.324434841,-0.891911425,-0.075060016,-0.085739158,-0.481709435,-0.034057433,-0.214606939,-0.697594193,-0.063905296,-0.290455023,-0.827648381,-0.086909869,-0.340760087,-0.934146602,-0.106078694,-0.085804975,-0.447080778,-0.072964891,-0.2146198,-0.657845244,-0.111938584,-0.295116677,-0.783342366,-0.132803756,-0.350330524,-0.881692905,-0.146459271,-0.114746393,-0.387183087,-0.110944813,-0.214469379,-0.544036049,-0.15153173,-0.286557577,-0.649309722,-0.170600766,-0.342481666,-0.735929843,-0.182628558,175.0905364,163.4781895,177.6594701,177.9672836,177.9614248,175.0414696,178.3682017,176.4654171,175.704591,177.5452316,HOUSE
0,0,0,0.127407357,-0.060409859,0.056547886,0.181123616,-0.193852583,0.086672516,0.212927644,-0.30045941,0.101748748,0.226335586,-0.358363832,0.112297054,0.193204753,-0.428533947,0.054554846,0.289509655,-0.587722336,0.052573447,0.348058926,-0.680716919,0.048926261,0.399058952,-0.758709299,0.041212343,0.165962571,-0.465979779,0.001968231,0.249452492,-0.679065801,-0.015860064,0.311034223,-0.813793847,-0.031458832,0.366058732,-0.913251088,-0.043435944,0.12058056,-0.471742654,-0.049161473,0.189812792,-0.70059461,-0.067594697,0.247755385,-0.83920811,-0.081414313,0.303364041,-0.948377827,-0.092464893,0.060074745,-0.437312252,-0.096513241,0.099923167,-0.654579215,-0.128966837,0.139056033,-0.779044301,-0.146064687,0.183208586,-0.880770404,-0.157257146,173.3254494,175.7171339,178.2911061,176.9546328,176.4589085,175.6092339,174.0923059,175.6839713,172.9376316,173.7739129,0,0,0,-0.141084373,-0.062438872,0.017811664,-0.19132872,-0.211352144,0.017542819,-0.223621731,-0.320400806,0.00681569,-0.273553883,-0.408358755,-0.00666495,-0.109755457,-0.457438594,0.004232159,-0.205659814,-0.638135133,-0.026412432,-0.269720905,-0.764039772,-0.053754103,-0.322023896,-0.87226357,-0.077365595,-0.089160796,-0.469377189,-0.035851913,-0.216122205,-0.685434976,-0.066609362,-0.295435539,-0.820100058,-0.091621667,-0.351996606,-0.929231312,-0.11237241,-0.090089414,-0.43848694,-0.077698749,-0.222011711,-0.651031599,-0.118809292,-0.306843478,-0.775877352,-0.141382309,-0.366317493,-0.875358134,-0.156497578,-0.120450749,-0.381134058,-0.118892702,-0.22531204,-0.533084883,-0.163341221,-0.299020304,-0.634813269,-0.184477634,-0.356016926,-0.719522299,-0.198028707,174.2730949,166.8031925,177.3467321,178.7513212,177.870506,176.8709298,177.4892763,176.5081749,175.7893061,177.1580145,HOUSE
0,0,0,0.124926888,-0.063382858,0.061160449,0.179283084,-0.195697779,0.093129312,0.210217286,-0.300033963,0.109315353,0.216555903,-0.356009583,0.120645634,0.191300642,-0.432658689,0.060211701,0.287391167,-0.589672308,0.061767758,0.345131443,-0.680726218,0.061047704,0.394883679,-0.757242673,0.054845256,0.165041528,-0.469353686,0.004614169,0.248987871,-0.683033132,-0.010781123,0.309211951,-0.816866415,-0.024422687,0.362032435,-0.915785383,-0.035374994,0.119780934,-0.473863938,-0.049247622,0.189575787,-0.703209659,-0.066611881,0.247305666,-0.840982657,-0.079546825,0.301649015,-0.949128289,-0.09035133,0.058780023,-0.438624056,-0.098989337,0.096898614,-0.656813356,-0.131636522,0.136792456,-0.78058725,-0.14903199,0.181528011,-0.881661078,-0.160848386,172.9241257,169.6600808,178.6578126,176.3937621,176.8359808,176.1050252,174.140433,176.0398654,172.0744754,173.824297,0,0,0,-0.144200847,-0.062936308,0.01872948,-0.195497051,-0.20944246,0.018452214,-0.224059761,-0.316612187,0.007529304,-0.270222704,-0.404858968,-0.00665692,-0.110907213,-0.458412725,0.001697538,-0.206632208,-0.638301281,-0.028413847,-0.271142332,-0.762387941,-0.055064264,-0.323605526,-0.870275754,-0.078549281,-0.089194213,-0.468232773,-0.038921366,-0.219498649,-0.684890998,-0.069789272,-0.299989932,-0.818572725,-0.094968037,-0.357004513,-0.926812505,-0.116474711,-0.089667741,-0.434849371,-0.080992355,-0.226717407,-0.644130996,-0.122199704,-0.313090271,-0.767457928,-0.145391461,-0.374104661,-0.864351533,-0.16160142,-0.118722931,-0.375997404,-0.122259043,-0.226644844,-0.526976769,-0.167570167,-0.301050198,-0.626952799,-0.190103427,-0.359331013,-0.710656547,-0.205160282,172.9453665,167.149136,177.5228165,178.3977542,177.7629885,176.6424936,178.0989199,177.1004491,176.3407521,177.3815988,HOUSE
0,0,0,0.13493893,-0.062364407,0.071999951,0.188342829,-0.198475462,0.10627657,0.21601886,-0.308557182,0.119458449,0.229503164,-0.373007248,0.125975435,0.198264615,-0.418360974,0.084506623,0.288237038,-0.581190715,0.090623304,0.347453551,-0.675626255,0.090646993,0.399095129,-0.757018921,0.08361296,0.170242975,-0.454207805,0.018297073,0.25418947,-0.671177208,0.009391343,0.313914095,-0.807360945,-0.005044963,0.365857206,-0.909438635,-0.018390353,0.12353275,-0.464172667,-0.047631269,0.195278891,-0.691975524,-0.06314054,0.254074045,-0.833631467,-0.079954519,0.30738639,-0.946820538,-0.095102448,0.061913974,-0.442577909,-0.109232203,0.105613135,-0.658793146,-0.140859296,0.1472087,-0.785287482,-0.160207142,0.192461203,-0.888328984,-0.175056397,170.244195,177.4498248,176.2936109,175.7695897,175.7852126,176.516382,174.3420729,177.2224261,173.2792493,174.4723276,0,0,0,-0.139354721,-0.059112527,0.017450679,-0.191163413,-0.206011581,0.01744718,-0.220432613,-0.314606115,0.007579241,-0.265545759,-0.402792974,-0.005526009,-0.111197498,-0.453593046,0.000966646,-0.206195228,-0.629393383,-0.029369215,-0.270953537,-0.755292183,-0.056933572,-0.322588182,-0.862563042,-0.081435258,-0.089000239,-0.465642135,-0.039226256,-0.215162227,-0.678072982,-0.069822967,-0.29308048,-0.816788246,-0.095634344,-0.347511959,-0.930237811,-0.117868796,-0.089431739,-0.434531362,-0.081039212,-0.216893339,-0.652248927,-0.123435986,-0.297389995,-0.78551552,-0.150445514,-0.353736358,-0.89069851,-0.169827581,-0.118953654,-0.376418978,-0.121758874,-0.229304111,-0.52545758,-0.172385133,-0.30648728,-0.629788541,-0.199814145,-0.366805165,-0.717740325,-0.217987052,173.3556454,167.7908632,177.3221366,178.3288374,177.4194973,176.2456429,179.087294,176.9878286,176.6382772,176.9318729,HOUSE
0,0,0,0.120779885,-0.046730397,0.04728003,0.186174348,-0.179215543,0.071189687,0.213626407,-0.284483216,0.078146375,0.219960239,-0.35747543,0.078347302,0.200315572,-0.42223163,0.053128282,0.292076809,-0.584956473,0.044807306,0.353036417,-0.680145724,0.033914266,0.403279204,-0.760277282,0.020375292,0.171832547,-0.455486873,-0.002978926,0.254530584,-0.671911687,-0.020321535,0.316125048,-0.809240408,-0.041680793,0.364490394,-0.912107694,-0.060137334,0.124225824,-0.45923712,-0.060400877,0.194807904,-0.688813629,-0.084251772,0.252851812,-0.830761902,-0.107145404,0.303422284,-0.944495472,-0.125949279,0.059207708,-0.431623127,-0.115154898,0.097868593,-0.641619648,-0.154005064,0.139336813,-0.770752839,-0.17744317,0.183156758,-0.880909614,-0.194679544,167.1598554,169.717775,175.6143764,177.2495715,175.0022769,178.3977883,174.1497811,178.2226752,172.711825,175.8366522,0,0,0,-0.133700533,-0.049268775,0.005940675,-0.188893713,-0.194468232,0.001358915,-0.215965724,-0.304749526,-0.010277714,-0.256643617,-0.3946307,-0.024521062,-0.109030143,-0.445844013,-0.015376418,-0.203359285,-0.622502902,-0.051039799,-0.269343476,-0.752012309,-0.082511029,-0.321884455,-0.860335477,-0.108909556,-0.087316758,-0.459085984,-0.048843838,-0.216780081,-0.671008726,-0.085521139,-0.29713755,-0.810936841,-0.116456335,-0.352870463,-0.924963388,-0.141156538,-0.086047323,-0.428416803,-0.083597795,-0.218641718,-0.638454114,-0.129760325,-0.304621668,-0.771149318,-0.159992014,-0.365028085,-0.875143422,-0.180111123,-0.113746975,-0.368121589,-0.117863685,-0.224662298,-0.514757284,-0.169721672,-0.304405024,-0.617875419,-0.197688482,-0.367041874,-0.704150844,-0.215050011,171.8404794,169.2471556,177.5870293,178.8033577,177.0858658,176.2209712,179.1807618,176.9170893,176.2859921,176.6359145,HOUSE
0,0,0,0.122083047,-0.050005453,0.049838844,0.187624833,-0.185938772,0.074115976,0.217109438,-0.288028809,0.080757849,0.224851399,-0.35045544,0.080834625,0.204018903,-0.426433262,0.057642043,0.294750056,-0.589859024,0.049422104,0.352945692,-0.684499029,0.037719187,0.40036423,-0.764421264,0.023679263,0.175335748,-0.456747461,0.000633642,0.255407591,-0.669036029,-0.014372209,0.316947138,-0.80493833,-0.035772226,0.363862371,-0.908286997,-0.055032489,0.128562168,-0.459270736,-0.057830793,0.194929469,-0.68760536,-0.078998382,0.25377267,-0.829511018,-0.102154861,0.305146919,-0.944446457,-0.122091149,0.064707178,-0.430403413,-0.113629786,0.101711807,-0.640768607,-0.149522594,0.144406272,-0.767578801,-0.172180247,0.190107731,-0.875521586,-0.189756856,168.9212389,170.2905756,175.6538062,177.2171327,174.2687025,178.4561709,172.816404,178.3343232,171.4791524,175.553617,0,0,0,-0.135653613,-0.052567024,0.012330927,-0.191438947,-0.199204078,0.011737315,-0.221693084,-0.313245169,0.002211759,-0.265174824,-0.404262033,-0.010098319,-0.107241628,-0.442983911,-0.004870338,-0.209733997,-0.619309884,-0.036597461,-0.278316237,-0.748816876,-0.064317894,-0.332731401,-0.85823874,-0.08822342,-0.087750532,-0.459780567,-0.041382635,-0.21510504,-0.676357808,-0.074469937,-0.292951928,-0.815368058,-0.10187121,-0.347210429,-0.929553151,-0.123999424,-0.088612424,-0.434063147,-0.079226157,-0.219239999,-0.64881233,-0.124598367,-0.304978245,-0.778357489,-0.153282897,-0.366832742,-0.877944872,-0.171671215,-0.11931921,-0.379465128,-0.116234262,-0.228488307,-0.531027312,-0.166217397,-0.306292536,-0.632003637,-0.19251413,-0.367946092,-0.712009432,-0.20878135,172.5757271,169.1112672,177.0623935,178.4527826,177.4201598,176.1943184,177.8041837,177.7080213,176.1957631,177.445674,HOUSE
0,0,0,0.12735135,-0.053926759,0.053797806,0.188062818,-0.190456315,0.080772721,0.221106246,-0.295303528,0.09049186,0.231162127,-0.354723856,0.094391603,0.200223839,-0.436021324,0.059161691,0.294801906,-0.598832496,0.053634128,0.351557403,-0.692905377,0.044952646,0.397664073,-0.772222089,0.033677623,0.173077151,-0.465874809,0.003547952,0.256908204,-0.677801925,-0.010591509,0.317209901,-0.813540577,-0.028035938,0.364266962,-0.916153649,-0.043397532,0.127870195,-0.468189585,-0.05260532,0.19827977,-0.696496843,-0.070946769,0.254515564,-0.835868862,-0.088946034,0.302987028,-0.947255318,-0.10443287,0.065845415,-0.436866996,-0.105722543,0.107816897,-0.650057408,-0.138662687,0.149851065,-0.776573709,-0.157935688,0.193040247,-0.882525456,-0.17221394,171.7357593,171.9977099,176.9742588,177.2900534,176.0441632,178.6632802,174.5917607,178.3415908,172.8141764,176.0447978,0,0,0,-0.139271869,-0.054854785,0.019653211,-0.196572552,-0.20987626,0.022423987,-0.231445584,-0.327758778,0.014513338,-0.280011951,-0.421552989,0.003281663,-0.112028752,-0.452238023,0.006137611,-0.214098306,-0.624868441,-0.022507085,-0.282490775,-0.75012638,-0.049014359,-0.336107956,-0.857375772,-0.072361038,-0.090956814,-0.465342303,-0.034572703,-0.222107495,-0.677808763,-0.063221922,-0.301438219,-0.814327547,-0.087904636,-0.356463997,-0.927972804,-0.108627317,-0.090855915,-0.437067122,-0.076754948,-0.219892455,-0.652604579,-0.119322842,-0.3017373,-0.783617568,-0.145605977,-0.360587887,-0.88612115,-0.162711655,-0.1201008,-0.380501667,-0.117673512,-0.228346149,-0.537839331,-0.16654348,-0.305584435,-0.639528736,-0.190673133,-0.367849874,-0.719055771,-0.205357109,173.982045,168.87482,176.8972465,177.8549024,177.189884,175.6849274,178.8649342,177.4198897,175.4811042,177.3874073,HOUSE
0,0,0,0.125046701,-0.052213098,0.064959568,0.185384301,-0.184473806,0.093826825,0.216633938,-0.287882367,0.101940584,0.226832368,-0.353474007,0.103004066,0.200097755,-0.429628838,0.072384198,0.292494633,-0.594613604,0.070149266,0.350994389,-0.689477126,0.063215973,0.398644846,-0.76990782,0.051978381,0.171868322,-0.459359645,0.007464559,0.253712109,-0.674305616,-0.004861126,0.315548141,-0.810763002,-0.02316547,0.363393484,-0.913774098,-0.040326275,0.125575182,-0.460794876,-0.057807142,0.192503339,-0.691612717,-0.075574912,0.250558548,-0.833675394,-0.094600352,0.300360981,-0.947189288,-0.112319781,0.063853045,-0.430438212,-0.11940711,0.102155978,-0.643431306,-0.153426998,0.14438573,-0.770911545,-0.174356769,0.189086474,-0.878981729,-0.190934467,169.6756596,171.3258092,176.2156291,176.5117577,174.7333032,178.2248855,173.3256985,178.1424079,171.9532095,175.798766,0,0,0,-0.132877188,-0.052905871,0.018394469,-0.188762751,-0.207744329,0.022808167,-0.219273353,-0.320559708,0.016445823,-0.261059752,-0.414463962,0.007001949,-0.11219309,-0.455808966,0.008703763,-0.215355213,-0.623264139,-0.020246088,-0.285566843,-0.748605973,-0.048075865,-0.339453659,-0.856216762,-0.072118017,-0.090663561,-0.464363313,-0.032197264,-0.223550903,-0.666128888,-0.06202225,-0.304721293,-0.807438635,-0.089109325,-0.36404449,-0.924650029,-0.111776265,-0.088447063,-0.434479638,-0.075066275,-0.220623109,-0.634156144,-0.117472401,-0.306199668,-0.764990584,-0.143646527,-0.368800666,-0.868505722,-0.160534241,-0.11325038,-0.378249459,-0.117213532,-0.224175072,-0.540170156,-0.165184157,-0.301034943,-0.642728292,-0.188320322,-0.363907095,-0.722577508,-0.202315139,173.3642649,170.901225,176.4826311,177.3334363,175.7729271,176.9621378,179.2723731,177.4252972,175.7446264,177.2092903,HOUSE
0,0,0,0.122072531,-0.050140336,0.041407951,0.177038302,-0.186922603,0.061135024,0.204908664,-0.299101369,0.065239823,0.221172673,-0.365984095,0.063943528,0.196374589,-0.431416589,0.051726637,0.28848434,-0.596384719,0.043302156,0.346785074,-0.691168715,0.031602906,0.394838022,-0.77103231,0.018464634,0.17091294,-0.465323758,0.001426667,0.251426532,-0.675355686,-0.014027886,0.312572134,-0.810922941,-0.034229876,0.361267864,-0.91202741,-0.051445559,0.126575118,-0.470144361,-0.050485062,0.192974567,-0.695438466,-0.069300954,0.249617184,-0.836481682,-0.089183399,0.299245253,-0.948278894,-0.105921752,0.064021378,-0.439921146,-0.100507864,0.104175555,-0.649124049,-0.131387975,0.144857155,-0.773981485,-0.149709433,0.188400169,-0.877999058,-0.163386693,170.3046083,176.8207128,175.7673228,177.8361305,174.9565669,178.2029809,173.8459727,177.8824592,172.8709678,175.2338077,0,0,0,-0.137770781,-0.059275978,0.024447423,-0.195542478,-0.212565201,0.033081148,-0.224481334,-0.326392783,0.030261049,-0.261783053,-0.420323837,0.024860214,-0.114716309,-0.452146456,0.014201726,-0.226044486,-0.616969471,-0.013219822,-0.298003424,-0.741648604,-0.037579799,-0.35050982,-0.849485091,-0.059079522,-0.090691548,-0.462666468,-0.029390382,-0.226840559,-0.669978092,-0.059505792,-0.30409417,-0.810935939,-0.083852678,-0.360119422,-0.927102449,-0.103899233,-0.087550243,-0.43626559,-0.074843188,-0.227010363,-0.629457289,-0.120261557,-0.313590947,-0.754526832,-0.145034503,-0.377874684,-0.854274701,-0.159729013,-0.112118956,-0.38322747,-0.118887251,-0.224429271,-0.543900821,-0.17054897,-0.299364879,-0.643032632,-0.194908911,-0.362620969,-0.721716527,-0.209374242,172.2379833,172.405158,175.6149443,175.9651555,175.1535638,177.0156291,178.0591787,177.0815693,175.7589254,176.5773088,HOUSE
0,0,0,0.125397104,-0.060793336,0.05205898,0.179303877,-0.198792584,0.076477453,0.205100043,-0.30411786,0.081809917,0.22589985,-0.373423728,0.081269489,0.197102286,-0.435578074,0.071994723,0.286439157,-0.600816869,0.065674251,0.343909642,-0.695054297,0.053335037,0.391882954,-0.774764677,0.039921785,0.172069917,-0.468929982,0.015704711,0.251583619,-0.677485225,0.003346619,0.313820534,-0.814061701,-0.017415952,0.362199581,-0.916516742,-0.035187505,0.128519063,-0.476097175,-0.042814203,0.194185235,-0.699925223,-0.059038582,0.250911806,-0.839237084,-0.079576611,0.299712456,-0.949091025,-0.096946733,0.067878289,-0.449909562,-0.09901875,0.10809839,-0.657622257,-0.126619447,0.147899654,-0.780797893,-0.143666889,0.190381651,-0.883746176,-0.156873734,170.013743,175.5830744,174.6292659,178.0690968,174.0542177,178.6242998,173.0788139,178.1078026,173.0974812,175.4313929,0,0,0,-0.136346825,-0.057552798,0.030900696,-0.191339187,-0.20673546,0.043968487,-0.223538177,-0.318234893,0.044489287,-0.262636168,-0.410824022,0.042477441,-0.117938651,-0.452636214,0.025265805,-0.23191874,-0.614367096,0.002666364,-0.305175341,-0.737418303,-0.018375231,-0.357412161,-0.842433459,-0.038189744,-0.093659937,-0.464947738,-0.021525959,-0.230113263,-0.674171857,-0.047400157,-0.308788689,-0.814172929,-0.067529744,-0.364784808,-0.927226773,-0.084749959,-0.090472215,-0.439851549,-0.070417058,-0.228504908,-0.642520181,-0.113846728,-0.310777676,-0.771843922,-0.136075312,-0.370740045,-0.873053209,-0.149400407,-0.116894185,-0.388233822,-0.117605806,-0.227701046,-0.554012689,-0.171764954,-0.304382822,-0.657654612,-0.197799093,-0.369024306,-0.73688126,-0.213273099,173.9232379,173.0528509,175.2397732,175.5353682,176.0326681,176.9424567,177.4516553,177.4191256,175.3577863,176.0904235,HOUSE
0,0,0,0.117400619,-0.051681657,0.039658753,0.172934861,-0.189653361,0.059284918,0.199514242,-0.290285446,0.062316528,0.223689452,-0.355817734,0.059547696,0.191936126,-0.433761631,0.056282107,0.279186661,-0.598389934,0.043182267,0.336476936,-0.693627454,0.026072856,0.383656491,-0.774669098,0.010052638,0.167388423,-0.468152027,0.005636004,0.247048366,-0.673258539,-0.011346257,0.310621334,-0.809063172,-0.035767809,0.359542215,-0.912064432,-0.055690965,0.124214836,-0.475363427,-0.047826346,0.189527949,-0.697882606,-0.069426202,0.246915993,-0.837220121,-0.094250206,0.296430514,-0.948289786,-0.113469958,0.062822005,-0.44894846,-0.099581826,0.103409736,-0.653759826,-0.129915219,0.143827602,-0.777571308,-0.148651429,0.186373798,-0.883003595,-0.162612567,170.7856489,173.248094,174.3343204,178.6474421,173.8165062,179.1305187,172.7791354,178.2737998,173.1872914,175.9303704,0,0,0,-0.134366587,-0.057766364,0.027309493,-0.19249749,-0.211703756,0.03925706,-0.222589184,-0.324445911,0.038849808,-0.261510777,-0.419533979,0.036677798,-0.121038123,-0.461809004,0.027394706,-0.230864978,-0.623126384,0.002532239,-0.302061821,-0.744649841,-0.020056254,-0.353247189,-0.848419987,-0.040638673,-0.096153138,-0.473819645,-0.017887563,-0.230988944,-0.677790357,-0.044828981,-0.305260835,-0.815949524,-0.065844505,-0.357373222,-0.930235039,-0.083349578,-0.092095876,-0.448669217,-0.066502513,-0.230179547,-0.645210202,-0.111444109,-0.310404228,-0.77259249,-0.134594629,-0.369221831,-0.876206315,-0.147965394,-0.115731175,-0.395787149,-0.113919944,-0.227449752,-0.55532142,-0.168082215,-0.302772628,-0.657499164,-0.194547357,-0.366692767,-0.740293512,-0.210115858,172.7830453,172.5978514,175.7146104,175.8065006,174.6480256,176.2462764,176.5801808,176.4745826,175.9774507,176.4264731,HOUSE
0,0,0,0.124145857,-0.044626134,0.04172147,0.188628291,-0.193665979,0.066173852,0.220676207,-0.306040615,0.073051967,0.243895658,-0.377997408,0.074249104,0.207840849,-0.436228715,0.066867332,0.293343234,-0.600833053,0.055622731,0.347881487,-0.691131666,0.038398461,0.394661172,-0.768815134,0.021493747,0.184075827,-0.469467287,0.01582014,0.263942412,-0.678426158,0.002830975,0.325694302,-0.808432699,-0.020324186,0.373901879,-0.908680037,-0.04067923,0.142078291,-0.474747266,-0.038907299,0.208085125,-0.701593708,-0.059831355,0.261599495,-0.836230726,-0.084193383,0.309813408,-0.945123241,-0.103719388,0.082540685,-0.44558835,-0.092110814,0.127753668,-0.647837174,-0.122762091,0.167461788,-0.765847354,-0.141879206,0.210591937,-0.868002367,-0.157047816,170.9187596,176.8020183,173.1245881,178.605237,172.6588736,178.6552321,172.964787,177.7635071,174.0478815,175.6222053,0,0,0,-0.152012695,-0.05464242,0.031930566,-0.207003185,-0.224419454,0.043734568,-0.2399116,-0.3455861,0.040146599,-0.291707486,-0.44320263,0.033783529,-0.126264756,-0.472977277,0.044442379,-0.243538635,-0.625500568,0.024610142,-0.322028775,-0.73745993,0.001853427,-0.377833283,-0.837512317,-0.01963384,-0.102610422,-0.481375602,-0.004719918,-0.249152906,-0.673903152,-0.025046415,-0.337611353,-0.802581505,-0.047006108,-0.395425104,-0.916102628,-0.066294505,-0.102150292,-0.457197898,-0.05747303,-0.246706425,-0.653670514,-0.092696724,-0.335754137,-0.777700579,-0.111068817,-0.394660413,-0.882719665,-0.122873574,-0.130987857,-0.40847216,-0.109941685,-0.240192004,-0.573870496,-0.148507097,-0.314554126,-0.67863732,-0.164844058,-0.371380204,-0.764070202,-0.175385109,173.905487,167.1398861,175.6264493,174.0719519,175.7594356,172.5240205,178.4433335,173.5098654,175.7594551,177.735782,HOUSE
0,0,0,0.118751128,-0.043009069,0.031005791,0.186125851,-0.193130351,0.049886869,0.216640423,-0.297039722,0.055231013,0.242630453,-0.360129274,0.055666829,0.201532678,-0.440334658,0.034645705,0.282473959,-0.614444751,0.015040794,0.329958649,-0.715639633,-0.004157992,0.368815639,-0.804025044,-0.020682672,0.174612507,-0.462215644,-0.009669463,0.251349388,-0.681226282,-0.029034224,0.304093666,-0.821905485,-0.050946244,0.343023971,-0.93671153,-0.070043305,0.132385247,-0.45878939,-0.056748829,0.198821459,-0.68425084,-0.080362549,0.247462774,-0.821831385,-0.102904474,0.290669355,-0.937716228,-0.121037758,0.078238631,-0.424671262,-0.102792866,0.131071854,-0.620897916,-0.135686671,0.177506981,-0.73712664,-0.155823382,0.221849848,-0.834643407,-0.171517141,171.3657313,173.4699324,176.0536246,178.5182024,176.2415297,178.0299722,175.6880483,178.8427869,173.3636031,177.1920864,0,0,0,-0.14873109,-0.065978186,0.026018345,-0.20364608,-0.225973091,0.036051426,-0.235707386,-0.343638631,0.033929188,-0.279385016,-0.441061202,0.029787448,-0.126737348,-0.483954326,0.031299787,-0.238716935,-0.642767283,0.010140638,-0.316184744,-0.755605674,-0.012171713,-0.375167314,-0.854837365,-0.032236768,-0.103060047,-0.493734948,-0.010696825,-0.242048994,-0.685506493,-0.030523544,-0.327843849,-0.811869816,-0.049654934,-0.389495358,-0.918625253,-0.066490689,-0.100288711,-0.465005321,-0.0555384,-0.245952534,-0.653542143,-0.090951562,-0.334564166,-0.771507664,-0.107424828,-0.398334522,-0.868251545,-0.1170909,-0.127763357,-0.407430759,-0.099851632,-0.239147792,-0.566831146,-0.138381626,-0.312509543,-0.662043925,-0.152771327,-0.371361489,-0.736548068,-0.160845763,174.2405806,170.9999941,176.846486,176.229995,177.0418804,175.794215,177.7446622,176.1191585,174.8695167,177.8554981,HOUSE
0,0,0,0.121136283,-0.057609479,0.063581814,0.183984382,-0.205989827,0.096352072,0.214914118,-0.305579619,0.109031255,0.251661737,-0.375523535,0.115750525,0.200237638,-0.44317925,0.072841686,0.280289362,-0.6169046,0.063352679,0.327144466,-0.720609713,0.050494509,0.366361201,-0.814135916,0.03734087,0.178293765,-0.46440629,0.013258608,0.257286596,-0.677180984,0.000344182,0.310414029,-0.819543599,-0.016865388,0.349818248,-0.936220699,-0.033436437,0.140334677,-0.464481387,-0.047729463,0.215708303,-0.675813976,-0.064176966,0.266204833,-0.808810736,-0.081713029,0.308089697,-0.923689375,-0.098001547,0.091903633,-0.43694608,-0.105466046,0.151407731,-0.629134957,-0.134646657,0.200314538,-0.745729554,-0.15281878,0.24520083,-0.845405842,-0.167772446,172.7402983,169.3738095,176.34141,178.1114798,176.7695422,177.7962545,176.9123336,178.9536288,174.4872272,178.4001215,0,0,0,-0.151273797,-0.077833093,0.030743583,-0.19920278,-0.235076805,0.039714742,-0.230314797,-0.350468292,0.035166808,-0.276413865,-0.447668954,0.027643328,-0.127062357,-0.489276086,0.032818593,-0.237755396,-0.64893518,0.012573458,-0.315087421,-0.761021678,-0.008977932,-0.3750125,-0.860899818,-0.028624542,-0.102831503,-0.499051379,-0.011313018,-0.243348892,-0.69246083,-0.03041234,-0.32922357,-0.814461551,-0.048378594,-0.390181206,-0.918483896,-0.064389117,-0.099097972,-0.468250984,-0.057400394,-0.247109504,-0.659376009,-0.08923005,-0.33611747,-0.773212908,-0.102089514,-0.40040291,-0.867445801,-0.110108747,-0.125481616,-0.408482458,-0.102722505,-0.240506575,-0.562096513,-0.136512804,-0.316728508,-0.656402922,-0.147337379,-0.378201681,-0.730774041,-0.153322072,174.3623241,169.5597146,176.9256945,176.331729,177.5177683,175.1949376,177.5392583,176.1148585,174.6650993,178.2519271,HOUSE
0,0,0,0.128283984,-0.069373705,0.086772193,0.187078856,-0.215363759,0.128542365,0.215048914,-0.314509366,0.145936266,0.245171765,-0.372781647,0.156843188,0.203724345,-0.436807785,0.096696511,0.282369835,-0.613787646,0.097310385,0.326488993,-0.717710624,0.092928415,0.364651918,-0.814171328,0.084773069,0.182354523,-0.453317356,0.026069322,0.263426368,-0.669296362,0.017824984,0.31556477,-0.81473424,0.006165747,0.352447484,-0.93581143,-0.006143229,0.144272626,-0.454286492,-0.044466228,0.225386007,-0.664295526,-0.057852094,0.278665824,-0.7995052,-0.071162966,0.320475184,-0.916726996,-0.084249414,0.098070585,-0.431736785,-0.109836363,0.170539507,-0.624770021,-0.137326551,0.222726793,-0.739232916,-0.15331179,0.267945128,-0.834208539,-0.166716127,171.9645594,168.5623323,177.3748071,177.2748404,177.5457398,176.9323962,178.0869657,177.9284152,176.0618044,178.9362843,0,0,0,-0.151580054,-0.074799181,0.033085241,-0.205252998,-0.226985585,0.041264939,-0.235071804,-0.339982618,0.034485297,-0.276692209,-0.433572529,0.023730902,-0.127418515,-0.48270391,0.030892639,-0.23880139,-0.647869648,0.011259978,-0.314213535,-0.759635059,-0.011233608,-0.375193544,-0.861766472,-0.032921727,-0.102389029,-0.492791906,-0.015912332,-0.250814985,-0.689465619,-0.03255985,-0.338902553,-0.810844576,-0.050868763,-0.403237021,-0.912483292,-0.069095203,-0.098824901,-0.458389161,-0.064271866,-0.253496225,-0.649247805,-0.093582849,-0.343403947,-0.760083177,-0.105999424,-0.410387568,-0.849298207,-0.115726293,-0.124990665,-0.394796618,-0.111921503,-0.247368428,-0.542699871,-0.146485288,-0.326308083,-0.634449421,-0.158136891,-0.391849005,-0.708308154,-0.165524418,172.2248287,170.4438847,176.135297,176.7296242,176.7043792,176.0096861,178.1279771,177.8098041,175.1483374,178.4189301,HOUSE
0,0,0,0.146830517,-0.082612974,0.076482446,0.200872161,-0.23171516,0.105712607,0.23302304,-0.33348417,0.112258716,0.262512246,-0.397844271,0.113774789,0.180539261,-0.444469096,0.071578044,0.25588755,-0.630468111,0.059557465,0.304886142,-0.746943612,0.045913576,0.351529231,-0.851667402,0.031032224,0.159987323,-0.456313963,0.003412643,0.242430661,-0.675170179,-0.023508492,0.308538239,-0.816175035,-0.047245271,0.361232875,-0.930102629,-0.066482407,0.131878546,-0.441819978,-0.063072031,0.217831549,-0.645378292,-0.087250314,0.286481452,-0.762124703,-0.103299555,0.341904032,-0.857367564,-0.116037621,0.108090834,-0.392365682,-0.12480274,0.183725824,-0.565993038,-0.147415775,0.24598383,-0.656173887,-0.156125113,0.300351049,-0.720955574,-0.164088383,172.6579016,172.5411013,177.1302718,178.2240136,175.0757743,179.4642889,172.4557191,179.4319925,168.735034,174.5442809,0,0,0,-0.153600958,-0.089335056,0.032199334,-0.205192451,-0.24552061,0.038043613,-0.241313766,-0.361107879,0.029280226,-0.293552152,-0.452601843,0.015861684,-0.119729089,-0.491729728,0.024561626,-0.233472039,-0.6591601,0.003688114,-0.309460651,-0.772161223,-0.019281299,-0.368369472,-0.874724937,-0.041237769,-0.098139257,-0.498490453,-0.02163156,-0.24353869,-0.697339012,-0.039252791,-0.328582185,-0.815972049,-0.058778176,-0.388203169,-0.918247058,-0.07823452,-0.09581847,-0.458173317,-0.0688516,-0.248351182,-0.649577101,-0.09915097,-0.337329165,-0.761215329,-0.116217571,-0.403765619,-0.851335003,-0.129670041,-0.12210239,-0.388319097,-0.11485099,-0.248163543,-0.531467349,-0.148531581,-0.330254593,-0.621813863,-0.162431005,-0.398030162,-0.694405702,-0.172402365,173.7416804,167.2944575,176.281372,175.8787775,176.4113844,174.3769872,179.5441512,177.8074544,176.348417,178.8066817,HOUSE
0,0,0,0.152086179,-0.077713684,0.065202323,0.212367599,-0.233167313,0.091354658,0.242202858,-0.329822132,0.095647138,0.25968316,-0.387529672,0.094798126,0.163748894,-0.470384968,0.063432724,0.237035243,-0.64355383,0.046569216,0.295776216,-0.754485019,0.028143331,0.34752526,-0.855179035,0.010029147,0.139475857,-0.481605615,-0.000137127,0.233482499,-0.681250613,-0.028415387,0.307980466,-0.812806341,-0.055616658,0.366470687,-0.927301482,-0.076231206,0.116662309,-0.455000355,-0.063123085,0.216872946,-0.63125421,-0.095273906,0.296324221,-0.73391838,-0.120366324,0.357140643,-0.82316463,-0.136516364,0.107551121,-0.391297429,-0.121775823,0.201224579,-0.537150854,-0.152512774,0.268786533,-0.62116749,-0.168044363,0.323702425,-0.68671862,-0.179333815,172.3566392,176.6924914,174.0933247,178.8760051,174.8354927,177.3020116,171.767804,175.7788914,173.6866448,178.5681922,0,0,0,-0.149307794,-0.078964438,0.026160801,-0.198583749,-0.233624329,0.031103769,-0.2283614,-0.348356529,0.022956919,-0.275480263,-0.443134331,0.011557328,-0.12193004,-0.485596661,0.018370624,-0.231440314,-0.652194537,-0.005232814,-0.306712649,-0.769151508,-0.028205782,-0.364775672,-0.872617329,-0.04923554,-0.100552401,-0.495217865,-0.025097195,-0.243587017,-0.69417669,-0.046734656,-0.327715581,-0.815293961,-0.066753557,-0.386510233,-0.918359635,-0.085002472,-0.097404573,-0.459667096,-0.070152341,-0.250399777,-0.646172809,-0.102655635,-0.341397172,-0.759927426,-0.12013916,-0.408796355,-0.851578457,-0.132912213,-0.122652405,-0.392679916,-0.114635039,-0.247872795,-0.531807782,-0.148626451,-0.329749418,-0.621143144,-0.163147842,-0.396576045,-0.692469394,-0.173054583,173.5073403,167.9466905,177.2860642,176.4896164,177.1356338,174.850635,178.8482587,177.6024531,176.4771912,178.683034,HOUSE
0,0,0,0.15375159,-0.066046428,0.080197272,0.219018485,-0.215819321,0.114568815,0.253153663,-0.313801051,0.121911155,0.287547313,-0.376538469,0.122733448,0.17832394,-0.462348404,0.098898851,0.251269434,-0.623186145,0.088619203,0.312566829,-0.732022035,0.070050262,0.369165163,-0.831054632,0.048542642,0.156683921,-0.476234258,0.024065219,0.244288884,-0.670231426,-0.001863089,0.319645391,-0.803568987,-0.033518506,0.381575751,-0.922466963,-0.058776255,0.135527339,-0.454790649,-0.051091917,0.235110452,-0.635469458,-0.084938678,0.315216699,-0.738279518,-0.111293692,0.382156493,-0.831491315,-0.129615778,0.12592541,-0.398095268,-0.12108015,0.220641734,-0.531454695,-0.157724306,0.285909787,-0.614226055,-0.175741309,0.342963003,-0.685516078,-0.18932417,171.0552316,169.8827104,172.8517907,177.6978962,173.0307284,177.7850938,170.8294642,176.7348867,175.9095024,178.5906954,0,0,0,-0.144890775,-0.065421157,0.010244231,-0.197033627,-0.209815714,0.009352445,-0.22444201,-0.322533627,0.001018595,-0.266699599,-0.411919975,-0.009191385,-0.119881619,-0.470596919,-0.007547567,-0.239066676,-0.638538052,-0.038652183,-0.317763883,-0.76078229,-0.064439255,-0.379096312,-0.866404825,-0.085560547,-0.098869545,-0.479821224,-0.040891574,-0.250432571,-0.679037813,-0.067842756,-0.338172922,-0.805874207,-0.087725722,-0.401567205,-0.909852688,-0.104459883,-0.096660882,-0.444354612,-0.075926357,-0.262644471,-0.621709737,-0.113166022,-0.359423828,-0.740295019,-0.129715182,-0.429740602,-0.836840309,-0.140298362,-0.12488656,-0.37437797,-0.111302803,-0.256701503,-0.506912544,-0.149630549,-0.340139117,-0.59304595,-0.164360887,-0.40771578,-0.665253384,-0.172759029,172.7408198,168.2614594,177.0248847,177.359093,177.1365066,176.660158,175.3677713,176.6433992,175.3351652,177.5845471,HOUSE
0,0,0,0.156525993,-0.075732691,0.107620672,0.221730154,-0.216569158,0.150569871,0.260000382,-0.300465488,0.159998694,0.300609311,-0.360627554,0.162064827,0.171603448,-0.460070918,0.130389135,0.254772802,-0.605057185,0.126854109,0.324248199,-0.694874715,0.111378058,0.387531556,-0.781082097,0.09159136,0.152851227,-0.47235024,0.040106691,0.243501697,-0.671558729,0.021034588,0.31882131,-0.806866782,-0.007622431,0.37646959,-0.925864488,-0.032335698,0.135687331,-0.451688121,-0.049803657,0.240527082,-0.635551993,-0.076417707,0.324025427,-0.738066361,-0.099594832,0.391420598,-0.830794774,-0.11859413,0.132985649,-0.397824567,-0.133095257,0.229418189,-0.529706245,-0.164910895,0.299012995,-0.614239123,-0.182198924,0.360404274,-0.691006854,-0.197536042,170.3520732,169.6153897,169.7636748,176.88876,172.822458,176.7685252,170.2242326,176.8111205,176.1403816,179.0381473,0,0,0,-0.149201715,-0.082613241,0.021920451,-0.20221333,-0.23810312,0.026850031,-0.232273481,-0.358141484,0.020809723,-0.274140121,-0.452290646,0.01258917,-0.121202875,-0.483711713,0.011138652,-0.235367251,-0.655088405,-0.014056929,-0.310721861,-0.771350243,-0.036835446,-0.36890508,-0.874399272,-0.056828711,-0.098823482,-0.491738818,-0.028158948,-0.248921128,-0.692681173,-0.049095463,-0.332953796,-0.813771374,-0.067519423,-0.393773626,-0.915353334,-0.084086888,-0.093825175,-0.452217103,-0.068839018,-0.258608165,-0.629847734,-0.101867663,-0.355310208,-0.740445528,-0.118443281,-0.427571421,-0.830484861,-0.129780576,-0.118742047,-0.380085087,-0.109166793,-0.251644574,-0.502778572,-0.144040525,-0.335984582,-0.579878086,-0.157846304,-0.405350542,-0.642278467,-0.166229011,173.4217593,169.9373814,177.5009085,176.5086905,176.8955239,176.0662486,177.8310696,177.4171628,175.9426901,178.1151813,HOUSE
0,0,0,0.160441386,-0.086688259,0.10714752,0.225535082,-0.222607814,0.146846287,0.261182927,-0.308866323,0.15455159,0.300967126,-0.368960095,0.155183799,0.1734538,-0.465773205,0.111446197,0.259795542,-0.601877511,0.09959852,0.331152293,-0.686027543,0.082423394,0.394155423,-0.765316935,0.062080953,0.152207946,-0.475062607,0.019919321,0.250194193,-0.66992647,-0.011193999,0.325142565,-0.803896996,-0.041121032,0.38204666,-0.921845047,-0.065131096,0.133707241,-0.447825813,-0.070719893,0.245391045,-0.619334531,-0.108538906,0.327859969,-0.719000821,-0.134656735,0.395117505,-0.811308639,-0.154665337,0.129936882,-0.387315944,-0.153879441,0.221659634,-0.512151822,-0.198474835,0.287441919,-0.598156941,-0.224012233,0.34512679,-0.676511869,-0.244432,169.486493,168.1696229,170.8649957,176.8715115,176.1457795,176.5036571,173.5021164,176.2017588,176.978135,178.1763942,0,0,0,-0.144214784,-0.088855066,0.025753588,-0.197764848,-0.245675356,0.031965034,-0.231460908,-0.361444601,0.025460643,-0.278250613,-0.450343213,0.015955513,-0.120179132,-0.493086162,0.017931475,-0.232077556,-0.664499486,-0.006884779,-0.304947062,-0.777944286,-0.030447409,-0.362476686,-0.87622564,-0.05139021,-0.101005969,-0.499121509,-0.024285034,-0.247020521,-0.697734749,-0.045153679,-0.327618028,-0.816614765,-0.066596857,-0.388056086,-0.917622049,-0.085920022,-0.096055263,-0.457131477,-0.068168385,-0.256080799,-0.637778448,-0.101769463,-0.34892456,-0.749516891,-0.125563102,-0.420265208,-0.840650729,-0.143247277,-0.116957369,-0.38358088,-0.111089952,-0.253797022,-0.499932362,-0.149291915,-0.342304598,-0.576982139,-0.169718755,-0.416055656,-0.640794119,-0.183638597,174.1276795,168.2601282,176.9431275,177.5659481,175.733377,176.6595365,177.7080961,178.1818385,177.7269755,178.1687972,HOUSE
0,0,0,0.163477607,-0.083154502,0.093054602,0.228109946,-0.220747134,0.12542509,0.265347425,-0.308357828,0.128926346,0.306134952,-0.37228334,0.126477665,0.161617202,-0.470825511,0.093489128,0.257327663,-0.603866034,0.079503186,0.333587865,-0.686024575,0.06228212,0.400724603,-0.764559732,0.043304448,0.1424379,-0.481429426,0.011438427,0.248274768,-0.671087494,-0.019899423,0.325653138,-0.804891261,-0.04758391,0.381851543,-0.921665015,-0.068724078,0.128678234,-0.448223527,-0.069582697,0.255984955,-0.606797624,-0.10534111,0.344743253,-0.696316902,-0.126881659,0.412862051,-0.777340545,-0.141923604,0.132671826,-0.376229822,-0.144400077,0.239769069,-0.503903228,-0.184639715,0.315557488,-0.591517444,-0.205783625,0.380427637,-0.668859649,-0.221387186,169.8507818,169.683565,171.9213333,177.1037149,177.8363612,175.6075911,174.0698111,175.0610432,176.6287691,178.151447,0,0,0,-0.155306845,-0.095971351,0.030352249,-0.20828907,-0.252443637,0.03604561,-0.24268636,-0.362794395,0.028216965,-0.288175717,-0.449186142,0.017058516,-0.123188627,-0.502316594,0.018486422,-0.231957715,-0.674958508,-0.002923777,-0.300882381,-0.784329575,-0.024542616,-0.355598852,-0.881944036,-0.045004412,-0.102425758,-0.505098868,-0.025670222,-0.248603148,-0.702486466,-0.04254017,-0.328061762,-0.818289824,-0.061315849,-0.385639528,-0.919111733,-0.080720359,-0.097769833,-0.459387729,-0.070798563,-0.256034762,-0.640321173,-0.100291393,-0.348477608,-0.749858855,-0.12198156,-0.419186343,-0.837289497,-0.140132562,-0.119185374,-0.383372757,-0.114541335,-0.258945134,-0.500400201,-0.149700036,-0.348566818,-0.574154863,-0.168849226,-0.422948432,-0.632977154,-0.183241539,173.9712906,169.2452598,176.4720039,176.9336293,175.7620677,174.9441935,178.0623609,178.6089662,178.3210386,178.5795198,HOUSE
0,0,0,0.163775429,-0.08805703,0.087265504,0.222460753,-0.228663348,0.115926922,0.255633566,-0.317811667,0.116808516,0.291202898,-0.370234464,0.112353783,0.154766971,-0.48435965,0.084538299,0.251984427,-0.62933412,0.073052529,0.32207855,-0.725108646,0.058910128,0.384109779,-0.816607117,0.041001713,0.135171333,-0.493983304,0.006063343,0.249579054,-0.681207959,-0.023104474,0.329247217,-0.809349346,-0.04818108,0.387809744,-0.919228731,-0.067986342,0.121194749,-0.456587237,-0.07104268,0.258770881,-0.608477773,-0.104174707,0.352982545,-0.685204854,-0.124330829,0.4235855,-0.75356555,-0.138787424,0.126213764,-0.379982189,-0.142402616,0.235671002,-0.505672091,-0.178047932,0.310432437,-0.58748328,-0.196370695,0.373770742,-0.657813317,-0.210504932,169.6232824,165.5159912,176.1431855,176.8043983,178.0456203,176.1880647,171.4292255,175.0055128,176.9626638,178.8863994,0,0,0,-0.150065129,-0.095467901,0.027960962,-0.19876424,-0.242552971,0.032768322,-0.228369096,-0.353433371,0.02435538,-0.267793712,-0.439808782,0.01242491,-0.11507773,-0.493286539,0.016380482,-0.226942251,-0.664049907,-0.007253951,-0.300128512,-0.773888614,-0.031173241,-0.359128652,-0.871790373,-0.053278263,-0.091364629,-0.501711139,-0.026563169,-0.242326308,-0.697920267,-0.045207517,-0.326401152,-0.815354637,-0.0664903,-0.38938119,-0.916895799,-0.087660608,-0.086114193,-0.460178813,-0.070397673,-0.251423663,-0.63930921,-0.101433632,-0.346632715,-0.749147793,-0.124651819,-0.420878444,-0.838449684,-0.144023656,-0.11014577,-0.387020246,-0.113028489,-0.257801554,-0.497125474,-0.149533268,-0.349320494,-0.568654172,-0.169433958,-0.425426436,-0.627741696,-0.184201239,173.1305495,169.9992345,176.2827126,177.3152984,175.4601374,175.8792724,177.436198,178.6886954,177.9910741,178.8565189,HOUSE
0,0,0,0.155423091,-0.077934039,0.059328698,0.208243647,-0.225276924,0.075635597,0.231921145,-0.319338296,0.069265716,0.265446397,-0.375599287,0.059339568,0.15030945,-0.478287003,0.060718836,0.248397408,-0.624113874,0.041958889,0.321448538,-0.715994074,0.021602267,0.385425539,-0.8044666,0.0010884,0.128487033,-0.492577639,-0.003028435,0.24315431,-0.681115664,-0.033056028,0.323472518,-0.809041166,-0.061061752,0.383039017,-0.920036003,-0.082552193,0.114642975,-0.458375967,-0.067122161,0.251097044,-0.61404792,-0.10016591,0.346239811,-0.690349913,-0.122298506,0.41645186,-0.757137368,-0.137043108,0.119654959,-0.382047193,-0.127795277,0.22972286,-0.503368042,-0.158445649,0.304678756,-0.581449223,-0.173211061,0.367144388,-0.650695786,-0.184232832,168.7923241,162.7331061,174.1159956,177.259249,177.1032904,176.0459507,170.0247454,174.9295357,176.7199286,177.8923377,0,0,0,-0.150997802,-0.100508929,0.026600752,-0.200353536,-0.250646279,0.030201232,-0.231494644,-0.365236897,0.020243295,-0.272978632,-0.454803459,0.007365335,-0.119336508,-0.501378466,0.017124496,-0.23195361,-0.67279034,-0.005859803,-0.304640549,-0.781316398,-0.02932881,-0.361586864,-0.879052953,-0.050963199,-0.09544397,-0.507371457,-0.025687529,-0.245290429,-0.702189472,-0.042573753,-0.32938344,-0.817204829,-0.062301539,-0.39215841,-0.916189421,-0.082515008,-0.088702993,-0.464850836,-0.06968875,-0.255949137,-0.636937943,-0.097741454,-0.35408481,-0.742243072,-0.118627483,-0.429941619,-0.827231945,-0.136890955,-0.111219631,-0.391080632,-0.113116198,-0.259291572,-0.498717311,-0.145197556,-0.352433605,-0.564304992,-0.162187089,-0.429771549,-0.615415669,-0.175403182,173.1924949,170.0383628,176.1529588,176.3858298,175.7931944,175.7752553,177.977212,178.4440389,178.2558169,178.209475,HOUSE
0,0,0,0.151252464,-0.069371473,0.042750783,0.197715687,-0.212546963,0.051959276,0.208662279,-0.309336831,0.041629175,0.22721062,-0.380785287,0.028584595,0.146911845,-0.476750499,0.049006875,0.250870126,-0.617353409,0.027189856,0.325938883,-0.706296245,0.003979132,0.389831044,-0.792857993,-0.01672631,0.127800746,-0.494946543,-0.005270926,0.240377432,-0.684511284,-0.036917533,0.321409257,-0.812512623,-0.066386122,0.381045021,-0.920359598,-0.087993758,0.116809273,-0.463116611,-0.061258494,0.25320105,-0.619274234,-0.095944994,0.34972781,-0.700720042,-0.120284424,0.419168673,-0.768870191,-0.134749239,0.125759094,-0.387077224,-0.115027987,0.244709648,-0.511293891,-0.143747601,0.327333619,-0.589188914,-0.157465154,0.396133103,-0.654296797,-0.166708895,165.0331182,171.0346604,174.4509154,176.2830153,176.7134041,176.4678074,171.3040614,175.0727623,176.085871,178.5825329,0,0,0,-0.148419801,-0.105342679,0.023571675,-0.201968081,-0.26243283,0.025903636,-0.237357225,-0.380972643,0.015223283,-0.276922747,-0.473906785,0.001256466,-0.119905276,-0.502669193,0.013066166,-0.232979023,-0.669718763,-0.012986163,-0.304152041,-0.778010413,-0.038263251,-0.361828658,-0.873575501,-0.060655436,-0.098212005,-0.507086769,-0.027988354,-0.244701608,-0.698913543,-0.050222948,-0.326078338,-0.815173744,-0.073170228,-0.388594007,-0.916555116,-0.094453252,-0.092123506,-0.463543472,-0.070495893,-0.256535878,-0.636590473,-0.104064851,-0.350903213,-0.741316105,-0.129855466,-0.423822064,-0.827319353,-0.150268507,-0.111793469,-0.389286149,-0.111983479,-0.259961053,-0.493990052,-0.148792659,-0.353891806,-0.557471191,-0.169423573,-0.430988274,-0.607752597,-0.184422396,173.8386,172.942539,176.2194419,177.7678248,175.4073094,176.5528938,177.1783275,178.2345091,178.2959487,178.5022593,HOUSE
0,0,0,0.148473278,-0.06498223,0.055303703,0.192486437,-0.198260173,0.06769402,0.20423956,-0.291081821,0.057495654,0.228763338,-0.368695514,0.044661022,0.143407553,-0.472763294,0.062433156,0.257921947,-0.607060545,0.045687908,0.336132171,-0.690199965,0.026491041,0.40321732,-0.771663239,0.008294191,0.125252456,-0.492271825,0.00203255,0.246782413,-0.684281773,-0.022948505,0.326572775,-0.812721582,-0.046930725,0.385053345,-0.920507612,-0.066329907,0.119408712,-0.462030684,-0.059790944,0.263835383,-0.622432296,-0.085914785,0.356424367,-0.711968744,-0.105259836,0.422929282,-0.787497718,-0.119653093,0.136998984,-0.387769409,-0.119146982,0.254927371,-0.515860762,-0.140734216,0.331885432,-0.599890634,-0.151582,0.395919377,-0.671945626,-0.161005595,164.2190105,169.3974905,175.0088514,176.2340384,177.1926226,176.6438015,175.7266986,175.4086222,178.3031927,178.991806,0,0,0,-0.15222402,-0.106712359,0.026616179,-0.205234597,-0.262352579,0.030248504,-0.240680631,-0.3792597,0.020237802,-0.28394774,-0.46696085,0.006250222,-0.122343591,-0.516574828,0.014923468,-0.238644359,-0.682888144,-0.010411599,-0.312644487,-0.787853576,-0.03656432,-0.372357709,-0.883618131,-0.059888398,-0.098282326,-0.520872152,-0.026731128,-0.245169984,-0.705602232,-0.044160221,-0.327268189,-0.817864318,-0.064063614,-0.391159895,-0.916409443,-0.08478012,-0.091474489,-0.473236639,-0.069709453,-0.258464867,-0.643273612,-0.100132869,-0.354535638,-0.743103766,-0.123259584,-0.4303913,-0.825876057,-0.143182945,-0.112434764,-0.393932153,-0.111720428,-0.263069089,-0.488410129,-0.14636866,-0.356956465,-0.548078692,-0.165663431,-0.434842569,-0.595757063,-0.180547203,173.726115,170.0367117,175.581044,176.7884793,175.4386845,176.2872213,177.6907465,178.4326032,178.6895627,178.7701066,HOUSE
0,0,0,0.146270986,-0.083582582,0.059661966,0.183877949,-0.223210654,0.073165919,0.194871755,-0.317792222,0.062677738,0.218242556,-0.39943482,0.047340353,0.141940563,-0.47146886,0.067323312,0.243155747,-0.612968143,0.048755346,0.316888194,-0.695865996,0.027022452,0.383582066,-0.776949302,0.007384696,0.125212302,-0.493717334,0.002662273,0.231189015,-0.690788062,-0.022439199,0.306981892,-0.821832049,-0.050177336,0.364778522,-0.928247859,-0.072749862,0.120706016,-0.468654429,-0.063728379,0.241836151,-0.657130277,-0.091784772,0.324095704,-0.785047173,-0.119959322,0.387277061,-0.884113122,-0.141096085,0.140063235,-0.398337455,-0.126902024,0.262077615,-0.520506916,-0.146966619,0.34426253,-0.600577668,-0.160317038,0.414346288,-0.668296701,-0.173546856,165.6358112,169.93094,172.1790795,177.7171242,175.630752,178.4139704,176.6201278,179.41905,179.1039413,178.7707619,0,0,0,-0.147720247,-0.114914464,0.032087611,-0.201094381,-0.275397657,0.03828404,-0.238751676,-0.400018644,0.030977998,-0.283156855,-0.49241556,0.019057227,-0.113658126,-0.512876385,0.010260819,-0.237123307,-0.686047967,-0.01466968,-0.312617981,-0.793302641,-0.038888146,-0.373710227,-0.894741444,-0.060890288,-0.089109207,-0.514661859,-0.033195188,-0.245907932,-0.70458145,-0.050150093,-0.331369888,-0.816269399,-0.067419456,-0.397516708,-0.913473869,-0.086867476,-0.086181165,-0.466257129,-0.076730867,-0.259475384,-0.639275602,-0.106664572,-0.36047834,-0.737862731,-0.128024901,-0.439746649,-0.818855195,-0.147276744,-0.112448245,-0.387256947,-0.118621068,-0.26740942,-0.476902533,-0.154893464,-0.362746117,-0.533481827,-0.174573996,-0.442346494,-0.577339763,-0.189567753,174.4422117,170.5264373,176.1866008,175.9585728,176.26018,176.0144279,178.1992576,178.2793708,178.4140334,177.9932936,HOUSE
0,0,0,0.039877607,-0.178159459,0.048476967,0.107538384,-0.330157401,0.049873201,0.192538415,-0.418977803,0.038171338,0.267009327,-0.46799274,0.023851819,0.085573833,-0.435576185,-0.029002007,0.213011572,-0.639145973,-0.071781573,0.283729357,-0.758737008,-0.089732065,0.329400348,-0.857797811,-0.09732806,0.100312983,-0.415261861,-0.078846435,0.250373092,-0.641494915,-0.130040079,0.343630417,-0.789529165,-0.153113322,0.402063685,-0.900609814,-0.165065915,0.133504775,-0.356228963,-0.124013679,0.286411922,-0.580732077,-0.167125637,0.381406238,-0.728418454,-0.195374894,0.448497295,-0.832636197,-0.211367987,0.188765101,-0.267641614,-0.16293945,0.349992332,-0.385027548,-0.198493933,0.455656194,-0.458184305,-0.222472244,0.538597116,-0.515153938,-0.238134089,159.4081274,166.66759,176.8801284,173.2542765,176.5437528,175.0822327,178.4555845,178.1519685,178.5137077,178.1854142,0,0,0,-0.088193145,-0.169064917,0.063123636,-0.13965613,-0.335197458,0.076522038,-0.196570438,-0.459149681,0.074749246,-0.261440412,-0.529156092,0.061820969,-0.067457546,-0.500312392,0.018519469,-0.202173096,-0.671372332,0.004162811,-0.294701736,-0.779290512,-0.013414102,-0.361413071,-0.875256648,-0.029912001,-0.056964968,-0.491798166,-0.032629417,-0.226394719,-0.698693045,-0.041575446,-0.337563778,-0.819394971,-0.059105045,-0.42544766,-0.9015078,-0.079233673,-0.075494114,-0.440996743,-0.075698709,-0.273572483,-0.602923026,-0.086723369,-0.398812546,-0.689588855,-0.098905059,-0.490123391,-0.755228431,-0.115449165,-0.125196253,-0.366627761,-0.113496701,-0.295723867,-0.425908259,-0.124789834,-0.389611945,-0.451324931,-0.125176518,-0.465595736,-0.47210809,-0.129587632,170.9371708,160.6029306,175.9319836,174.1433358,174.6464085,174.5304593,174.9504225,176.0413155,174.7458257,176.9647312,HOUSE
0,0,0,0.018188262,-0.172839018,0.021090079,0.077320382,-0.333729481,0.006933747,0.160458119,-0.42556025,-0.015364769,0.228785841,-0.470385557,-0.039732718,0.056467338,-0.429973053,-0.062005444,0.196206114,-0.643254904,-0.114077831,0.276415118,-0.766776648,-0.136970371,0.330711873,-0.867953467,-0.146315383,0.073601411,-0.413461247,-0.102099598,0.229984285,-0.641470573,-0.157047023,0.328395134,-0.789987525,-0.186331116,0.390406024,-0.89822131,-0.201944581,0.115196598,-0.354250878,-0.138218161,0.260432976,-0.567722162,-0.183915052,0.358937273,-0.715317077,-0.217583361,0.427358444,-0.816936373,-0.236679991,0.17861556,-0.264210281,-0.170300261,0.337167963,-0.38657742,-0.203906681,0.441561392,-0.463176596,-0.226175501,0.525229356,-0.523621789,-0.240149752,157.5372308,164.4420925,177.2532252,173.6574037,177.858648,175.6877103,179.0530513,178.0478444,178.5411532,177.8464314,0,0,0,-0.065438757,-0.176869924,0.060722808,-0.119914024,-0.343601085,0.070813333,-0.18403691,-0.464923292,0.066660128,-0.251335287,-0.527503765,0.053406876,-0.063599496,-0.492542435,0.004174102,-0.193585515,-0.680799087,-0.014730343,-0.27479842,-0.784603483,-0.030805159,-0.333202841,-0.881909388,-0.044672199,-0.066674963,-0.483556799,-0.045340362,-0.232534356,-0.69756096,-0.05232307,-0.32995919,-0.817962588,-0.061793437,-0.403043685,-0.911971163,-0.076579274,-0.095518552,-0.433748286,-0.088259263,-0.286339928,-0.606509935,-0.100976556,-0.405989791,-0.697236671,-0.116119679,-0.493960354,-0.767989117,-0.134204166,-0.150486608,-0.356281429,-0.125552682,-0.309884117,-0.428935099,-0.138998717,-0.398752371,-0.452111562,-0.143846331,-0.469402769,-0.469753676,-0.151280655,169.0134343,159.7900923,175.9166967,172.970476,177.6188011,176.2248734,174.2179112,176.2558316,170.0284529,177.0710601,HOUSE
0,0,0,0.019018718,-0.174531038,0.025016854,0.066964765,-0.328099788,0.006711571,0.139828101,-0.413147132,-0.020154343,0.208021978,-0.442825262,-0.049135176,0.054517254,-0.417343105,-0.058163445,0.193415427,-0.63267698,-0.106837815,0.271488512,-0.759669847,-0.129692707,0.325302209,-0.862153169,-0.140249077,0.075995317,-0.405922717,-0.099850581,0.230767608,-0.636997305,-0.158253771,0.333294868,-0.782243817,-0.191803615,0.401848783,-0.891810551,-0.207825639,0.114901694,-0.348449702,-0.134846359,0.260612839,-0.559471644,-0.18053528,0.368339211,-0.683629137,-0.205970905,0.448076109,-0.770981346,-0.217277827,0.171453172,-0.248998589,-0.164946472,0.317053776,-0.376886563,-0.190808787,0.408537865,-0.442960186,-0.195685108,0.4842079,-0.495606748,-0.194958227,156.0731747,154.1248242,177.5905439,174.772369,178.155383,175.1844876,173.617842,176.3414875,172.516107,176.8585242,0,0,0,-0.026168096,-0.184849853,0.054977524,-0.085470117,-0.357118601,0.062078926,-0.166588491,-0.469205732,0.05685949,-0.250255082,-0.517127605,0.044063973,-0.062141073,-0.482393966,-0.004842874,-0.178731318,-0.677081382,-0.030171778,-0.260273023,-0.789744164,-0.046294105,-0.320472373,-0.883670192,-0.057263055,-0.080682756,-0.46663104,-0.053882133,-0.238351661,-0.692757348,-0.074456951,-0.337163156,-0.815223239,-0.085032183,-0.407419081,-0.908435229,-0.093568838,-0.120536898,-0.41000834,-0.09621456,-0.30110835,-0.5971107,-0.120119991,-0.415080329,-0.685506702,-0.13157949,-0.492989901,-0.755494973,-0.139394594,-0.180365486,-0.319251402,-0.132042508,-0.330835362,-0.43540831,-0.149229322,-0.414003128,-0.462708328,-0.145437555,-0.476877493,-0.477822577,-0.141261138,162.5395389,155.1948952,175.0296246,176.5955322,175.958742,178.0290458,171.7696736,175.8382189,159.0729517,175.1562019,HOUSE
0,0,0,-0.06218505,-0.134201681,-0.02764261,-0.071116907,-0.298114176,-0.070697336,-0.05364125,-0.411301116,-0.112770947,-0.069971168,-0.486732995,-0.159558208,0.004114623,-0.442036317,-0.120900433,0.125860034,-0.666821255,-0.180066831,0.204585809,-0.795697947,-0.210702893,0.260508455,-0.900909179,-0.227749133,0.055785795,-0.402142203,-0.14351526,0.203600544,-0.630512492,-0.201849109,0.300593664,-0.777341149,-0.238270836,0.369718675,-0.891741538,-0.260969596,0.12039496,-0.319379522,-0.163911493,0.273156722,-0.53483499,-0.219388866,0.379380979,-0.678914445,-0.264454812,0.456027211,-0.785283905,-0.291975301,0.19258004,-0.21236305,-0.182438207,0.351518213,-0.324226247,-0.227338036,0.456818748,-0.396707072,-0.254555877,0.542049255,-0.461350769,-0.2713694,167.3964591,158.1450196,176.6698778,175.2348192,179.2297051,176.9055479,177.4762234,177.5988536,178.7640036,175.9332892,0,0,0,0.027491775,-0.169446118,0.02442624,0.013247125,-0.340700141,0.020226577,0.01106411,-0.479546148,0.01000917,0.030650675,-0.56578945,-0.009151875,-0.0310756,-0.464986342,-0.063502671,-0.148982618,-0.679788438,-0.101351665,-0.222562285,-0.807768235,-0.119498723,-0.27832736,-0.904772129,-0.132314815,-0.089520206,-0.426526276,-0.101037701,-0.251346529,-0.657027322,-0.139824917,-0.344296759,-0.795446431,-0.15999469,-0.41068387,-0.894840222,-0.174927802,-0.156385323,-0.349862569,-0.131885867,-0.320768001,-0.55490085,-0.177244695,-0.431098643,-0.674301163,-0.201831937,-0.517136016,-0.763199157,-0.217972417,-0.226862167,-0.243086897,-0.156003941,-0.376277468,-0.369284172,-0.206510535,-0.47214528,-0.426230789,-0.224673764,-0.550712167,-0.475300913,-0.232403516,175.2150347,164.2537754,177.8638413,179.3229285,178.4429786,179.467348,175.8392837,178.1855532,169.3500128,175.3114044,HOUSE
0,0,0,-0.068277223,-0.140324939,-0.020853623,-0.107756061,-0.315044876,-0.05781007,-0.127573409,-0.462491729,-0.095505262,-0.158062286,-0.571887125,-0.136689664,0.02506471,-0.467865283,-0.093812104,0.140294626,-0.696845418,-0.139117799,0.205977272,-0.818691255,-0.158863221,0.254167938,-0.919768487,-0.170121772,0.095555517,-0.441177212,-0.114788926,0.236626231,-0.677286142,-0.154414851,0.320628783,-0.807285089,-0.173977398,0.378300894,-0.906426972,-0.187825927,0.164349189,-0.367756986,-0.136096162,0.306428279,-0.589165141,-0.172937653,0.399055466,-0.717005374,-0.206207244,0.463294315,-0.815386905,-0.22973829,0.232368341,-0.262912327,-0.156740253,0.378863494,-0.392128034,-0.19103571,0.470422701,-0.465733886,-0.214939491,0.542137346,-0.537522237,-0.2313194,174.4125505,170.5073488,177.4831543,176.2824212,177.7382052,177.2768569,174.9263213,177.1754016,176.9674742,173.419726,0,0,0,0.081196394,-0.155722947,-0.004519536,0.103296154,-0.327123541,-0.021569543,0.100756273,-0.493709968,-0.039293628,0.12096825,-0.607588019,-0.06296295,0.002532492,-0.469714903,-0.065676292,-0.104282766,-0.696059266,-0.102553242,-0.171959056,-0.829716912,-0.122068031,-0.223829268,-0.927198181,-0.135757206,-0.080438568,-0.427168604,-0.0861374,-0.225139511,-0.673120201,-0.124230645,-0.307763833,-0.814945071,-0.146354141,-0.363053333,-0.917519671,-0.162326619,-0.160120921,-0.356988437,-0.103387022,-0.298126767,-0.580166748,-0.143999283,-0.388749175,-0.701772319,-0.164987761,-0.454339124,-0.790048769,-0.178069656,-0.232594853,-0.266129451,-0.117426923,-0.354340813,-0.423253861,-0.159804017,-0.432329912,-0.496624262,-0.175186899,-0.494828101,-0.563287273,-0.180657178,171.8002445,167.8710764,178.1122237,178.7011577,179.5469929,178.0579533,174.9893278,178.8011066,170.3465131,174.0303771,HOUSE
0,0,0,-0.068277223,-0.140324939,-0.020853623,-0.107756061,-0.315044876,-0.05781007,-0.127573409,-0.462491729,-0.095505262,-0.158062286,-0.571887125,-0.136689664,0.02506471,-0.467865283,-0.093812104,0.140294626,-0.696845418,-0.139117799,0.205977272,-0.818691255,-0.158863221,0.254167938,-0.919768487,-0.170121772,0.095555517,-0.441177212,-0.114788926,0.236626231,-0.677286142,-0.154414851,0.320628783,-0.807285089,-0.173977398,0.378300894,-0.906426972,-0.187825927,0.164349189,-0.367756986,-0.136096162,0.306428279,-0.589165141,-0.172937653,0.399055466,-0.717005374,-0.206207244,0.463294315,-0.815386905,-0.22973829,0.232368341,-0.262912327,-0.156740253,0.378863494,-0.392128034,-0.19103571,0.470422701,-0.465733886,-0.214939491,0.542137346,-0.537522237,-0.2313194,174.4125505,170.5073488,177.4831543,176.2824212,177.7382052,177.2768569,174.9263213,177.1754016,176.9674742,173.419726,0,0,0,0.081196394,-0.155722947,-0.004519536,0.103296154,-0.327123541,-0.021569543,0.100756273,-0.493709968,-0.039293628,0.12096825,-0.607588019,-0.06296295,0.002532492,-0.469714903,-0.065676292,-0.104282766,-0.696059266,-0.102553242,-0.171959056,-0.829716912,-0.122068031,-0.223829268,-0.927198181,-0.135757206,-0.080438568,-0.427168604,-0.0861374,-0.225139511,-0.673120201,-0.124230645,-0.307763833,-0.814945071,-0.146354141,-0.363053333,-0.917519671,-0.162326619,-0.160120921,-0.356988437,-0.103387022,-0.298126767,-0.580166748,-0.143999283,-0.388749175,-0.701772319,-0.164987761,-0.454339124,-0.790048769,-0.178069656,-0.232594853,-0.266129451,-0.117426923,-0.354340813,-0.423253861,-0.159804017,-0.432329912,-0.496624262,-0.175186899,-0.494828101,-0.563287273,-0.180657178,171.8002445,167.8710764,178.1122237,178.7011577,179.5469929,178.0579533,174.9893278,178.8011066,170.3465131,174.0303771,HOUSE
0,0,0,-0.08180478,-0.153810801,-0.023192787,-0.124348325,-0.334858164,-0.057926114,-0.149409169,-0.489144347,-0.093571347,-0.184830085,-0.603678246,-0.13247793,0.031679392,-0.485705078,-0.080046821,0.127852991,-0.714536018,-0.119458893,0.186655282,-0.835353478,-0.138980065,0.231519971,-0.928802048,-0.151017656,0.109911409,-0.454545133,-0.097638391,0.23259813,-0.687089732,-0.130989728,0.308600032,-0.818534919,-0.150618554,0.365973977,-0.915768411,-0.165623866,0.181252688,-0.379153008,-0.116334803,0.309114879,-0.594030614,-0.148032486,0.392520565,-0.717920889,-0.180092114,0.452568275,-0.811554985,-0.203326478,0.245390309,-0.275999208,-0.135167085,0.376628971,-0.401535088,-0.163608276,0.45846445,-0.476214507,-0.184171875,0.523390641,-0.547673782,-0.198586942,175.4577655,170.7603035,176.7636338,178.2567939,177.7585428,179.2794728,174.1705279,178.6262676,177.8608522,174.3149506,0,0,0,0.071493498,-0.17288052,-0.003978843,0.092599974,-0.342344526,-0.022218321,0.099060332,-0.503385582,-0.04240143,0.124963852,-0.616362278,-0.067528471,-0.007006698,-0.489408815,-0.050914645,-0.10563201,-0.711780857,-0.084722877,-0.162894536,-0.839364444,-0.105543493,-0.209042415,-0.938491152,-0.120663796,-0.088279776,-0.452330636,-0.071628556,-0.223905589,-0.692259757,-0.102838832,-0.302692725,-0.823991689,-0.122325518,-0.35941008,-0.922919138,-0.13800239,-0.167597536,-0.385193836,-0.09045275,-0.300242505,-0.601922954,-0.123648934,-0.380580464,-0.720835554,-0.139689068,-0.441246775,-0.809454813,-0.151511451,-0.240281008,-0.29518385,-0.107409817,-0.354355063,-0.447450459,-0.141332978,-0.424225905,-0.521957729,-0.151780838,-0.481494146,-0.588769271,-0.155516814,175.0999401,168.3560086,179.2708808,178.9045211,178.3601922,178.7097153,177.2025459,179.3978617,172.410045,175.7063806,HOUSE
0,0,0,-0.096857669,-0.161226017,-0.024965254,-0.154184557,-0.338858664,-0.065500124,-0.189778582,-0.498256333,-0.106284957,-0.228779576,-0.617171595,-0.151209713,0.014108482,-0.503482129,-0.092005348,0.100621321,-0.731177491,-0.133352707,0.157014666,-0.855144555,-0.153752315,0.201342255,-0.947821014,-0.165696784,0.099068689,-0.472605919,-0.107009573,0.215038713,-0.706020069,-0.137540966,0.284135154,-0.835647813,-0.153842886,0.335391907,-0.927010461,-0.167820956,0.17666511,-0.39821286,-0.122469262,0.296898597,-0.612291744,-0.150526472,0.370750372,-0.737205725,-0.179839228,0.419534984,-0.830647267,-0.202386206,0.246371219,-0.298048956,-0.138102582,0.375711324,-0.432896896,-0.162976186,0.453416779,-0.510833859,-0.181095854,0.511571272,-0.585050618,-0.194156341,174.5309942,172.1669054,176.1991228,177.7646254,178.289057,178.1716479,174.9249381,176.9300211,177.8712779,173.0671611,0,0,0,0.07677146,-0.172276504,-0.004352892,0.103450133,-0.339466666,-0.020583231,0.112349298,-0.502305476,-0.038832113,0.137342966,-0.614681845,-0.061902301,0.001362339,-0.494023283,-0.045200132,-0.094051951,-0.714985565,-0.07784369,-0.148809667,-0.84239124,-0.099331643,-0.192118214,-0.941407841,-0.114829164,-0.085183725,-0.462979593,-0.064626062,-0.21123067,-0.700074601,-0.094902557,-0.286287732,-0.832134119,-0.114925727,-0.339762905,-0.931418276,-0.130465184,-0.167013811,-0.400176108,-0.0824827,-0.288371333,-0.615197686,-0.114940125,-0.362466714,-0.734436028,-0.131713421,-0.418684355,-0.823299152,-0.143574881,-0.240689197,-0.311651119,-0.098700314,-0.344729617,-0.46341222,-0.130959875,-0.410710905,-0.537130985,-0.140451059,-0.46456134,-0.601858413,-0.1431749,174.0099929,169.4604801,178.8404499,179.1157229,178.0314871,178.584789,177.4772901,179.2335229,171.4064109,175.7886706,HOUSE
0,0,0,-0.100162677,-0.160616894,-0.024896605,-0.160067929,-0.338358435,-0.065408181,-0.197955061,-0.501286531,-0.105951478,-0.240950844,-0.620811451,-0.151035516,0.007514377,-0.501421669,-0.094655011,0.090875537,-0.732979203,-0.137026251,0.145430434,-0.860504384,-0.157626544,0.187159101,-0.957329819,-0.169632808,0.094803116,-0.472771957,-0.108583229,0.211417885,-0.707531231,-0.138191816,0.278548136,-0.838205694,-0.152969695,0.327186061,-0.930219082,-0.166258053,0.174359594,-0.39983526,-0.122815962,0.293367123,-0.618973759,-0.150077887,0.366192107,-0.745038486,-0.17868466,0.414590703,-0.838828728,-0.201243249,0.246058736,-0.3021664,-0.137198341,0.373164646,-0.438958297,-0.162762893,0.449775604,-0.518112661,-0.181666669,0.508469167,-0.594011373,-0.19538512,174.4030439,171.2644854,176.4046687,177.9822992,178.8873925,178.2602017,174.8843884,177.1318259,177.6963684,173.5056693,0,0,0,0.084471801,-0.167233782,-0.002358002,0.114169062,-0.3334499,-0.016414658,0.121880073,-0.499846302,-0.032039217,0.145536555,-0.615664055,-0.052906691,0.011088087,-0.494240805,-0.047794817,-0.083587652,-0.717037539,-0.080386609,-0.138761444,-0.84308711,-0.101839382,-0.18190698,-0.942255008,-0.117516983,-0.074289081,-0.464899973,-0.066617464,-0.200626382,-0.703144537,-0.096604691,-0.276497719,-0.834448933,-0.116049563,-0.329576929,-0.934865754,-0.131928278,-0.156436272,-0.404939305,-0.08343141,-0.277401016,-0.628088974,-0.116008802,-0.353902151,-0.744183783,-0.132589036,-0.411029246,-0.82955694,-0.144646934,-0.231731114,-0.318929494,-0.098229318,-0.338201845,-0.47347896,-0.131898893,-0.405876369,-0.546915653,-0.143032544,-0.459971172,-0.610253462,-0.146887322,172.517142,170.0281847,178.6003912,179.2096745,177.6863975,177.7140697,175.0726388,179.3575877,171.1159784,175.6717252,HOUSE
0,0,0,-0.103270656,-0.163076989,-0.019586829,-0.164860702,-0.341987787,-0.056824499,-0.206594471,-0.505400044,-0.094446898,-0.250782984,-0.6252337,-0.136523379,0.003674961,-0.506856384,-0.085670605,0.087289377,-0.737742894,-0.122937295,0.140154643,-0.866154978,-0.140408434,0.179204882,-0.963764983,-0.150205106,0.092511962,-0.478004402,-0.099727395,0.208049363,-0.713175916,-0.125035668,0.272744163,-0.843884156,-0.137651358,0.318900833,-0.935983611,-0.149120549,0.173375314,-0.404767358,-0.113570547,0.290384647,-0.628300526,-0.1374786,0.360510259,-0.754243096,-0.164540125,0.405574806,-0.848078106,-0.185562916,0.245406088,-0.306832085,-0.126873173,0.373679683,-0.451328311,-0.148687663,0.448603662,-0.530765916,-0.164642215,0.504272658,-0.606200233,-0.175951313,175.1917507,171.9566357,177.1245699,178.0062313,179.2852611,178.482171,174.5647315,176.4840349,177.4220888,172.9931796,0,0,0,0.086413488,-0.167020515,-0.003904057,0.11836608,-0.334521343,-0.019403552,0.127879635,-0.50043456,-0.036071797,0.153172035,-0.615677565,-0.057926628,0.01412685,-0.493538184,-0.051493435,-0.078145309,-0.718637436,-0.084266023,-0.13174258,-0.845536394,-0.105231823,-0.174566857,-0.944587098,-0.120364756,-0.072183779,-0.464985085,-0.069834998,-0.195459492,-0.705057952,-0.099391046,-0.270340653,-0.836947269,-0.117920436,-0.323976463,-0.936660698,-0.13306385,-0.154798771,-0.404784261,-0.086082243,-0.27220696,-0.629531839,-0.11775884,-0.345481826,-0.749427655,-0.13393694,-0.401284838,-0.836636217,-0.14589409,-0.230203732,-0.31847923,-0.100405941,-0.335422727,-0.474373581,-0.133538711,-0.400946705,-0.550567302,-0.144234853,-0.453849611,-0.615510061,-0.147770748,172.4856872,169.8033011,178.78067,179.0439421,177.476081,178.4721816,176.1185504,178.7270234,172.3029049,175.997955,HOUSE
0,0,0,-0.102640021,-0.163582229,-0.019635513,-0.166448729,-0.340405205,-0.058963557,-0.210215776,-0.504779776,-0.098442781,-0.254752923,-0.623888777,-0.142446013,0.00165542,-0.504144037,-0.094684228,0.084260563,-0.736994033,-0.134329929,0.137171372,-0.866179435,-0.151076152,0.176366016,-0.963719162,-0.159852784,0.089454617,-0.476284293,-0.108736314,0.204170972,-0.716324394,-0.13755817,0.269119797,-0.846073006,-0.148744424,0.314672418,-0.935855113,-0.158607934,0.170440409,-0.404480157,-0.121986184,0.286533841,-0.627278602,-0.14729901,0.358482839,-0.752251247,-0.172215828,0.404406063,-0.84549623,-0.191384399,0.242142339,-0.306563044,-0.134697964,0.369794845,-0.451615441,-0.155708072,0.443834861,-0.530540675,-0.169839095,0.496865683,-0.605418298,-0.179779618,175.0079935,171.9206605,176.4360559,177.8419022,177.9047247,178.6788798,175.2838995,176.260244,177.764119,172.073896,0,0,0,0.08607348,-0.166168081,0.00044431,0.116623863,-0.330709405,-0.010247775,0.126865979,-0.497877083,-0.02316714,0.153051857,-0.611833762,-0.041494083,0.016603108,-0.495398247,-0.037310377,-0.075465118,-0.717117933,-0.064653182,-0.128001871,-0.844474197,-0.083358137,-0.17056071,-0.944997299,-0.097805437,-0.068719948,-0.468717054,-0.056916297,-0.193212101,-0.705900151,-0.082781685,-0.269468538,-0.838763133,-0.101034907,-0.323942304,-0.938911991,-0.116213837,-0.151661696,-0.408800812,-0.074821527,-0.268031419,-0.630207274,-0.105017727,-0.341762964,-0.749821093,-0.12249574,-0.398008231,-0.836754263,-0.135275793,-0.228461502,-0.322026576,-0.090542553,-0.334248794,-0.477661441,-0.122433407,-0.401871294,-0.551369442,-0.133721328,-0.455615536,-0.614427929,-0.137866574,172.9525203,169.5980255,178.6953438,179.2625703,177.4717311,178.4097947,176.0795352,178.6642407,171.1490685,175.8237695,HOUSE
0,0,0,-0.103246694,-0.165893932,-0.010725567,-0.166427063,-0.344529987,-0.043337698,-0.206211057,-0.508041382,-0.0779044,-0.251292467,-0.626768987,-0.117451579,0.001161346,-0.508428278,-0.075985413,0.084753358,-0.741037899,-0.109877216,0.137092456,-0.87002574,-0.124837915,0.176142095,-0.968707239,-0.133369037,0.090416312,-0.482558318,-0.094021187,0.20774706,-0.7185229,-0.117209998,0.272747897,-0.847564944,-0.128419833,0.319038851,-0.937482477,-0.139071264,0.171363635,-0.409222671,-0.111319752,0.290813324,-0.63143563,-0.134211796,0.363093799,-0.75506552,-0.160371355,0.409825917,-0.848005518,-0.180952019,0.243155436,-0.307786766,-0.127314945,0.374189118,-0.45343865,-0.148712851,0.447965732,-0.533508697,-0.163836395,0.502814933,-0.610563498,-0.174734066,173.9947971,171.0556242,177.1261435,178.3118626,179.2299605,178.2742288,174.4332469,176.3154966,178.1376597,172.701421,0,0,0,0.088543296,-0.164434943,-0.005432068,0.11968078,-0.329807089,-0.02107966,0.128869531,-0.493823327,-0.038969526,0.160495484,-0.604669218,-0.062603118,0.015385987,-0.493053736,-0.045876366,-0.075817743,-0.717019538,-0.077756944,-0.129013975,-0.844381922,-0.099563134,-0.172673161,-0.943495958,-0.11597597,-0.069990806,-0.467048086,-0.064814898,-0.191409183,-0.703894887,-0.09364685,-0.266246364,-0.837439493,-0.113686491,-0.320714505,-0.938125909,-0.130621536,-0.152883449,-0.407575083,-0.082529779,-0.268716535,-0.629188236,-0.114662013,-0.341154473,-0.747958024,-0.1321052,-0.39621372,-0.834148542,-0.145148286,-0.229849753,-0.321509334,-0.09871794,-0.33481344,-0.478619124,-0.132290738,-0.400290117,-0.556748616,-0.143858921,-0.452415964,-0.622765857,-0.148372144,172.5150925,166.3330985,178.3966242,178.7539658,177.5059647,178.6410038,176.2212009,178.7145776,172.856375,176.171095,HOUSE
0,0,0,-0.102161178,-0.162618302,-0.010988896,-0.166823885,-0.33849441,-0.045312852,-0.207946622,-0.500460301,-0.081312649,-0.252231486,-0.619526458,-0.121969578,-0.002343998,-0.506048612,-0.080734854,0.082230991,-0.739520117,-0.116828792,0.136211042,-0.869063089,-0.132364744,0.176619886,-0.967279424,-0.140694474,0.087327509,-0.479043512,-0.098597425,0.206197304,-0.71577075,-0.124454849,0.272956731,-0.844906913,-0.135503849,0.32095713,-0.935891502,-0.145236417,0.169869072,-0.406228338,-0.115436536,0.289814611,-0.628547445,-0.140278662,0.363064967,-0.751967856,-0.165387996,0.410361479,-0.844840164,-0.184250371,0.243453697,-0.305764869,-0.130824632,0.374616538,-0.452964663,-0.152235069,0.448955342,-0.532483782,-0.165891917,0.503916346,-0.609285303,-0.17517042,173.8962806,171.8288316,176.6546137,178.0862369,178.5455395,178.7407772,175.0920976,176.3086519,178.2789108,172.3870911,0,0,0,0.088178323,-0.162714711,-0.003925888,0.119193284,-0.325073439,-0.018741,0.129301397,-0.489748381,-0.035783933,0.157069442,-0.602525704,-0.05870823,0.017675325,-0.492735942,-0.045017782,-0.076981308,-0.71990745,-0.075620423,-0.133705643,-0.846768389,-0.096502782,-0.179170485,-0.943242446,-0.112096072,-0.068775346,-0.466345389,-0.06362731,-0.192958204,-0.706366668,-0.090117737,-0.268399164,-0.839234033,-0.108797738,-0.322557115,-0.938203588,-0.125423023,-0.153286353,-0.407266551,-0.080797527,-0.268138903,-0.631002092,-0.110569735,-0.339376116,-0.749700144,-0.12748179,-0.393911005,-0.834871568,-0.141079544,-0.231785631,-0.322566687,-0.096329787,-0.335351653,-0.47707867,-0.128440101,-0.401144483,-0.55427076,-0.139990997,-0.453588234,-0.619029599,-0.145015076,172.6786136,168.5100834,177.9006953,178.7507282,177.3645645,178.2658837,176.2032271,178.1465285,172.6603838,176.5865808,HOUSE
0,0,0,-0.101435853,-0.161156336,-0.011493477,-0.164787095,-0.338450671,-0.046084986,-0.20564359,-0.501578249,-0.08232162,-0.24799053,-0.620313797,-0.122784023,-0.005183496,-0.505211986,-0.080767033,0.081366338,-0.739863375,-0.117289431,0.135098625,-0.868890757,-0.132680905,0.174914702,-0.966600466,-0.140720901,0.083725216,-0.479849545,-0.098176116,0.205537237,-0.717990248,-0.12413606,0.272621596,-0.845784344,-0.13452644,0.320649785,-0.936254861,-0.143563752,0.167240476,-0.409148144,-0.114749558,0.289072138,-0.630720004,-0.138118989,0.362499954,-0.752341972,-0.162015684,0.410496392,-0.843900174,-0.180281343,0.242668406,-0.310606075,-0.130096547,0.372903215,-0.457146545,-0.149561195,0.447093931,-0.536074199,-0.162460457,0.502502788,-0.612270004,-0.171404043,174.2210461,172.1996126,176.8779449,177.965064,178.4027969,178.9206943,175.1373744,176.5267568,178.0024387,172.6884998,0,0,0,0.088024445,-0.1640405,4.72E-05,0.118323895,-0.327154168,-0.012458495,0.128208734,-0.492792854,-0.027622947,0.155671487,-0.606269868,-0.049155383,0.018420641,-0.492523744,-0.042703437,-0.075708317,-0.720204937,-0.071411516,-0.131993711,-0.847261977,-0.090598185,-0.176880636,-0.944340354,-0.105370068,-0.066471512,-0.464920107,-0.062750089,-0.192274666,-0.704302273,-0.088796003,-0.26766155,-0.837971492,-0.107354703,-0.321442661,-0.93877096,-0.124031049,-0.149837633,-0.404602331,-0.080892165,-0.26418302,-0.629855012,-0.111458674,-0.335542173,-0.751448532,-0.12961644,-0.390588215,-0.840190839,-0.143895143,-0.227485271,-0.318817323,-0.09672173,-0.332252394,-0.476080342,-0.130191786,-0.399754869,-0.55370311,-0.142738815,-0.454261012,-0.619075187,-0.148337536,172.8465199,168.6268618,178.0892647,178.9670377,177.7774368,178.0087218,176.4835217,178.4601178,172.0981573,176.5520968,HOUSE
0,0,0,-0.101274516,-0.157324451,-0.020992238,-0.165483095,-0.333206502,-0.060723188,-0.208265589,-0.494633489,-0.100783614,-0.250059232,-0.614428377,-0.144711787,-0.008246819,-0.500650547,-0.091168453,0.078324563,-0.73626131,-0.132079829,0.133267696,-0.8668649,-0.150172014,0.173741125,-0.965097186,-0.159698208,0.081281684,-0.473895986,-0.106388263,0.202197387,-0.712671347,-0.136148245,0.269582535,-0.842630543,-0.148944442,0.317322637,-0.934795782,-0.159571898,0.165730076,-0.404782163,-0.121704243,0.287133478,-0.626685402,-0.148584983,0.361080758,-0.75074249,-0.174817502,0.409469674,-0.843037518,-0.194645278,0.242994299,-0.310016987,-0.136589333,0.372343987,-0.456509851,-0.159261225,0.44783515,-0.5361143,-0.174267152,0.503824181,-0.61246347,-0.184691499,174.682364,172.9736307,176.6970804,177.7527337,178.4926745,179.0192394,175.2653814,176.8475399,177.6207207,172.6520258,0,0,0,0.089893812,-0.162713394,0.002735767,0.12047281,-0.323895103,-0.007547995,0.129814027,-0.49153473,-0.020469584,0.158271119,-0.603897027,-0.040027213,0.022029432,-0.492352124,-0.039280129,-0.072029093,-0.719270886,-0.066543842,-0.128392283,-0.848280101,-0.08510396,-0.173260733,-0.947500548,-0.099744388,-0.062901693,-0.463810319,-0.059882449,-0.188543264,-0.7040641,-0.084927088,-0.265841769,-0.838925076,-0.103782039,-0.320376355,-0.939543784,-0.120898593,-0.146552628,-0.402489798,-0.078316356,-0.259836194,-0.628271473,-0.10879589,-0.333196963,-0.748664409,-0.12796596,-0.389087485,-0.835565433,-0.142874845,-0.224774144,-0.315916789,-0.094021504,-0.330683812,-0.473907314,-0.12807078,-0.399878964,-0.551723843,-0.141783696,-0.454073792,-0.618883802,-0.14814974,172.4103843,167.8917878,178.3553753,179.1175635,177.2309675,177.8634174,175.2318999,178.4660003,171.8313716,175.697027,HOUSE
0,0,0,-0.100104336,-0.154499144,-0.019642313,-0.163839517,-0.329278981,-0.057809815,-0.205655599,-0.488684812,-0.096061909,-0.247395582,-0.606476999,-0.138039704,-0.008103299,-0.500275532,-0.089721395,0.078470632,-0.73348788,-0.128733328,0.132700083,-0.862067139,-0.145517542,0.172804351,-0.95954339,-0.154506216,0.079707181,-0.473093174,-0.10541928,0.200127684,-0.711047344,-0.134158523,0.268107042,-0.841300319,-0.147252623,0.317472138,-0.934991447,-0.158121585,0.162182734,-0.403601224,-0.120977126,0.28366698,-0.623694179,-0.148803363,0.358325121,-0.748628109,-0.177518412,0.407660027,-0.843460884,-0.199043136,0.237806632,-0.30854071,-0.135650778,0.368165666,-0.449814403,-0.161040497,0.444723359,-0.527712603,-0.179024162,0.501997552,-0.604545683,-0.191496074,174.5681767,172.798297,176.7563045,177.8957695,178.6654145,179.0660996,174.7660969,176.6462774,177.4072531,172.0269042,0,0,0,0.086553974,-0.162985698,0.000264419,0.117025271,-0.327318433,-0.011522706,0.128211289,-0.492961371,-0.025594709,0.154438279,-0.60596398,-0.046289771,0.016006473,-0.491543292,-0.044957459,-0.078057162,-0.717293043,-0.074833682,-0.134066812,-0.846130639,-0.09530384,-0.179419318,-0.945210429,-0.111086546,-0.066430673,-0.462017958,-0.065363045,-0.190464918,-0.700242277,-0.093114008,-0.266014034,-0.835278754,-0.113285114,-0.321347347,-0.937839265,-0.131123591,-0.147847612,-0.400447777,-0.083622732,-0.261975613,-0.622653708,-0.115294186,-0.334712402,-0.743634827,-0.134871263,-0.391266043,-0.832717987,-0.150041779,-0.224714554,-0.313916223,-0.099461931,-0.330755594,-0.471019621,-0.133644889,-0.398680127,-0.54950457,-0.147256965,-0.453519544,-0.616524716,-0.153735817,173.3166041,169.4560802,178.3669137,178.811156,177.6759535,178.3895911,176.1249985,178.5108493,172.674557,176.3989778,HOUSE
0,0,0,-0.102037449,-0.154984625,-0.020171699,-0.16772587,-0.329106246,-0.058542145,-0.210185791,-0.48787214,-0.096947918,-0.252356048,-0.606304237,-0.139613091,-0.011433131,-0.498061963,-0.092525766,0.074451381,-0.72966711,-0.132358196,0.128711048,-0.857280587,-0.149497797,0.169273061,-0.955233115,-0.158821293,0.076389673,-0.472340133,-0.108370723,0.196774412,-0.709267651,-0.138418921,0.264408859,-0.840415091,-0.152514522,0.313983672,-0.935134807,-0.164125398,0.15844934,-0.402746594,-0.123948685,0.28101678,-0.622484426,-0.153020142,0.356676911,-0.747111408,-0.182668517,0.408015185,-0.84177412,-0.204702584,0.233503615,-0.306362287,-0.138543101,0.365127366,-0.450107505,-0.16473002,0.44176112,-0.528350753,-0.183004852,0.499153807,-0.60570266,-0.195731648,174.2230327,172.8416338,176.5771075,177.8529233,178.8781877,179.050568,174.6578515,177.2244177,177.3273083,171.9979894,0,0,0,0.084984458,-0.161620721,0.0024406,0.112029234,-0.325050079,-0.009494876,0.122900109,-0.493310739,-0.023461452,0.152809498,-0.605898522,-0.044131664,0.015225594,-0.487229095,-0.046654716,-0.077987242,-0.71607577,-0.074913459,-0.133197474,-0.84618351,-0.092813222,-0.178112642,-0.946446245,-0.106851434,-0.065925229,-0.457297712,-0.06751827,-0.19231167,-0.701108544,-0.093012033,-0.268507411,-0.836740082,-0.110765718,-0.323087355,-0.937800106,-0.12706503,-0.147766183,-0.395944201,-0.085678495,-0.264514957,-0.624370942,-0.114769185,-0.337704145,-0.747280066,-0.132247486,-0.393827774,-0.836840782,-0.146655907,-0.225392568,-0.309819499,-0.101124966,-0.334682376,-0.470505851,-0.13401773,-0.403285396,-0.548862199,-0.146904524,-0.457249376,-0.617260047,-0.153090657,174.269612,167.6953035,178.8516425,178.7737796,177.7054805,178.1129798,176.270473,178.4097278,172.6221045,175.7863134,HOUSE
0,0,0,-0.100628871,-0.155919841,-0.0140464,-0.1658954,-0.328240124,-0.050142595,-0.207441099,-0.486777532,-0.087063938,-0.250627362,-0.604394377,-0.128055354,-0.010215867,-0.497638324,-0.087410562,0.078506062,-0.734415078,-0.124471306,0.133240782,-0.862512068,-0.138928461,0.173961802,-0.960189254,-0.146441609,0.078147675,-0.470466917,-0.10513542,0.199871413,-0.71282705,-0.133011844,0.268320782,-0.842129859,-0.14499336,0.318821046,-0.935030002,-0.155151652,0.16060396,-0.400675212,-0.12200235,0.28298428,-0.62458679,-0.149324723,0.358949365,-0.748556406,-0.177353258,0.410239897,-0.843352667,-0.198584528,0.235549599,-0.30474531,-0.137291782,0.365797503,-0.447949797,-0.162270621,0.442790069,-0.526138567,-0.179854523,0.501044447,-0.60442039,-0.192256552,173.8420698,172.4214131,176.4482662,178.0076981,178.2521696,178.8677645,174.4254802,176.927698,177.115071,171.9422835,0,0,0,0.08285228,-0.161039305,0.001307822,0.108927391,-0.328093832,-0.011093443,0.121020148,-0.495193498,-0.025327182,0.150879816,-0.606967288,-0.045987838,0.019172425,-0.489679088,-0.047417793,-0.075342287,-0.71591147,-0.077005664,-0.132120477,-0.846963797,-0.096367401,-0.178946551,-0.947318856,-0.111293221,-0.061893816,-0.458807646,-0.068293532,-0.189081651,-0.701421474,-0.095267273,-0.266985582,-0.836363896,-0.114211024,-0.323969229,-0.93697683,-0.130837144,-0.144327264,-0.397840241,-0.086602794,-0.260919155,-0.624830735,-0.116733211,-0.335630002,-0.74849259,-0.134931364,-0.393563811,-0.839450613,-0.149337882,-0.223439679,-0.313117135,-0.102247332,-0.334945186,-0.471424901,-0.135531552,-0.404440295,-0.550510309,-0.148691533,-0.459091635,-0.620413907,-0.154768494,175.2188943,168.0456278,178.8113309,178.3549826,177.3111936,178.5881747,176.0333373,178.510538,173.3605051,175.3864576,HOUSE
0,0,0,-0.099537038,-0.154040526,-0.017637726,-0.163392863,-0.328781031,-0.055065624,-0.203630634,-0.487374071,-0.093150998,-0.245733973,-0.605401886,-0.135668776,-0.007516367,-0.497126574,-0.09018546,0.07936499,-0.730544094,-0.129666359,0.133475482,-0.858692678,-0.146510028,0.173273459,-0.956911351,-0.15579516,0.079462335,-0.470763364,-0.10763963,0.20050488,-0.70910219,-0.137721058,0.26867992,-0.839628684,-0.151691583,0.318464027,-0.933770452,-0.163258712,0.160878111,-0.400813688,-0.124721613,0.284050139,-0.621675373,-0.153865036,0.360280528,-0.746019682,-0.183320605,0.412418209,-0.840410797,-0.205512178,0.2353509,-0.304309862,-0.140672398,0.365429739,-0.447462898,-0.167687193,0.442511566,-0.526273122,-0.186535894,0.501994899,-0.603708547,-0.199798729,174.0259015,172.3265136,176.7448184,177.8725643,178.7439842,179.0379974,174.6094188,177.4028188,177.2439313,172.9446616,0,0,0,0.083349749,-0.160820261,0.001966831,0.108786429,-0.327158005,-0.009583987,0.119370127,-0.494217469,-0.023024027,0.14849445,-0.606235167,-0.043077504,0.017044192,-0.490360186,-0.046593959,-0.077721812,-0.717282909,-0.076376212,-0.134142662,-0.847289981,-0.096031516,-0.17981177,-0.946616665,-0.110971209,-0.06257054,-0.459338794,-0.067343105,-0.190034097,-0.701818916,-0.093714919,-0.267411139,-0.837075316,-0.112863099,-0.323447505,-0.937297893,-0.129824387,-0.143753595,-0.397552416,-0.085488416,-0.260400799,-0.623508951,-0.115768615,-0.335603996,-0.747821303,-0.135147129,-0.393441216,-0.839492734,-0.150402153,-0.221963833,-0.311149275,-0.100804333,-0.333401932,-0.469343787,-0.134393486,-0.402980641,-0.547506523,-0.148062563,-0.457720797,-0.616453088,-0.154556753,174.8849351,167.9355682,178.6747698,178.685011,177.4432765,178.4272764,176.0599657,178.7616515,173.1125745,175.4193113,HOUSE
0,0,0,-0.095862019,-0.15349371,-0.01349579,-0.157423848,-0.327370113,-0.04778616,-0.197607352,-0.482910464,-0.082913846,-0.240963305,-0.599278101,-0.12226118,-0.009859677,-0.495485568,-0.087326775,0.078448901,-0.73134608,-0.125700916,0.133653761,-0.858508498,-0.140812842,0.174706332,-0.955136376,-0.148562315,0.075330353,-0.46805514,-0.105787621,0.197896046,-0.70921725,-0.137076752,0.26844012,-0.838946942,-0.151307858,0.319915976,-0.933473064,-0.162116648,0.156597889,-0.398858806,-0.123361079,0.280206553,-0.622176497,-0.154748217,0.358030498,-0.746694677,-0.185706055,0.410441722,-0.842933474,-0.207741946,0.231916169,-0.30370143,-0.138952014,0.365226779,-0.44851832,-0.167789676,0.442479373,-0.525851617,-0.187672732,0.500151776,-0.6030157,-0.201094692,174.7522474,172.2074309,176.1756882,177.8930246,178.0348579,179.466051,174.2466585,176.5623755,176.9295428,171.5502839,0,0,0,0.076900134,-0.160178262,-0.008131468,0.100949768,-0.332386955,-0.026775183,0.115379755,-0.496425633,-0.045288703,0.147673289,-0.606259617,-0.069731856,0.017217746,-0.481914727,-0.065002645,-0.078769911,-0.705328896,-0.100340092,-0.134738039,-0.837170187,-0.122288154,-0.180086071,-0.939160605,-0.139024897,-0.062214098,-0.450220856,-0.083940188,-0.191521937,-0.693942588,-0.116346332,-0.267847896,-0.83099307,-0.136746542,-0.323343805,-0.933632451,-0.154205157,-0.14379745,-0.389722055,-0.10053371,-0.263796798,-0.618161701,-0.135933919,-0.341249167,-0.74632603,-0.155718511,-0.401814949,-0.84206564,-0.170902868,-0.222073202,-0.305437153,-0.114983724,-0.336800315,-0.464301228,-0.153621093,-0.407935604,-0.545186253,-0.168887401,-0.46523702,-0.618081943,-0.176203092,177.0511612,167.4488103,179.3573206,178.9150967,178.5913556,178.6136004,176.5645853,178.7427585,173.7491174,175.2262222,HOUSE
0,0,0,-0.093503793,-0.153773237,-0.008051449,-0.151234771,-0.326719733,-0.040140659,-0.189006604,-0.481260333,-0.073892445,-0.23712805,-0.590838209,-0.112404,-0.011123731,-0.497365208,-0.084353601,0.081713534,-0.732128881,-0.12163255,0.139390851,-0.856003553,-0.135719601,0.183875411,-0.950494133,-0.143143583,0.07193299,-0.469684081,-0.106228757,0.200460122,-0.70698321,-0.138166049,0.273598119,-0.8352069,-0.152722924,0.326995425,-0.930815761,-0.163266685,0.152206346,-0.397533974,-0.126488461,0.281284193,-0.619995154,-0.158310567,0.362090545,-0.744014793,-0.188482266,0.41642967,-0.839982529,-0.209770072,0.226176568,-0.297077134,-0.144184448,0.364152651,-0.439023301,-0.172084664,0.443328789,-0.514442995,-0.190306827,0.501906469,-0.590623834,-0.202671974,174.9337957,168.7160396,175.7806538,178.0976858,178.2770523,179.2820849,174.646308,176.4187275,177.3499248,170.9899357,0,0,0,0.081605309,-0.156721948,3.24E-05,0.10578409,-0.321693848,-0.014380988,0.116923772,-0.482526345,-0.029337356,0.144655145,-0.594759155,-0.051017805,0.01944656,-0.478440472,-0.06158993,-0.079774569,-0.708660873,-0.094006525,-0.139058996,-0.840519503,-0.1137637,-0.185092813,-0.940305705,-0.128927761,-0.058674963,-0.445174967,-0.082435393,-0.189326156,-0.689946766,-0.112443971,-0.268236796,-0.830049539,-0.131878397,-0.324657084,-0.933966527,-0.149346257,-0.14033785,-0.383247835,-0.099851175,-0.261055232,-0.613895499,-0.132840142,-0.341120955,-0.74503741,-0.152843916,-0.402155565,-0.843686024,-0.168911041,-0.218951462,-0.298279509,-0.114082092,-0.335261331,-0.458444638,-0.151550226,-0.407688653,-0.540326935,-0.166917914,-0.463601968,-0.614239269,-0.174576976,175.6068279,168.8238378,178.9456936,179.2670071,178.4770566,178.1907399,176.2277681,179.2595038,173.909084,174.5199384,HOUSE
0,0,0,-0.089937926,-0.150589441,-0.023779328,-0.146231036,-0.31874972,-0.066763858,-0.179302744,-0.467804487,-0.108310135,-0.219157593,-0.578266729,-0.153398437,-0.019243647,-0.480945139,-0.109875567,0.080212866,-0.710653814,-0.161647081,0.144265994,-0.83667626,-0.185628114,0.193285275,-0.932961093,-0.198723243,0.061217496,-0.455054545,-0.129291569,0.192666372,-0.694238398,-0.171505349,0.271332493,-0.825809487,-0.191416321,0.325298359,-0.923192864,-0.204684914,0.140577607,-0.384863538,-0.147895692,0.271031328,-0.6124764,-0.187960303,0.353476473,-0.741010397,-0.217425325,0.408399234,-0.838665819,-0.237320389,0.216082038,-0.283306881,-0.165391289,0.355515408,-0.430044803,-0.201307273,0.438883758,-0.508444404,-0.220525721,0.503503275,-0.584664853,-0.232203223,173.9608031,170.9383938,175.9451587,177.2382005,177.4816823,177.9793467,176.3810469,176.5894757,176.7505501,172.9646726,0,0,0,0.080408614,-0.162031321,0.002402686,0.104682552,-0.335282881,-0.012557563,0.116723033,-0.498950802,-0.027671768,0.147947265,-0.606842274,-0.050773276,0.030809893,-0.465836666,-0.073965047,-0.077248708,-0.70329482,-0.108627766,-0.147076537,-0.835666729,-0.127815944,-0.198639018,-0.937198347,-0.14272631,-0.046493453,-0.433936219,-0.097520235,-0.182171507,-0.694093647,-0.133673083,-0.269289231,-0.831393637,-0.15482851,-0.327805087,-0.928789093,-0.172900683,-0.13246833,-0.373224258,-0.115703943,-0.256077645,-0.612233841,-0.155383111,-0.340327938,-0.748973254,-0.177876554,-0.402950494,-0.848219242,-0.195176611,-0.220587084,-0.293481881,-0.129452068,-0.338964127,-0.453732574,-0.172018906,-0.416399783,-0.537718179,-0.188804738,-0.478599696,-0.608906739,-0.197782486,176.2050652,166.589661,176.6511349,178.9868917,175.1561107,177.8156474,175.7144367,179.1316458,172.8312074,176.6528221,HOUSE
0,0,0,-0.068880566,-0.131287697,-0.029899409,-0.10320014,-0.298641226,-0.07294318,-0.126622417,-0.43253289,-0.115393917,-0.166069769,-0.52030394,-0.161464337,-0.011247071,-0.450356711,-0.108883294,0.097853078,-0.681042545,-0.161821372,0.168744058,-0.804235996,-0.184616502,0.221466484,-0.901287835,-0.196047959,0.054904148,-0.419006105,-0.129058401,0.198882388,-0.655007242,-0.180563687,0.297542698,-0.795565364,-0.208970034,0.369126175,-0.901488048,-0.22597603,0.126994714,-0.347978783,-0.149481149,0.26089096,-0.580284933,-0.199035592,0.357535605,-0.72528877,-0.242139387,0.427633488,-0.830284976,-0.268003945,0.204422084,-0.25362277,-0.168867794,0.345183309,-0.398522272,-0.209563641,0.44500549,-0.485084782,-0.238365707,0.526842128,-0.560181997,-0.256498942,176.3912006,164.3751862,174.7563808,176.4725693,176.1758811,177.8758637,174.9889132,177.6401082,175.1006609,176.5494993,0,0,0,0.062730974,-0.159684048,0.013540574,0.085642093,-0.342678826,0.001422308,0.107653008,-0.499257358,-0.012513941,0.143907426,-0.593914724,-0.036368024,0.040913806,-0.436380343,-0.083220952,-0.078974065,-0.673964423,-0.123000197,-0.1570489,-0.801806557,-0.142925595,-0.215146951,-0.900049696,-0.157329886,-0.029024511,-0.404576732,-0.114956304,-0.178937104,-0.676193762,-0.152328743,-0.274023331,-0.818991637,-0.171495372,-0.338901117,-0.921787958,-0.188289651,-0.11291996,-0.345181931,-0.139511404,-0.248466339,-0.586144806,-0.179821877,-0.336018319,-0.707618097,-0.199501252,-0.396554985,-0.797276078,-0.214688904,-0.200661647,-0.265840987,-0.158549403,-0.320698833,-0.403727646,-0.200340605,-0.398841222,-0.483316031,-0.21472383,-0.459472324,-0.552349687,-0.222690611,178.4011512,164.8059853,175.2996959,178.9830718,175.2282377,177.9089307,173.5740869,178.1235765,173.5041011,175.9955432,HOUSE
0,0,0,-0.044677607,-0.156707794,-0.00536455,-0.032451671,-0.330310639,-0.039744342,0.008613098,-0.447384933,-0.077420433,0.043798932,-0.50769601,-0.119018975,-0.023637899,-0.440434526,-0.100511481,0.114453784,-0.648196054,-0.165103533,0.213236582,-0.765458398,-0.198126377,0.285675375,-0.856334789,-0.216100103,0.020990439,-0.404173974,-0.134924824,0.190486895,-0.633363458,-0.20107178,0.31147383,-0.772433419,-0.235825183,0.403978721,-0.878826304,-0.253900611,0.083970939,-0.325056638,-0.16574109,0.242634341,-0.556612417,-0.225976583,0.357428926,-0.695391123,-0.261046548,0.449475327,-0.798882926,-0.279540854,0.156749662,-0.214998205,-0.193256866,0.291451737,-0.337123254,-0.24224294,0.384356867,-0.419672896,-0.262905025,0.469378464,-0.49370212,-0.27213809,164.095406,162.8980341,173.2357713,176.2720714,174.9436877,176.597087,174.796372,176.0033453,174.3126622,175.1783547,0,0,0,0.028657048,-0.184659597,0.026837281,0.033158329,-0.379815975,0.020427598,0.0582367,-0.523663218,0.009107673,0.098957589,-0.611245803,-0.015465562,0.016417637,-0.501598817,-0.065777266,-0.115892924,-0.716586002,-0.105276147,-0.200516733,-0.83734261,-0.130399528,-0.259675737,-0.933904252,-0.149514342,-0.017023796,-0.448293686,-0.103907344,-0.178880217,-0.695344255,-0.138014185,-0.284749152,-0.823557015,-0.156670466,-0.360916332,-0.915892521,-0.17572789,-0.074973036,-0.366947877,-0.134496127,-0.233211282,-0.584039044,-0.171026728,-0.335401215,-0.697970665,-0.184323893,-0.406221706,-0.78300734,-0.19717117,-0.153479092,-0.267759299,-0.159302255,-0.290422349,-0.40640058,-0.19274044,-0.37101857,-0.482938499,-0.196519618,-0.432000103,-0.548638185,-0.19927059,171.06185,162.1981401,176.5187492,176.4841443,173.7091538,177.3113306,173.5868777,177.2848259,171.9862013,176.3387823,HOUSE
0,0,0,0.00532336,-0.169156089,0.019019837,0.046347265,-0.350081389,0.004029116,0.113019995,-0.456391573,-0.021987716,0.191580421,-0.506944548,-0.049239578,0.013918563,-0.440740568,-0.040573244,0.157141503,-0.635052166,-0.096510665,0.260534021,-0.753695155,-0.1276698,0.342193617,-0.845550025,-0.142978001,0.027794901,-0.436008788,-0.083556525,0.183053362,-0.659917653,-0.140129094,0.297830863,-0.801209558,-0.174308565,0.38470231,-0.903010693,-0.19124806,0.073661455,-0.39093554,-0.124500475,0.211838525,-0.628594353,-0.173076808,0.317485852,-0.774053588,-0.205757989,0.399214162,-0.873026137,-0.22104684,0.145816974,-0.313848507,-0.162701864,0.28354388,-0.474160671,-0.193496424,0.38060405,-0.564949373,-0.209681189,0.46507436,-0.631700216,-0.217318904,159.6132961,155.1936125,175.0516189,175.8353963,175.5774457,176.2883961,174.2551815,175.0096084,173.6498389,174.4200755,0,0,0,-0.121423641,-0.184267611,0.047757434,-0.164672257,-0.36223571,0.058984767,-0.19997757,-0.494673275,0.054894199,-0.244391035,-0.579261805,0.039007516,-0.035810326,-0.541396166,0.021881973,-0.168502982,-0.729797086,-0.001715825,-0.266315398,-0.816609246,-0.02729383,-0.344841762,-0.883946075,-0.044461399,-0.032412716,-0.52285856,-0.024063657,-0.186928319,-0.734811094,-0.033473005,-0.297856946,-0.841261852,-0.052095489,-0.390602924,-0.917781429,-0.071460508,-0.05878905,-0.470993598,-0.067191184,-0.215523173,-0.6744308,-0.087323811,-0.326319948,-0.775763261,-0.101792227,-0.410390774,-0.85143045,-0.114644769,-0.119461935,-0.398729992,-0.106243365,-0.255104385,-0.555331516,-0.128949425,-0.337441949,-0.632006261,-0.133039749,-0.403545361,-0.68887656,-0.135255541,174.6159141,165.1205993,165.8907863,178.0404233,168.8310216,175.1723209,170.0359417,178.8341608,172.5780883,177.6069945,HOUSE
0,0,0,0.064110844,-0.158856116,0.051907098,0.09341436,-0.340745126,0.048074844,0.124110467,-0.452774738,0.026033916,0.167617991,-0.532293336,0.000368521,0.057229897,-0.472424612,-0.004915104,0.220567694,-0.633849118,-0.049740523,0.333815216,-0.720529725,-0.078111413,0.42691044,-0.788675186,-0.09354925,0.052164467,-0.470612141,-0.062016445,0.207117778,-0.680537033,-0.101897566,0.322152108,-0.807263483,-0.124942909,0.412447148,-0.900204584,-0.139710621,0.071324329,-0.432672318,-0.116534341,0.21951358,-0.63232875,-0.142662273,0.326897261,-0.746324043,-0.158446283,0.409606986,-0.829995744,-0.16954245,0.118243276,-0.360578135,-0.167690097,0.237305979,-0.520102296,-0.183681524,0.314228316,-0.617386717,-0.189741883,0.379652787,-0.696616334,-0.19415446,168.6397272,166.0385752,172.8888328,176.140139,174.1564032,177.6979377,173.3121606,178.4939376,177.5541155,178.6265509,0,0,0,-0.136854689,-0.112861962,0.020000199,-0.155149043,-0.304471872,0.028161556,-0.156900423,-0.439390374,0.02509306,-0.177828334,-0.546669635,0.018061906,-0.053048905,-0.506150785,0.021411405,-0.183740264,-0.680482174,-0.012580053,-0.28596102,-0.792719178,-0.045013285,-0.367822727,-0.878123229,-0.068183075,-0.031875077,-0.501029029,-0.016121688,-0.192733859,-0.706648581,-0.042244233,-0.31271287,-0.827062796,-0.069048736,-0.403848591,-0.910204507,-0.091837197,-0.037032002,-0.473317443,-0.056809664,-0.18370135,-0.687219781,-0.092862474,-0.303869848,-0.804809616,-0.115506596,-0.393104283,-0.879509008,-0.130253023,-0.071190145,-0.428530396,-0.097240934,-0.177870724,-0.605803509,-0.133997941,-0.2652238,-0.699466275,-0.148605772,-0.338220687,-0.754469086,-0.156586075,173.9768072,169.4329338,173.7344674,178.2049838,172.4528986,176.8841867,168.9109627,175.5454435,167.6297057,169.9237122,HOUSE
0,0,0,0.064110844,-0.158856116,0.051907098,0.09341436,-0.340745126,0.048074844,0.124110467,-0.452774738,0.026033916,0.167617991,-0.532293336,0.000368521,0.057229897,-0.472424612,-0.004915104,0.220567694,-0.633849118,-0.049740523,0.333815216,-0.720529725,-0.078111413,0.42691044,-0.788675186,-0.09354925,0.052164467,-0.470612141,-0.062016445,0.207117778,-0.680537033,-0.101897566,0.322152108,-0.807263483,-0.124942909,0.412447148,-0.900204584,-0.139710621,0.071324329,-0.432672318,-0.116534341,0.21951358,-0.63232875,-0.142662273,0.326897261,-0.746324043,-0.158446283,0.409606986,-0.829995744,-0.16954245,0.118243276,-0.360578135,-0.167690097,0.237305979,-0.520102296,-0.183681524,0.314228316,-0.617386717,-0.189741883,0.379652787,-0.696616334,-0.19415446,168.6397272,166.0385752,172.8888328,176.140139,174.1564032,177.6979377,173.3121606,178.4939376,177.5541155,178.6265509,0,0,0,-0.136854689,-0.112861962,0.020000199,-0.155149043,-0.304471872,0.028161556,-0.156900423,-0.439390374,0.02509306,-0.177828334,-0.546669635,0.018061906,-0.053048905,-0.506150785,0.021411405,-0.183740264,-0.680482174,-0.012580053,-0.28596102,-0.792719178,-0.045013285,-0.367822727,-0.878123229,-0.068183075,-0.031875077,-0.501029029,-0.016121688,-0.192733859,-0.706648581,-0.042244233,-0.31271287,-0.827062796,-0.069048736,-0.403848591,-0.910204507,-0.091837197,-0.037032002,-0.473317443,-0.056809664,-0.18370135,-0.687219781,-0.092862474,-0.303869848,-0.804809616,-0.115506596,-0.393104283,-0.879509008,-0.130253023,-0.071190145,-0.428530396,-0.097240934,-0.177870724,-0.605803509,-0.133997941,-0.2652238,-0.699466275,-0.148605772,-0.338220687,-0.754469086,-0.156586075,173.9768072,169.4329338,173.7344674,178.2049838,172.4528986,176.8841867,168.9109627,175.5454435,167.6297057,169.9237122,HOUSE
0,0,0,0.078021245,-0.141906621,0.03743961,0.09208732,-0.329549031,0.03425618,0.078503253,-0.457861917,0.016563116,0.076469365,-0.553400141,-0.004697567,0.079677854,-0.462728144,-0.004162621,0.205900466,-0.61987777,-0.05069663,0.303064811,-0.715345704,-0.082537209,0.383527921,-0.79220865,-0.100831407,0.075640002,-0.459995311,-0.051398055,0.217900542,-0.657914427,-0.095815884,0.328224534,-0.79010412,-0.124113886,0.418821583,-0.896962811,-0.141584595,0.092088802,-0.427168425,-0.097694001,0.226824452,-0.616967801,-0.130956996,0.330983338,-0.735676814,-0.153351775,0.413769046,-0.824962775,-0.16540097,0.128338997,-0.360340335,-0.141605432,0.231084677,-0.52587216,-0.160262264,0.304614363,-0.626472378,-0.169351736,0.372145068,-0.703887974,-0.175124285,167.633727,173.2749394,173.4257192,176.0668613,175.7832438,177.688712,174.1502642,177.0822116,175.4666238,174.9558793,0,0,0,-0.123251012,-0.095278465,0.011437647,-0.142027311,-0.277991264,0.020186888,-0.153254237,-0.402752756,0.01567758,-0.181928229,-0.510046926,0.008448631,-0.07805947,-0.4997094,0.037681919,-0.178606068,-0.66908956,0.000237314,-0.272666442,-0.777553484,-0.037591432,-0.350969241,-0.856014117,-0.065120608,-0.054799477,-0.513270572,0.001719295,-0.180204146,-0.709118192,-0.031610907,-0.288605659,-0.828035585,-0.069502038,-0.37856522,-0.920368193,-0.098034496,-0.043032888,-0.498281258,-0.04004403,-0.167444118,-0.705561975,-0.085095449,-0.281103505,-0.818352482,-0.119035182,-0.373585004,-0.899224766,-0.139495274,-0.051041823,-0.462909149,-0.08241667,-0.152289208,-0.635736685,-0.12677052,-0.241770793,-0.726556643,-0.149154489,-0.319382406,-0.784834735,-0.162062602,175.1366124,170.0403595,169.2392927,176.0024245,169.172654,177.9428936,165.9525167,175.6292249,165.8288911,171.2326737,HOUSE
0,0,0,0.114248446,-0.104078226,0.005904097,0.139026667,-0.284580592,-0.00569152,0.129149063,-0.416568117,-0.027490836,0.135473558,-0.52549153,-0.050314231,0.093168841,-0.474207325,-0.009296874,0.201772752,-0.631855724,-0.06030911,0.294997943,-0.737270119,-0.100429149,0.373141207,-0.825940858,-0.126352166,0.086043537,-0.472706704,-0.043414082,0.21393507,-0.662696821,-0.089830829,0.321572954,-0.788217758,-0.123880022,0.415417088,-0.897798285,-0.146242546,0.096945469,-0.441346338,-0.080455289,0.217815762,-0.627092171,-0.119484572,0.315077389,-0.735497082,-0.142637849,0.393263003,-0.817261438,-0.154215205,0.124320523,-0.379728506,-0.118653776,0.207205887,-0.540239467,-0.14305295,0.274971712,-0.63712991,-0.152280989,0.335710514,-0.706338473,-0.157126124,166.6911344,172.1161041,173.2372937,176.4244124,173.4530719,177.1404943,171.2146095,176.3029225,171.7167186,173.5239972,0,0,0,-0.122170713,-0.069117615,0.006004251,-0.150543819,-0.238509697,0.013213813,-0.164382887,-0.35907179,0.008020403,-0.19288535,-0.469978993,-6.66E-07,-0.112038427,-0.469225625,0.035169648,-0.207069971,-0.641413739,-0.002372905,-0.296098322,-0.7513471,-0.040020017,-0.370314178,-0.831817892,-0.067149026,-0.08586523,-0.489797508,0.001400266,-0.203301064,-0.681863915,-0.034295562,-0.304122091,-0.810804647,-0.075010675,-0.395629361,-0.91242674,-0.104665433,-0.065715797,-0.489022052,-0.038249192,-0.181759619,-0.6876788,-0.084463988,-0.288300136,-0.807660785,-0.119195701,-0.382883,-0.898286159,-0.139610373,-0.056148985,-0.468685691,-0.078873166,-0.16120596,-0.641343193,-0.124108214,-0.248956887,-0.731920248,-0.144714118,-0.328516998,-0.794569424,-0.155544696,174.2959963,171.9794622,169.3232508,176.2681254,171.8582371,175.7309849,168.8862587,174.3352983,167.0190336,171.7296591,HOUSE
0,0,0,0.135548776,-0.055555934,0.008457003,0.174477674,-0.200085815,0.002814423,0.182937289,-0.293332239,-0.015376017,0.201757291,-0.373541194,-0.034310171,0.120558506,-0.46119897,0.0070795,0.223745502,-0.623174831,-0.04005006,0.315515036,-0.730170031,-0.080556007,0.392297877,-0.824587757,-0.108334333,0.103232294,-0.469685301,-0.029960884,0.228614638,-0.659113276,-0.075344882,0.337356905,-0.78344114,-0.113686087,0.433935972,-0.890134469,-0.139140934,0.101907567,-0.443454135,-0.070488253,0.226979135,-0.616638286,-0.113916636,0.327388425,-0.714322251,-0.144982974,0.405523971,-0.786957991,-0.160893267,0.117785008,-0.381283261,-0.111950012,0.20692914,-0.511804006,-0.143344376,0.272036052,-0.587235544,-0.156787889,0.326056545,-0.639181996,-0.163422498,166.7835856,171.8946419,171.8281977,176.4760563,172.2834345,176.7841182,170.2046564,175.7505233,172.6846044,174.0648334,0,0,0,-0.128644106,-0.061088534,0.007876794,-0.16576849,-0.225172033,0.018213983,-0.178444198,-0.340889609,0.016161908,-0.207818056,-0.441794847,0.011678166,-0.139922035,-0.461752999,0.041070258,-0.241497926,-0.613307697,0.011347884,-0.325243266,-0.717096099,-0.02151037,-0.391677488,-0.801265517,-0.04796904,-0.108678272,-0.488476991,0.006010545,-0.231869811,-0.675952779,-0.024995256,-0.329709125,-0.803788623,-0.060005123,-0.414301273,-0.906029372,-0.086401573,-0.084203854,-0.488751129,-0.035117485,-0.20568129,-0.67876997,-0.077667084,-0.30608448,-0.79143382,-0.108682433,-0.388502933,-0.879336513,-0.127483022,-0.069724146,-0.464960034,-0.077793776,-0.177008951,-0.624436764,-0.122922548,-0.26534145,-0.711328085,-0.144366406,-0.34129219,-0.774470227,-0.156449513,172.0706624,169.9099949,173.2261304,179.2251602,174.0033321,177.5973539,170.9992517,176.8710668,168.1869339,174.4497583,HOUSE
0,0,0,0.123312145,-0.054531811,0.008783365,0.159209878,-0.207376816,0.012921846,0.161763142,-0.315672425,0.005331317,0.182007867,-0.397644966,-0.006034918,0.141437678,-0.423139557,0.021807351,0.227538812,-0.600030869,-0.019086897,0.309150498,-0.723161923,-0.058125295,0.381247538,-0.829939347,-0.086465603,0.119490433,-0.443396522,-0.015262987,0.219614831,-0.646609059,-0.057132954,0.318260565,-0.785295129,-0.102277195,0.411733927,-0.901456984,-0.133605683,0.098745939,-0.439802428,-0.056367414,0.206726998,-0.618712358,-0.105024177,0.304579796,-0.720795796,-0.149974991,0.385441459,-0.798393768,-0.175085999,0.081018717,-0.404262895,-0.096926617,0.170857431,-0.53519531,-0.14021175,0.240301297,-0.596534473,-0.164004301,0.303066182,-0.632012217,-0.177199458,166.9104107,167.0061754,172.0004344,177.5090235,170.0101088,175.5198324,166.9653969,174.465523,166.345196,167.6152931,0,0,0,-0.125662391,-0.065742177,0.009468399,-0.162421409,-0.237812958,0.019274836,-0.175253,-0.361673255,0.016230074,-0.207612577,-0.468459271,0.010516991,-0.140248729,-0.465496262,0.037995611,-0.241658022,-0.625391543,0.007929461,-0.325834945,-0.733724398,-0.02383868,-0.394602457,-0.821966129,-0.049612303,-0.112603565,-0.490448183,0.002649613,-0.238843872,-0.676831525,-0.029329168,-0.336312473,-0.800691153,-0.065142035,-0.420320608,-0.902679432,-0.092197769,-0.088837704,-0.487500421,-0.038108671,-0.214403931,-0.672259953,-0.080966908,-0.311984477,-0.779334057,-0.112175149,-0.393577026,-0.864539487,-0.131402365,-0.072341606,-0.461604788,-0.080104606,-0.170403771,-0.617238855,-0.1220307,-0.25158465,-0.699847941,-0.141904854,-0.323471787,-0.762027592,-0.153845128,172.3191613,168.9465293,173.2881574,179.5066875,173.78985,178.1908816,171.9061754,176.7492255,167.5528494,174.7097266,HOUSE
0,0,0,0.139071761,-0.065408685,0.022655493,0.175141105,-0.233658048,0.035281785,0.182348121,-0.353815832,0.033080026,0.205722873,-0.449637445,0.027706453,0.148858228,-0.443583238,0.0470599,0.237247974,-0.610906621,0.014765014,0.319399445,-0.72520708,-0.01852931,0.392599202,-0.827526011,-0.04333363,0.129941542,-0.465842376,0.004499007,0.230527928,-0.658678753,-0.029897951,0.330738196,-0.79093675,-0.067282448,0.421502971,-0.901986133,-0.093574898,0.109563874,-0.464758757,-0.042810853,0.217382536,-0.644011536,-0.083271149,0.316024193,-0.744769398,-0.117146614,0.394928542,-0.824182462,-0.134957296,0.092486557,-0.431919987,-0.089587712,0.187633617,-0.591519805,-0.123530025,0.264655179,-0.671951471,-0.140279291,0.330482521,-0.721792363,-0.149154521,169.8635992,169.5101408,171.4778974,177.7879933,169.8584923,176.8686007,166.6845434,175.4835674,167.084999,170.6300172,0,0,0,-0.128887097,-0.071999852,-0.002566511,-0.171889828,-0.231162339,0.000429681,-0.183929089,-0.352446587,-0.007610972,-0.214331153,-0.458693038,-0.017249064,-0.173482124,-0.459624999,0.028139232,-0.267242652,-0.621104554,-0.004442082,-0.340793439,-0.725436322,-0.037988727,-0.401746022,-0.813587903,-0.064770341,-0.139092904,-0.488763703,-0.001060303,-0.251745358,-0.678264204,-0.034018897,-0.33748049,-0.801771649,-0.06976108,-0.413483575,-0.905330218,-0.096997573,-0.10276508,-0.489591032,-0.036646172,-0.214620543,-0.66844477,-0.076108317,-0.301200768,-0.774331363,-0.10669377,-0.376519792,-0.859125134,-0.126962698,-0.068117068,-0.466962185,-0.074897816,-0.160746614,-0.607832273,-0.110283671,-0.235015432,-0.688097577,-0.128498513,-0.302219858,-0.751121855,-0.140891213,169.3888373,169.6481569,173.0916185,179.0134191,173.7094794,177.9190074,172.6087356,176.5931776,170.3980549,175.5694814,HOUSE
0,0,0,0.141218462,-0.066054778,0.00586954,0.182874477,-0.223321732,0.006560527,0.191427861,-0.34109508,-0.003728069,0.223232391,-0.438961787,-0.014106443,0.158141103,-0.454587024,0.026854083,0.250893438,-0.615289221,-0.009596707,0.330265656,-0.724813503,-0.043147221,0.398269262,-0.823829642,-0.067047493,0.136564338,-0.474579097,-0.008123653,0.242141689,-0.661309419,-0.04598397,0.337320339,-0.790704257,-0.080772905,0.420965445,-0.901024724,-0.104606602,0.115485372,-0.467909907,-0.048823322,0.224075829,-0.642724472,-0.086461321,0.316813367,-0.744213271,-0.11409451,0.392096754,-0.823925684,-0.128583237,0.097825317,-0.430554071,-0.091031068,0.183872866,-0.582381884,-0.117362142,0.257931091,-0.660216175,-0.128986799,0.322572322,-0.709367367,-0.135234601,168.112059,166.1801141,173.5406246,176.9330821,172.9103205,177.3760997,169.5607377,176.0202192,165.8698659,170.675065,0,0,0,-0.131747794,-0.084592074,-0.000333804,-0.177461267,-0.240535157,0.002568942,-0.189501472,-0.361011261,-0.00549966,-0.220122163,-0.46810109,-0.015179799,-0.18860645,-0.468022356,0.025208765,-0.283905169,-0.629961718,-0.006819202,-0.353198714,-0.73085129,-0.038383955,-0.41010451,-0.819772189,-0.063905378,-0.153643728,-0.494877939,-0.003759926,-0.26095409,-0.687114839,-0.037093475,-0.340874913,-0.805325649,-0.070289466,-0.410360808,-0.906838211,-0.096168948,-0.114324188,-0.491556804,-0.03862333,-0.219262022,-0.673280926,-0.077511488,-0.300430846,-0.776338038,-0.106350808,-0.370220306,-0.8588063,-0.12607891,-0.074387283,-0.463391799,-0.075821435,-0.155528683,-0.601527777,-0.10948062,-0.223004886,-0.681308003,-0.127612031,-0.284121784,-0.74393931,-0.14112678,168.3180902,169.7038626,173.7996862,177.9337918,173.4160143,178.6627817,171.7133612,177.1127038,170.1615695,175.8055653,HOUSE
0,0,0,0.157114945,-0.065824985,0.106743968,0.212702507,-0.22705733,0.154730744,0.227684305,-0.351167556,0.170517639,0.254771442,-0.442339275,0.17804602,0.192928803,-0.449765553,0.129361153,0.284956506,-0.608078613,0.12762151,0.354099018,-0.710421713,0.117296193,0.417354944,-0.80041386,0.101153806,0.16770979,-0.469134512,0.037903812,0.270798451,-0.67062883,0.013782771,0.363255322,-0.796902401,-0.017717605,0.439640836,-0.897115919,-0.043577092,0.140527935,-0.460731725,-0.05414101,0.252192213,-0.652260595,-0.091133433,0.347538687,-0.759820065,-0.125550065,0.426506475,-0.848863101,-0.149623831,0.123719941,-0.422185872,-0.138632086,0.22719273,-0.587091504,-0.182291713,0.30483233,-0.679570169,-0.21221473,0.375422377,-0.7488047,-0.235560258,165.3715693,170.0096219,174.2468352,176.2432247,169.5433004,178.8032828,168.2120891,177.9140634,172.1859663,174.5528065,0,0,0,-0.156303855,-0.10282877,0.031252019,-0.200054474,-0.263871109,0.037466857,-0.23235838,-0.379596614,0.02775634,-0.280112415,-0.479030596,0.012953745,-0.116773022,-0.504447182,0.036862937,-0.241156262,-0.659612374,0.012618111,-0.327438835,-0.758142702,-0.016210264,-0.39467985,-0.846909299,-0.041214545,-0.091946232,-0.511390869,-0.010333546,-0.243084373,-0.706480113,-0.027039181,-0.343865381,-0.81712708,-0.050885872,-0.419015868,-0.904880108,-0.074951264,-0.089950738,-0.478347923,-0.059989484,-0.237753915,-0.678801958,-0.089014734,-0.339322899,-0.781034142,-0.107444646,-0.416612742,-0.855368214,-0.122931557,-0.11860403,-0.420374552,-0.108853243,-0.232022232,-0.580632887,-0.138711436,-0.310671272,-0.658669263,-0.148762186,-0.376833385,-0.707758795,-0.156912016,173.2200902,169.5440615,173.9960477,175.9965089,173.1059386,176.7530556,171.618006,178.3387678,169.5378804,171.8032935,HOUSE
0,0,0,0.150648001,-0.064191699,0.068118347,0.207507205,-0.237424338,0.099284455,0.224980526,-0.37175037,0.106593582,0.239874061,-0.464517807,0.106489473,0.184934435,-0.440276612,0.084860774,0.277789263,-0.606720535,0.071225799,0.34800357,-0.711139537,0.051861357,0.412374927,-0.807548458,0.032300059,0.157515136,-0.463874485,0.016126181,0.259294018,-0.663106609,-0.008122497,0.352051211,-0.793370235,-0.040937637,0.429898832,-0.90038513,-0.067034413,0.125487038,-0.459472827,-0.054202455,0.236667556,-0.650751531,-0.086192134,0.331719398,-0.759411113,-0.120103966,0.409145603,-0.849446871,-0.142980108,0.102616416,-0.421114166,-0.120069746,0.211768486,-0.58713632,-0.154109919,0.291290748,-0.679455566,-0.177261526,0.361378525,-0.746321577,-0.194518363,167.4259772,176.375804,173.3465375,179.0118417,170.0934277,179.1464995,168.0818463,177.5880321,172.6135873,174.4217753,0,0,0,-0.155368374,-0.099465789,0.038116844,-0.196980105,-0.262134241,0.048477772,-0.224801862,-0.375006848,0.041144977,-0.266262381,-0.47748324,0.028846751,-0.114854582,-0.503885944,0.048672136,-0.245062003,-0.650142816,0.026094981,-0.334058242,-0.745008854,-0.002392394,-0.403137778,-0.833525239,-0.027649449,-0.08974347,-0.511585273,-0.003163601,-0.247709568,-0.70090648,-0.019812686,-0.350641022,-0.811625264,-0.044037603,-0.428785203,-0.900824957,-0.068246953,-0.086280791,-0.480028396,-0.057674492,-0.243754185,-0.674552774,-0.088496086,-0.348530679,-0.774811742,-0.105676679,-0.428385563,-0.850182327,-0.119639111,-0.11306743,-0.422868484,-0.11117386,-0.231074351,-0.580456812,-0.141808525,-0.310131642,-0.661117141,-0.151114411,-0.377154571,-0.715197529,-0.158672328,172.8276299,171.3884441,174.0240743,174.8882834,173.9232652,177.0153433,172.7661278,179.2132315,171.3867764,173.3201101,HOUSE
0,0,0,0.158502121,-0.068177538,0.072141396,0.213436097,-0.238712552,0.105311625,0.226618079,-0.370909819,0.114240251,0.245693793,-0.464320356,0.11543804,0.191168019,-0.439295371,0.085109941,0.277344678,-0.60852024,0.069773747,0.345465991,-0.715041567,0.051398553,0.410619704,-0.809074636,0.032478174,0.168713621,-0.461663268,0.014584914,0.266061734,-0.666644519,-0.014047056,0.35629508,-0.796547795,-0.045630858,0.433723477,-0.898269078,-0.070686693,0.139364964,-0.45658388,-0.057632897,0.2459546,-0.656207705,-0.09450548,0.338379095,-0.773258046,-0.127879535,0.414774768,-0.864529196,-0.150269787,0.116930201,-0.418295012,-0.124926911,0.219240582,-0.590804375,-0.166347661,0.298289086,-0.689906877,-0.194019145,0.369691529,-0.760783518,-0.214467288,166.2254466,173.3541341,173.3202431,177.5733218,169.8674983,177.5034717,169.4356989,177.4254019,172.2273639,173.4362315,0,0,0,-0.154255511,-0.09430461,0.036449296,-0.195824186,-0.2553386,0.04570094,-0.223715152,-0.371092341,0.037991059,-0.269229718,-0.472521483,0.025086722,-0.11578419,-0.501628599,0.042618013,-0.24504745,-0.654896591,0.019566026,-0.333837694,-0.753795615,-0.008491018,-0.401880845,-0.84368093,-0.033208672,-0.090738097,-0.507878851,-0.007717786,-0.249722299,-0.701005119,-0.024276739,-0.351959464,-0.812439342,-0.047993982,-0.428062587,-0.900894903,-0.071769049,-0.087519467,-0.475576496,-0.060299006,-0.244173432,-0.671299402,-0.090101859,-0.347050559,-0.773192343,-0.107947933,-0.424931907,-0.849105712,-0.122569913,-0.11470748,-0.417492948,-0.111808821,-0.2343172,-0.574296285,-0.142899085,-0.315119871,-0.655860521,-0.153498209,-0.383469086,-0.710582273,-0.161808817,173.0343377,169.0184109,174.3445793,175.2702853,174.0208137,176.8019184,173.4293962,179.0867438,171.7784687,173.4179178,HOUSE
0,0,0,0.168628792,-0.078697631,0.102085833,0.223505892,-0.238419324,0.144130362,0.239269458,-0.364498104,0.155484106,0.261652325,-0.455421604,0.15933135,0.19322112,-0.458980837,0.113841998,0.287266874,-0.620073567,0.105458661,0.357234203,-0.721279175,0.09224555,0.420958439,-0.808492153,0.075658643,0.168905261,-0.473654949,0.025872418,0.275651888,-0.672318493,-0.002628795,0.367500697,-0.796834431,-0.032465772,0.442839448,-0.894833527,-0.056268843,0.144545387,-0.459614131,-0.062377201,0.26185261,-0.649980045,-0.097629014,0.354428395,-0.761327979,-0.125962807,0.430295923,-0.852200063,-0.146382732,0.133560397,-0.413091597,-0.1438028,0.23663863,-0.580632348,-0.18447132,0.312938629,-0.677770608,-0.21046132,0.381166923,-0.748272165,-0.230821499,165.342442,172.7484172,174.3498063,176.9631737,171.1168919,178.7915994,171.74086,178.6266486,173.572825,174.1877959,0,0,0,-0.155424483,-0.100295674,0.033108839,-0.196398157,-0.264614084,0.040749073,-0.224750928,-0.380096144,0.032195977,-0.271752926,-0.478330489,0.018650821,-0.117685758,-0.511088959,0.040527715,-0.241343258,-0.664995117,0.015955973,-0.328442041,-0.763723054,-0.013660782,-0.396591346,-0.852000345,-0.039328439,-0.092917336,-0.517492237,-0.007275109,-0.24639952,-0.70631428,-0.025861229,-0.345733562,-0.815103178,-0.051316809,-0.419673652,-0.904483426,-0.076051024,-0.089231296,-0.484111234,-0.057578794,-0.24074641,-0.678613635,-0.088280368,-0.341758876,-0.779940431,-0.107932352,-0.418561048,-0.85656523,-0.123775534,-0.114509086,-0.424843991,-0.106934949,-0.234760066,-0.57953506,-0.138194283,-0.315809795,-0.661123425,-0.149907316,-0.382671927,-0.717904518,-0.159017385,173.2843293,167.9001354,173.8271673,176.2999179,173.6459696,176.428081,173.017709,179.2987397,172.3690124,175.1435992,HOUSE
0,0,0,0.158922845,-0.067639743,0.08635126,0.216453094,-0.235815682,0.126556107,0.23125725,-0.364271212,0.138844287,0.255427113,-0.456833506,0.143161972,0.193344866,-0.443657674,0.108348692,0.280074191,-0.611250904,0.100355862,0.347838937,-0.715355913,0.08600467,0.412107503,-0.806499225,0.068817482,0.1710584,-0.46365267,0.029697414,0.272353444,-0.666790211,0.007123331,0.36219682,-0.795466448,-0.022549214,0.437895969,-0.897798071,-0.046965347,0.144119715,-0.45792937,-0.050773779,0.256900313,-0.654914451,-0.083524575,0.349230742,-0.768682339,-0.115862809,0.425411692,-0.860105162,-0.138778928,0.125651521,-0.421079374,-0.125577356,0.22844482,-0.593103706,-0.164335084,0.306252042,-0.689705663,-0.191259889,0.377883459,-0.759499756,-0.212245377,165.812788,171.4561752,172.9418757,176.9319831,170.2614418,178.3849137,169.9394731,178.2268746,172.0551408,173.2259353,0,0,0,-0.157558124,-0.105809104,0.027808918,-0.203493164,-0.267728004,0.031497713,-0.236838621,-0.381163051,0.019527751,-0.286509913,-0.478621945,0.002810851,-0.118267816,-0.516960614,0.034015392,-0.244547185,-0.671636587,0.006414383,-0.331968291,-0.767014446,-0.025424366,-0.400697502,-0.852566842,-0.052343905,-0.095355355,-0.523278623,-0.011382205,-0.250197997,-0.709129846,-0.031842709,-0.349615161,-0.814610086,-0.058237393,-0.425592358,-0.901010746,-0.083968928,-0.093178664,-0.488283332,-0.059744613,-0.246171468,-0.678989114,-0.089765316,-0.346226646,-0.777429672,-0.10887793,-0.423989477,-0.851382515,-0.124935173,-0.119764859,-0.426992772,-0.107883749,-0.242774651,-0.578207465,-0.138180328,-0.323896815,-0.662197771,-0.150581841,-0.390910691,-0.723641058,-0.160544579,172.928275,169.0558757,173.2177054,176.344773,173.4951081,176.9665501,173.2737046,178.6844054,174.4088881,176.4966927,HOUSE
0,0,0,0.159371583,-0.069796444,0.086138121,0.21755117,-0.236746564,0.125230412,0.232119825,-0.366001843,0.136332579,0.257517293,-0.459344267,0.139768294,0.191411058,-0.449945783,0.10436791,0.281271157,-0.617533751,0.094768865,0.3492553,-0.721662252,0.079854754,0.412998772,-0.814797272,0.062238573,0.167165649,-0.469474335,0.02494971,0.269783331,-0.669954611,-0.000638616,0.360609453,-0.796348959,-0.031971416,0.436219787,-0.898010585,-0.057352312,0.138392356,-0.461114923,-0.055995856,0.252719469,-0.648341974,-0.091025733,0.347310214,-0.756481691,-0.124198784,0.424885296,-0.845923293,-0.147487889,0.119825253,-0.419940212,-0.131138048,0.224113233,-0.587573035,-0.171282766,0.301324844,-0.683699518,-0.198659865,0.371235845,-0.754654917,-0.219807668,165.2625028,170.7625239,173.6745867,177.5682317,170.1913566,178.9696032,169.63414,178.0530496,173.1733771,174.281279,0,0,0,-0.163025863,-0.110369483,0.036120064,-0.20676287,-0.271262472,0.042166652,-0.240362051,-0.384371992,0.030115763,-0.293206242,-0.480631098,0.012668977,-0.124577248,-0.527028812,0.047201128,-0.247712113,-0.676129337,0.022794689,-0.334113047,-0.768912962,-0.008033816,-0.402208158,-0.854276676,-0.034472571,-0.100385931,-0.532094694,-0.003090621,-0.251821781,-0.712085257,-0.019274506,-0.350159844,-0.815262047,-0.044167259,-0.4262888,-0.901943666,-0.069104865,-0.096005896,-0.493835568,-0.056123873,-0.248060777,-0.678903686,-0.083061217,-0.346829155,-0.772166385,-0.099599463,-0.425018105,-0.84463766,-0.114008043,-0.120826821,-0.428451858,-0.108599898,-0.243312859,-0.577873636,-0.13482475,-0.322627647,-0.656234145,-0.143222731,-0.390155453,-0.712962399,-0.15057934,171.9671061,167.4586628,172.6988578,175.7153177,173.0570279,176.7275971,172.7836368,178.9586397,173.1041533,175.3400718,HOUSE
0,0,0,0.154840604,-0.063576916,0.068687671,0.212507368,-0.232481011,0.100588416,0.228493667,-0.363219383,0.108476892,0.249285273,-0.453581652,0.109023636,0.187252863,-0.444959073,0.086907354,0.277191395,-0.613962342,0.0739734,0.345491945,-0.714468018,0.055954638,0.409822103,-0.804740378,0.037604506,0.162969303,-0.467475208,0.018377567,0.264817912,-0.668686074,-0.006528586,0.355695679,-0.795835994,-0.038771454,0.432434323,-0.899385454,-0.064080898,0.135500096,-0.461203294,-0.052070159,0.247756552,-0.655496619,-0.084359038,0.341443861,-0.766999833,-0.117596904,0.417994795,-0.857058403,-0.139806089,0.118231329,-0.420382727,-0.118146196,0.225572736,-0.59699048,-0.152347602,0.304467127,-0.692737039,-0.175440559,0.375979816,-0.759876189,-0.192780223,166.4297226,173.2463587,172.3324095,178.3334414,169.8641706,178.7978813,169.094399,177.7125237,171.8341031,172.7619092,0,0,0,-0.163913792,-0.106175872,0.027826434,-0.214127207,-0.268836297,0.029443821,-0.256147011,-0.382825743,0.015215137,-0.314966395,-0.477165197,-0.004238898,-0.122129492,-0.511867718,0.03369836,-0.252942629,-0.662734017,0.006551885,-0.340593634,-0.758650118,-0.025755558,-0.410340266,-0.847419732,-0.053358664,-0.099610714,-0.516915725,-0.013002959,-0.257506726,-0.703088551,-0.031988842,-0.357514159,-0.80895359,-0.058173982,-0.433330572,-0.897288949,-0.084244626,-0.097173574,-0.478993964,-0.062533875,-0.252858176,-0.667930924,-0.092909781,-0.35262372,-0.764091586,-0.11161459,-0.43001111,-0.83841789,-0.127183391,-0.123269473,-0.413447684,-0.111808079,-0.241634692,-0.563463656,-0.141396223,-0.320443052,-0.644939901,-0.151914077,-0.387101815,-0.70444175,-0.160746932,172.136271,167.9610357,173.5941737,175.8252397,173.4866656,176.3542657,173.4478174,179.2465067,173.2724123,175.7707085,HOUSE
0,0,0,0.159132572,-0.083963406,0.130409334,0.217526772,-0.251558129,0.191411623,0.233328596,-0.371696704,0.216056483,0.255508482,-0.462568687,0.231902183,0.193019839,-0.458240056,0.160603541,0.280953897,-0.615099848,0.1641345,0.35049417,-0.717901734,0.156130026,0.411508913,-0.808644749,0.141719528,0.167628691,-0.471536085,0.0586538,0.276802219,-0.668622474,0.040436327,0.367754153,-0.793534169,0.012129194,0.440980419,-0.897445347,-0.011319011,0.144382044,-0.461919144,-0.043394649,0.26194157,-0.65382196,-0.07633795,0.354839372,-0.762813286,-0.107212027,0.43121711,-0.856422286,-0.128643821,0.133191162,-0.427829447,-0.136524383,0.241251118,-0.594053694,-0.178694121,0.318807189,-0.688641772,-0.207405945,0.389977811,-0.760550656,-0.229773779,166.4505495,173.5775078,173.186634,176.1454579,170.9174089,179.0097656,170.3853,177.5254156,173.6989911,174.70125,0,0,0,-0.165993371,-0.10342833,0.024820666,-0.215149242,-0.268578073,0.024930583,-0.256933724,-0.3848053,0.010321139,-0.316852322,-0.480699616,-0.008996341,-0.12382737,-0.511688241,0.028531966,-0.251410507,-0.664798115,-9.49E-05,-0.339803675,-0.763217463,-0.032621261,-0.410500382,-0.852585266,-0.06027574,-0.100819355,-0.516794574,-0.016330124,-0.258231178,-0.707397827,-0.036601673,-0.357187637,-0.812350195,-0.061999309,-0.429934056,-0.89862233,-0.087376284,-0.097625744,-0.478784922,-0.06418698,-0.252942367,-0.671140638,-0.09529826,-0.35344173,-0.767346992,-0.113635625,-0.429768538,-0.839506802,-0.129077432,-0.122699378,-0.413994791,-0.111997111,-0.237905102,-0.562249237,-0.142481927,-0.317283142,-0.643856047,-0.154088973,-0.383793,-0.70253346,-0.163809951,172.4910275,167.5387787,173.9725868,176.4840389,173.507991,175.8584081,172.7100957,178.9534396,172.8257465,175.5966237,HOUSE
0,0,0,0.160201659,-0.074546632,0.085442596,0.216131395,-0.238553901,0.121385626,0.232470047,-0.36817598,0.129709551,0.24869442,-0.457851608,0.130461934,0.184590098,-0.45669622,0.096838765,0.281540547,-0.627527701,0.085012734,0.352912769,-0.733154222,0.068608147,0.417626626,-0.827265069,0.050288867,0.161595088,-0.47379724,0.017996162,0.26860791,-0.671967926,-0.010293314,0.362166604,-0.796289076,-0.042720279,0.439133792,-0.895803156,-0.068543552,0.135737634,-0.462242942,-0.061570838,0.252463068,-0.649103739,-0.095511243,0.349159695,-0.75423985,-0.127288824,0.426779264,-0.840397955,-0.14993109,0.121375159,-0.417752187,-0.135469874,0.225233988,-0.590952034,-0.172548826,0.302436311,-0.684325293,-0.197150733,0.371126539,-0.749994844,-0.216464534,165.9166591,175.5542436,174.0742458,178.0945883,170.3428004,179.1097666,168.8982254,178.3269039,171.4425696,173.4096115,0,0,0,-0.165101104,-0.097474227,0.026100663,-0.212472536,-0.254605249,0.028163919,-0.245723794,-0.368616118,0.015758333,-0.294844001,-0.467059293,-0.001798801,-0.122594085,-0.502854235,0.027767372,-0.252547874,-0.657368455,0.000717943,-0.342426587,-0.757407942,-0.030478773,-0.413010015,-0.847841426,-0.057056351,-0.098748627,-0.508321421,-0.016458763,-0.258739672,-0.700489198,-0.036403339,-0.361596229,-0.807675397,-0.063281142,-0.436972723,-0.895025836,-0.089350952,-0.09652928,-0.471257062,-0.062761634,-0.252087532,-0.665197025,-0.094789144,-0.354148785,-0.762391571,-0.115989685,-0.431768103,-0.835045621,-0.132650954,-0.123946258,-0.406234986,-0.108291111,-0.240875382,-0.556651046,-0.139386917,-0.319153736,-0.635448433,-0.151205659,-0.385149219,-0.69071565,-0.160439355,173.2808678,169.3564098,174.2519012,176.1077096,173.0270779,176.1073334,172.3009476,179.2272122,172.3942244,174.756043,HOUSE
0,0,0,0.155223705,-0.072046234,0.071678929,0.209889578,-0.240215984,0.10249373,0.223345248,-0.367786019,0.107764606,0.24364381,-0.458161986,0.105369339,0.181677762,-0.451587079,0.08526669,0.270792017,-0.625804914,0.067709093,0.340236553,-0.733430014,0.046558301,0.404504036,-0.830937053,0.0258162,0.159951799,-0.469220205,0.013275805,0.260770382,-0.668031296,-0.016494299,0.351287608,-0.796184861,-0.05125376,0.426409133,-0.901105766,-0.078636192,0.134974209,-0.460058273,-0.060740175,0.247636195,-0.647645727,-0.097412018,0.34323869,-0.757027629,-0.133144606,0.420491798,-0.846292492,-0.157575175,0.120070664,-0.418420881,-0.130130434,0.226928869,-0.581693504,-0.168251482,0.305262509,-0.673854525,-0.194303377,0.374833155,-0.741378207,-0.214335661,165.9020117,172.3177623,172.8812318,178.9866254,170.4354484,179.226629,169.1485019,177.8041874,172.8874123,174.5797094,0,0,0,-0.165380038,-0.1036955,0.030115174,-0.213447373,-0.263710831,0.032370404,-0.250179904,-0.375721168,0.019152191,-0.303909708,-0.472379418,0.00077474,-0.123390514,-0.509086172,0.030860441,-0.253753702,-0.66307801,0.003113394,-0.342777601,-0.760275625,-0.02812398,-0.413424713,-0.850088053,-0.054571661,-0.098610667,-0.513968858,-0.016109002,-0.26069218,-0.704299917,-0.035571509,-0.361391782,-0.809577539,-0.059672387,-0.435501426,-0.896270572,-0.083890227,-0.095230204,-0.476553737,-0.065408014,-0.254417353,-0.668111419,-0.096052259,-0.355408667,-0.764657614,-0.112523541,-0.432202111,-0.838685452,-0.126323443,-0.120541393,-0.411889609,-0.114058743,-0.238349796,-0.560011834,-0.14417521,-0.317262819,-0.639771847,-0.153810575,-0.383468363,-0.698411101,-0.161648635,172.6725232,168.7637086,174.0598155,175.7772466,174.0530416,175.8954579,173.4663991,179.1551432,172.5764159,176.1984817,HOUSE
0,0,0,0.156801231,-0.073742451,0.118076063,0.212984524,-0.238699235,0.172196325,0.22728967,-0.36259521,0.191487472,0.249897418,-0.458245614,0.201824783,0.1923079,-0.453004367,0.149741137,0.279994093,-0.609935924,0.150870712,0.349796557,-0.710064344,0.13966492,0.412506739,-0.800215266,0.123216689,0.166586485,-0.468782422,0.052994724,0.272412293,-0.666977602,0.035634759,0.363923834,-0.792631463,0.005205587,0.439520222,-0.898002441,-0.020336899,0.141926685,-0.45980566,-0.044441413,0.255655824,-0.65420272,-0.075884687,0.349024135,-0.766091881,-0.108502858,0.426053974,-0.861625917,-0.131644031,0.128166063,-0.425334416,-0.134053919,0.235955334,-0.594247288,-0.173641241,0.315338027,-0.688308208,-0.201153675,0.388454414,-0.758093051,-0.222811219,165.3968845,172.7651221,172.0070989,176.6869626,169.670245,179.3865789,169.5332398,177.7930214,172.3969431,173.9268713,0,0,0,-0.164767229,-0.099684903,0.032467155,-0.214596062,-0.26187132,0.03694891,-0.251116474,-0.379223703,0.025687099,-0.300863597,-0.479970577,0.009291469,-0.124105392,-0.498215004,0.032528431,-0.254912987,-0.655462731,0.007492073,-0.343382115,-0.75650849,-0.021006776,-0.412770202,-0.848768893,-0.045863012,-0.100498077,-0.503768942,-0.015611785,-0.261386035,-0.699372353,-0.03402439,-0.362309293,-0.808510239,-0.057798696,-0.435551904,-0.896472868,-0.081430563,-0.098706476,-0.467928926,-0.065594579,-0.255616428,-0.664195053,-0.096301824,-0.356621266,-0.763980654,-0.114583415,-0.432338885,-0.838879337,-0.129412437,-0.126551461,-0.405690352,-0.114475499,-0.243870191,-0.557486082,-0.145821952,-0.32239961,-0.637450472,-0.156715929,-0.387714495,-0.693029924,-0.165092635,173.2333857,170.5461231,174.7815298,175.806609,174.0562105,176.0698171,173.3237883,179.2358891,172.2988518,174.8725383,HOUSE
0,0,0,0.161906026,-0.077924672,0.100210972,0.217023219,-0.242902923,0.138487189,0.232489345,-0.362527763,0.144194442,0.256280405,-0.449675216,0.141181185,0.182689366,-0.450661714,0.108181214,0.275512032,-0.607798309,0.093430145,0.345679156,-0.714365342,0.073920786,0.409330399,-0.810799471,0.052271131,0.159118137,-0.466278013,0.016454417,0.264515332,-0.660482425,-0.016380397,0.358278577,-0.790440195,-0.053069825,0.435612191,-0.896354785,-0.082402172,0.135789803,-0.454715419,-0.075600615,0.250829637,-0.635418765,-0.116751099,0.345708118,-0.743441399,-0.151817136,0.425245346,-0.834923231,-0.176737813,0.126385309,-0.411572674,-0.160969273,0.23009147,-0.565618187,-0.20362801,0.305693558,-0.656908743,-0.230898505,0.373562244,-0.723936219,-0.25267065,165.3290553,170.8325739,175.0538103,178.017791,171.5369005,179.3791719,170.9282401,177.8393069,174.4457533,174.3918976,0,0,0,-0.16232689,-0.093679647,0.02620583,-0.21276086,-0.253625466,0.028868095,-0.248947221,-0.36859283,0.016947406,-0.30029175,-0.46789591,5.54E-05,-0.123376052,-0.499118626,0.029369022,-0.253405145,-0.652534896,0.002312036,-0.343083585,-0.754087193,-0.028409392,-0.413246684,-0.845870975,-0.054841882,-0.100363919,-0.504902793,-0.016398675,-0.259100059,-0.698872004,-0.037199362,-0.359840982,-0.80846827,-0.063870483,-0.433391366,-0.896783158,-0.089173372,-0.097735607,-0.468449459,-0.064637408,-0.254389406,-0.66302168,-0.098353237,-0.355309226,-0.762781151,-0.119367813,-0.430706602,-0.838544554,-0.135297795,-0.123928164,-0.403665036,-0.112193836,-0.243472889,-0.556279339,-0.145910487,-0.32256229,-0.637436773,-0.158564586,-0.387877786,-0.695616441,-0.167806816,173.4265442,169.7629106,174.7431542,176.0200685,173.6661985,176.4137434,173.5169106,179.3273233,172.9336848,175.9272876,HOUSE
0,0,0,0.165119015,-0.090843963,0.13544978,0.221439085,-0.24944979,0.193423932,0.237518731,-0.365075841,0.213429166,0.257357502,-0.455181162,0.22408367,0.197117394,-0.46485375,0.152983673,0.286467715,-0.623729162,0.155623873,0.355182816,-0.730800416,0.15032,0.415609062,-0.821583685,0.137478458,0.171087397,-0.475389254,0.045811583,0.272789719,-0.676779166,0.023070822,0.363155896,-0.799969452,-0.003877189,0.437998504,-0.898600426,-0.025972792,0.14649406,-0.460650381,-0.06061111,0.255762336,-0.647905269,-0.098421668,0.350357107,-0.75489074,-0.12915119,0.428544567,-0.845197047,-0.150199379,0.134056138,-0.42176317,-0.157448956,0.236403276,-0.58792471,-0.205247276,0.314650811,-0.681851363,-0.236538907,0.383194621,-0.74930412,-0.260281563,165.4056783,174.5259679,175.3428825,175.538747,169.69875,178.96581,168.7550419,177.7206867,172.044823,174.4617592,0,0,0,-0.158630344,-0.090495961,0.031573247,-0.204541662,-0.246640239,0.037697637,-0.23301003,-0.359634077,0.028533673,-0.277799838,-0.459648351,0.014216064,-0.124300708,-0.496097464,0.035053816,-0.254737887,-0.646822178,0.011033646,-0.342369606,-0.748467815,-0.017310583,-0.409464364,-0.842743711,-0.042776825,-0.098919191,-0.502346412,-0.013145154,-0.258866316,-0.69685828,-0.032057159,-0.359133141,-0.807841994,-0.057665962,-0.431634315,-0.898245006,-0.082750999,-0.095051645,-0.467115793,-0.063390215,-0.252017495,-0.662853315,-0.096637901,-0.353692357,-0.762950384,-0.117976915,-0.429165693,-0.83959626,-0.134707897,-0.120451777,-0.404745433,-0.112394177,-0.241837081,-0.553800836,-0.146861268,-0.321441451,-0.632318194,-0.160628818,-0.387395042,-0.689671118,-0.171160476,172.9656546,169.6318961,174.9272752,174.74897,173.955852,175.8309099,173.2647247,178.943277,173.0645435,176.3869065,HOUSE
0,0,0,0.16026641,-0.081725359,0.114423106,0.218224403,-0.243042517,0.162234252,0.233593699,-0.362257511,0.176074955,0.254329164,-0.452042756,0.181233242,0.188471124,-0.461856526,0.123116744,0.27997413,-0.622042639,0.116454126,0.348191484,-0.725682536,0.104784286,0.41007332,-0.817402076,0.087872971,0.163736679,-0.47387968,0.025280918,0.265799525,-0.671198183,-0.006567039,0.359672235,-0.795936089,-0.040809252,0.434916755,-0.897910106,-0.067859105,0.138915537,-0.458052338,-0.072067623,0.247976306,-0.635507707,-0.116087036,0.345538502,-0.73870098,-0.153058796,0.424999156,-0.828099049,-0.178057288,0.126808301,-0.413739963,-0.161046056,0.228910849,-0.576650135,-0.211134862,0.306367781,-0.669737347,-0.244634307,0.373009874,-0.737376106,-0.2700042,164.8469831,173.4136416,175.0857364,176.5823591,169.6394115,179.2284354,168.1875753,176.6928418,172.5142514,175.3008699,0,0,0,-0.159159944,-0.094661172,0.036432382,-0.206472069,-0.255994625,0.044779191,-0.23838949,-0.373453203,0.037016869,-0.286177127,-0.47406137,0.023815875,-0.121638727,-0.494436803,0.035839695,-0.254680691,-0.647626626,0.011218127,-0.343771309,-0.748560912,-0.016676615,-0.413170397,-0.8410604,-0.04142536,-0.096609998,-0.501943438,-0.014241348,-0.259081581,-0.696367917,-0.033623782,-0.360370628,-0.807836929,-0.057197635,-0.435043846,-0.896799964,-0.080539906,-0.092678183,-0.467770781,-0.066051602,-0.253988117,-0.660444969,-0.099147384,-0.356225299,-0.760612706,-0.117691447,-0.432973743,-0.837420672,-0.132330788,-0.11806785,-0.406808199,-0.116390595,-0.239279023,-0.55599105,-0.150600675,-0.319245685,-0.63701175,-0.163341528,-0.386060923,-0.696269372,-0.173076956,173.3938365,169.3615666,175.1734057,175.5028575,174.8850771,176.6507405,174.3831719,179.1732553,173.3755961,176.1760167,HOUSE
0,0,0,0.154081374,-0.063391099,0.076724552,0.211173839,-0.230805812,0.111530974,0.224734711,-0.364676112,0.120686476,0.244981243,-0.464358849,0.122361649,0.186600727,-0.443501683,0.090563413,0.278202819,-0.610358316,0.078468434,0.346722088,-0.712621712,0.062446088,0.411062285,-0.805998457,0.044725253,0.161314741,-0.465768481,0.016083297,0.263317667,-0.667555964,-0.012095592,0.354741838,-0.795080609,-0.045194786,0.432190082,-0.898960428,-0.071287324,0.130737941,-0.460135841,-0.059584218,0.239694844,-0.64313036,-0.09680624,0.334077658,-0.747812469,-0.131612828,0.411773408,-0.835181322,-0.154629028,0.10990502,-0.42120279,-0.129895269,0.215625853,-0.592577729,-0.169747706,0.294031534,-0.684471264,-0.19622532,0.36398475,-0.7485217,-0.215871483,165.1790403,173.5694755,173.689647,178.2819029,170.0548676,178.7404153,168.2803873,177.1962416,171.2943872,173.0525433,0,0,0,-0.157494014,-0.09395369,0.027851045,-0.207004771,-0.260331944,0.030825315,-0.244884706,-0.377069704,0.018351735,-0.301253149,-0.475320265,0.000951261,-0.12249066,-0.502283906,0.034043758,-0.249275835,-0.658349448,0.007402654,-0.337745261,-0.75958479,-0.024414993,-0.407928964,-0.849140806,-0.052271912,-0.098439863,-0.508592669,-0.013365246,-0.255971972,-0.701911851,-0.033287667,-0.356444804,-0.810629668,-0.060816577,-0.430787263,-0.89816574,-0.087867158,-0.09319635,-0.474376503,-0.063587003,-0.249901867,-0.667856906,-0.094879659,-0.351713952,-0.766283416,-0.115082213,-0.429241296,-0.840635235,-0.132275153,-0.115248741,-0.413062508,-0.113485786,-0.233117208,-0.562734521,-0.145216903,-0.312611278,-0.643040391,-0.157741118,-0.378989432,-0.701797694,-0.168390558,173.057083,167.8617242,173.8731914,176.9500952,173.0538835,176.3753894,173.0212467,178.8892607,172.8377761,176.1743763,HOUSE
0,0,0,0.154715978,-0.066986783,0.066630458,0.209271517,-0.229979629,0.092683584,0.226343196,-0.356065699,0.095608545,0.247020458,-0.446295097,0.091383681,0.177890752,-0.443531816,0.067344493,0.274719656,-0.612370408,0.046235981,0.346053568,-0.713749339,0.024923061,0.411609781,-0.803006482,0.005546281,0.154460146,-0.462407977,-0.000978468,0.260331963,-0.662876127,-0.035659391,0.354634301,-0.7925693,-0.070610344,0.433226656,-0.896066792,-0.096845073,0.129373988,-0.452324349,-0.070046464,0.243551243,-0.645525636,-0.10776117,0.339122178,-0.762207235,-0.140938871,0.416949041,-0.855386386,-0.162752846,0.117168141,-0.406638706,-0.134501174,0.223895028,-0.581600338,-0.171597622,0.301842871,-0.680228204,-0.195023052,0.370598113,-0.749633756,-0.212266762,166.9990502,173.4641846,173.6418355,178.7348244,171.1793571,178.4692099,170.9477697,177.6675797,173.1570424,173.6479514,0,0,0,-0.154014928,-0.089645867,0.023947216,-0.20551146,-0.2520429,0.027177242,-0.237326985,-0.368155064,0.016401575,-0.28278292,-0.468454058,0.001208208,-0.120325227,-0.494772962,0.027409121,-0.251324936,-0.651014628,-0.000617728,-0.34010597,-0.755291643,-0.032221895,-0.410401514,-0.847613632,-0.059734583,-0.095906571,-0.501096815,-0.018334671,-0.255511927,-0.695013409,-0.041037711,-0.356351622,-0.806828528,-0.069240379,-0.431226023,-0.897169039,-0.095560618,-0.091355881,-0.467409734,-0.066808499,-0.248376302,-0.663435087,-0.101986384,-0.350217348,-0.764878108,-0.123504056,-0.426844736,-0.842028641,-0.139897746,-0.115770475,-0.404839777,-0.114954766,-0.240254656,-0.557956856,-0.153256522,-0.322408144,-0.641379491,-0.168533871,-0.389447954,-0.702621082,-0.178981844,173.3820623,170.5807032,174.7980608,176.9018322,173.970394,176.8619585,173.614509,179.4287417,173.5405113,176.8275485,HOUSE
0,0,0,0.163133806,-0.081881981,0.094077396,0.21832019,-0.250689152,0.135608336,0.234683476,-0.3784192,0.148642071,0.248121797,-0.468035986,0.153331184,0.188323827,-0.45490134,0.105511649,0.279920695,-0.624043457,0.096862399,0.349404938,-0.726571521,0.082138941,0.414297114,-0.820109294,0.06508973,0.164315978,-0.471043359,0.023948347,0.26701977,-0.66757223,-0.000588314,0.359146128,-0.795269818,-0.031332507,0.436263881,-0.898047272,-0.056435122,0.136721597,-0.463727726,-0.057740941,0.248516204,-0.64587577,-0.089301833,0.343339404,-0.758169367,-0.121553979,0.420511303,-0.848737333,-0.144365752,0.12124856,-0.426257771,-0.133056325,0.229780598,-0.598427688,-0.169663924,0.309113202,-0.695967668,-0.195449649,0.379431172,-0.762044535,-0.215388205,167.0357316,176.8816142,172.928042,178.0863512,170.5918305,178.8489538,170.6112612,178.3828986,173.0725111,172.4803817,0,0,0,-0.153496154,-0.091704661,0.023261227,-0.201870595,-0.25584368,0.026175733,-0.234674081,-0.373185787,0.01503602,-0.281271594,-0.476507188,-0.000539266,-0.116468256,-0.498797191,0.029163316,-0.24451714,-0.655619353,0.001543692,-0.332366702,-0.758045665,-0.03017763,-0.400712007,-0.848699095,-0.057608654,-0.092392102,-0.505234091,-0.015871023,-0.249919892,-0.699565113,-0.037063336,-0.351626352,-0.809698247,-0.065162614,-0.425706178,-0.900187415,-0.09185242,-0.089357852,-0.472602725,-0.063850694,-0.243858927,-0.671615673,-0.097833381,-0.346041738,-0.773055964,-0.11945076,-0.422384975,-0.850965234,-0.136427644,-0.115478923,-0.41310634,-0.11146762,-0.235259159,-0.568864996,-0.146601677,-0.31431345,-0.648874845,-0.159771996,-0.378958758,-0.705360298,-0.169527258,173.7327365,171.0023866,174.3567299,176.442691,173.1537753,175.9483272,172.6281579,179.0338059,172.1635103,175.7902917,HOUSE
0,0,0,0.16394647,-0.081771743,0.098266181,0.216978333,-0.255094983,0.141549112,0.235948368,-0.38441273,0.155386191,0.241324175,-0.468621626,0.16085832,0.181830487,-0.444894839,0.113220523,0.276440527,-0.610851699,0.1106015,0.346519512,-0.716375425,0.099212828,0.410991544,-0.812566897,0.084292775,0.157250456,-0.462133403,0.030353119,0.263872514,-0.662535966,0.012648532,0.355050256,-0.79416772,-0.015319205,0.431795105,-0.901163533,-0.038174264,0.130880636,-0.455268523,-0.05163121,0.245309497,-0.649525902,-0.077262244,0.338939255,-0.760016151,-0.105655015,0.413847746,-0.849555206,-0.12553172,0.116289069,-0.418699618,-0.127001117,0.229214066,-0.593800827,-0.156638324,0.30937904,-0.688456162,-0.176038768,0.37833117,-0.750884399,-0.191189144,168.7027197,174.746191,174.1420278,177.7253704,171.4022341,178.9624869,169.2903392,178.4485217,172.5825623,172.4859842,0,0,0,-0.156624723,-0.088151883,0.036895792,-0.206009227,-0.255230512,0.048874466,-0.236282776,-0.375503459,0.044555382,-0.276895289,-0.479547431,0.036353982,-0.12606574,-0.490631988,0.048731166,-0.254620626,-0.637354759,0.029197274,-0.342044244,-0.741939045,0.004514872,-0.410411798,-0.838355738,-0.01893401,-0.101057369,-0.499238114,-0.003263527,-0.25440159,-0.69122922,-0.021777878,-0.352923521,-0.80816889,-0.045741928,-0.42712646,-0.901621995,-0.068123171,-0.096659206,-0.469809888,-0.057843896,-0.247158615,-0.663952525,-0.091412133,-0.350607383,-0.771343331,-0.111416729,-0.429343794,-0.85472366,-0.125778779,-0.121179906,-0.411669134,-0.111217468,-0.243247593,-0.567157017,-0.146984621,-0.325041768,-0.655768266,-0.161122907,-0.39217844,-0.722395973,-0.170852713,173.6127126,172.4693201,175.2486227,175.401013,175.1511385,177.5817207,173.8952818,179.1084469,174.220873,177.3252394,HOUSE
0,0,0,0.165775768,-0.065694883,0.019319615,0.238402469,-0.228817184,0.018109133,0.269720585,-0.355862151,0.003604197,0.297811218,-0.452456984,-0.014562156,0.214845744,-0.425906518,0.002606928,0.302827331,-0.599360297,-0.043877868,0.369246459,-0.716995369,-0.081870146,0.426413616,-0.819439702,-0.111850195,0.180303022,-0.435914251,-0.048221175,0.276197567,-0.640781036,-0.10409317,0.360717863,-0.772668332,-0.15162641,0.43027514,-0.88359549,-0.184722265,0.139586186,-0.400817656,-0.101041972,0.236385318,-0.549539109,-0.160797561,0.328788726,-0.633743355,-0.20244259,0.408266744,-0.706325891,-0.228019913,0.103934311,-0.324700019,-0.151794338,0.182944244,-0.40662125,-0.20374274,0.248327427,-0.451565112,-0.229193156,0.30446533,-0.489989633,-0.246233502,168.2502075,175.413642,176.6201643,178.5208535,172.0976922,177.2153427,166.1526404,174.9190247,167.3016159,176.2244442,0,0,0,-0.159063265,-0.070203797,0.014587744,-0.220330447,-0.231362706,0.012363394,-0.256533709,-0.3525695,0.00129252,-0.302237205,-0.453280117,-0.013303407,-0.132722991,-0.428189327,-0.010121612,-0.25069746,-0.608381959,-0.048069708,-0.338311301,-0.737873023,-0.076856246,-0.404753874,-0.844147592,-0.100020648,-0.104402004,-0.436387399,-0.050270668,-0.251407935,-0.657614154,-0.090840376,-0.352438606,-0.792261721,-0.117888433,-0.41875188,-0.897547263,-0.138042649,-0.10249206,-0.40326282,-0.091815841,-0.246979202,-0.627206769,-0.14085379,-0.349853171,-0.751821013,-0.166730281,-0.418409213,-0.849359298,-0.181740458,-0.131794756,-0.339284098,-0.131894653,-0.245474313,-0.503309652,-0.184347775,-0.33300608,-0.609460309,-0.208612708,-0.397456168,-0.691580835,-0.222110648,174.0142799,171.8541377,178.9587689,177.9148811,176.7098683,175.359689,173.2436657,175.1819963,173.3425308,176.9910479,HOUSE
0,0,0,0.170424207,-0.052810081,0.017779307,0.246828224,-0.220122933,0.017864758,0.28039456,-0.346673893,0.004677177,0.306593027,-0.442216378,-0.011574405,0.209288763,-0.420194912,0.008410783,0.303230047,-0.596168626,-0.039590837,0.375824485,-0.716924861,-0.080484338,0.438199685,-0.818839641,-0.111722334,0.178979388,-0.421215305,-0.040316105,0.283652668,-0.630494963,-0.091356865,0.371546793,-0.76727069,-0.138369111,0.444667478,-0.879130489,-0.171465496,0.146396419,-0.377942423,-0.091883282,0.250785635,-0.54936787,-0.146820954,0.338440207,-0.650604254,-0.188456216,0.41438245,-0.734806688,-0.214697002,0.12242427,-0.294649778,-0.142088048,0.200215428,-0.382066753,-0.19083416,0.262826877,-0.439834202,-0.216952118,0.318085765,-0.491429928,-0.234828482,168.7243299,176.3682029,176.1048582,178.336912,172.9062483,177.6976243,170.6192511,175.5869495,172.2918869,176.1969126,0,0,0,-0.164989583,-0.072682729,0.009718215,-0.225517714,-0.233994179,0.002612394,-0.261416419,-0.348932761,-0.012218696,-0.312658408,-0.441336829,-0.030962621,-0.135566948,-0.429206366,-0.017136014,-0.254252697,-0.600024952,-0.059324274,-0.343222682,-0.725271109,-0.091948779,-0.410926603,-0.829925171,-0.118320967,-0.104540329,-0.434085599,-0.05696434,-0.259740435,-0.65140137,-0.100886149,-0.360320693,-0.78288002,-0.131103553,-0.426590859,-0.891159697,-0.154449454,-0.099665546,-0.395599702,-0.098497474,-0.250936458,-0.614178596,-0.15093565,-0.353077958,-0.737329503,-0.178268209,-0.422568226,-0.84058736,-0.194901229,-0.125782459,-0.324820557,-0.138850475,-0.238545361,-0.481057535,-0.19557673,-0.323445252,-0.587698036,-0.222498483,-0.387708416,-0.679586365,-0.238450205,174.3228364,168.0620056,179.1168144,177.5223323,177.85687,174.1317507,174.8675481,173.945151,174.1303551,175.3104005,HOUSE
0,0,0,0.170246563,-0.066657332,0.035459973,0.243980838,-0.226240026,0.040428311,0.275827015,-0.347878435,0.028145556,0.305027341,-0.441983533,0.011291165,0.212492618,-0.427771369,0.020079583,0.302014244,-0.598278981,-0.022799222,0.369429528,-0.714564805,-0.059381357,0.427918067,-0.814046748,-0.08891688,0.180240096,-0.429350097,-0.039122701,0.282349979,-0.639447488,-0.089672853,0.366289314,-0.775165867,-0.134420834,0.434434348,-0.885184228,-0.166480266,0.144630154,-0.386977727,-0.099814062,0.247248569,-0.561885087,-0.154413891,0.334076024,-0.661511056,-0.193318265,0.409498968,-0.741863065,-0.218741025,0.116896343,-0.303501879,-0.15750789,0.195873263,-0.390520008,-0.207271602,0.258769904,-0.444192496,-0.232616318,0.314630771,-0.489761086,-0.250690893,167.5773395,175.1242579,176.4284007,178.9517321,173.3723784,178.1931253,169.633579,175.9910611,170.9351086,176.7346473,0,0,0,-0.165161831,-0.06197732,0.010504163,-0.226581816,-0.22321293,0.007367999,-0.263286205,-0.340962257,-0.00376908,-0.312291768,-0.437253984,-0.018623965,-0.136360551,-0.434546778,-0.011713297,-0.257470517,-0.608111055,-0.049254257,-0.344515874,-0.734793718,-0.079224073,-0.410680474,-0.839546675,-0.103351436,-0.107415257,-0.442013786,-0.049339254,-0.258743865,-0.657837933,-0.089105914,-0.360420023,-0.788838732,-0.117679283,-0.425764069,-0.894049,-0.139288704,-0.106056155,-0.406615344,-0.088524628,-0.25304378,-0.628413203,-0.138433063,-0.353123082,-0.750261765,-0.165740407,-0.41799882,-0.846022865,-0.181418044,-0.138057039,-0.34094563,-0.126407856,-0.251155099,-0.503802578,-0.177339462,-0.335225384,-0.605725197,-0.200246419,-0.3966201,-0.684869278,-0.21315638,174.5545941,170.0268019,178.8711884,177.778022,176.9826868,174.0965297,174.1612127,174.3531855,173.4795817,176.9445001,HOUSE
0,0,0,0.160198783,-0.063027446,0.017609234,0.234325706,-0.221060507,0.015286175,0.262498731,-0.343397694,0.000138956,0.287039887,-0.440169045,-0.017189025,0.201541086,-0.43472301,0.002478168,0.295401517,-0.61492029,-0.043261733,0.363083308,-0.73515902,-0.079565197,0.419314667,-0.837832569,-0.106496482,0.16537108,-0.438329163,-0.045288958,0.274595033,-0.645702909,-0.097596879,0.358859008,-0.778151164,-0.140331959,0.426680741,-0.88865216,-0.168050241,0.12980967,-0.396136256,-0.094952023,0.238133321,-0.557442949,-0.14904164,0.327637526,-0.651637103,-0.183410924,0.403236474,-0.729012476,-0.202113741,0.104710217,-0.311662402,-0.143209931,0.190967041,-0.398015682,-0.18621136,0.258282981,-0.447079424,-0.20359081,0.315072302,-0.485935641,-0.213510335,166.4093996,176.7411587,177.2323072,178.0427265,174.720562,176.6831056,170.6443146,174.9090369,168.4899595,175.9953939,0,0,0,-0.163752819,-0.063848578,0.013617393,-0.224679329,-0.22550065,0.011181774,-0.262676938,-0.343129432,-1.82E-06,-0.314215631,-0.438415637,-0.015042721,-0.137153329,-0.431356378,-0.009220701,-0.257522638,-0.607089064,-0.046748769,-0.345723574,-0.734594222,-0.076310215,-0.412042912,-0.83967544,-0.09993931,-0.107776718,-0.438553526,-0.048878981,-0.259393352,-0.655864228,-0.088782096,-0.36262431,-0.788316526,-0.11683722,-0.428027766,-0.893232343,-0.137579846,-0.105516777,-0.402669472,-0.089879709,-0.254169519,-0.622811733,-0.139252419,-0.355897031,-0.746272301,-0.16525268,-0.420619733,-0.843800671,-0.179791383,-0.136006172,-0.336081414,-0.129411325,-0.249725444,-0.500546158,-0.179835968,-0.335129392,-0.603084078,-0.201367975,-0.39696244,-0.682519723,-0.212993105,174.8270616,169.1996081,179.0672969,177.5834216,176.8481747,174.0722056,174.4560142,173.7429608,172.9098788,176.7729493,HOUSE
0,0,0,0.156973996,-0.069047277,0.020260492,0.227766417,-0.234983567,0.022283278,0.256853452,-0.361704064,0.010903854,0.28645345,-0.457055326,-0.003790087,0.201911951,-0.433901795,0.009766685,0.292651902,-0.60924662,-0.030736066,0.358261089,-0.726518027,-0.064917522,0.414086907,-0.828028056,-0.091374648,0.168413368,-0.442226316,-0.037632741,0.266148888,-0.649199434,-0.085129559,0.34821565,-0.78382779,-0.127893429,0.414920497,-0.896117133,-0.157527984,0.131879304,-0.408437556,-0.087006558,0.232538812,-0.565926991,-0.138120287,0.323927244,-0.654971387,-0.17540934,0.399834838,-0.727276396,-0.197789829,0.102753387,-0.333298302,-0.13463224,0.187627291,-0.429922167,-0.177310917,0.255988007,-0.478871874,-0.197369203,0.312586783,-0.514176969,-0.210277497,168.3646308,174.5220309,176.7360227,178.4590011,173.1358694,177.4860821,167.2930596,175.6852322,166.4631361,175.6190801,0,0,0,-0.167125739,-0.068365828,0.020585582,-0.227825504,-0.230093762,0.020471715,-0.264564991,-0.347424505,0.010232939,-0.31403067,-0.444667892,-0.004460504,-0.140339636,-0.435543804,-0.005690857,-0.260228258,-0.610711536,-0.041176905,-0.346436949,-0.736443753,-0.068669043,-0.410978952,-0.841788415,-0.090907652,-0.109710906,-0.441213208,-0.048838487,-0.262228963,-0.659345112,-0.08731712,-0.363760507,-0.791180315,-0.112923064,-0.426557736,-0.894745535,-0.132207885,-0.107046868,-0.403225795,-0.092769954,-0.258539502,-0.622197767,-0.141114864,-0.359075394,-0.745418983,-0.164782927,-0.422385922,-0.843271969,-0.178038889,-0.137937667,-0.335398729,-0.134647697,-0.253044287,-0.502588189,-0.183297497,-0.337166093,-0.606379896,-0.203264609,-0.397880875,-0.687428565,-0.214460387,174.2881044,170.0355754,179.1647607,177.0691333,177.3112998,173.6830657,175.1538178,173.4249561,173.3470262,176.8772079,HOUSE
0,0,0,0.165205072,-0.062398619,0.021439102,0.240580068,-0.225355459,0.019584779,0.272870666,-0.351837886,0.003860209,0.30290705,-0.450838153,-0.015283421,0.201457842,-0.436886713,-0.001662584,0.296850863,-0.612793558,-0.051895927,0.366493063,-0.730036468,-0.091999644,0.425015829,-0.830184368,-0.122220288,0.16617062,-0.436971672,-0.053676908,0.273821533,-0.638628863,-0.111034102,0.35933485,-0.77170714,-0.158286674,0.428565506,-0.883235469,-0.190333166,0.131271018,-0.392127049,-0.107226446,0.240371748,-0.538728162,-0.166365899,0.333399496,-0.62809266,-0.206422306,0.411740055,-0.702693844,-0.23045037,0.10643939,-0.307307817,-0.158701055,0.190006998,-0.383422572,-0.208950039,0.255550411,-0.434333305,-0.232503858,0.31070844,-0.478301283,-0.247640161,167.7815909,175.5609599,176.8191024,178.1100485,174.8464451,176.9292896,170.9151046,175.2401977,170.8320388,176.1521426,0,0,0,-0.166312257,-0.069205394,0.027212244,-0.222741775,-0.229186578,0.027199965,-0.25491958,-0.343418634,0.015006562,-0.301603987,-0.440617919,-0.00286324,-0.137068798,-0.431491798,0.000372165,-0.256544698,-0.604122477,-0.036083754,-0.345544884,-0.728761783,-0.065224886,-0.412787432,-0.835424384,-0.089640264,-0.103507319,-0.439529891,-0.049533315,-0.25705755,-0.6561845,-0.090558812,-0.360147369,-0.788559661,-0.121119374,-0.425475414,-0.893305228,-0.144832458,-0.098797235,-0.400758527,-0.099810624,-0.25140979,-0.618884571,-0.151890825,-0.354300382,-0.742970608,-0.180166478,-0.421031944,-0.842391894,-0.197322351,-0.12892763,-0.329878607,-0.14717102,-0.24642124,-0.493316578,-0.199991217,-0.330727323,-0.596669549,-0.223256079,-0.392828704,-0.680850715,-0.237472728,173.0578502,169.5358636,178.6960863,176.7210795,176.9989287,174.0995197,175.2430584,173.9843388,174.0888662,176.4671618,HOUSE
0,0,0,0.169730382,-0.068423458,0.011996573,0.242581045,-0.224448061,0.007757203,0.273122955,-0.350113708,-0.008552303,0.305141585,-0.449675186,-0.026735246,0.216544461,-0.439322781,-0.000770519,0.310916717,-0.61272278,-0.049238318,0.378739701,-0.728655019,-0.088315069,0.43801962,-0.82884093,-0.118134233,0.182178906,-0.44474818,-0.047191793,0.282190185,-0.645272755,-0.104798422,0.365329428,-0.774303521,-0.152326842,0.43523739,-0.881181952,-0.184626061,0.143333192,-0.403710239,-0.096538688,0.24315682,-0.545894231,-0.157306366,0.333708115,-0.626024866,-0.198630331,0.411127662,-0.694082281,-0.223077007,0.110858453,-0.320590058,-0.144736432,0.188681021,-0.392000914,-0.196293808,0.253813388,-0.437922102,-0.221952924,0.309720066,-0.481061665,-0.238486973,167.273047,175.0614906,177.0000324,178.0659211,173.3284053,176.9313006,167.3037256,174.4475137,169.3471269,174.7236117,0,0,0,-0.157819452,-0.070987396,0.013843941,-0.213617671,-0.23723229,0.014806361,-0.250061706,-0.361387541,0.007489329,-0.300277585,-0.459585942,-0.003603392,-0.122508176,-0.422482866,-0.006332572,-0.23842924,-0.59660277,-0.04283308,-0.32483371,-0.732736879,-0.072042363,-0.389832138,-0.844053356,-0.09555923,-0.0981524,-0.434147889,-0.045065202,-0.240515763,-0.650223057,-0.084938441,-0.338495099,-0.793556857,-0.117044018,-0.402188099,-0.904618153,-0.141105385,-0.101806386,-0.406145244,-0.084757954,-0.242415514,-0.62388996,-0.137743708,-0.343593702,-0.757753014,-0.171995419,-0.410289293,-0.858973711,-0.192035088,-0.141184602,-0.349868957,-0.122175656,-0.256797498,-0.511908116,-0.177351411,-0.342617531,-0.616295833,-0.205054703,-0.406696729,-0.696812959,-0.221261703,175.8027458,169.0079778,178.6547842,177.86345,177.9973898,175.5303027,175.8380523,175.748647,174.5282591,177.1735309,HOUSE
0,0,0,0.181250457,-0.063807651,0.038668485,0.259279789,-0.221242694,0.043907487,0.293948418,-0.340949943,0.030627298,0.323865809,-0.44033912,0.012753762,0.217050971,-0.427508892,0.020816153,0.309641301,-0.599513682,-0.027490585,0.379250106,-0.719128127,-0.069347781,0.440541956,-0.823347416,-0.102477924,0.185691452,-0.422057082,-0.042264486,0.294685399,-0.619776704,-0.097872554,0.381325509,-0.757931545,-0.146944131,0.453086572,-0.872650801,-0.18218984,0.151943661,-0.373973473,-0.106896668,0.260654418,-0.531186567,-0.16470286,0.346356462,-0.639099371,-0.205872829,0.420990139,-0.732804358,-0.233393334,0.126614379,-0.28744548,-0.16861745,0.208117028,-0.353190775,-0.219682327,0.270530803,-0.411303939,-0.245978715,0.325974659,-0.469916992,-0.26539957,167.1596823,176.2297444,176.5108994,178.4040777,175.7212429,177.8068077,176.3386919,176.2732938,170.3552586,174.9391877,0,0,0,-0.141700116,-0.068899955,0.002253729,-0.204632976,-0.230908014,-0.003710217,-0.241519278,-0.354137659,-0.016469712,-0.291538142,-0.449772153,-0.032801027,-0.120999903,-0.416685346,-0.018820494,-0.236718549,-0.591298969,-0.062128463,-0.323952102,-0.730172567,-0.097291469,-0.389834291,-0.841586681,-0.125257421,-0.098640474,-0.42899761,-0.055043836,-0.240956652,-0.645157171,-0.100824525,-0.336165796,-0.789986547,-0.138160258,-0.400330244,-0.901299681,-0.165513086,-0.099671172,-0.401323844,-0.093135077,-0.240185905,-0.616098538,-0.148924951,-0.339179276,-0.749815632,-0.185877027,-0.407058711,-0.85141635,-0.207993396,-0.129977665,-0.340689967,-0.130117471,-0.249244425,-0.497364002,-0.190982589,-0.336826723,-0.600290324,-0.221951449,-0.403601398,-0.682289294,-0.239322535,174.1158084,168.7379407,178.5150648,178.4289189,177.8421307,176.6821196,176.7263566,176.4392522,174.7598003,176.1893748,HOUSE
0,0,0,0.178198779,-0.061919054,0.02874255,0.259923693,-0.21920496,0.032383304,0.293796364,-0.342736017,0.020688058,0.317787156,-0.44339724,0.006646151,0.221523807,-0.436991612,0.012802402,0.321063197,-0.605866702,-0.032472215,0.38890743,-0.721690027,-0.069525549,0.448128573,-0.82127866,-0.099189591,0.18577434,-0.437120549,-0.042423504,0.298521701,-0.638677965,-0.097120442,0.384346667,-0.768622331,-0.143338454,0.454040885,-0.873514362,-0.175554933,0.149280083,-0.389264803,-0.099552513,0.260937743,-0.543755993,-0.159559387,0.347795082,-0.631478706,-0.201510316,0.422854472,-0.707793583,-0.227860981,0.124466626,-0.296127606,-0.15411011,0.205770844,-0.348308742,-0.20894158,0.269075063,-0.395739413,-0.239150877,0.324139836,-0.449621387,-0.259956993,166.3000886,176.8012246,177.5317477,178.7703262,174.7973375,177.7676615,171.4718064,175.0321519,170.5334232,170.7714886,0,0,0,-0.152616296,-0.070087109,0.002506307,-0.210617778,-0.230923875,-0.002590543,-0.239662518,-0.361165567,-0.012531103,-0.277706757,-0.458593347,-0.026003364,-0.119653493,-0.414222588,-0.027152061,-0.242386698,-0.5915145,-0.068482606,-0.331311417,-0.729645682,-0.100032265,-0.397758865,-0.84181164,-0.124039538,-0.096528668,-0.427637503,-0.05763115,-0.241809858,-0.645302426,-0.100217922,-0.339761836,-0.790208833,-0.131536566,-0.403134482,-0.901997782,-0.154539933,-0.101865327,-0.401024922,-0.088873527,-0.241228041,-0.620750233,-0.142140005,-0.34040389,-0.756654391,-0.176320918,-0.405806216,-0.857428763,-0.195916457,-0.139909173,-0.344586475,-0.118329135,-0.252611377,-0.505595834,-0.172909129,-0.337271142,-0.608220025,-0.200048609,-0.400541319,-0.686824994,-0.215081935,172.3027774,170.7463456,178.0731578,177.81681,178.9649886,175.5404037,176.3207647,176.1725779,174.0427392,176.8299682,HOUSE
0,0,0,0.178763464,-0.061657179,0.041690924,0.251904017,-0.213404055,0.046523994,0.28165488,-0.330187883,0.031102958,0.315601399,-0.428688077,0.010743447,0.219000953,-0.429528558,0.028281233,0.310883156,-0.600143183,-0.019188698,0.379986238,-0.719739684,-0.061198305,0.439913828,-0.825644829,-0.094379247,0.188710499,-0.424592321,-0.036951022,0.296945293,-0.62058326,-0.093270956,0.382269442,-0.757902434,-0.142775309,0.452584817,-0.873790009,-0.17792696,0.156033699,-0.377935316,-0.103971009,0.265476816,-0.535302378,-0.160745151,0.350875526,-0.641581784,-0.198192345,0.423599609,-0.734865229,-0.222395318,0.131514074,-0.293244306,-0.168251193,0.217831068,-0.377127121,-0.215978828,0.282065726,-0.442394716,-0.237950762,0.337646753,-0.502260712,-0.253823471,165.496068,173.9859863,176.4158309,178.2024441,175.9209806,177.4081374,175.997812,176.0898269,171.7557131,176.9635804,0,0,0,-0.152530212,-0.076269467,0.003942601,-0.209537742,-0.233639088,-0.000770323,-0.237982305,-0.358019142,-0.010847642,-0.277064203,-0.45246734,-0.025283114,-0.123166514,-0.418617135,-0.028231337,-0.240099971,-0.598530191,-0.069719033,-0.324034626,-0.735656715,-0.101174581,-0.387587834,-0.846367508,-0.124948513,-0.099804067,-0.428117257,-0.059952134,-0.239722953,-0.64831908,-0.102462917,-0.334476974,-0.792920679,-0.134133216,-0.396219748,-0.904569079,-0.157368014,-0.103122574,-0.395815791,-0.092153734,-0.238604341,-0.618186529,-0.147102615,-0.334118556,-0.754241712,-0.182018581,-0.398104199,-0.854949008,-0.201631832,-0.136960336,-0.333017005,-0.122043257,-0.248361795,-0.495340333,-0.177516984,-0.32940358,-0.595951033,-0.203593011,-0.390017736,-0.671303674,-0.217765039,172.3900175,169.819665,178.4236682,178.2750574,178.5754155,175.7543451,176.3431927,176.3509046,173.9106058,176.8849962,HOUSE
0,0,0,0.184656872,-0.063452267,0.063896693,0.257932524,-0.208705821,0.074224575,0.287521535,-0.32002807,0.060087818,0.316997633,-0.419541124,0.039133755,0.223623623,-0.432461427,0.032415136,0.31582775,-0.595622991,-0.016435421,0.384284966,-0.715240933,-0.057824613,0.441424346,-0.820037007,-0.091769501,0.191048257,-0.421486052,-0.047569783,0.302745229,-0.615399523,-0.113022517,0.387000631,-0.75226576,-0.164499836,0.454810081,-0.86764015,-0.200869012,0.158418621,-0.368552674,-0.127293469,0.270732143,-0.525611765,-0.192124017,0.356058424,-0.637363855,-0.231259599,0.430020568,-0.737845977,-0.257184677,0.136531219,-0.280633959,-0.201940953,0.225218122,-0.364011198,-0.258502787,0.289696339,-0.436200951,-0.285677176,0.345554948,-0.503185985,-0.30605589,164.0656898,175.2763939,177.8322664,178.514141,177.8023305,177.1741809,176.5148791,176.0339778,169.6301801,176.7969647,0,0,0,-0.151240566,-0.076152347,0.00435068,-0.206191395,-0.243071364,-0.000732744,-0.234996516,-0.373089663,-0.011156207,-0.275698451,-0.473142882,-0.025028282,-0.122909544,-0.430630399,-0.02791157,-0.239670588,-0.603287876,-0.068934372,-0.322891881,-0.737547516,-0.100011691,-0.385958017,-0.849090689,-0.12357084,-0.096011969,-0.439406799,-0.058961541,-0.239022334,-0.650964222,-0.102209041,-0.333313491,-0.792666147,-0.132358879,-0.394157874,-0.906014292,-0.154200109,-0.095660545,-0.405069663,-0.090368264,-0.236661178,-0.617543188,-0.143212492,-0.333270309,-0.753025746,-0.174452118,-0.396387214,-0.85717455,-0.191681147,-0.127528893,-0.340863797,-0.119958691,-0.241690435,-0.498927829,-0.171186271,-0.326634614,-0.603261681,-0.195014702,-0.390087058,-0.6844877,-0.207970684,173.6075497,169.9833181,177.7321892,177.5810099,179.2969118,174.6321677,177.7970724,175.0354639,174.2980554,176.8640529,HOUSE
0,0,0,0.180750533,-0.059002518,0.039268915,0.257236907,-0.209899846,0.043472932,0.288170273,-0.326425389,0.029299515,0.312709371,-0.427207545,0.011612984,0.218553871,-0.435889361,0.019592468,0.319248457,-0.602488891,-0.02730152,0.387434017,-0.720036883,-0.067119864,0.446196084,-0.822660539,-0.098813402,0.184591279,-0.432631414,-0.043511896,0.301190864,-0.629544524,-0.10201486,0.387447213,-0.761899026,-0.150707646,0.456477617,-0.870480567,-0.184097169,0.150521457,-0.382577687,-0.107737393,0.264321671,-0.532924537,-0.168154282,0.353551198,-0.627309026,-0.207660935,0.430688282,-0.712057226,-0.232292185,0.129102687,-0.290677545,-0.168858973,0.215653601,-0.358181806,-0.220905999,0.280329435,-0.414938163,-0.245980662,0.336978029,-0.472842258,-0.263291795,165.5078881,176.7658409,177.0100107,178.5566241,176.3194647,177.3061995,173.9413698,175.0754289,170.3515695,174.0251381,0,0,0,-0.158754274,-0.084374821,0.020121257,-0.209346623,-0.249239812,0.019540147,-0.231475404,-0.376822265,0.01032383,-0.263819998,-0.475703359,-0.003464285,-0.128292978,-0.431248004,-0.016406934,-0.240615398,-0.60437341,-0.053624071,-0.321962496,-0.736850185,-0.08202788,-0.384084657,-0.850831963,-0.104596395,-0.099589288,-0.441181885,-0.055112969,-0.240717142,-0.654604867,-0.094946201,-0.333505769,-0.79617497,-0.123332264,-0.392910423,-0.908044657,-0.145176792,-0.100302531,-0.40506513,-0.092668872,-0.242182203,-0.617824769,-0.143951172,-0.338290063,-0.75452411,-0.174351257,-0.401160287,-0.856992647,-0.192202506,-0.136106806,-0.339581278,-0.126821216,-0.25162005,-0.496922917,-0.17729306,-0.335080082,-0.602021391,-0.200395933,-0.397945775,-0.684501652,-0.213946674,171.7984546,171.0520196,178.5383153,177.0107306,179.1991599,174.7765848,178.2336016,175.9826771,174.7995072,177.3720144,HOUSE
0,0,0,0.174362488,-0.056727895,0.038800631,0.251078488,-0.204111278,0.038790109,0.280863755,-0.322982179,0.020217089,0.311868732,-0.425551852,-0.003493828,0.217444816,-0.432156557,-0.002406119,0.314450648,-0.595391493,-0.059574933,0.382264042,-0.713646995,-0.103908232,0.439572629,-0.819011547,-0.138889251,0.180220776,-0.424921233,-0.070796886,0.293794595,-0.621364966,-0.143210159,0.380035421,-0.752206672,-0.197583927,0.450362106,-0.861514036,-0.234451571,0.142796896,-0.37044748,-0.139246352,0.254189791,-0.51662421,-0.213100816,0.341140884,-0.602529717,-0.2563583,0.418193056,-0.680106486,-0.28276639,0.115537122,-0.278032399,-0.203833826,0.194074582,-0.347423849,-0.270080382,0.256743758,-0.40118878,-0.30163651,0.315150943,-0.452718989,-0.322807582,164.0804488,175.2608914,178.4247077,177.8047317,176.4863849,176.6166854,172.0956874,174.0464797,168.5810926,174.2118147,0,0,0,-0.146833593,-0.081688042,0.009187889,-0.20494246,-0.253385292,0.007631156,-0.235104785,-0.38552034,-0.000486745,-0.275816107,-0.483269811,-0.012566886,-0.130794872,-0.429117532,-0.019264936,-0.240902148,-0.608529926,-0.057855464,-0.319973016,-0.744393083,-0.087397653,-0.380011463,-0.857151594,-0.110269355,-0.106268162,-0.435484254,-0.053081719,-0.243722555,-0.654918346,-0.093107869,-0.332475063,-0.797745558,-0.12231411,-0.389553046,-0.909737185,-0.143619908,-0.105505338,-0.399704077,-0.087188361,-0.24276043,-0.617254895,-0.138244331,-0.334972733,-0.751891355,-0.168057324,-0.396037877,-0.85557501,-0.184689602,-0.132999743,-0.334736261,-0.119157279,-0.244169746,-0.494013798,-0.169671792,-0.322846706,-0.593223646,-0.191358447,-0.381967365,-0.671305051,-0.203110277,173.4542792,169.797261,178.6032916,177.769384,178.8543538,175.193855,177.6768123,175.3873588,174.0419174,176.8158304,HOUSE
0,0,0,0.189660958,-0.070671339,0.083870695,0.260214119,-0.216714573,0.103091218,0.28994362,-0.32841787,0.09421022,0.323079925,-0.42935175,0.077615621,0.22428141,-0.42748561,0.050974146,0.318591276,-0.587326078,0.008212669,0.38760444,-0.704975116,-0.028638398,0.447492867,-0.805473157,-0.060506899,0.191912431,-0.416589663,-0.038582555,0.300269116,-0.618579142,-0.102019471,0.387229662,-0.756921259,-0.15287394,0.456937869,-0.868994724,-0.189884052,0.160134746,-0.370547039,-0.126807458,0.271280286,-0.537107521,-0.191204542,0.36020277,-0.649316735,-0.231398946,0.437208589,-0.748405919,-0.258821559,0.139929545,-0.291674813,-0.207958664,0.234241882,-0.385954215,-0.26611067,0.304411714,-0.465563838,-0.296852806,0.364435956,-0.538957627,-0.32068617,164.4258566,174.4385691,177.8096542,179.3792322,175.7866712,178.2984372,175.0141766,176.5722693,171.8385847,177.0605287,0,0,0,-0.146754048,-0.090842655,0.019983976,-0.205007572,-0.259610209,0.020489716,-0.239995741,-0.3917649,0.012143346,-0.287670368,-0.48853215,-0.000875491,-0.124129336,-0.43078295,-0.01167796,-0.236920085,-0.614385736,-0.047362385,-0.317992724,-0.748180428,-0.074762925,-0.380126074,-0.860166353,-0.096564211,-0.099697168,-0.436679418,-0.05098099,-0.242874638,-0.659024348,-0.088486011,-0.334145477,-0.799913784,-0.115949984,-0.392865975,-0.909308425,-0.137166008,-0.102054866,-0.401338026,-0.089742618,-0.245322996,-0.619278528,-0.136988333,-0.340013557,-0.752386594,-0.164529328,-0.402791277,-0.855241248,-0.180987456,-0.135033065,-0.338335617,-0.125523322,-0.252069685,-0.500567239,-0.172586311,-0.332285301,-0.602457137,-0.192843857,-0.391524447,-0.684796865,-0.20467689,174.4062181,168.1445683,179.2530863,177.7780824,178.715431,175.3155807,177.7779044,175.6087401,175.0239948,176.6480271,HOUSE
0,0,0,0.184904207,-0.062539167,0.048400621,0.260300718,-0.209322392,0.051621782,0.28929189,-0.327124664,0.034660844,0.310068437,-0.431411825,0.012840797,0.223642148,-0.434886215,0.008800495,0.324653958,-0.600107529,-0.044254773,0.392680496,-0.717004234,-0.085468483,0.452362832,-0.815126886,-0.118959605,0.187343454,-0.427622175,-0.064065777,0.303379677,-0.626944456,-0.137363296,0.389703907,-0.756851191,-0.191126877,0.458785292,-0.859124436,-0.226762559,0.150312719,-0.373688634,-0.136680581,0.262278565,-0.520041718,-0.212169857,0.35141915,-0.606367885,-0.257254048,0.43039919,-0.684267429,-0.284472692,0.125985371,-0.280355509,-0.204423311,0.211995078,-0.341154876,-0.271742438,0.277082163,-0.393738817,-0.305235647,0.334682456,-0.447803404,-0.327892591,163.8716733,175.5457932,177.938974,178.643329,176.4666732,177.0230736,171.7305478,173.7791528,168.7354939,172.9090637,0,0,0,-0.155486776,-0.091019211,0.017956406,-0.212028319,-0.25738487,0.014970074,-0.242318299,-0.382220413,0.004032038,-0.283680035,-0.478640208,-0.012111746,-0.130288706,-0.436375147,-0.024205089,-0.238738342,-0.617446829,-0.063816417,-0.317293747,-0.747241489,-0.093270754,-0.376947876,-0.856703198,-0.11620664,-0.100876147,-0.437850167,-0.063468292,-0.243443351,-0.659629111,-0.105763085,-0.33765472,-0.796815351,-0.135458719,-0.396271833,-0.904420845,-0.158087221,-0.098746075,-0.394310269,-0.101447445,-0.24147717,-0.614277177,-0.152966088,-0.338368377,-0.745919845,-0.182901371,-0.401089181,-0.845976279,-0.200880552,-0.128392288,-0.322184064,-0.136078424,-0.24238742,-0.482330195,-0.185923402,-0.322725623,-0.583775473,-0.207779144,-0.381667312,-0.665263863,-0.220979578,173.5494777,169.717065,179.40615,177.3513033,177.9746251,174.1678234,176.5828885,175.4267095,174.5268659,176.7140897,HOUSE
0,0,0,0.184904207,-0.062539167,0.048400621,0.260300718,-0.209322392,0.051621782,0.28929189,-0.327124664,0.034660844,0.310068437,-0.431411825,0.012840797,0.223642148,-0.434886215,0.008800495,0.324653958,-0.600107529,-0.044254773,0.392680496,-0.717004234,-0.085468483,0.452362832,-0.815126886,-0.118959605,0.187343454,-0.427622175,-0.064065777,0.303379677,-0.626944456,-0.137363296,0.389703907,-0.756851191,-0.191126877,0.458785292,-0.859124436,-0.226762559,0.150312719,-0.373688634,-0.136680581,0.262278565,-0.520041718,-0.212169857,0.35141915,-0.606367885,-0.257254048,0.43039919,-0.684267429,-0.284472692,0.125985371,-0.280355509,-0.204423311,0.211995078,-0.341154876,-0.271742438,0.277082163,-0.393738817,-0.305235647,0.334682456,-0.447803404,-0.327892591,163.8716733,175.5457932,177.938974,178.643329,176.4666732,177.0230736,171.7305478,173.7791528,168.7354939,172.9090637,0,0,0,-0.155486776,-0.091019211,0.017956406,-0.212028319,-0.25738487,0.014970074,-0.242318299,-0.382220413,0.004032038,-0.283680035,-0.478640208,-0.012111746,-0.130288706,-0.436375147,-0.024205089,-0.238738342,-0.617446829,-0.063816417,-0.317293747,-0.747241489,-0.093270754,-0.376947876,-0.856703198,-0.11620664,-0.100876147,-0.437850167,-0.063468292,-0.243443351,-0.659629111,-0.105763085,-0.33765472,-0.796815351,-0.135458719,-0.396271833,-0.904420845,-0.158087221,-0.098746075,-0.394310269,-0.101447445,-0.24147717,-0.614277177,-0.152966088,-0.338368377,-0.745919845,-0.182901371,-0.401089181,-0.845976279,-0.200880552,-0.128392288,-0.322184064,-0.136078424,-0.24238742,-0.482330195,-0.185923402,-0.322725623,-0.583775473,-0.207779144,-0.381667312,-0.665263863,-0.220979578,173.5494777,169.717065,179.40615,177.3513033,177.9746251,174.1678234,176.5828885,175.4267095,174.5268659,176.7140897,HOUSE
0,0,0,0.180261517,-0.056950872,0.027941208,0.254661566,-0.210686768,0.025566476,0.281659619,-0.332431277,0.006800612,0.306262414,-0.433389575,-0.016482539,0.220390259,-0.427058164,-0.001765681,0.316844506,-0.588111288,-0.060218819,0.385182021,-0.704941078,-0.108188205,0.444471759,-0.807339566,-0.145318954,0.186277458,-0.419208015,-0.063388296,0.293196041,-0.617430012,-0.131013807,0.378190468,-0.753044303,-0.186503585,0.449839507,-0.86418705,-0.225444364,0.148532697,-0.366403294,-0.126875191,0.253226478,-0.522654622,-0.198053585,0.337528805,-0.617061976,-0.245004649,0.412816519,-0.699891552,-0.274524444,0.118329395,-0.276002181,-0.187643025,0.194851461,-0.339934067,-0.252203114,0.257974298,-0.396715624,-0.285646708,0.31528656,-0.454648151,-0.308630464,164.6238695,175.7333736,177.6714814,177.8411894,175.6897571,177.1643954,172.5435897,174.3797421,168.4161262,173.4146571,0,0,0,-0.14942599,-0.086311446,0.016656043,-0.206099058,-0.255154708,0.014922972,-0.237089679,-0.383556904,0.004989561,-0.277952978,-0.482981065,-0.009667319,-0.131227563,-0.431755567,-0.01986662,-0.242542596,-0.611586619,-0.059637023,-0.321920438,-0.744261812,-0.089249292,-0.381749957,-0.855581931,-0.11198797,-0.103424819,-0.436990587,-0.058391039,-0.243776827,-0.655486336,-0.100222209,-0.335912177,-0.796328778,-0.12940409,-0.394785867,-0.906240321,-0.151236899,-0.10075541,-0.399067406,-0.09638244,-0.241197655,-0.614947928,-0.147586348,-0.337805448,-0.748760204,-0.176947741,-0.401125697,-0.850266455,-0.193836582,-0.128217681,-0.332918073,-0.131472357,-0.243109312,-0.494298309,-0.180306604,-0.325224371,-0.597868393,-0.201469209,-0.386518994,-0.679103125,-0.213651035,173.7549689,170.6013572,179.0414237,177.292509,179.0886974,175.0376099,177.0080092,175.6372776,174.4172558,177.3072027,HOUSE
0,0,0,0.185749528,-0.064845191,0.062296092,0.256980434,-0.21069524,0.071335564,0.282572189,-0.322975894,0.056877669,0.311836947,-0.422761011,0.035126428,0.224839936,-0.425641354,0.018761414,0.319981485,-0.588998922,-0.035727688,0.38798438,-0.708691154,-0.079907557,0.446698804,-0.811450335,-0.115662391,0.188577773,-0.413618226,-0.063393429,0.29717882,-0.613688618,-0.135463035,0.382408136,-0.751396064,-0.191369259,0.451570105,-0.861994139,-0.230327039,0.149908944,-0.360352838,-0.14470231,0.258403128,-0.520534559,-0.219042708,0.344704335,-0.619957932,-0.264634998,0.421731813,-0.707763881,-0.293957507,0.120915344,-0.272065877,-0.220046342,0.205049089,-0.346111487,-0.288075952,0.269095282,-0.402977102,-0.321092193,0.326581258,-0.455994612,-0.344375438,163.2519891,174.1766131,178.1398962,178.9024656,176.548689,177.530813,173.2752426,174.9604407,169.8079515,175.3472567,0,0,0,-0.149452435,-0.086159024,0.016973662,-0.20631987,-0.254948317,0.014065151,-0.239215726,-0.382086891,0.002948925,-0.285402343,-0.479209733,-0.012890094,-0.134109826,-0.425725474,-0.019972414,-0.244779361,-0.598193118,-0.059968462,-0.325934792,-0.729013864,-0.090193024,-0.388169187,-0.840273942,-0.114234415,-0.103634429,-0.433294717,-0.060073527,-0.245113391,-0.650860239,-0.10359421,-0.336892522,-0.792275218,-0.134283362,-0.396372104,-0.90446272,-0.157595503,-0.098554031,-0.394292541,-0.099545563,-0.240835754,-0.609209067,-0.152356394,-0.336346209,-0.744945527,-0.183494364,-0.39929037,-0.850799854,-0.202276684,-0.124955524,-0.325891921,-0.136055536,-0.238994895,-0.482557291,-0.188622474,-0.322629068,-0.58964691,-0.213422282,-0.385782468,-0.677958935,-0.228595674,174.3179901,168.5747756,179.0519005,177.3796912,179.1192596,175.0101117,178.1041669,175.2261742,174.7930887,176.5883322,HOUSE
0,0,0,0.175871881,-0.063418679,0.046156269,0.247460081,-0.210170797,0.048435516,0.272535122,-0.324979814,0.0308693,0.297063101,-0.424893338,0.00716042,0.213884694,-0.429528666,0.00257643,0.311055497,-0.586181881,-0.053252862,0.378244828,-0.699789533,-0.097892113,0.436761254,-0.798940839,-0.134173107,0.178386705,-0.41874638,-0.070406836,0.284169681,-0.623168785,-0.140363972,0.368448142,-0.757815384,-0.196312332,0.439141605,-0.866685926,-0.236664648,0.140137973,-0.365279689,-0.143305126,0.247017903,-0.518364265,-0.218409002,0.33044335,-0.605174604,-0.267820489,0.405781712,-0.683705146,-0.30056204,0.112480771,-0.276054083,-0.211266669,0.191665818,-0.33222103,-0.28396672,0.254215912,-0.383497453,-0.323500635,0.312388234,-0.43718429,-0.351738534,163.4862967,175.2683119,177.7898632,178.7118641,174.8831782,177.6392125,171.6987529,174.4093855,168.6858247,172.8526267,0,0,0,-0.151575264,-0.077241535,0.011566514,-0.212134296,-0.243924125,0.008213504,-0.244027774,-0.371281175,-0.001993269,-0.286789979,-0.468003079,-0.016816364,-0.137657345,-0.424765347,-0.023058284,-0.251058738,-0.599855951,-0.064233389,-0.334087972,-0.73221711,-0.095894091,-0.396385712,-0.842342816,-0.120772707,-0.10902704,-0.431003415,-0.059712887,-0.252192849,-0.648785728,-0.104015449,-0.346054906,-0.788966224,-0.135832304,-0.406052583,-0.899830576,-0.15945606,-0.10474297,-0.392389396,-0.096082225,-0.244568295,-0.60816713,-0.149969478,-0.341124308,-0.742213927,-0.180746126,-0.404446286,-0.845289866,-0.198307368,-0.130002653,-0.323229729,-0.129861204,-0.243873415,-0.482260117,-0.183931448,-0.326130982,-0.586434918,-0.207725992,-0.387073751,-0.67111664,-0.220998889,173.1951375,169.6341751,179.048753,177.3869704,178.8024181,174.6897944,176.925402,175.240949,174.0804429,176.1142483,HOUSE
0,0,0,0.16760323,-0.056526007,0.025756755,0.242009076,-0.210763489,0.022927889,0.268668656,-0.332767545,0.004569458,0.292159593,-0.434482948,-0.018179037,0.205451704,-0.425531587,-0.005325552,0.305422914,-0.594445329,-0.060154958,0.375780292,-0.708721023,-0.104391772,0.43619847,-0.807453026,-0.138652028,0.168794765,-0.424193085,-0.063900192,0.275392017,-0.631258156,-0.127664192,0.363436774,-0.764360053,-0.182108979,0.436895031,-0.872168522,-0.220101798,0.131729275,-0.377742552,-0.123541465,0.238277901,-0.535375664,-0.192262346,0.328065285,-0.619699733,-0.24094471,0.406068006,-0.692275439,-0.271428664,0.10582176,-0.291525415,-0.18012908,0.18398609,-0.349341163,-0.243280312,0.247794996,-0.396351369,-0.276987919,0.305108549,-0.445246401,-0.299479849,164.7015715,175.9810579,177.162839,178.1731224,173.0576299,177.2572685,167.9565765,174.3736675,170.0187671,172.4965062,0,0,0,-0.150677515,-0.071222527,0.014250567,-0.21146713,-0.233666493,0.013488006,-0.242951865,-0.35727438,0.005087984,-0.284395194,-0.451918886,-0.007826476,-0.136443672,-0.418087196,-0.016944582,-0.249378946,-0.589709262,-0.055577019,-0.332203301,-0.722767666,-0.085816894,-0.394277641,-0.834350372,-0.110490264,-0.108783721,-0.427603927,-0.055350084,-0.250472785,-0.645452909,-0.099843834,-0.344141413,-0.788377103,-0.133572106,-0.405585154,-0.900200226,-0.158556727,-0.105222099,-0.392533717,-0.093246158,-0.246165862,-0.606985114,-0.147785542,-0.343412796,-0.742714572,-0.180296451,-0.408478898,-0.846590945,-0.199041155,-0.133126313,-0.326657989,-0.128530016,-0.248124786,-0.487674439,-0.184990981,-0.331282037,-0.593362058,-0.211685042,-0.394143974,-0.679496277,-0.226934876,172.8399845,170.087058,178.5001838,177.2016507,178.4910119,175.6086895,177.5083122,175.7705999,174.6199863,176.2644794,HOUSE
0,0,0,0.175367853,-0.054322945,0.03127889,0.248806898,-0.207195155,0.032351489,0.275506811,-0.322570148,0.017112709,0.302162967,-0.420323114,-0.002529063,0.203105818,-0.431174171,0.004638244,0.305046646,-0.593556857,-0.047576187,0.376930774,-0.713397389,-0.091353985,0.43731996,-0.81732991,-0.12559988,0.170482217,-0.424877792,-0.055554352,0.286368605,-0.622812058,-0.115780654,0.373877868,-0.759726419,-0.168288014,0.445911573,-0.871310754,-0.204891285,0.138801046,-0.369079074,-0.116640295,0.253244953,-0.527221361,-0.181428277,0.338599442,-0.624851695,-0.226706458,0.41325414,-0.710157023,-0.255110155,0.119608774,-0.272415887,-0.174560014,0.201255126,-0.330337032,-0.232802698,0.263326317,-0.385936946,-0.262433612,0.319802011,-0.443720468,-0.282493915,165.2321878,175.7195547,177.5327655,178.2591029,176.1315225,177.4493999,174.9160571,174.7972054,167.8502637,173.2691264,0,0,0,-0.150006704,-0.069561769,0.015699015,-0.213349352,-0.236479183,0.015672681,-0.245195906,-0.361754366,0.006476084,-0.286694486,-0.460287446,-0.007088453,-0.144557439,-0.419328278,-0.009901874,-0.254455454,-0.594511635,-0.049513342,-0.335148298,-0.728761298,-0.081174998,-0.39591259,-0.841918761,-0.107353381,-0.116090086,-0.431588598,-0.051925795,-0.255805296,-0.646129304,-0.096750655,-0.346155288,-0.78874129,-0.132797098,-0.406097463,-0.899765267,-0.159710098,-0.109435812,-0.397884699,-0.094322695,-0.250633615,-0.611964383,-0.150955985,-0.347387478,-0.745710416,-0.186965268,-0.413456465,-0.848825474,-0.208508099,-0.132035554,-0.331831206,-0.134073572,-0.253096683,-0.48768333,-0.193882256,-0.337925191,-0.59149852,-0.223714388,-0.402917259,-0.678453686,-0.241323129,172.3126855,170.8869441,178.7154383,177.2438844,177.7333617,176.0718977,177.5488348,176.0389547,175.4542224,175.8462237,HOUSE
0,0,0,0.175367853,-0.054322945,0.03127889,0.248806898,-0.207195155,0.032351489,0.275506811,-0.322570148,0.017112709,0.302162967,-0.420323114,-0.002529063,0.203105818,-0.431174171,0.004638244,0.305046646,-0.593556857,-0.047576187,0.376930774,-0.713397389,-0.091353985,0.43731996,-0.81732991,-0.12559988,0.170482217,-0.424877792,-0.055554352,0.286368605,-0.622812058,-0.115780654,0.373877868,-0.759726419,-0.168288014,0.445911573,-0.871310754,-0.204891285,0.138801046,-0.369079074,-0.116640295,0.253244953,-0.527221361,-0.181428277,0.338599442,-0.624851695,-0.226706458,0.41325414,-0.710157023,-0.255110155,0.119608774,-0.272415887,-0.174560014,0.201255126,-0.330337032,-0.232802698,0.263326317,-0.385936946,-0.262433612,0.319802011,-0.443720468,-0.282493915,165.2321878,175.7195547,177.5327655,178.2591029,176.1315225,177.4493999,174.9160571,174.7972054,167.8502637,173.2691264,0,0,0,-0.150006704,-0.069561769,0.015699015,-0.213349352,-0.236479183,0.015672681,-0.245195906,-0.361754366,0.006476084,-0.286694486,-0.460287446,-0.007088453,-0.144557439,-0.419328278,-0.009901874,-0.254455454,-0.594511635,-0.049513342,-0.335148298,-0.728761298,-0.081174998,-0.39591259,-0.841918761,-0.107353381,-0.116090086,-0.431588598,-0.051925795,-0.255805296,-0.646129304,-0.096750655,-0.346155288,-0.78874129,-0.132797098,-0.406097463,-0.899765267,-0.159710098,-0.109435812,-0.397884699,-0.094322695,-0.250633615,-0.611964383,-0.150955985,-0.347387478,-0.745710416,-0.186965268,-0.413456465,-0.848825474,-0.208508099,-0.132035554,-0.331831206,-0.134073572,-0.253096683,-0.48768333,-0.193882256,-0.337925191,-0.59149852,-0.223714388,-0.402917259,-0.678453686,-0.241323129,172.3126855,170.8869441,178.7154383,177.2438844,177.7333617,176.0718977,177.5488348,176.0389547,175.4542224,175.8462237,HOUSE
0,0,0,0.190413686,-0.071445686,0.072764345,0.256925255,-0.211308789,0.082275066,0.283177188,-0.320534426,0.067714286,0.314159064,-0.421123019,0.045944047,0.21756516,-0.428627217,0.00577974,0.313191375,-0.582924677,-0.052642115,0.380734638,-0.694094243,-0.096199624,0.440940663,-0.788999902,-0.131939278,0.178832086,-0.41079713,-0.082025511,0.28505611,-0.613766317,-0.16711712,0.371415188,-0.747384473,-0.226325742,0.444913438,-0.854722435,-0.267397815,0.141208473,-0.351905475,-0.166304299,0.247130111,-0.506582421,-0.251345599,0.330847353,-0.595585673,-0.297845839,0.40728742,-0.676805057,-0.327380558,0.116006741,-0.258449746,-0.242811461,0.193321429,-0.328744414,-0.321802818,0.256301776,-0.385537138,-0.361365984,0.314527259,-0.4421623,-0.389175312,163.8604732,174.3969793,179.0673849,178.5492782,175.0645466,176.7390058,171.0841682,173.9771236,167.909964,173.5463731,0,0,0,-0.148464501,-0.076990257,0.014386288,-0.207462629,-0.248068521,0.011303543,-0.23864599,-0.377565818,3.68E-05,-0.285453219,-0.477764363,-0.015958061,-0.143066098,-0.432834879,-0.016920706,-0.25154501,-0.602874535,-0.057337127,-0.332705371,-0.732578815,-0.089255627,-0.394772369,-0.841448703,-0.114479112,-0.110911678,-0.440844147,-0.056398781,-0.251481672,-0.652860796,-0.098763475,-0.343500364,-0.791602719,-0.130042621,-0.404016671,-0.901709066,-0.153919752,-0.102487926,-0.401365394,-0.09607823,-0.244304612,-0.611351458,-0.147789443,-0.339830362,-0.742999412,-0.178342448,-0.404499481,-0.84568629,-0.197002658,-0.124544983,-0.331498055,-0.133328027,-0.239442319,-0.485142967,-0.183764797,-0.320862639,-0.589166169,-0.206936446,-0.381969587,-0.675787624,-0.221265891,173.2838817,168.0730998,179.2214611,177.6216371,178.756942,175.3006098,177.8699699,175.8092488,175.0457635,176.3620766,HOUSE
0,0,0,0.181900122,-0.053711153,0.032100463,0.258297804,-0.209877722,0.032682382,0.284627822,-0.332417354,0.016815008,0.30748211,-0.434560996,-0.003161015,0.208642236,-0.432769335,0.001952205,0.310553482,-0.590535992,-0.051549215,0.382376758,-0.709119895,-0.09575174,0.443081127,-0.813000835,-0.131637888,0.176825171,-0.424385747,-0.059698336,0.290747353,-0.62309887,-0.123496685,0.376846087,-0.756483324,-0.177212315,0.449367884,-0.866942383,-0.215590839,0.145698957,-0.36540847,-0.1223238,0.260652845,-0.522630291,-0.191471715,0.342825733,-0.615201553,-0.239459841,0.41579818,-0.699819865,-0.270512014,0.127609581,-0.265305695,-0.181581991,0.202710076,-0.318953746,-0.246551495,0.263206129,-0.379236014,-0.283523855,0.319379182,-0.445681971,-0.30955921,164.2387636,176.3435191,177.5750468,178.5445424,175.7285193,177.428513,174.6414061,174.2662384,165.712445,171.8175795,0,0,0,-0.147820728,-0.076725411,0.028247283,-0.209215245,-0.241307202,0.031817426,-0.245165219,-0.365176872,0.024389503,-0.291040961,-0.461259822,0.011321832,-0.139208835,-0.425652789,-0.004822514,-0.250882017,-0.602930555,-0.041021418,-0.333146293,-0.732699283,-0.069553496,-0.395040813,-0.841712026,-0.093000076,-0.110615157,-0.434267912,-0.050914457,-0.25315248,-0.653800321,-0.091129118,-0.345684689,-0.793158401,-0.121594368,-0.404611946,-0.902891913,-0.145173572,-0.106884547,-0.396779228,-0.096088504,-0.246295864,-0.618266682,-0.150244513,-0.341586458,-0.749362916,-0.182906735,-0.404538034,-0.8491841,-0.202252176,-0.132765841,-0.329146267,-0.137051571,-0.246211098,-0.491233533,-0.192133634,-0.32686314,-0.59095438,-0.216973976,-0.387023897,-0.669343647,-0.232020319,173.8089232,169.9793521,179.1639515,177.2243433,178.2698618,174.7086547,176.2223361,175.717338,173.9767992,177.2381773,HOUSE
0,0,0,0.18645671,-0.048887622,0.03019159,0.26555652,-0.208573031,0.032172105,0.293264814,-0.333852543,0.017836007,0.3177041,-0.435661031,-0.000946735,0.212409003,-0.428474265,0.008376581,0.316972686,-0.585057345,-0.043273803,0.392916138,-0.699681042,-0.087918388,0.459077486,-0.797449532,-0.124235307,0.180243002,-0.42141136,-0.050787603,0.2942867,-0.624188325,-0.110537219,0.380682076,-0.757256077,-0.164487552,0.456617288,-0.866062771,-0.203558171,0.149582308,-0.363417061,-0.111444336,0.266137059,-0.530479688,-0.177774363,0.349565447,-0.622821398,-0.225478385,0.424960102,-0.705562609,-0.256551402,0.133341543,-0.264538011,-0.169047086,0.208277021,-0.326151018,-0.230448166,0.269189276,-0.385192799,-0.265034266,0.327619992,-0.449535473,-0.289659783,164.4664836,176.0390177,177.3108384,178.860761,174.3902152,176.9727431,172.598894,174.5142043,169.0220233,172.7408019,0,0,0,-0.153429873,-0.089243292,0.034266219,-0.210949794,-0.253255205,0.037428784,-0.24748963,-0.372489149,0.028585658,-0.299558749,-0.46514799,0.013288887,-0.140582419,-0.429902771,-0.005551478,-0.248194877,-0.603016383,-0.041772974,-0.328373057,-0.731312646,-0.069762077,-0.38946332,-0.840824058,-0.093513737,-0.109443894,-0.436182416,-0.055435138,-0.251220351,-0.651860535,-0.097968972,-0.346207267,-0.790638193,-0.129548061,-0.407265866,-0.900091134,-0.154823982,-0.104125334,-0.395620234,-0.103604475,-0.248105607,-0.610624969,-0.157307316,-0.345569072,-0.743910782,-0.190308424,-0.409908316,-0.847292154,-0.211649648,-0.13152183,-0.326658697,-0.147121886,-0.245886226,-0.483405003,-0.203271157,-0.329917657,-0.588470402,-0.231250886,-0.393967405,-0.674461386,-0.249863466,174.3942404,167.0877906,179.4098218,177.152502,178.3014681,174.7857327,177.6125434,175.5558232,174.9480079,177.2417545,HOUSE
0,0,0,0.185932749,-0.052059911,0.029078127,0.263191369,-0.21110673,0.030434229,0.291243889,-0.338106905,0.015725441,0.31795221,-0.439511648,-0.003032979,0.216403345,-0.426146201,0.012654155,0.317155865,-0.588615168,-0.035156023,0.390635028,-0.705031277,-0.077489364,0.454004469,-0.805443132,-0.11194871,0.185473161,-0.424112722,-0.044051926,0.293772061,-0.630359313,-0.098477614,0.377963714,-0.763878954,-0.148925177,0.450398041,-0.873185093,-0.186250901,0.153518691,-0.373230989,-0.102609316,0.2654096,-0.541409331,-0.162305565,0.349420006,-0.631449563,-0.206185386,0.422994779,-0.709862105,-0.235543935,0.133453744,-0.280150307,-0.158562814,0.212319945,-0.344578734,-0.212361761,0.27544076,-0.40116782,-0.242428928,0.333102106,-0.461737756,-0.26462027,164.9021106,175.6360063,176.8878924,178.975266,173.6659426,177.7400388,170.5347176,175.6285415,171.3240906,173.6087473,0,0,0,-0.152126381,-0.080490443,0.030626199,-0.213725752,-0.250048397,0.035045155,-0.250742647,-0.372379261,0.02788005,-0.301289012,-0.467112322,0.015091771,-0.141198576,-0.425911819,-0.00236954,-0.251569578,-0.598323874,-0.039407744,-0.334258785,-0.727471443,-0.068071233,-0.396979914,-0.835849988,-0.092160533,-0.111412246,-0.434946382,-0.051338495,-0.253884488,-0.651277014,-0.096170703,-0.348658757,-0.790338378,-0.129296001,-0.409972554,-0.898930513,-0.154422919,-0.106511945,-0.397200853,-0.099375562,-0.249037076,-0.613982551,-0.156080916,-0.347103586,-0.744249975,-0.189463482,-0.41177137,-0.844960933,-0.209680765,-0.133380721,-0.329600488,-0.143158012,-0.248296631,-0.48651273,-0.201367388,-0.331864739,-0.58973401,-0.229224501,-0.394230213,-0.674486937,-0.246786508,174.409641,168.2281252,179.4782087,177.415646,178.3666019,175.2398858,176.3306376,175.3380878,174.4680332,176.4468436,HOUSE
0,0,0,0.190484423,-0.069949776,0.084691303,0.255673141,-0.217650021,0.102526941,0.281687443,-0.327812555,0.093088525,0.311632909,-0.425433642,0.076774366,0.212579001,-0.435418153,0.049105494,0.307982608,-0.590887347,0.0091079,0.377771286,-0.704486311,-0.025021694,0.437971915,-0.799272508,-0.055185008,0.181721638,-0.419190627,-0.03944455,0.291383618,-0.629926259,-0.100649231,0.37571259,-0.76760767,-0.147992822,0.444090601,-0.87729306,-0.182045115,0.15381774,-0.364482743,-0.125866061,0.268133709,-0.546115301,-0.187951269,0.353835851,-0.666338002,-0.224505692,0.428379634,-0.77302833,-0.249248155,0.140611928,-0.275940817,-0.204880672,0.232774858,-0.368838211,-0.259202378,0.298579995,-0.458066589,-0.286212664,0.35510969,-0.54386416,-0.30741254,164.7276461,174.2704546,177.9631811,178.827023,175.689863,178.2992603,176.0920084,176.7813102,168.1000564,176.3763119,0,0,0,-0.155890777,-0.076364024,0.025961951,-0.21556313,-0.241759291,0.027522504,-0.251064913,-0.36358966,0.018315646,-0.299996659,-0.459296894,0.003606988,-0.142153708,-0.427387527,-0.006483701,-0.253728319,-0.600524135,-0.042386801,-0.33646514,-0.729969154,-0.070755371,-0.398523917,-0.840040121,-0.094377593,-0.111775566,-0.435317238,-0.052299906,-0.254541268,-0.652777967,-0.093150336,-0.348923189,-0.791882203,-0.124516808,-0.408747334,-0.90044066,-0.148769068,-0.106479007,-0.396119888,-0.097237944,-0.250757938,-0.610045969,-0.149179292,-0.348886545,-0.743024527,-0.18088829,-0.412650508,-0.845734678,-0.200526364,-0.133209441,-0.327022853,-0.13866119,-0.248181382,-0.484180522,-0.192250654,-0.332396612,-0.588929697,-0.217733072,-0.395748688,-0.674492931,-0.233626579,174.1026596,168.6183716,179.2686557,176.8476418,178.1074344,174.7527576,177.5333422,175.1711586,174.6825224,176.7848705,HOUSE
0,0,0,0.188446504,-0.052976875,0.038321135,0.263859749,-0.208924931,0.042836702,0.294759119,-0.330870954,0.029068349,0.322382408,-0.431409962,0.011364312,0.214500113,-0.431488899,0.018566819,0.318582898,-0.593068975,-0.02815813,0.392119231,-0.709522131,-0.068675516,0.455611259,-0.810204888,-0.102333665,0.182021669,-0.42610457,-0.044545649,0.293603654,-0.630057157,-0.102832022,0.380408603,-0.762944175,-0.154424131,0.454483639,-0.869892541,-0.191654869,0.150653072,-0.370625236,-0.108683906,0.264953713,-0.526917289,-0.172826411,0.348900379,-0.617022986,-0.218069523,0.423210265,-0.698292559,-0.247746149,0.13422259,-0.272632887,-0.169330855,0.21379029,-0.323011199,-0.227978509,0.274407005,-0.376342884,-0.260501524,0.331451829,-0.436008167,-0.283908367,166.073134,176.3888561,177.1934161,179.2320355,174.1642151,177.4400697,173.312605,174.8608576,167.1999515,172.2847676,0,0,0,-0.155856245,-0.073111668,0.021055131,-0.216207924,-0.234569193,0.020693373,-0.250964455,-0.355084887,0.010657104,-0.297844387,-0.44904385,-0.004844443,-0.140212034,-0.424499779,-0.013399775,-0.254297204,-0.598123548,-0.052885899,-0.338809347,-0.727367209,-0.083218865,-0.402907938,-0.835385487,-0.107381825,-0.1098643,-0.433385447,-0.05695522,-0.253677307,-0.651308239,-0.10208348,-0.3510413,-0.789522529,-0.134701148,-0.41372735,-0.896481778,-0.158587836,-0.105122229,-0.395894905,-0.099923451,-0.249267722,-0.610498024,-0.15579191,-0.349255598,-0.74258037,-0.188101298,-0.414451789,-0.843188931,-0.20646945,-0.132952133,-0.328058338,-0.139517816,-0.250491877,-0.489935216,-0.194041109,-0.334857095,-0.593885791,-0.218187084,-0.396870681,-0.676475098,-0.232215893,173.7207441,168.945885,179.4525415,177.4988487,177.9237646,175.276573,176.6031441,175.2475979,174.1343954,176.6845534,HOUSE
0,0,0,0.188446504,-0.052976875,0.038321135,0.263859749,-0.208924931,0.042836702,0.294759119,-0.330870954,0.029068349,0.322382408,-0.431409962,0.011364312,0.214500113,-0.431488899,0.018566819,0.318582898,-0.593068975,-0.02815813,0.392119231,-0.709522131,-0.068675516,0.455611259,-0.810204888,-0.102333665,0.182021669,-0.42610457,-0.044545649,0.293603654,-0.630057157,-0.102832022,0.380408603,-0.762944175,-0.154424131,0.454483639,-0.869892541,-0.191654869,0.150653072,-0.370625236,-0.108683906,0.264953713,-0.526917289,-0.172826411,0.348900379,-0.617022986,-0.218069523,0.423210265,-0.698292559,-0.247746149,0.13422259,-0.272632887,-0.169330855,0.21379029,-0.323011199,-0.227978509,0.274407005,-0.376342884,-0.260501524,0.331451829,-0.436008167,-0.283908367,166.073134,176.3888561,177.1934161,179.2320355,174.1642151,177.4400697,173.312605,174.8608576,167.1999515,172.2847676,0,0,0,-0.155856245,-0.073111668,0.021055131,-0.216207924,-0.234569193,0.020693373,-0.250964455,-0.355084887,0.010657104,-0.297844387,-0.44904385,-0.004844443,-0.140212034,-0.424499779,-0.013399775,-0.254297204,-0.598123548,-0.052885899,-0.338809347,-0.727367209,-0.083218865,-0.402907938,-0.835385487,-0.107381825,-0.1098643,-0.433385447,-0.05695522,-0.253677307,-0.651308239,-0.10208348,-0.3510413,-0.789522529,-0.134701148,-0.41372735,-0.896481778,-0.158587836,-0.105122229,-0.395894905,-0.099923451,-0.249267722,-0.610498024,-0.15579191,-0.349255598,-0.74258037,-0.188101298,-0.414451789,-0.843188931,-0.20646945,-0.132952133,-0.328058338,-0.139517816,-0.250491877,-0.489935216,-0.194041109,-0.334857095,-0.593885791,-0.218187084,-0.396870681,-0.676475098,-0.232215893,173.7207441,168.945885,179.4525415,177.4988487,177.9237646,175.276573,176.6031441,175.2475979,174.1343954,176.6845534,HOUSE
0,0,0,0.193201527,-0.058712631,0.075264732,0.264489455,-0.200063547,0.086629536,0.29165015,-0.312490674,0.071352892,0.317935176,-0.415981578,0.048891757,0.222518332,-0.427248346,0.032360805,0.324572232,-0.588712012,-0.01583343,0.397343999,-0.704124755,-0.055994138,0.460957804,-0.801256785,-0.091250546,0.18799751,-0.412957728,-0.057487568,0.297872688,-0.627385403,-0.129092424,0.381731681,-0.759413935,-0.184328773,0.452396456,-0.863308203,-0.223688162,0.15388489,-0.355110014,-0.145557379,0.266891025,-0.519598403,-0.220924082,0.352120097,-0.605439677,-0.265299597,0.43071218,-0.686728378,-0.294756249,0.13670239,-0.262978471,-0.226552309,0.219683498,-0.335984273,-0.295882214,0.281841149,-0.394645702,-0.330274124,0.340830416,-0.453628989,-0.35562825,162.4363901,175.5654944,177.7186938,178.8326201,174.1806254,177.2886655,170.319031,174.3880047,169.6530648,174.717922,0,0,0,-0.152601883,-0.077060473,0.022185383,-0.213479848,-0.247277885,0.023925372,-0.248986212,-0.371674276,0.015037563,-0.296663171,-0.468188383,0.00102622,-0.143267262,-0.429800746,-0.005824009,-0.252876549,-0.606130335,-0.042702951,-0.333315536,-0.736911866,-0.071934372,-0.395355382,-0.846197554,-0.095745833,-0.113536981,-0.437565538,-0.050131222,-0.254528513,-0.655438692,-0.091052042,-0.347936026,-0.793131112,-0.121818609,-0.408641583,-0.901096764,-0.145040262,-0.107743325,-0.400358657,-0.094534317,-0.247987952,-0.617044677,-0.145923437,-0.344784785,-0.746351662,-0.176603881,-0.408729512,-0.845829959,-0.19500561,-0.131850081,-0.334288153,-0.13599525,-0.247864293,-0.493930963,-0.186531044,-0.331044102,-0.594510938,-0.209064115,-0.392398873,-0.674798085,-0.222829335,174.142344,169.1094227,179.145056,177.9725652,178.0151281,175.2536906,176.114603,175.5215455,174.227057,176.9759504,HOUSE
0,0,0,0.184387276,-0.065011236,0.077372538,0.252620013,-0.200641972,0.087323413,0.271417058,-0.310977026,0.07224169,0.294319471,-0.417656876,0.049001132,0.22113667,-0.427956672,0.006297295,0.316229542,-0.588075487,-0.051225159,0.383651812,-0.710479179,-0.094111726,0.440729907,-0.810042796,-0.131362148,0.183253533,-0.404550019,-0.08773417,0.290327002,-0.614350627,-0.176233774,0.369205912,-0.74842075,-0.237750095,0.436975599,-0.854560636,-0.280674981,0.146071933,-0.34020863,-0.178086412,0.254554788,-0.498632654,-0.269433207,0.335182953,-0.589379392,-0.322541282,0.410569275,-0.674308206,-0.357571907,0.123459219,-0.245744415,-0.259763402,0.198015226,-0.311260347,-0.349996171,0.257733276,-0.367329051,-0.39859218,0.314463303,-0.424691899,-0.433338604,159.5135187,175.0007096,178.1728646,178.6085563,176.6285181,176.5909542,173.1753162,173.4969928,168.2949978,172.3635497,0,0,0,-0.154628766,-0.074023822,0.022770964,-0.217694159,-0.237462014,0.023573941,-0.254784398,-0.358229684,0.014076894,-0.300615777,-0.453745099,-0.000836049,-0.142295933,-0.423688588,-0.010877601,-0.255197613,-0.602771684,-0.048205083,-0.336163424,-0.732133166,-0.076692095,-0.398706693,-0.839113521,-0.099882411,-0.11297489,-0.431139159,-0.055544264,-0.256934438,-0.652572079,-0.097218848,-0.351864693,-0.790497183,-0.126698741,-0.413366696,-0.898251037,-0.149241578,-0.108875651,-0.394161521,-0.100100567,-0.249210723,-0.616288381,-0.153475608,-0.345797466,-0.744860556,-0.184099529,-0.409517343,-0.84235439,-0.202135953,-0.134713843,-0.327392352,-0.141324747,-0.248560515,-0.491365042,-0.194813418,-0.331256024,-0.592653679,-0.218742693,-0.392149219,-0.670540136,-0.233226345,173.9015245,170.7024553,179.2778962,178.2396232,178.1581812,175.2220372,175.3872564,175.785992,173.6357109,177.5871973,HOUSE
0,0,0,0.176990078,-0.047757153,0.029322876,0.252517219,-0.202178753,0.025649208,0.280894284,-0.322802092,0.005222911,0.307138629,-0.422699564,-0.019868731,0.206332278,-0.425955971,-0.006251088,0.31003397,-0.590462021,-0.064923023,0.383488123,-0.711386493,-0.112914394,0.446101753,-0.813976524,-0.151258199,0.174065673,-0.416663273,-0.070109275,0.289155098,-0.620776574,-0.138918692,0.374457338,-0.753835298,-0.195934384,0.447523499,-0.862476654,-0.236340302,0.143239989,-0.356244366,-0.134857805,0.25946025,-0.515703114,-0.207263254,0.341242701,-0.602230999,-0.255459212,0.414879659,-0.680902165,-0.28686112,0.126518785,-0.256733883,-0.196636137,0.199037335,-0.316338989,-0.264303517,0.258716204,-0.373220868,-0.300488945,0.316400659,-0.433632024,-0.325778478,164.8611665,175.4393758,177.8129425,178.8533071,175.3397559,177.0284466,172.921486,174.1816625,167.3633976,172.673504,0,0,0,-0.156429938,-0.077504112,0.027123476,-0.218506572,-0.244684749,0.029013039,-0.255927935,-0.367019065,0.019817415,-0.3060319,-0.463352753,0.004981937,-0.139371096,-0.426539733,-0.007722015,-0.252840379,-0.600123297,-0.044108674,-0.336665447,-0.729104407,-0.072448517,-0.4007619,-0.838028223,-0.095805436,-0.11007881,-0.433623331,-0.054519566,-0.253688624,-0.650882833,-0.096447358,-0.35104639,-0.789474642,-0.127569686,-0.414024376,-0.897577162,-0.151456445,-0.106636684,-0.395372746,-0.100389881,-0.25045998,-0.611229094,-0.153562611,-0.350593138,-0.744668349,-0.185134318,-0.41664732,-0.84729327,-0.204135383,-0.135425386,-0.328841533,-0.142489856,-0.251429762,-0.491821893,-0.195404799,-0.335555766,-0.596661091,-0.219646929,-0.398706546,-0.680278293,-0.234706164,174.1909646,168.9491938,179.3506471,177.4560725,177.9265519,175.18298,176.7120554,175.5110942,174.3735693,177.3193632,HOUSE
0,0,0,0.186689165,-0.052542749,0.036826591,0.263896873,-0.199074653,0.033355687,0.289752149,-0.321565943,0.011162934,0.31554252,-0.426223054,-0.016309429,0.220832154,-0.429572363,-0.005994169,0.320559424,-0.587612002,-0.068054755,0.393874856,-0.70348618,-0.11740493,0.456637697,-0.802398968,-0.157203939,0.187981906,-0.412589206,-0.076877138,0.297726971,-0.621001687,-0.152998053,0.379044415,-0.750846135,-0.210248084,0.449774561,-0.857180777,-0.250886348,0.154363386,-0.347478019,-0.148894183,0.265972984,-0.510519855,-0.22923998,0.344573568,-0.597801439,-0.277061051,0.417581665,-0.679854735,-0.307996078,0.132379339,-0.24830718,-0.21721495,0.202612599,-0.317441303,-0.293156617,0.263120234,-0.380270944,-0.333357736,0.321410053,-0.446537611,-0.361711889,161.9077663,175.3298915,178.5165758,178.8688958,175.1841535,176.7657987,172.9382705,173.5506063,167.0505147,172.6404433,0,0,0,-0.153856502,-0.070812415,0.022680676,-0.216359975,-0.229600513,0.024054825,-0.253608999,-0.347541345,0.015146754,-0.30017949,-0.440843133,0.000303628,-0.145353311,-0.42744649,-0.009812678,-0.25777588,-0.605149103,-0.046550821,-0.338671603,-0.733189833,-0.074880618,-0.40038874,-0.839137656,-0.098163969,-0.115600178,-0.434610447,-0.054823104,-0.255877544,-0.654635482,-0.096085362,-0.350306028,-0.79204268,-0.12613631,-0.412511009,-0.898695652,-0.148932178,-0.110063496,-0.3954721,-0.099774181,-0.250009189,-0.615477149,-0.153143783,-0.34544445,-0.745218896,-0.184958019,-0.409089641,-0.844772899,-0.204049228,-0.134996461,-0.325347329,-0.141381372,-0.250275808,-0.487903883,-0.196155009,-0.331854994,-0.589845045,-0.221231292,-0.391799333,-0.669789314,-0.236467634,173.9313198,170.196222,179.2058874,177.916192,177.6635282,175.7933707,176.1604191,175.7825762,174.4428865,177.1252773,HOUSE
0,0,0,0.18510644,-0.063865438,0.060591768,0.251282566,-0.199357215,0.064610724,0.274916006,-0.309780187,0.045644205,0.302117047,-0.411364716,0.019053896,0.219973183,-0.427651803,0.00493303,0.312881371,-0.588960074,-0.052642164,0.381233393,-0.70598368,-0.097478665,0.440916757,-0.805483113,-0.135184813,0.184886756,-0.411096709,-0.079421425,0.286398012,-0.622326583,-0.158612676,0.367088587,-0.755378724,-0.217107819,0.436685376,-0.861530791,-0.258979881,0.146708338,-0.350039761,-0.162212416,0.251073715,-0.507651219,-0.245289987,0.333045101,-0.595836724,-0.294763818,0.409378039,-0.676929834,-0.32788484,0.119751602,-0.255718333,-0.238594628,0.190440509,-0.324673404,-0.319404811,0.250827572,-0.379988495,-0.361369365,0.309393278,-0.435771186,-0.391600189,162.2340936,174.5195667,178.7592239,179.1544311,174.3996006,176.9492864,171.2329631,174.1939134,167.7351105,173.2601761,0,0,0,-0.152264722,-0.070498608,0.028487883,-0.216170696,-0.233620806,0.032179233,-0.255239843,-0.356341421,0.024424062,-0.306403775,-0.452759335,0.010866011,-0.140406116,-0.424567082,-0.00172326,-0.254524225,-0.602710173,-0.036780034,-0.338734121,-0.732969444,-0.064729057,-0.40318514,-0.841255018,-0.088021617,-0.112579019,-0.433644304,-0.048958353,-0.256467179,-0.65602063,-0.087934625,-0.352171968,-0.793988147,-0.118039424,-0.413995446,-0.899216337,-0.141484098,-0.110586993,-0.397433167,-0.095710722,-0.25309194,-0.617834721,-0.146850413,-0.350301836,-0.74892665,-0.178822245,-0.41489279,-0.848022948,-0.198607692,-0.139435032,-0.332041374,-0.138669009,-0.255038699,-0.49586292,-0.191649376,-0.336876847,-0.598971088,-0.216692578,-0.398169188,-0.681014711,-0.232383527,174.0186668,169.1155323,179.0707702,177.8496052,177.4185275,175.6772363,176.3753089,176.2141131,174.8682114,177.3121599,HOUSE
0,0,0,0.185662611,-0.058535784,0.040961962,0.259822076,-0.203513939,0.042125959,0.285917885,-0.324465886,0.023780168,0.31135969,-0.42738968,-3.37E-05,0.223363449,-0.428059554,0.007493508,0.319057757,-0.590357633,-0.048963958,0.389073523,-0.708145894,-0.09575217,0.450169643,-0.810508991,-0.133714296,0.190099521,-0.416193452,-0.062701029,0.29267264,-0.626344174,-0.132586982,0.37189002,-0.759726491,-0.187916015,0.441356529,-0.867975754,-0.227645571,0.154175008,-0.358556212,-0.134038057,0.259940247,-0.516426904,-0.208826249,0.338659751,-0.601397005,-0.254755003,0.411432186,-0.67991806,-0.284512224,0.127871029,-0.265039492,-0.201568708,0.201018739,-0.33128776,-0.271709273,0.26203286,-0.387405251,-0.308014501,0.320571951,-0.446369808,-0.333704979,162.6987322,175.4251476,177.7800444,178.7195677,174.6198431,176.8685511,171.6245878,173.8840902,168.2309206,173.0630403,0,0,0,-0.150990679,-0.072621739,0.029204787,-0.213478951,-0.236867172,0.034048635,-0.250410578,-0.359938513,0.027173825,-0.29983535,-0.45515016,0.014803756,-0.142859156,-0.427164493,0.000487758,-0.254623679,-0.60312075,-0.034487563,-0.336619898,-0.733402079,-0.061973686,-0.399553666,-0.842254201,-0.084797493,-0.115311316,-0.438121442,-0.046821238,-0.256153846,-0.656741058,-0.087235314,-0.349279653,-0.795326419,-0.117697383,-0.409504727,-0.901405615,-0.140619332,-0.11208765,-0.402385974,-0.093656518,-0.254487219,-0.617700521,-0.146290486,-0.350086749,-0.749264329,-0.17838809,-0.412914141,-0.849808618,-0.197598423,-0.13894611,-0.336413831,-0.136656432,-0.255167424,-0.495817736,-0.190020312,-0.336353138,-0.597704213,-0.214846497,-0.39658955,-0.679931471,-0.230214602,173.7751222,168.7355003,179.2422096,177.8291408,178.1015172,175.7228884,177.4704172,175.5752987,175.0210544,176.7747535,HOUSE
0,0,0,0.178389225,-0.051471311,0.046106044,0.253759786,-0.195319938,0.047765698,0.278726946,-0.314967881,0.029922404,0.303383688,-0.419500488,0.005610932,0.220149793,-0.424023825,-0.001709369,0.315001149,-0.588554233,-0.058418299,0.384227333,-0.710065404,-0.103789231,0.442921153,-0.813995598,-0.141818345,0.185940057,-0.409012005,-0.076495744,0.29127358,-0.622240918,-0.148259957,0.369421178,-0.757150553,-0.203596757,0.437450478,-0.865542626,-0.243870954,0.149232973,-0.347877999,-0.150953612,0.262290051,-0.506947041,-0.228164712,0.338964658,-0.598913808,-0.276786866,0.411419964,-0.685127671,-0.310289632,0.123938336,-0.252804961,-0.220423498,0.190683644,-0.313443782,-0.298280468,0.248714309,-0.369703016,-0.340372582,0.30776614,-0.430000168,-0.370656803,161.8529379,175.2916116,178.5621329,179.4122934,175.4512246,177.1370521,175.8476892,174.441472,166.6055278,172.0918263,0,0,0,-0.149039186,-0.069854544,0.025595905,-0.210015655,-0.235453583,0.028547972,-0.246739065,-0.360390125,0.020833204,-0.296324709,-0.457657465,0.008053539,-0.141923477,-0.432717151,-0.005177828,-0.253564338,-0.612146504,-0.041079666,-0.333953073,-0.739438107,-0.06818591,-0.395957826,-0.845307894,-0.090151281,-0.114210891,-0.441505992,-0.049981755,-0.25658717,-0.661387287,-0.089808059,-0.350266391,-0.796446264,-0.116715067,-0.410974763,-0.901299391,-0.136964053,-0.111527465,-0.404813886,-0.09479519,-0.252627171,-0.624471118,-0.146302691,-0.346443168,-0.749797269,-0.175091865,-0.407755536,-0.846672273,-0.192012977,-0.138353672,-0.33869112,-0.136178924,-0.253055423,-0.49900371,-0.187831173,-0.334064,-0.59847102,-0.210976274,-0.393071705,-0.677643323,-0.225070203,174.1868463,168.9019094,179.2112015,178.0574718,178.049456,175.3612972,175.8852389,175.1101922,174.3232651,176.7455381,HOUSE
0,0,0,0.183563382,-0.042919813,0.036494575,0.260550417,-0.19392869,0.036290101,0.289692746,-0.317193907,0.017070957,0.3221815,-0.422457239,-0.00665087,0.213654145,-0.432147928,0.011437642,0.317057298,-0.590069068,-0.042022968,0.391746394,-0.706596051,-0.088732913,0.456751171,-0.807535463,-0.126850723,0.182015565,-0.423965048,-0.055023132,0.295397752,-0.626476228,-0.119428689,0.379814427,-0.757960484,-0.175141002,0.452533804,-0.865412813,-0.215113501,0.153284988,-0.364926952,-0.122559088,0.270736455,-0.523347222,-0.19027033,0.35295292,-0.609373814,-0.234342263,0.425852364,-0.689492112,-0.263277273,0.14064483,-0.266109394,-0.187015297,0.217409668,-0.334843221,-0.246573524,0.277509322,-0.39413649,-0.276325849,0.335145301,-0.455758682,-0.297655549,163.874919,174.8033668,177.0849223,178.8600207,174.7140875,177.1395186,173.1147806,174.4469812,169.0783008,174.2998887,0,0,0,-0.152974236,-0.07296582,0.023237996,-0.21345932,-0.24412046,0.02626395,-0.248678423,-0.370410116,0.018506583,-0.298438957,-0.469102974,0.005802379,-0.145439975,-0.428700615,-0.000613901,-0.255064728,-0.60182452,-0.037035844,-0.337303935,-0.730080576,-0.06599407,-0.400336169,-0.836850285,-0.090040949,-0.115807879,-0.439186039,-0.04582379,-0.25652201,-0.655414311,-0.086537616,-0.350920516,-0.792562535,-0.117456465,-0.41284888,-0.899771682,-0.14130365,-0.110566405,-0.40415214,-0.091698666,-0.2490909,-0.622172809,-0.14509245,-0.346660027,-0.748259547,-0.177696025,-0.412127793,-0.844912028,-0.19766228,-0.134902455,-0.339287918,-0.134456792,-0.246880036,-0.495896958,-0.189284879,-0.328906818,-0.596052113,-0.216142486,-0.39019706,-0.675953926,-0.233197368,174.1623613,168.4161081,179.1452419,177.8653754,177.8345053,175.5134307,174.7908177,175.9616069,174.4424738,177.1867707,HOUSE
0,0,0,0.165300665,-0.058102718,0.027955947,0.22727659,-0.215677299,0.029057286,0.245070314,-0.335965144,0.012636438,0.27271674,-0.432483026,-0.008164519,0.191752991,-0.427017837,0.027285629,0.284965725,-0.59529724,-0.018037195,0.357681198,-0.708922211,-0.059694923,0.421248324,-0.803838728,-0.091323099,0.164190349,-0.429949274,-0.028060851,0.260856647,-0.641630295,-0.077801725,0.347840418,-0.782250306,-0.126192297,0.420312288,-0.893003193,-0.160881562,0.138174149,-0.398912806,-0.087058168,0.23898931,-0.598100915,-0.137340624,0.326891981,-0.725161414,-0.175952171,0.401775965,-0.829060533,-0.200581404,0.123493832,-0.333539675,-0.144728425,0.214291912,-0.460559389,-0.186801338,0.285872442,-0.554568668,-0.20966592,0.347986749,-0.635189915,-0.225726819,164.6804142,171.5141947,174.7360646,177.9086048,171.8258821,177.8068636,172.2552448,176.6442537,175.5177822,177.9269572,0,0,0,-0.160517644,-0.080918206,0.013811898,-0.222760562,-0.232998836,0.012425822,-0.263850685,-0.335582669,0.001210938,-0.313479993,-0.413535233,-0.014463326,-0.149622738,-0.45709877,0.003985419,-0.261772125,-0.623869312,-0.031701278,-0.340322898,-0.750815367,-0.064270397,-0.39940698,-0.853250671,-0.090191138,-0.126825892,-0.456730164,-0.036380554,-0.265482035,-0.654985902,-0.070019459,-0.35642627,-0.790767425,-0.101263212,-0.415374171,-0.90090853,-0.125809852,-0.125356266,-0.414970426,-0.079298419,-0.260701728,-0.616684598,-0.125661729,-0.350426119,-0.742206256,-0.157326845,-0.409064403,-0.841909684,-0.1771922,-0.150064586,-0.342556267,-0.120782179,-0.260999632,-0.485367554,-0.170111633,-0.33710959,-0.576944432,-0.192574907,-0.391723265,-0.650786516,-0.205821229,174.6492572,168.756663,176.8813013,178.2028119,176.8523111,174.4187701,178.1133037,174.6385604,175.0468909,175.9181463,HOUSE
0,0,0,0.172391846,-0.065995798,0.037915887,0.234736112,-0.23463496,0.045197707,0.255081339,-0.364398413,0.03399265,0.272290651,-0.466472821,0.016213002,0.175692974,-0.424829446,0.029034923,0.270688532,-0.588528602,-0.013713093,0.34590096,-0.700425487,-0.053125624,0.413943706,-0.792901698,-0.083527192,0.148237532,-0.425977079,-0.029000134,0.241007677,-0.64603255,-0.079454121,0.33374426,-0.785628601,-0.129280005,0.416075692,-0.894286354,-0.16472078,0.127497219,-0.391297551,-0.088590783,0.225545653,-0.609244676,-0.142276013,0.322112565,-0.732912165,-0.184140039,0.404025804,-0.8288406,-0.209307489,0.119786817,-0.319820494,-0.145077591,0.212578204,-0.475055102,-0.190911604,0.290334351,-0.576211883,-0.216451698,0.358361316,-0.65899567,-0.233628014,166.5393822,175.0609163,174.8720507,177.1920797,168.6074487,176.0185021,166.438681,175.5795833,172.8562893,177.0838965,0,0,0,0,0,0,0,0,0,0,0,0,0,0,0,0,0,0,0,0,0,0,0,0,0,0,0,0,0,0,0,0,0,0,0,0,0,0,0,0,0,0,0,0,0,0,0,0,0,0,0,0,0,0,0,0,0,0,0,0,0,0,0,0,0,0,0,0,0,0,0,0,0,HOUSE
,,,,,,,,,,,,,,,,,,,,,,,,,,,,,,,,,,,,,,,,,,,,,,,,,,,,,,,,,,,,,,,,,,,,,,,,,,,,,,,,,,,,,,,,,,,,,,,,,,,,,,,,,,,,,,,,,,,,,,,,,,,,,,,,,,,,,,,,,,,,,,,,,,
,,,,,,,,,,,,,,,,,,,,,,,,,,,,,,,,,,,,,,,,,,,,,,,,,,,,,,,,,,,,,,,,,,,,,,,,,,,,,,,,,,,,,,,,,,,,,,,,,,,,,,,,,,,,,,,,,,,,,,,,,,,,,,,,,,,,,,,,,,,,,,,,,,
,,,,,,,,,,,,,,,,,,,,,,,,,,,,,,,,,,,,,,,,,,,,,,,,,,,,,,,,,,,,,,,,,,,,,,,,,,,,,,,,,,,,,,,,,,,,,,,,,,,,,,,,,,,,,,,,,,,,,,,,,,,,,,,,,,,,,,,,,,,,,,,,,,
