0,0,0,0.231670726,-0.175485079,0.019484656,0.345823064,-0.41227541,0.009062578,0.397494039,-0.593162644,-0.020812124,0.421551232,-0.708999092,-0.047715551,0.130272529,-0.682561035,0.010119575,0.273576348,-0.851124487,-0.053658805,0.421167073,-0.864870904,-0.0967972,0.528501853,-0.840385569,-0.120157755,0.060975153,-0.651549132,-0.042627288,0.283910273,-0.799244698,-0.125632368,0.373785608,-0.649494944,-0.155214679,0.372575548,-0.522818113,-0.157794459,0.024567944,-0.574847013,-0.098264817,0.256439912,-0.711334722,-0.173757088,0.334319974,-0.561856377,-0.161546454,0.312827863,-0.444085724,-0.132308915,0.010082432,-0.469530349,-0.153985908,0.208937789,-0.590582997,-0.198519462,0.278786086,-0.482313232,-0.177685007,0.262549624,-0.383057282,-0.150547314,168.1380958,174.3687434,137.5242904,161.8720594,90.43257203,147.5319876,86.03499478,141.4486593,89.73244861,138.4620759,0,0,0,0,0,0,0,0,0,0,0,0,0,0,0,0,0,0,0,0,0,0,0,0,0,0,0,0,0,0,0,0,0,0,0,0,0,0,0,0,0,0,0,0,0,0,0,0,0,0,0,0,0,0,0,0,0,0,0,0,0,0,0,0,0,0,0,0,0,0,0,0,0,MALE
0,0,0,0.245654421,-0.191592135,0.023556044,0.356826339,-0.454873211,0.006890226,0.408502199,-0.647214715,-0.03057481,0.406295469,-0.770797191,-0.06314208,0.098326511,-0.727692998,-0.003047652,0.278267951,-0.897480282,-0.069977665,0.427634388,-0.886511994,-0.106712717,0.529479474,-0.839105478,-0.124713607,0.028852195,-0.68690967,-0.059037692,0.304324355,-0.834453355,-0.143717432,0.371724965,-0.67354696,-0.155663269,0.349594301,-0.568863208,-0.145943139,0.008150909,-0.600798628,-0.117752725,0.28045989,-0.734788115,-0.189315414,0.345204328,-0.576135622,-0.158696474,0.308893026,-0.472115088,-0.119480481,0.014961789,-0.48835814,-0.177118609,0.237607252,-0.618596785,-0.20908375,0.291623265,-0.503420871,-0.173799682,0.256510473,-0.40964624,-0.14058005,169.3047132,163.8003059,134.0363639,159.1236561,85.78404937,144.1923782,83.84627104,138.9512828,83.1346095,136.337384,0,0,0,0,0,0,0,0,0,0,0,0,0,0,0,0,0,0,0,0,0,0,0,0,0,0,0,0,0,0,0,0,0,0,0,0,0,0,0,0,0,0,0,0,0,0,0,0,0,0,0,0,0,0,0,0,0,0,0,0,0,0,0,0,0,0,0,0,0,0,0,0,0,MALE
0,0,0,0.264529877,-0.209206424,0.028461172,0.365589534,-0.46245397,0.002973923,0.424605124,-0.634467606,-0.047799656,0.408650544,-0.750604481,-0.090594528,0.067841832,-0.775477591,-0.003732922,0.280001882,-0.9252863,-0.084995393,0.434225752,-0.891027047,-0.132358592,0.533936878,-0.810673114,-0.154155471,-0.000909065,-0.718742199,-0.066415139,0.294396883,-0.878580134,-0.155127932,0.375306426,-0.722881753,-0.167160806,0.369271939,-0.604853293,-0.157502117,-0.00899868,-0.622593044,-0.132845156,0.277788023,-0.763813972,-0.200933599,0.347553667,-0.606776477,-0.163699991,0.313499604,-0.487337125,-0.120371652,0.021937795,-0.499869839,-0.201840572,0.256943869,-0.623903488,-0.224049855,0.315853045,-0.519907784,-0.182087063,0.284298388,-0.423545594,-0.144336965,169.3643241,154.1641572,134.4576642,153.4317241,90.06943822,148.4455746,85.30460752,141.0758409,90.0221929,135.323438,0,0,0,0,0,0,0,0,0,0,0,0,0,0,0,0,0,0,0,0,0,0,0,0,0,0,0,0,0,0,0,0,0,0,0,0,0,0,0,0,0,0,0,0,0,0,0,0,0,0,0,0,0,0,0,0,0,0,0,0,0,0,0,0,0,0,0,0,0,0,0,0,0,MALE
0,0,0,0.275467506,-0.209107778,0.015982806,0.38320169,-0.500604722,-0.017687824,0.443448084,-0.713193386,-0.072500792,0.445521602,-0.849293423,-0.117887134,0.078154992,-0.797698652,-0.035945486,0.306896886,-0.931034217,-0.116704044,0.454826097,-0.878071148,-0.148742329,0.541473802,-0.791328624,-0.160472623,0.01264403,-0.743528829,-0.094062357,0.345465276,-0.882016694,-0.190025572,0.422527758,-0.683876374,-0.191234096,0.404979562,-0.539951093,-0.173287416,0.0064508,-0.652783033,-0.155173718,0.334523608,-0.77153439,-0.233498979,0.399490784,-0.581137226,-0.187325424,0.357768548,-0.444985389,-0.1378218,0.035668054,-0.534565037,-0.218992031,0.304073371,-0.630446012,-0.253219218,0.352075865,-0.496212076,-0.211285146,0.305766953,-0.390029135,-0.173602521,171.0847288,164.9503238,131.4128164,154.2333923,88.7891173,150.9087446,86.18381619,145.02144,88.09021998,138.7510869,0,0,0,0,0,0,0,0,0,0,0,0,0,0,0,0,0,0,0,0,0,0,0,0,0,0,0,0,0,0,0,0,0,0,0,0,0,0,0,0,0,0,0,0,0,0,0,0,0,0,0,0,0,0,0,0,0,0,0,0,0,0,0,0,0,0,0,0,0,0,0,0,0,MALE
0,0,0,0.271657991,-0.231811709,0.007286875,0.361766658,-0.528048682,-0.030409043,0.406522228,-0.738974894,-0.088420152,0.431327577,-0.8921277,-0.134404941,0.052826118,-0.790968274,-0.041551967,0.283591171,-0.933813518,-0.137275982,0.417166118,-0.871404471,-0.180485906,0.481176651,-0.781805318,-0.195769612,-0.013097441,-0.731074039,-0.094870854,0.319964108,-0.876845113,-0.196493672,0.407739996,-0.686903984,-0.202304247,0.397500901,-0.544741223,-0.187969246,-0.014823522,-0.637532211,-0.153713766,0.316779262,-0.764303188,-0.234751216,0.384270348,-0.584584229,-0.189924135,0.350045866,-0.451661299,-0.140997095,0.022825712,-0.522268218,-0.216404596,0.291467566,-0.626028721,-0.249604958,0.345826922,-0.503649875,-0.208956282,0.314802683,-0.401501777,-0.171988629,170.5378412,176.9151806,126.0902305,150.0666333,91.54989896,150.1962255,86.77739918,145.8425676,90.78462779,141.170863,0,0,0,0,0,0,0,0,0,0,0,0,0,0,0,0,0,0,0,0,0,0,0,0,0,0,0,0,0,0,0,0,0,0,0,0,0,0,0,0,0,0,0,0,0,0,0,0,0,0,0,0,0,0,0,0,0,0,0,0,0,0,0,0,0,0,0,0,0,0,0,0,0,MALE
0,0,0,0.255341111,-0.237757678,0.000917901,0.334267649,-0.56152689,-0.039209113,0.368209041,-0.783528045,-0.096209017,0.400144022,-0.894325873,-0.136680952,0.000992663,-0.800247602,-0.0581269,0.275176634,-0.94803434,-0.159714461,0.382238244,-0.793920079,-0.207056248,0.408702657,-0.667432771,-0.224235412,-0.053745665,-0.72644474,-0.106694221,0.298793035,-0.86800971,-0.203652445,0.364939958,-0.65918437,-0.207373471,0.329070658,-0.532180185,-0.195878275,-0.047603267,-0.632988667,-0.161180342,0.298127151,-0.753968318,-0.234259347,0.355336972,-0.555800804,-0.1862653,0.307213477,-0.426733437,-0.139430226,-0.001299545,-0.526208853,-0.220521523,0.272008223,-0.630978687,-0.249640863,0.324503112,-0.494319072,-0.208823929,0.287779668,-0.389168609,-0.174163086,171.1251123,171.267952,100.3463186,156.5121714,86.07344293,146.1578491,84.41189373,144.4584252,88.51429388,141.4065846,0,0,0,0,0,0,0,0,0,0,0,0,0,0,0,0,0,0,0,0,0,0,0,0,0,0,0,0,0,0,0,0,0,0,0,0,0,0,0,0,0,0,0,0,0,0,0,0,0,0,0,0,0,0,0,0,0,0,0,0,0,0,0,0,0,0,0,0,0,0,0,0,0,MALE
0,0,0,0.208026194,-0.283920204,0.004059403,0.267751966,-0.597920456,-0.035739845,0.311874644,-0.807056286,-0.09145938,0.365378348,-0.921756495,-0.129860026,-0.06411535,-0.781437075,-0.052596496,0.220694923,-0.948946005,-0.161344126,0.325299997,-0.798765661,-0.215282728,0.346042845,-0.659860471,-0.233560044,-0.096708881,-0.702050222,-0.101906966,0.258129078,-0.865574825,-0.203809128,0.322122678,-0.669311989,-0.209187247,0.28702244,-0.53325384,-0.195830311,-0.072975384,-0.607725423,-0.158100768,0.261353502,-0.75080139,-0.22993933,0.310919109,-0.56908327,-0.180346236,0.267884536,-0.443726496,-0.131164473,-0.012278012,-0.505754162,-0.218923975,0.241279845,-0.626826496,-0.244451969,0.283061065,-0.50083758,-0.200711195,0.251332247,-0.402396212,-0.162650992,172.3911718,167.1867578,99.10371514,152.7091853,83.91533176,146.7816215,79.63467049,146.9679089,81.57646261,145.8116569,0,0,0,0,0,0,0,0,0,0,0,0,0,0,0,0,0,0,0,0,0,0,0,0,0,0,0,0,0,0,0,0,0,0,0,0,0,0,0,0,0,0,0,0,0,0,0,0,0,0,0,0,0,0,0,0,0,0,0,0,0,0,0,0,0,0,0,0,0,0,0,0,0,MALE
0,0,0,0.233284111,-0.26212131,-0.009565547,0.295835189,-0.576351526,-0.057667729,0.325363367,-0.796385066,-0.122011533,0.364727272,-0.915563685,-0.169461368,-0.033632594,-0.772412315,-0.071903545,0.239665703,-0.946044664,-0.183812442,0.340169614,-0.779982772,-0.23658984,0.353575504,-0.636463616,-0.252806429,-0.080858434,-0.690462754,-0.116097845,0.263595159,-0.845306856,-0.219533165,0.332708368,-0.630745943,-0.225979212,0.296062052,-0.483201925,-0.215057608,-0.067210962,-0.59269126,-0.168125168,0.267081548,-0.724340828,-0.247575899,0.325481128,-0.524277689,-0.203809835,0.282047768,-0.377561027,-0.157459014,-0.009514915,-0.492509784,-0.225686217,0.246317994,-0.626907679,-0.259316064,0.307306578,-0.509176608,-0.223258822,0.285169942,-0.401117502,-0.190527672,171.5879721,168.9261769,93.77740193,153.1617602,84.31297047,147.6988463,82.4523805,147.9047172,87.94649357,142.552291,0,0,0,0,0,0,0,0,0,0,0,0,0,0,0,0,0,0,0,0,0,0,0,0,0,0,0,0,0,0,0,0,0,0,0,0,0,0,0,0,0,0,0,0,0,0,0,0,0,0,0,0,0,0,0,0,0,0,0,0,0,0,0,0,0,0,0,0,0,0,0,0,0,MALE
0,0,0,0.217977968,-0.277182063,0.00333872,0.269758323,-0.584014807,-0.039208249,0.305376542,-0.791060349,-0.098575343,0.357991883,-0.923008243,-0.141058833,-0.05419224,-0.75514141,-0.064108919,0.213124748,-0.93383115,-0.170086834,0.332593734,-0.801829302,-0.21786305,0.367262182,-0.672267606,-0.232283955,-0.091782657,-0.676538301,-0.112926879,0.246194909,-0.859620616,-0.213130822,0.324231077,-0.663937944,-0.21335076,0.298079839,-0.525630221,-0.197107721,-0.068738786,-0.586635949,-0.167820808,0.254406131,-0.743282857,-0.240513207,0.31494584,-0.560853571,-0.188288019,0.273182101,-0.431469641,-0.137489208,-0.007579797,-0.49249622,-0.227527572,0.242375078,-0.622600458,-0.256508593,0.296176748,-0.505875998,-0.214210386,0.26698682,-0.409760201,-0.176796728,171.9930513,168.4549305,102.4096987,151.8876496,83.53027649,146.945636,79.89054812,145.1608475,85.56478149,140.7418889,0,0,0,0,0,0,0,0,0,0,0,0,0,0,0,0,0,0,0,0,0,0,0,0,0,0,0,0,0,0,0,0,0,0,0,0,0,0,0,0,0,0,0,0,0,0,0,0,0,0,0,0,0,0,0,0,0,0,0,0,0,0,0,0,0,0,0,0,0,0,0,0,0,MALE
0,0,0,0.231023238,-0.285553811,-0.001092175,0.280776714,-0.590042732,-0.043787797,0.304226496,-0.801865701,-0.104724449,0.347440621,-0.925538153,-0.150546147,-0.05672394,-0.77370809,-0.055743052,0.210669801,-0.948326407,-0.15968903,0.336786138,-0.832432347,-0.208247125,0.384160735,-0.715532283,-0.225532226,-0.101298486,-0.688321897,-0.104155547,0.237203037,-0.864982812,-0.205983426,0.312958996,-0.676826274,-0.210439059,0.288782243,-0.546625506,-0.196587213,-0.08446202,-0.590432766,-0.159836481,0.238673585,-0.759151191,-0.23823182,0.305019892,-0.589240595,-0.192036229,0.271355154,-0.462728216,-0.142815035,-0.026603704,-0.487385136,-0.220239004,0.221417368,-0.639512806,-0.253099652,0.292585784,-0.537667398,-0.214324376,0.280276116,-0.441143714,-0.177861909,171.4077297,167.2179558,108.0561746,153.9385206,84.88888751,146.7989725,81.10414875,144.9146991,91.32842573,140.0452029,0,0,0,0,0,0,0,0,0,0,0,0,0,0,0,0,0,0,0,0,0,0,0,0,0,0,0,0,0,0,0,0,0,0,0,0,0,0,0,0,0,0,0,0,0,0,0,0,0,0,0,0,0,0,0,0,0,0,0,0,0,0,0,0,0,0,0,0,0,0,0,0,0,MALE
0,0,0,0.218336892,-0.285790154,0.000270966,0.269488253,-0.583859027,-0.041349926,0.304617196,-0.785735682,-0.099511385,0.355666785,-0.92381496,-0.141658241,-0.055966014,-0.759840309,-0.058609702,0.205808587,-0.923480789,-0.157939374,0.31484151,-0.783033768,-0.201243773,0.334955549,-0.665666037,-0.214269508,-0.093522596,-0.681876271,-0.106679685,0.236156419,-0.852803313,-0.198851135,0.31500172,-0.662009526,-0.200234826,0.287007463,-0.534977698,-0.186807289,-0.073374493,-0.589970365,-0.161097844,0.247244287,-0.744133416,-0.233506191,0.316564035,-0.560708485,-0.185064673,0.278212545,-0.430817449,-0.136757936,-0.014655836,-0.489122038,-0.21994235,0.229959663,-0.630597408,-0.252491308,0.292323998,-0.51115048,-0.211305168,0.268118129,-0.404910618,-0.173626423,171.9776228,169.9679781,99.56393613,151.3651612,85.28688841,144.6138681,82.50943188,144.0312894,85.73028223,141.602912,0,0,0,0,0,0,0,0,0,0,0,0,0,0,0,0,0,0,0,0,0,0,0,0,0,0,0,0,0,0,0,0,0,0,0,0,0,0,0,0,0,0,0,0,0,0,0,0,0,0,0,0,0,0,0,0,0,0,0,0,0,0,0,0,0,0,0,0,0,0,0,0,0,MALE
0,0,0,0.243410176,-0.260615309,0.000796821,0.305083388,-0.57141136,-0.037987467,0.325624287,-0.786692176,-0.094132714,0.365894478,-0.920871875,-0.134596509,-0.028570933,-0.770103336,-0.049459745,0.227498442,-0.934927331,-0.1539348,0.334175263,-0.817122604,-0.20587631,0.365761695,-0.707519306,-0.225656053,-0.07773725,-0.694525683,-0.099461026,0.257432168,-0.869956215,-0.203500954,0.337264233,-0.682117034,-0.214213016,0.315584384,-0.543308385,-0.204695047,-0.063606178,-0.602398447,-0.156116627,0.268365191,-0.758011306,-0.237946104,0.335448176,-0.568611123,-0.194256501,0.300214829,-0.433034738,-0.146850991,-0.009295439,-0.502994541,-0.217107611,0.256672475,-0.625260041,-0.252796139,0.311013781,-0.489013091,-0.212067536,0.281012698,-0.379336645,-0.174803205,170.5300055,169.0238061,104.3326317,153.4030352,86.36724935,147.3798269,81.97900202,146.5939269,85.32529406,144.5002079,0,0,0,0,0,0,0,0,0,0,0,0,0,0,0,0,0,0,0,0,0,0,0,0,0,0,0,0,0,0,0,0,0,0,0,0,0,0,0,0,0,0,0,0,0,0,0,0,0,0,0,0,0,0,0,0,0,0,0,0,0,0,0,0,0,0,0,0,0,0,0,0,0,MALE
0,0,0,0.245443238,-0.274806072,-0.004406663,0.298348129,-0.588215573,-0.047625296,0.311725769,-0.807972143,-0.108325993,0.345714875,-0.925731743,-0.153303507,-0.047863469,-0.773369438,-0.050365438,0.208706567,-0.941663821,-0.157997368,0.322644232,-0.806182506,-0.215467853,0.357633085,-0.68252023,-0.239009055,-0.094602929,-0.689436122,-0.098454533,0.237751467,-0.861250473,-0.204338013,0.319848765,-0.667623309,-0.220026644,0.29654991,-0.531286061,-0.214696848,-0.077189046,-0.592219339,-0.153806611,0.24930634,-0.751862502,-0.236683862,0.317636592,-0.561322562,-0.195594018,0.279590605,-0.424226054,-0.149364153,-0.01870745,-0.494255245,-0.214143126,0.242899446,-0.623800211,-0.248794249,0.304696694,-0.500434687,-0.209085303,0.277102969,-0.396393254,-0.172311321,170.2716247,167.0815465,102.0335878,155.299622,86.97935739,146.7092283,81.39957053,145.355549,88.38345254,140.4315506,0,0,0,0,0,0,0,0,0,0,0,0,0,0,0,0,0,0,0,0,0,0,0,0,0,0,0,0,0,0,0,0,0,0,0,0,0,0,0,0,0,0,0,0,0,0,0,0,0,0,0,0,0,0,0,0,0,0,0,0,0,0,0,0,0,0,0,0,0,0,0,0,0,MALE
0,0,0,0.20345681,-0.296454564,0.00107002,0.246589652,-0.596115195,-0.038406539,0.285439097,-0.798931915,-0.095680286,0.339982197,-0.930245202,-0.13804336,-0.084261487,-0.77453699,-0.050571621,0.195953521,-0.941806788,-0.161674412,0.336228608,-0.83440366,-0.218830866,0.395521832,-0.715822612,-0.240045661,-0.112612419,-0.687466171,-0.099559927,0.226890412,-0.864965527,-0.206524107,0.317296158,-0.684864765,-0.216869051,0.30670659,-0.541377671,-0.2048291,-0.084914323,-0.587032528,-0.155945479,0.237189856,-0.749864901,-0.23582548,0.314933032,-0.585731393,-0.191301541,0.290158438,-0.450962311,-0.141324672,-0.021562478,-0.483240518,-0.216985882,0.224306505,-0.621423702,-0.24882878,0.294275601,-0.523480642,-0.208184644,0.282252473,-0.42520814,-0.168831436,171.5091187,168.6809021,115.6319987,153.2590768,89.87991262,148.1955063,85.65136679,145.2815499,93.77615681,140.0923332,0,0,0,0,0,0,0,0,0,0,0,0,0,0,0,0,0,0,0,0,0,0,0,0,0,0,0,0,0,0,0,0,0,0,0,0,0,0,0,0,0,0,0,0,0,0,0,0,0,0,0,0,0,0,0,0,0,0,0,0,0,0,0,0,0,0,0,0,0,0,0,0,0,MALE
0,0,0,0.215716929,-0.28213895,-0.001647797,0.273140451,-0.584123262,-0.04257148,0.318629627,-0.786774682,-0.102596155,0.370512686,-0.916723731,-0.149458857,-0.076582265,-0.787925593,-0.056048946,0.206770795,-0.9586375,-0.167128303,0.366588102,-0.887479908,-0.22543916,0.459653847,-0.789564043,-0.249734776,-0.109235144,-0.703532643,-0.108347547,0.242524406,-0.888623595,-0.228404788,0.342887564,-0.700008813,-0.243071814,0.340237242,-0.53776069,-0.229509992,-0.078444397,-0.603658719,-0.167145598,0.253818406,-0.754683716,-0.261193659,0.330316593,-0.569613529,-0.217404455,0.302931854,-0.421363448,-0.162951061,-0.007378331,-0.502190584,-0.230664711,0.254167584,-0.6322482,-0.272425955,0.314438814,-0.515604931,-0.230190784,0.289512654,-0.404556634,-0.186812999,171.255913,170.961761,127.9953551,156.7583112,91.38779772,149.7898248,85.06165293,147.5423906,88.35197243,142.2481889,0,0,0,0,0,0,0,0,0,0,0,0,0,0,0,0,0,0,0,0,0,0,0,0,0,0,0,0,0,0,0,0,0,0,0,0,0,0,0,0,0,0,0,0,0,0,0,0,0,0,0,0,0,0,0,0,0,0,0,0,0,0,0,0,0,0,0,0,0,0,0,0,0,MALE
0,0,0,0.201666249,-0.277770722,-0.006089022,0.259863717,-0.596977734,-0.046336002,0.299810943,-0.808352747,-0.101892494,0.359713046,-0.922056038,-0.142895722,-0.059605924,-0.772968572,-0.058424774,0.214345299,-0.930202211,-0.159528186,0.346488586,-0.835194029,-0.207998031,0.406807998,-0.725754015,-0.225551601,-0.096299321,-0.689687071,-0.102546921,0.235610269,-0.848298012,-0.204654349,0.324411874,-0.673898414,-0.213261483,0.315395247,-0.53790491,-0.202039173,-0.073467838,-0.588307829,-0.152968705,0.249091475,-0.729572207,-0.235495231,0.320074743,-0.555244938,-0.194172145,0.293383784,-0.425393742,-0.146686817,-0.012567833,-0.483711468,-0.207476096,0.245980997,-0.606536067,-0.242926064,0.307197115,-0.485862169,-0.203746287,0.28583596,-0.381822654,-0.16588051,172.5689053,163.2764584,117.6792621,153.7454779,92.06223012,148.4068525,85.77076978,146.7877748,89.45951763,143.2660613,0,0,0,0,0,0,0,0,0,0,0,0,0,0,0,0,0,0,0,0,0,0,0,0,0,0,0,0,0,0,0,0,0,0,0,0,0,0,0,0,0,0,0,0,0,0,0,0,0,0,0,0,0,0,0,0,0,0,0,0,0,0,0,0,0,0,0,0,0,0,0,0,0,MALE
0,0,0,0.201666249,-0.277770722,-0.006089022,0.259863717,-0.596977734,-0.046336002,0.299810943,-0.808352747,-0.101892494,0.359713046,-0.922056038,-0.142895722,-0.059605924,-0.772968572,-0.058424774,0.214345299,-0.930202211,-0.159528186,0.346488586,-0.835194029,-0.207998031,0.406807998,-0.725754015,-0.225551601,-0.096299321,-0.689687071,-0.102546921,0.235610269,-0.848298012,-0.204654349,0.324411874,-0.673898414,-0.213261483,0.315395247,-0.53790491,-0.202039173,-0.073467838,-0.588307829,-0.152968705,0.249091475,-0.729572207,-0.235495231,0.320074743,-0.555244938,-0.194172145,0.293383784,-0.425393742,-0.146686817,-0.012567833,-0.483711468,-0.207476096,0.245980997,-0.606536067,-0.242926064,0.307197115,-0.485862169,-0.203746287,0.28583596,-0.381822654,-0.16588051,172.5689053,163.2764584,117.6792621,153.7454779,92.06223012,148.4068525,85.77076978,146.7877748,89.45951763,143.2660613,0,0,0,0,0,0,0,0,0,0,0,0,0,0,0,0,0,0,0,0,0,0,0,0,0,0,0,0,0,0,0,0,0,0,0,0,0,0,0,0,0,0,0,0,0,0,0,0,0,0,0,0,0,0,0,0,0,0,0,0,0,0,0,0,0,0,0,0,0,0,0,0,0,MALE
0,0,0,0.180335528,-0.267915938,0.003912173,0.26967505,-0.580577345,-0.033001311,0.352783769,-0.788894782,-0.084315365,0.423773618,-0.897266648,-0.123808255,-0.008414717,-0.713649856,-0.063395523,0.243456413,-0.894005842,-0.152006035,0.379715538,-0.834060667,-0.186695341,0.451075893,-0.744858398,-0.19575077,-0.039476787,-0.632356118,-0.111519667,0.283985476,-0.812741331,-0.212761985,0.370631192,-0.649765815,-0.219709604,0.361068314,-0.508181128,-0.204461267,-0.010642244,-0.528542725,-0.162704948,0.305471966,-0.703068426,-0.236280633,0.377498465,-0.547375315,-0.196773959,0.350245651,-0.419786865,-0.15149378,0.052764164,-0.423843087,-0.217190357,0.299304448,-0.573426235,-0.247458823,0.358273001,-0.476812064,-0.213555604,0.335489293,-0.382019168,-0.180908109,171.3999729,168.1792071,122.6644957,151.4389558,89.46003002,147.1202648,83.52962132,144.0873728,88.42795937,137.2528779,0,0,0,0,0,0,0,0,0,0,0,0,0,0,0,0,0,0,0,0,0,0,0,0,0,0,0,0,0,0,0,0,0,0,0,0,0,0,0,0,0,0,0,0,0,0,0,0,0,0,0,0,0,0,0,0,0,0,0,0,0,0,0,0,0,0,0,0,0,0,0,0,0,MALE
0,0,0,0.194144226,-0.302272829,-0.002989477,0.239431105,-0.604018068,-0.049167393,0.282104897,-0.807653067,-0.112660288,0.339256597,-0.926574313,-0.162373036,-0.10033279,-0.78094487,-0.063160392,0.191325668,-0.938317489,-0.170804805,0.336325319,-0.860147083,-0.225085943,0.406393514,-0.768814767,-0.248209855,-0.123968621,-0.688782816,-0.112199735,0.228479314,-0.851889867,-0.223507052,0.302908678,-0.667923577,-0.231370541,0.277445512,-0.532265432,-0.217803762,-0.092370604,-0.585874972,-0.16760337,0.240882455,-0.731336343,-0.252249885,0.304048319,-0.561563557,-0.205498774,0.268211947,-0.435396504,-0.154102009,-0.025512674,-0.482868536,-0.227536617,0.230172893,-0.607169159,-0.259802993,0.29530569,-0.509770941,-0.218181805,0.277393241,-0.41904377,-0.179399214,171.0286167,166.3963853,126.3607473,155.6555071,87.9298643,146.4393873,83.75114869,144.8881718,95.16652173,138.1176738,0,0,0,0,0,0,0,0,0,0,0,0,0,0,0,0,0,0,0,0,0,0,0,0,0,0,0,0,0,0,0,0,0,0,0,0,0,0,0,0,0,0,0,0,0,0,0,0,0,0,0,0,0,0,0,0,0,0,0,0,0,0,0,0,0,0,0,0,0,0,0,0,0,MALE
0,0,0,0.162597035,-0.282372975,-0.000578968,0.230360071,-0.600130671,-0.03837282,0.302644251,-0.802583435,-0.090407641,0.376356209,-0.917284069,-0.130176575,-0.057061146,-0.733279926,-0.068735882,0.227550439,-0.892414891,-0.163590477,0.381355312,-0.845706234,-0.201825579,0.471755683,-0.770105069,-0.214494753,-0.086935861,-0.643958042,-0.114524171,0.251187395,-0.822071386,-0.218005905,0.344931704,-0.668450975,-0.217770627,0.345207121,-0.538245345,-0.198346178,-0.060246689,-0.540999516,-0.164918036,0.270005604,-0.704068631,-0.241933279,0.343396112,-0.559594996,-0.195279071,0.319376922,-0.443147798,-0.144865302,0.003978518,-0.436246952,-0.219082879,0.265303437,-0.576158623,-0.250954965,0.321719022,-0.488211273,-0.214411312,0.293581109,-0.406050011,-0.179464133,169.7606099,167.0804594,135.4223625,156.204478,93.46849934,147.7266809,87.36707516,143.0859692,92.21098779,131.8607746,0,0,0,0,0,0,0,0,0,0,0,0,0,0,0,0,0,0,0,0,0,0,0,0,0,0,0,0,0,0,0,0,0,0,0,0,0,0,0,0,0,0,0,0,0,0,0,0,0,0,0,0,0,0,0,0,0,0,0,0,0,0,0,0,0,0,0,0,0,0,0,0,0,MALE
0,0,0,0.197908121,-0.292586677,-0.010435484,0.242094857,-0.598953358,-0.061996725,0.287709334,-0.806939124,-0.12899484,0.350327488,-0.919149544,-0.180096547,-0.09691123,-0.777199117,-0.078714629,0.205860306,-0.942521057,-0.193421491,0.34679159,-0.83532531,-0.248492322,0.405065409,-0.721500425,-0.269935337,-0.123593807,-0.688753367,-0.124514762,0.243136231,-0.855763584,-0.235946438,0.322912586,-0.66934453,-0.240661425,0.2995667,-0.537771489,-0.225941922,-0.090028456,-0.586037205,-0.177681052,0.258403444,-0.740398923,-0.261964398,0.328145414,-0.573328473,-0.21460445,0.293925712,-0.451855525,-0.164091671,-0.018944385,-0.482832609,-0.23610433,0.250619584,-0.605151447,-0.269402877,0.316050839,-0.503510938,-0.229057312,0.296499086,-0.412370252,-0.191807971,171.0174783,163.6267331,117.6312762,153.9135058,89.08642744,145.9596453,85.69680173,142.9385275,95.83875195,137.8669631,0,0,0,0,0,0,0,0,0,0,0,0,0,0,0,0,0,0,0,0,0,0,0,0,0,0,0,0,0,0,0,0,0,0,0,0,0,0,0,0,0,0,0,0,0,0,0,0,0,0,0,0,0,0,0,0,0,0,0,0,0,0,0,0,0,0,0,0,0,0,0,0,0,MALE
0,0,0,0.177704893,-0.275102794,-0.016846013,0.234782365,-0.586480528,-0.072524045,0.289991643,-0.797444817,-0.141193333,0.358705869,-0.912751239,-0.195487278,-0.086129333,-0.755123365,-0.095251539,0.206849507,-0.923391283,-0.20568148,0.354441423,-0.844720385,-0.257236006,0.426010994,-0.74402021,-0.277667337,-0.112209746,-0.659448121,-0.136834696,0.239344075,-0.83694633,-0.242351229,0.32087716,-0.664038612,-0.242153641,0.304271628,-0.536182356,-0.226683323,-0.076188627,-0.55129972,-0.184598138,0.258584149,-0.710501998,-0.26272068,0.323575022,-0.55022883,-0.209626057,0.291764477,-0.432728929,-0.15857389,-0.001900341,-0.443186726,-0.238031447,0.254830603,-0.575878932,-0.265370726,0.306416667,-0.475747003,-0.220478323,0.277034741,-0.387373144,-0.182655127,171.4135645,164.1592214,125.0154538,153.0620477,88.49406288,146.7314147,83.37582106,144.6338762,87.93184149,137.8109121,0,0,0,0,0,0,0,0,0,0,0,0,0,0,0,0,0,0,0,0,0,0,0,0,0,0,0,0,0,0,0,0,0,0,0,0,0,0,0,0,0,0,0,0,0,0,0,0,0,0,0,0,0,0,0,0,0,0,0,0,0,0,0,0,0,0,0,0,0,0,0,0,0,MALE
0,0,0,0.147075109,-0.262149602,-0.017305164,0.211855238,-0.580419793,-0.065411607,0.284774997,-0.787521896,-0.122476317,0.372534284,-0.912901628,-0.166819736,-0.065949067,-0.730939784,-0.098365117,0.224891397,-0.872773082,-0.195882177,0.377297401,-0.821780532,-0.232431718,0.463056475,-0.747801205,-0.244603463,-0.090955055,-0.646174377,-0.135260652,0.256524083,-0.808924474,-0.237902492,0.331103174,-0.641157101,-0.231294201,0.312001334,-0.517289013,-0.209579975,-0.058127672,-0.5458836,-0.176592267,0.278792068,-0.684266862,-0.253560845,0.326399732,-0.525917963,-0.197591457,0.287283206,-0.421470701,-0.144479128,0.011048182,-0.440108229,-0.222604811,0.275228907,-0.557505785,-0.253393033,0.304250455,-0.448269003,-0.210259311,0.262649762,-0.366573895,-0.17300827,170.1174042,164.8760374,136.8793147,157.0379365,88.37625631,146.5544949,80.98725533,144.9257465,79.37488561,141.147758,0,0,0,0,0,0,0,0,0,0,0,0,0,0,0,0,0,0,0,0,0,0,0,0,0,0,0,0,0,0,0,0,0,0,0,0,0,0,0,0,0,0,0,0,0,0,0,0,0,0,0,0,0,0,0,0,0,0,0,0,0,0,0,0,0,0,0,0,0,0,0,0,0,MALE
0,0,0,0.196632097,-0.263041741,-0.012921815,0.280531956,-0.57578703,-0.061052214,0.351672513,-0.782034692,-0.12084276,0.41357767,-0.895273082,-0.165649086,-0.022766705,-0.737219101,-0.097421759,0.274777837,-0.890343717,-0.195955525,0.408362411,-0.816023521,-0.23191895,0.470128475,-0.730183413,-0.242365905,-0.05712766,-0.642787846,-0.139375646,0.285036113,-0.814959897,-0.243036919,0.371525981,-0.652891943,-0.240870356,0.36498345,-0.526543381,-0.223278368,-0.031161823,-0.531891015,-0.185357528,0.298547044,-0.682157788,-0.2618962,0.362773496,-0.530019927,-0.211270104,0.332685098,-0.420832735,-0.161051333,0.03425424,-0.423242132,-0.236303865,0.293469226,-0.54568773,-0.263215818,0.343345675,-0.458718801,-0.221876677,0.311396321,-0.387296314,-0.186575856,172.0755164,170.0258976,125.6255387,154.0485105,91.15186012,148.218647,85.01354689,143.584139,92.14217848,130.7546899,0,0,0,0,0,0,0,0,0,0,0,0,0,0,0,0,0,0,0,0,0,0,0,0,0,0,0,0,0,0,0,0,0,0,0,0,0,0,0,0,0,0,0,0,0,0,0,0,0,0,0,0,0,0,0,0,0,0,0,0,0,0,0,0,0,0,0,0,0,0,0,0,0,MALE
0,0,0,0.126648918,-0.286131261,-0.00126325,0.197848327,-0.598665287,-0.049543503,0.294622317,-0.798165762,-0.112155635,0.387133732,-0.907645869,-0.162192634,-0.065090412,-0.748902852,-0.086301175,0.227167813,-0.905187723,-0.186749666,0.37937237,-0.84212816,-0.227741107,0.460676129,-0.75294983,-0.241749001,-0.082158784,-0.654546313,-0.134080588,0.255887806,-0.831025812,-0.231195384,0.328866318,-0.663148522,-0.221240556,0.306272315,-0.539327575,-0.199436748,-0.046011214,-0.54204093,-0.186178192,0.279328069,-0.697456272,-0.257921571,0.326411204,-0.53844073,-0.197653803,0.282540693,-0.428214694,-0.142382321,0.023343937,-0.42560654,-0.24252472,0.278967768,-0.555386043,-0.268566832,0.311950877,-0.459105154,-0.221678446,0.268075712,-0.382785547,-0.182100869,165.3592068,165.9038435,131.2220988,154.2137439,85.29020992,145.7370596,77.79028205,144.4628068,80.57023549,135.8179446,0,0,0,0,0,0,0,0,0,0,0,0,0,0,0,0,0,0,0,0,0,0,0,0,0,0,0,0,0,0,0,0,0,0,0,0,0,0,0,0,0,0,0,0,0,0,0,0,0,0,0,0,0,0,0,0,0,0,0,0,0,0,0,0,0,0,0,0,0,0,0,0,0,MALE
0,0,0,0.162605608,-0.283736376,-0.018111243,0.221428297,-0.587519266,-0.073882282,0.28277323,-0.793584381,-0.140851802,0.347675414,-0.917438308,-0.193465135,-0.088953211,-0.77844553,-0.097983746,0.206652865,-0.935093898,-0.205838812,0.360066288,-0.853024278,-0.254734035,0.430165425,-0.752211402,-0.274158702,-0.107392611,-0.681559691,-0.139493217,0.24209612,-0.841743622,-0.243864195,0.322069391,-0.665542938,-0.240386548,0.297777093,-0.546974769,-0.223590841,-0.072725399,-0.569886551,-0.186874731,0.265128214,-0.712551929,-0.267354933,0.311767528,-0.544157842,-0.21142477,0.264343324,-0.437861314,-0.158840652,-0.004616756,-0.454786613,-0.239507001,0.258281418,-0.566204886,-0.272311342,0.285717482,-0.457574838,-0.226716533,0.235971413,-0.380306921,-0.187449802,171.0500786,169.0021032,126.4773272,152.7665864,89.52606712,143.4881618,79.3187276,142.6508279,79.41573935,136.8450331,0,0,0,0,0,0,0,0,0,0,0,0,0,0,0,0,0,0,0,0,0,0,0,0,0,0,0,0,0,0,0,0,0,0,0,0,0,0,0,0,0,0,0,0,0,0,0,0,0,0,0,0,0,0,0,0,0,0,0,0,0,0,0,0,0,0,0,0,0,0,0,0,0,MALE
0,0,0,0.164961572,-0.267866181,-0.013390464,0.233133128,-0.568242181,-0.063846605,0.304762134,-0.771678821,-0.127084842,0.379654425,-0.907840282,-0.17801275,-0.051918893,-0.742438706,-0.086452203,0.233252944,-0.881082078,-0.192124229,0.383724438,-0.81316909,-0.241968735,0.466458068,-0.719719169,-0.261722282,-0.070590242,-0.650670921,-0.128591734,0.265682849,-0.806442257,-0.230423706,0.334796354,-0.639617433,-0.230691688,0.311986633,-0.518150166,-0.214801216,-0.032582671,-0.53723777,-0.176266533,0.289614564,-0.671497146,-0.253868426,0.332967442,-0.51242979,-0.200322865,0.288332957,-0.404995801,-0.147957776,0.038365629,-0.418781103,-0.228932313,0.291207694,-0.529438366,-0.259118148,0.31975405,-0.429003578,-0.213536658,0.275087471,-0.349382606,-0.173507948,170.4503607,170.8169139,132.2590859,155.1844387,87.75540373,146.1274214,79.26743986,144.2898493,80.40611517,138.8043881,0,0,0,0,0,0,0,0,0,0,0,0,0,0,0,0,0,0,0,0,0,0,0,0,0,0,0,0,0,0,0,0,0,0,0,0,0,0,0,0,0,0,0,0,0,0,0,0,0,0,0,0,0,0,0,0,0,0,0,0,0,0,0,0,0,0,0,0,0,0,0,0,0,MALE
0,0,0,0.167711671,-0.294112187,-0.017428776,0.227050691,-0.591376103,-0.073410622,0.290340174,-0.798064467,-0.14179254,0.35742391,-0.913704309,-0.19337162,-0.083728697,-0.765533038,-0.084879489,0.224775855,-0.918845143,-0.195551671,0.339029826,-0.802048396,-0.245736236,0.36339006,-0.693700951,-0.263950044,-0.094917756,-0.66354878,-0.126580883,0.262912405,-0.825704152,-0.230920915,0.314426221,-0.658976867,-0.231349459,0.268782605,-0.554458306,-0.216736958,-0.057116501,-0.555256828,-0.175711085,0.282554579,-0.703523415,-0.251975674,0.313566592,-0.550690423,-0.199615731,0.261203418,-0.456172457,-0.150014847,0.010876005,-0.447082855,-0.230508786,0.271633034,-0.563328261,-0.253332686,0.295690064,-0.459131439,-0.207309493,0.25257715,-0.383985378,-0.169980044,170.9785006,167.1417733,111.7274294,148.220452,83.07070377,138.6726641,74.99188766,142.0268036,78.07558977,140.7945652,0,0,0,0,0,0,0,0,0,0,0,0,0,0,0,0,0,0,0,0,0,0,0,0,0,0,0,0,0,0,0,0,0,0,0,0,0,0,0,0,0,0,0,0,0,0,0,0,0,0,0,0,0,0,0,0,0,0,0,0,0,0,0,0,0,0,0,0,0,0,0,0,0,MALE
0,0,0,0.180781701,-0.275317799,-0.036025789,0.232000734,-0.579050848,-0.101025592,0.28819061,-0.787815979,-0.174749216,0.352806431,-0.906419615,-0.232230711,-0.098312496,-0.775342628,-0.114512878,0.2129376,-0.917168312,-0.232999404,0.34030422,-0.821400162,-0.285310803,0.376879873,-0.725929147,-0.305499046,-0.117083304,-0.672931674,-0.15148877,0.253127309,-0.820376476,-0.267390215,0.307416086,-0.645723113,-0.265047403,0.259294018,-0.541188045,-0.246482775,-0.082065153,-0.555880838,-0.196646971,0.265191906,-0.690097754,-0.288152312,0.296861326,-0.525872994,-0.233406544,0.242185223,-0.431102948,-0.17927657,-0.01219152,-0.434453867,-0.24852088,0.258717239,-0.542628463,-0.287873898,0.281251107,-0.431780303,-0.243717928,0.233686251,-0.355679288,-0.20480706,171.2830903,166.6849978,122.095007,148.2125344,85.52342923,137.3718381,76.23477153,141.4252594,77.68449063,139.8698811,0,0,0,0,0,0,0,0,0,0,0,0,0,0,0,0,0,0,0,0,0,0,0,0,0,0,0,0,0,0,0,0,0,0,0,0,0,0,0,0,0,0,0,0,0,0,0,0,0,0,0,0,0,0,0,0,0,0,0,0,0,0,0,0,0,0,0,0,0,0,0,0,0,MALE
0,0,0,0.161765621,-0.268633086,-0.0230191,0.229256918,-0.571713279,-0.081722091,0.290676225,-0.774857444,-0.151023703,0.360270493,-0.909857364,-0.20582699,-0.068431413,-0.759110659,-0.10522244,0.228997579,-0.909471658,-0.216510932,0.377625503,-0.834764574,-0.264070873,0.449324584,-0.734731956,-0.280154501,-0.093338972,-0.666602437,-0.14357489,0.259679891,-0.819809556,-0.248066454,0.322176184,-0.645880463,-0.241151045,0.289519325,-0.527957482,-0.220206874,-0.059219097,-0.554123511,-0.188428707,0.281244201,-0.681875807,-0.266423871,0.317684156,-0.518584906,-0.206977257,0.270235246,-0.414844882,-0.151926881,0.011601806,-0.433561015,-0.239146395,0.279590605,-0.542076769,-0.267130636,0.301951556,-0.434810388,-0.218901382,0.251831187,-0.357055993,-0.178239729,171.5332477,169.9522122,129.0098497,151.6204407,85.87326047,144.1648139,78.56619318,145.2663127,78.39246093,139.3631103,0,0,0,0,0,0,0,0,0,0,0,0,0,0,0,0,0,0,0,0,0,0,0,0,0,0,0,0,0,0,0,0,0,0,0,0,0,0,0,0,0,0,0,0,0,0,0,0,0,0,0,0,0,0,0,0,0,0,0,0,0,0,0,0,0,0,0,0,0,0,0,0,0,MALE
0,0,0,0.17536797,-0.263553934,-0.034047523,0.245536662,-0.564344354,-0.09721959,0.306536948,-0.769442226,-0.169084756,0.362340833,-0.904463165,-0.225067775,-0.061412881,-0.769147084,-0.107836503,0.238605895,-0.896538804,-0.222773663,0.381403193,-0.810959893,-0.274462479,0.445295527,-0.708423588,-0.29308469,-0.087951923,-0.66984007,-0.140647477,0.264154042,-0.801747227,-0.246866447,0.328946267,-0.630368318,-0.243698554,0.30183648,-0.515982931,-0.226134453,-0.054709462,-0.548659288,-0.181238777,0.277346593,-0.662434528,-0.26345934,0.320380453,-0.504269869,-0.208270906,0.27736937,-0.403517586,-0.155401466,0.015389492,-0.423302904,-0.228594245,0.279311436,-0.516051804,-0.259497861,0.305621619,-0.415862818,-0.213669232,0.256856992,-0.344226836,-0.174476538,172.2393591,173.9373699,128.9571954,152.263506,89.89687776,145.276482,82.40326125,143.9126608,83.21810408,135.544067,0,0,0,0,0,0,0,0,0,0,0,0,0,0,0,0,0,0,0,0,0,0,0,0,0,0,0,0,0,0,0,0,0,0,0,0,0,0,0,0,0,0,0,0,0,0,0,0,0,0,0,0,0,0,0,0,0,0,0,0,0,0,0,0,0,0,0,0,0,0,0,0,0,MALE
0,0,0,0.198777843,-0.253225591,-0.02727069,0.255592242,-0.54264411,-0.078328232,0.302029218,-0.754460148,-0.138482118,0.340089617,-0.922213248,-0.184015702,-0.070482651,-0.749040636,-0.090513961,0.218492949,-0.903409286,-0.194562709,0.363575616,-0.834748816,-0.240895906,0.427981002,-0.745664982,-0.258317728,-0.093379648,-0.666671401,-0.125696989,0.258334147,-0.82614372,-0.233502483,0.320378204,-0.651286105,-0.23500768,0.279221608,-0.533124068,-0.217687845,-0.061371207,-0.563610315,-0.167688511,0.278267997,-0.711084939,-0.250931066,0.314257603,-0.543025337,-0.199402369,0.261787025,-0.43833377,-0.147406804,0.003649357,-0.449065702,-0.215436512,0.269599798,-0.560389975,-0.251574211,0.291749111,-0.449664153,-0.208927665,0.244731822,-0.368321517,-0.169995072,174.169875,179.0712494,129.0073759,151.0274828,85.45059761,140.4848562,75.67370819,143.0986982,76.85401576,141.6350026,0,0,0,0,0,0,0,0,0,0,0,0,0,0,0,0,0,0,0,0,0,0,0,0,0,0,0,0,0,0,0,0,0,0,0,0,0,0,0,0,0,0,0,0,0,0,0,0,0,0,0,0,0,0,0,0,0,0,0,0,0,0,0,0,0,0,0,0,0,0,0,0,0,MALE
0,0,0,0.185120812,-0.257950219,-0.02041604,0.238379109,-0.561997186,-0.072764459,0.285943607,-0.772013645,-0.137212536,0.345763762,-0.919429527,-0.187341309,-0.065200909,-0.755030149,-0.092395107,0.223351046,-0.896437371,-0.200875036,0.368229653,-0.825661083,-0.248577553,0.436413945,-0.726380532,-0.265199856,-0.094469561,-0.661947218,-0.131380144,0.252221365,-0.808347976,-0.23419137,0.317463208,-0.636945121,-0.22936296,0.286383408,-0.519572326,-0.21014838,-0.061890909,-0.54548844,-0.177269268,0.267943277,-0.67144073,-0.257531306,0.311894777,-0.506941314,-0.201087335,0.265242907,-0.40161833,-0.147034737,0.006232462,-0.425614281,-0.228701387,0.266968981,-0.530666224,-0.259822201,0.29539533,-0.425523863,-0.212770836,0.247734856,-0.348824417,-0.172269199,172.4332513,171.0342774,130.4113545,149.9561744,87.62092166,143.7264697,80.47078548,143.4031203,81.26192599,137.19327,0,0,0,0,0,0,0,0,0,0,0,0,0,0,0,0,0,0,0,0,0,0,0,0,0,0,0,0,0,0,0,0,0,0,0,0,0,0,0,0,0,0,0,0,0,0,0,0,0,0,0,0,0,0,0,0,0,0,0,0,0,0,0,0,0,0,0,0,0,0,0,0,0,MALE
0,0,0,0.161582868,-0.283181445,-0.019071143,0.22306341,-0.568171411,-0.069372602,0.289837879,-0.769391502,-0.130478065,0.333909802,-0.925391833,-0.179315923,-0.080533027,-0.756852662,-0.081419243,0.199239766,-0.891396688,-0.184275312,0.342060058,-0.836799592,-0.233660931,0.412510571,-0.760453034,-0.253548041,-0.094702524,-0.663810457,-0.121362382,0.24338855,-0.803034166,-0.225537914,0.300460049,-0.638016557,-0.22723657,0.261335851,-0.519288708,-0.211270622,-0.063762684,-0.549720721,-0.167867206,0.259931124,-0.685108276,-0.250341098,0.293725021,-0.526261033,-0.197630062,0.245785768,-0.41513729,-0.143471579,-0.00275208,-0.425790963,-0.219421961,0.247889828,-0.552228142,-0.255283761,0.283967166,-0.455551789,-0.211020063,0.253868148,-0.373552112,-0.169616525,171.2806924,177.3809879,135.8276911,153.513726,86.97621156,141.9600876,75.97517204,146.5345675,81.37005549,143.0477197,0,0,0,0,0,0,0,0,0,0,0,0,0,0,0,0,0,0,0,0,0,0,0,0,0,0,0,0,0,0,0,0,0,0,0,0,0,0,0,0,0,0,0,0,0,0,0,0,0,0,0,0,0,0,0,0,0,0,0,0,0,0,0,0,0,0,0,0,0,0,0,0,0,MALE
0,0,0,0.108976623,-0.28787084,-0.005354134,0.185281209,-0.584129981,-0.060248226,0.287403324,-0.781832687,-0.127861873,0.386539366,-0.903898781,-0.183178364,-0.063906812,-0.73186571,-0.101216913,0.216470385,-0.904803559,-0.200972514,0.364392751,-0.84919396,-0.238989753,0.440995737,-0.765887298,-0.249796954,-0.077876249,-0.65015596,-0.146612181,0.255622897,-0.822472196,-0.238948998,0.32880592,-0.654045833,-0.228705162,0.305648748,-0.529049275,-0.207613029,-0.036987747,-0.546287298,-0.19485779,0.28568431,-0.691710477,-0.262230857,0.32833688,-0.523751195,-0.20178494,0.285612703,-0.40601376,-0.147728476,0.034752027,-0.433097044,-0.247375986,0.282743617,-0.550181089,-0.271184399,0.311368529,-0.438759691,-0.222425241,0.271230816,-0.34855238,-0.181203187,165.7910457,168.542099,129.5836303,152.3875234,85.51345781,145.6741822,77.12450895,147.9441983,78.07404388,144.7062449,0,0,0,0,0,0,0,0,0,0,0,0,0,0,0,0,0,0,0,0,0,0,0,0,0,0,0,0,0,0,0,0,0,0,0,0,0,0,0,0,0,0,0,0,0,0,0,0,0,0,0,0,0,0,0,0,0,0,0,0,0,0,0,0,0,0,0,0,0,0,0,0,0,MALE
0,0,0,0.168402743,-0.277461305,-0.015747897,0.233777774,-0.572107994,-0.071598831,0.302861147,-0.774147003,-0.14096025,0.370590598,-0.907970138,-0.195583325,-0.064431362,-0.751856954,-0.088111125,0.237955601,-0.905127655,-0.198616877,0.369339949,-0.816206352,-0.248175638,0.413311335,-0.719451993,-0.265267583,-0.080961804,-0.663650588,-0.131682825,0.273578874,-0.816119799,-0.234976698,0.33032056,-0.645066586,-0.233451009,0.2855008,-0.535872839,-0.215986896,-0.047050032,-0.554743603,-0.181803061,0.287350654,-0.695860149,-0.258695667,0.325687236,-0.530578236,-0.203856032,0.272439695,-0.424492314,-0.151132481,0.017614214,-0.437225676,-0.237503814,0.273465109,-0.546149928,-0.266093226,0.305761004,-0.439247434,-0.219642221,0.265212291,-0.355367632,-0.179327568,170.2720329,172.1867382,122.1940628,148.3301901,85.12378912,138.7208797,77.14333874,142.5387517,81.99368778,140.9070837,0,0,0,0,0,0,0,0,0,0,0,0,0,0,0,0,0,0,0,0,0,0,0,0,0,0,0,0,0,0,0,0,0,0,0,0,0,0,0,0,0,0,0,0,0,0,0,0,0,0,0,0,0,0,0,0,0,0,0,0,0,0,0,0,0,0,0,0,0,0,0,0,0,MALE
0,0,0,0.168402743,-0.277461305,-0.015747897,0.233777774,-0.572107994,-0.071598831,0.302861147,-0.774147003,-0.14096025,0.370590598,-0.907970138,-0.195583325,-0.064431362,-0.751856954,-0.088111125,0.237955601,-0.905127655,-0.198616877,0.369339949,-0.816206352,-0.248175638,0.413311335,-0.719451993,-0.265267583,-0.080961804,-0.663650588,-0.131682825,0.273578874,-0.816119799,-0.234976698,0.33032056,-0.645066586,-0.233451009,0.2855008,-0.535872839,-0.215986896,-0.047050032,-0.554743603,-0.181803061,0.287350654,-0.695860149,-0.258695667,0.325687236,-0.530578236,-0.203856032,0.272439695,-0.424492314,-0.151132481,0.017614214,-0.437225676,-0.237503814,0.273465109,-0.546149928,-0.266093226,0.305761004,-0.439247434,-0.219642221,0.265212291,-0.355367632,-0.179327568,170.2720329,172.1867382,122.1940628,148.3301901,85.12378912,138.7208797,77.14333874,142.5387517,81.99368778,140.9070837,0,0,0,0,0,0,0,0,0,0,0,0,0,0,0,0,0,0,0,0,0,0,0,0,0,0,0,0,0,0,0,0,0,0,0,0,0,0,0,0,0,0,0,0,0,0,0,0,0,0,0,0,0,0,0,0,0,0,0,0,0,0,0,0,0,0,0,0,0,0,0,0,0,MALE
0,0,0,0.17566935,-0.270180172,-0.029094039,0.229980932,-0.556688147,-0.09168067,0.288787149,-0.763858956,-0.165206177,0.35332574,-0.908390648,-0.223578516,-0.083918616,-0.764118322,-0.102667123,0.217129642,-0.91705566,-0.218574817,0.362854697,-0.829390851,-0.270916752,0.425185024,-0.719140581,-0.289648926,-0.105339723,-0.676058125,-0.140053824,0.253365441,-0.822775194,-0.251388161,0.316062792,-0.639719826,-0.248780776,0.278248235,-0.518254077,-0.2292192,-0.072894061,-0.56903435,-0.185325366,0.266064592,-0.697601609,-0.273057165,0.29990765,-0.522339895,-0.217685786,0.248688367,-0.409001087,-0.162533401,-0.006068453,-0.453874179,-0.236848898,0.256365984,-0.553509787,-0.275491137,0.282400238,-0.439437362,-0.231291629,0.238359932,-0.353734021,-0.190552034,171.64428,172.1192061,125.1024351,149.9959047,86.57791327,143.0857511,76.79909031,146.4182398,79.85750421,142.8536957,0,0,0,0,0,0,0,0,0,0,0,0,0,0,0,0,0,0,0,0,0,0,0,0,0,0,0,0,0,0,0,0,0,0,0,0,0,0,0,0,0,0,0,0,0,0,0,0,0,0,0,0,0,0,0,0,0,0,0,0,0,0,0,0,0,0,0,0,0,0,0,0,0,MALE
0,0,0,0.154012278,-0.283975532,-0.014388094,0.213010882,-0.579904335,-0.070092652,0.279534063,-0.782463982,-0.138279463,0.355853552,-0.91457164,-0.192163901,-0.09526432,-0.751748966,-0.094174956,0.195115732,-0.921774871,-0.199025375,0.343715789,-0.856688763,-0.243837348,0.416814449,-0.766016408,-0.25930873,-0.108207181,-0.663625513,-0.13730059,0.244840434,-0.822587264,-0.24077224,0.305367059,-0.654395677,-0.236770268,0.270547511,-0.53788697,-0.217184529,-0.06553673,-0.560184395,-0.185823545,0.271960007,-0.698505475,-0.261681801,0.305599732,-0.534513047,-0.204729643,0.258584064,-0.425098651,-0.15062589,0.009807892,-0.450748994,-0.239732925,0.267806321,-0.566653769,-0.265973965,0.294873924,-0.453166889,-0.21757774,0.25713573,-0.363638519,-0.176073821,170.1050929,168.6441265,128.3205624,151.9795375,85.37239061,142.9064939,76.2571449,147.1994664,78.03205785,146.6463958,0,0,0,0,0,0,0,0,0,0,0,0,0,0,0,0,0,0,0,0,0,0,0,0,0,0,0,0,0,0,0,0,0,0,0,0,0,0,0,0,0,0,0,0,0,0,0,0,0,0,0,0,0,0,0,0,0,0,0,0,0,0,0,0,0,0,0,0,0,0,0,0,0,MALE
0,0,0,0.170360562,-0.281815655,-0.016970486,0.23055969,-0.58015245,-0.072084152,0.297943134,-0.781714359,-0.139552444,0.361344025,-0.912353901,-0.192460009,-0.084822763,-0.767412353,-0.092943334,0.218254295,-0.918033682,-0.198920159,0.371909189,-0.842583342,-0.244649641,0.445864901,-0.743899156,-0.26120031,-0.09815847,-0.667232995,-0.135327581,0.260659744,-0.817830156,-0.238347742,0.331259321,-0.650395054,-0.233652059,0.302938254,-0.536674667,-0.214950188,-0.060349364,-0.554505688,-0.183981434,0.281765794,-0.686638225,-0.262319593,0.326164806,-0.527945754,-0.20643717,0.280440563,-0.423021559,-0.153054009,0.01012567,-0.440147561,-0.238110222,0.271964982,-0.553439885,-0.267292586,0.308089597,-0.45251305,-0.220732399,0.270446295,-0.371962751,-0.180429516,169.9363662,172.5746064,129.5952301,152.5565639,89.71295659,142.5612214,81.04605085,143.2287505,84.29132767,139.2703753,0,0,0,0,0,0,0,0,0,0,0,0,0,0,0,0,0,0,0,0,0,0,0,0,0,0,0,0,0,0,0,0,0,0,0,0,0,0,0,0,0,0,0,0,0,0,0,0,0,0,0,0,0,0,0,0,0,0,0,0,0,0,0,0,0,0,0,0,0,0,0,0,0,MALE
0,0,0,0.169769544,-0.275507701,-0.019956182,0.236510843,-0.574253004,-0.068566733,0.304469853,-0.776340041,-0.128279777,0.358867599,-0.917152093,-0.173338068,-0.072300916,-0.743960888,-0.08402851,0.215513928,-0.906118469,-0.182530998,0.362642642,-0.839337182,-0.223783876,0.433815791,-0.754341497,-0.238555522,-0.087967518,-0.655511791,-0.122504905,0.251215587,-0.820523302,-0.223493319,0.3282391,-0.662063824,-0.222370009,0.306888477,-0.546170134,-0.20648696,-0.050830982,-0.552665168,-0.167567963,0.280973039,-0.698625261,-0.24434306,0.326766512,-0.541425648,-0.192815013,0.282178395,-0.434920151,-0.142840597,0.022439811,-0.445581862,-0.218436995,0.281689556,-0.569830148,-0.249235927,0.311529366,-0.466637621,-0.207074859,0.269732219,-0.384878616,-0.17038616,171.1522514,177.328216,128.2372934,153.9545728,89.88673773,143.0222423,79.39404373,143.1224763,78.96954474,139.9594196,0,0,0,0,0,0,0,0,0,0,0,0,0,0,0,0,0,0,0,0,0,0,0,0,0,0,0,0,0,0,0,0,0,0,0,0,0,0,0,0,0,0,0,0,0,0,0,0,0,0,0,0,0,0,0,0,0,0,0,0,0,0,0,0,0,0,0,0,0,0,0,0,0,MALE
0,0,0,0.14826634,-0.280589076,-0.012289424,0.209942351,-0.581913571,-0.058882966,0.280023114,-0.782889975,-0.118204867,0.362647679,-0.917070319,-0.165736814,-0.071744099,-0.730959858,-0.073794788,0.208319925,-0.881561163,-0.172234265,0.36197446,-0.837968921,-0.217051633,0.451309495,-0.764503619,-0.235162521,-0.085778481,-0.640357131,-0.116359183,0.249975495,-0.800310169,-0.22160237,0.325573119,-0.637140684,-0.226587423,0.303687122,-0.511730637,-0.211789455,-0.046449716,-0.533115535,-0.164141547,0.277290279,-0.682468544,-0.244203424,0.321978092,-0.52256765,-0.194396421,0.276841748,-0.413801772,-0.142741401,0.024186411,-0.423287258,-0.21653604,0.276390462,-0.544332188,-0.248133604,0.303028847,-0.439828832,-0.20450216,0.257764154,-0.357972873,-0.164979839,169.773869,168.0216477,137.7556767,155.9872075,89.84129439,144.3430419,77.78470202,143.6253432,77.10402174,140.1715413,0,0,0,0,0,0,0,0,0,0,0,0,0,0,0,0,0,0,0,0,0,0,0,0,0,0,0,0,0,0,0,0,0,0,0,0,0,0,0,0,0,0,0,0,0,0,0,0,0,0,0,0,0,0,0,0,0,0,0,0,0,0,0,0,0,0,0,0,0,0,0,0,0,MALE
0,0,0,0.148692893,-0.285415141,-0.002291588,0.224164862,-0.590403041,-0.04683944,0.313317739,-0.783934593,-0.105129169,0.396088422,-0.905754053,-0.150743351,-0.028951154,-0.731154687,-0.081236291,0.252895084,-0.877415038,-0.173108469,0.400316963,-0.816843243,-0.206078602,0.482834249,-0.732946982,-0.215437429,-0.047653256,-0.638403492,-0.127110774,0.287349714,-0.796352766,-0.222775825,0.357441201,-0.630306568,-0.215717258,0.334621241,-0.513887091,-0.194279036,-0.012392028,-0.52227554,-0.176139028,0.306601205,-0.673785536,-0.248100472,0.352824721,-0.514405868,-0.190756418,0.305236394,-0.407639208,-0.135586553,0.051613476,-0.399963014,-0.229269683,0.30721171,-0.52718006,-0.258342061,0.342195575,-0.437224942,-0.214066626,0.297613363,-0.367387941,-0.174684694,167.1610683,170.706375,131.5992524,156.0176293,87.15785832,145.3205894,77.65493701,142.3955556,82.85770237,131.584917,0,0,0,0,0,0,0,0,0,0,0,0,0,0,0,0,0,0,0,0,0,0,0,0,0,0,0,0,0,0,0,0,0,0,0,0,0,0,0,0,0,0,0,0,0,0,0,0,0,0,0,0,0,0,0,0,0,0,0,0,0,0,0,0,0,0,0,0,0,0,0,0,0,MALE
0,0,0,0.174746591,-0.282183155,-0.011291418,0.23040785,-0.577399905,-0.064782394,0.290304723,-0.776996356,-0.132374391,0.354323868,-0.916286661,-0.186744083,-0.073846196,-0.741963471,-0.086068553,0.218487019,-0.902833303,-0.194608531,0.370951126,-0.837529401,-0.242399656,0.445698065,-0.739097916,-0.258603112,-0.095173139,-0.652530431,-0.129123671,0.247771671,-0.820909099,-0.22876866,0.322450862,-0.654039091,-0.223316318,0.299480833,-0.539943917,-0.204498608,-0.057730636,-0.546034639,-0.178720405,0.270505277,-0.692090366,-0.254833309,0.322258106,-0.535265317,-0.199278101,0.281826539,-0.430634372,-0.146731783,0.013895274,-0.436449818,-0.233299429,0.263093087,-0.557687579,-0.261219908,0.302450097,-0.457427637,-0.21492797,0.264701924,-0.378156645,-0.175200792,170.1861716,172.26935,130.3964977,149.808863,87.59548113,143.9118256,80.87626064,142.9912813,83.59975827,137.2819646,0,0,0,0,0,0,0,0,0,0,0,0,0,0,0,0,0,0,0,0,0,0,0,0,0,0,0,0,0,0,0,0,0,0,0,0,0,0,0,0,0,0,0,0,0,0,0,0,0,0,0,0,0,0,0,0,0,0,0,0,0,0,0,0,0,0,0,0,0,0,0,0,0,MALE
0,0,0,0.181299772,-0.269858372,-0.022438288,0.247724821,-0.574377647,-0.075744885,0.30371925,-0.777825021,-0.140133326,0.368336751,-0.909945782,-0.190595673,-0.065970085,-0.76933592,-0.090237048,0.222034449,-0.907759734,-0.199034466,0.371289823,-0.845830408,-0.249536107,0.447257349,-0.764055639,-0.269705481,-0.09017499,-0.677245442,-0.128667245,0.258283207,-0.825414218,-0.239529979,0.32829612,-0.653165361,-0.243422659,0.299446816,-0.530645132,-0.228311354,-0.057246477,-0.566056286,-0.173605859,0.279052519,-0.694991538,-0.258264017,0.321231382,-0.532531647,-0.208032392,0.273229701,-0.427373022,-0.156489872,0.009362648,-0.451138974,-0.224213847,0.27571049,-0.550970482,-0.258144095,0.301224301,-0.441583317,-0.215719914,0.251186882,-0.361322117,-0.177682384,172.1304081,169.6462835,134.2906878,155.1191532,89.45827089,143.7949277,80.21703741,142.7351696,80.69043089,138.1387829,0,0,0,0,0,0,0,0,0,0,0,0,0,0,0,0,0,0,0,0,0,0,0,0,0,0,0,0,0,0,0,0,0,0,0,0,0,0,0,0,0,0,0,0,0,0,0,0,0,0,0,0,0,0,0,0,0,0,0,0,0,0,0,0,0,0,0,0,0,0,0,0,0,MALE
0,0,0,0.148897144,-0.298803585,-0.014097925,0.218225073,-0.598851493,-0.072172718,0.293793644,-0.79091681,-0.142444227,0.37171151,-0.907031934,-0.197796927,-0.077765001,-0.779375416,-0.098913582,0.226841821,-0.92017765,-0.204104731,0.366462218,-0.841697514,-0.247194146,0.42980064,-0.750789716,-0.262592482,-0.093771255,-0.680038437,-0.142134295,0.257675519,-0.825382072,-0.243772609,0.317138593,-0.658952188,-0.237596075,0.284538303,-0.546411115,-0.219627526,-0.057376914,-0.568951848,-0.190570475,0.280262199,-0.695102422,-0.264163102,0.313593192,-0.538487015,-0.205956594,0.262991622,-0.438542036,-0.153283716,0.010702584,-0.455920829,-0.244421338,0.270324695,-0.5583804,-0.267041774,0.296489209,-0.456220288,-0.218998553,0.247774665,-0.381967824,-0.180083485,168.4647154,168.0380199,128.1243198,153.7520444,86.77278498,143.7353487,78.22850915,143.8556349,81.56349497,136.7208046,0,0,0,0,0,0,0,0,0,0,0,0,0,0,0,0,0,0,0,0,0,0,0,0,0,0,0,0,0,0,0,0,0,0,0,0,0,0,0,0,0,0,0,0,0,0,0,0,0,0,0,0,0,0,0,0,0,0,0,0,0,0,0,0,0,0,0,0,0,0,0,0,0,MALE
0,0,0,0.159574674,-0.280761139,-0.012344675,0.217716172,-0.581187955,-0.065695932,0.284300712,-0.784496169,-0.131524117,0.353143428,-0.91764653,-0.182248636,-0.076855105,-0.760025516,-0.0909779,0.219950512,-0.914610526,-0.196768516,0.361329298,-0.821611686,-0.239899638,0.418110493,-0.717067194,-0.254061307,-0.094601188,-0.673653296,-0.133775503,0.260242754,-0.819266118,-0.233280799,0.325495288,-0.642971112,-0.226034443,0.290627389,-0.535468105,-0.206832829,-0.060955483,-0.571249113,-0.182617974,0.279450572,-0.698166829,-0.256620432,0.321129128,-0.532726603,-0.198795665,0.272653955,-0.431608172,-0.145943911,0.003315378,-0.461655425,-0.236761712,0.264648747,-0.560150547,-0.264028691,0.295420719,-0.45237524,-0.218372304,0.252389587,-0.375810609,-0.180028988,169.955604,171.0824758,121.6347309,151.3441761,87.5109996,141.2355097,80.4433444,142.6978787,83.54425504,138.4338456,0,0,0,0,0,0,0,0,0,0,0,0,0,0,0,0,0,0,0,0,0,0,0,0,0,0,0,0,0,0,0,0,0,0,0,0,0,0,0,0,0,0,0,0,0,0,0,0,0,0,0,0,0,0,0,0,0,0,0,0,0,0,0,0,0,0,0,0,0,0,0,0,0,MALE
0,0,0,0.159574674,-0.280761139,-0.012344675,0.217716172,-0.581187955,-0.065695932,0.284300712,-0.784496169,-0.131524117,0.353143428,-0.91764653,-0.182248636,-0.076855105,-0.760025516,-0.0909779,0.219950512,-0.914610526,-0.196768516,0.361329298,-0.821611686,-0.239899638,0.418110493,-0.717067194,-0.254061307,-0.094601188,-0.673653296,-0.133775503,0.260242754,-0.819266118,-0.233280799,0.325495288,-0.642971112,-0.226034443,0.290627389,-0.535468105,-0.206832829,-0.060955483,-0.571249113,-0.182617974,0.279450572,-0.698166829,-0.256620432,0.321129128,-0.532726603,-0.198795665,0.272653955,-0.431608172,-0.145943911,0.003315378,-0.461655425,-0.236761712,0.264648747,-0.560150547,-0.264028691,0.295420719,-0.45237524,-0.218372304,0.252389587,-0.375810609,-0.180028988,169.955604,171.0824758,121.6347309,151.3441761,87.5109996,141.2355097,80.4433444,142.6978787,83.54425504,138.4338456,0,0,0,0,0,0,0,0,0,0,0,0,0,0,0,0,0,0,0,0,0,0,0,0,0,0,0,0,0,0,0,0,0,0,0,0,0,0,0,0,0,0,0,0,0,0,0,0,0,0,0,0,0,0,0,0,0,0,0,0,0,0,0,0,0,0,0,0,0,0,0,0,0,MALE
0,0,0,0.181495207,-0.271771461,-0.019238723,0.249295687,-0.569721233,-0.079767773,0.305103885,-0.777019221,-0.152955412,0.370849721,-0.904297385,-0.211463292,-0.057609403,-0.766860336,-0.1019706,0.238291322,-0.920328654,-0.212128287,0.381417942,-0.838796591,-0.257490474,0.448983932,-0.736376788,-0.273135528,-0.084799534,-0.676326336,-0.144005274,0.271662936,-0.828569016,-0.250403139,0.331462102,-0.64817585,-0.243350714,0.297164692,-0.528603573,-0.222626998,-0.051245323,-0.568654721,-0.192247601,0.291325685,-0.696858142,-0.272688268,0.326386858,-0.524552422,-0.2119086,0.274144466,-0.415074864,-0.155452862,0.017208673,-0.456332916,-0.246331828,0.283432679,-0.560894356,-0.275654309,0.30610806,-0.449773857,-0.226470117,0.252546148,-0.370586484,-0.185380249,172.0653673,168.0301166,125.504944,152.4090499,84.82300082,145.0775976,77.5950152,145.2886798,78.60179972,138.3068456,0,0,0,0,0,0,0,0,0,0,0,0,0,0,0,0,0,0,0,0,0,0,0,0,0,0,0,0,0,0,0,0,0,0,0,0,0,0,0,0,0,0,0,0,0,0,0,0,0,0,0,0,0,0,0,0,0,0,0,0,0,0,0,0,0,0,0,0,0,0,0,0,0,MALE
0,0,0,0.203108645,-0.280048656,-0.012969648,0.269808205,-0.585249489,-0.068865973,0.327358693,-0.792817108,-0.138816095,0.379129783,-0.90467798,-0.194469432,-0.046101235,-0.780313027,-0.093786528,0.251423938,-0.926999552,-0.198907887,0.392559671,-0.840140277,-0.240852349,0.450957174,-0.740542077,-0.255370361,-0.074664233,-0.684385224,-0.139580912,0.27783252,-0.837040685,-0.242212087,0.345777651,-0.655630936,-0.234937008,0.316380661,-0.543605039,-0.215076771,-0.044635156,-0.569909112,-0.190904132,0.291283857,-0.712755181,-0.269595256,0.338965201,-0.545754749,-0.211097389,0.289427538,-0.441736971,-0.156469156,0.019785343,-0.449349816,-0.247575993,0.280062773,-0.568875842,-0.276732394,0.318730087,-0.472641187,-0.2290035,0.272679191,-0.401391933,-0.189421884,171.5628385,169.2384262,124.4593846,151.6165419,86.66098079,144.1704806,79.52525139,141.1724088,85.06094548,130.6655309,0,0,0,0,0,0,0,0,0,0,0,0,0,0,0,0,0,0,0,0,0,0,0,0,0,0,0,0,0,0,0,0,0,0,0,0,0,0,0,0,0,0,0,0,0,0,0,0,0,0,0,0,0,0,0,0,0,0,0,0,0,0,0,0,0,0,0,0,0,0,0,0,0,MALE
0,0,0,0.182398383,-0.274706342,-0.016778597,0.243627502,-0.579761174,-0.067797984,0.301114692,-0.78195493,-0.131569916,0.356473768,-0.916309763,-0.182490739,-0.07965792,-0.760951138,-0.086421678,0.204585312,-0.909989998,-0.191966598,0.36056243,-0.846336379,-0.240317821,0.447059557,-0.751876558,-0.258670665,-0.099220496,-0.664291186,-0.128825786,0.249845481,-0.816458955,-0.237862648,0.314745716,-0.651296385,-0.239259784,0.280729721,-0.529720301,-0.221433975,-0.061447468,-0.55012344,-0.177458811,0.273060348,-0.688854675,-0.258102956,0.314309236,-0.527181319,-0.204007912,0.262332551,-0.417918391,-0.149354408,0.012212026,-0.431918584,-0.231627049,0.266865135,-0.560085209,-0.262203164,0.297971226,-0.460004121,-0.215801777,0.255161496,-0.379549964,-0.174342899,171.2381916,173.3203958,132.4285193,154.0480319,88.10406658,142.0696542,78.48276352,142.5049539,78.9045868,138.8685775,0,0,0,0,0,0,0,0,0,0,0,0,0,0,0,0,0,0,0,0,0,0,0,0,0,0,0,0,0,0,0,0,0,0,0,0,0,0,0,0,0,0,0,0,0,0,0,0,0,0,0,0,0,0,0,0,0,0,0,0,0,0,0,0,0,0,0,0,0,0,0,0,0,MALE
0,0,0,0.164386003,-0.271859372,-0.012957921,0.235979655,-0.584891027,-0.059091415,0.300310155,-0.794924025,-0.117449382,0.359482224,-0.918669514,-0.16376463,-0.05000949,-0.764537184,-0.080113484,0.23395008,-0.891103426,-0.18042213,0.381649505,-0.827746488,-0.225564609,0.457836398,-0.740710851,-0.242814815,-0.075886425,-0.666395606,-0.122014292,0.262378287,-0.810736754,-0.221009798,0.328997218,-0.644930968,-0.218408476,0.297531125,-0.529382573,-0.200164289,-0.046400989,-0.5430472,-0.169504079,0.280197792,-0.682652121,-0.245272046,0.326539794,-0.524743293,-0.189890212,0.27751604,-0.423517125,-0.136244138,0.016029421,-0.414549105,-0.221711763,0.271194136,-0.540604717,-0.250612032,0.29855958,-0.439070887,-0.203075085,0.248448605,-0.364574365,-0.161791705,172.1520159,170.99034,134.834335,153.9850783,88.60648601,142.2148838,79.85696509,140.4460755,77.42100314,135.6482709,0,0,0,0,0,0,0,0,0,0,0,0,0,0,0,0,0,0,0,0,0,0,0,0,0,0,0,0,0,0,0,0,0,0,0,0,0,0,0,0,0,0,0,0,0,0,0,0,0,0,0,0,0,0,0,0,0,0,0,0,0,0,0,0,0,0,0,0,0,0,0,0,0,MALE
0,0,0,0.174049757,-0.281062193,-0.020656547,0.2463372,-0.589235081,-0.07306302,0.313661886,-0.793079699,-0.136163629,0.367047996,-0.911588551,-0.185154214,-0.064036517,-0.781837131,-0.093615952,0.231514962,-0.915890991,-0.195606276,0.382261395,-0.841675562,-0.238102153,0.457008876,-0.746727122,-0.252718307,-0.09069907,-0.683099755,-0.130881916,0.258873807,-0.818887641,-0.228744598,0.335083702,-0.648885137,-0.220820394,0.317119213,-0.529658319,-0.201206457,-0.06050288,-0.561834562,-0.174412008,0.272621217,-0.683292151,-0.250878223,0.323353663,-0.527424643,-0.194733187,0.284656387,-0.421039898,-0.141813069,0.005869992,-0.437545995,-0.223552938,0.272703337,-0.542346207,-0.251237877,0.309556087,-0.445080742,-0.205119147,0.267840578,-0.371321387,-0.166028782,171.4359615,172.8866724,131.3317291,153.8367675,92.20531017,146.7709822,84.22481396,144.3273616,87.13726042,134.4772242,0,0,0,0,0,0,0,0,0,0,0,0,0,0,0,0,0,0,0,0,0,0,0,0,0,0,0,0,0,0,0,0,0,0,0,0,0,0,0,0,0,0,0,0,0,0,0,0,0,0,0,0,0,0,0,0,0,0,0,0,0,0,0,0,0,0,0,0,0,0,0,0,0,MALE
0,0,0,0.176772424,-0.27829117,-0.015967332,0.242164212,-0.569280936,-0.065671362,0.3068287,-0.768279667,-0.128125522,0.373094818,-0.910802431,-0.176746113,-0.067785789,-0.749626508,-0.082277963,0.221676132,-0.898004023,-0.187963342,0.366953104,-0.835318581,-0.234957686,0.436971021,-0.749417632,-0.251774688,-0.083285166,-0.65725214,-0.124190769,0.260936114,-0.816889355,-0.230882678,0.335748487,-0.65392304,-0.233647025,0.313539927,-0.531247532,-0.2176401,-0.045663167,-0.549753769,-0.172373792,0.284907747,-0.686495996,-0.25460053,0.331526772,-0.525914217,-0.202960065,0.287488467,-0.417462246,-0.149772541,0.023604433,-0.440043384,-0.225722529,0.278357748,-0.551786379,-0.257194991,0.30974575,-0.447334019,-0.211544785,0.268316668,-0.366351861,-0.170357383,171.1455248,173.322144,131.9224054,152.069928,90.02549558,144.2113845,80.32724861,143.5906869,81.11558971,139.95401,0,0,0,0,0,0,0,0,0,0,0,0,0,0,0,0,0,0,0,0,0,0,0,0,0,0,0,0,0,0,0,0,0,0,0,0,0,0,0,0,0,0,0,0,0,0,0,0,0,0,0,0,0,0,0,0,0,0,0,0,0,0,0,0,0,0,0,0,0,0,0,0,0,MALE
0,0,0,0.171130476,-0.281798491,-0.010266508,0.23491474,-0.587534568,-0.053845544,0.297509915,-0.793989075,-0.110714705,0.35420766,-0.922409588,-0.153939875,-0.060604972,-0.753209321,-0.066738911,0.216077535,-0.904800039,-0.167322235,0.365138335,-0.845625336,-0.213306451,0.442078613,-0.75373761,-0.22918909,-0.082321724,-0.661293027,-0.108287653,0.247510821,-0.822110997,-0.209942731,0.330509167,-0.659107573,-0.210749805,0.318394458,-0.530075045,-0.192135664,-0.049595626,-0.549694464,-0.156118997,0.268134955,-0.692704447,-0.233895946,0.327347566,-0.538867183,-0.18334218,0.290936632,-0.424959885,-0.129701253,0.015181157,-0.434788823,-0.208893653,0.264919954,-0.554476531,-0.238465978,0.309648138,-0.462639129,-0.194494106,0.276386938,-0.384178812,-0.153286134,171.5412535,172.8946188,131.9013884,150.9686149,91.02313496,146.6738014,83.35929182,143.1292105,87.92454729,135.6609866,0,0,0,0,0,0,0,0,0,0,0,0,0,0,0,0,0,0,0,0,0,0,0,0,0,0,0,0,0,0,0,0,0,0,0,0,0,0,0,0,0,0,0,0,0,0,0,0,0,0,0,0,0,0,0,0,0,0,0,0,0,0,0,0,0,0,0,0,0,0,0,0,0,MALE
0,0,0,0.167090959,-0.27488364,-0.0179785,0.228447484,-0.573735948,-0.071921614,0.291783545,-0.781539658,-0.13521171,0.365848293,-0.912303922,-0.184001575,-0.070408562,-0.74662913,-0.111209381,0.223910946,-0.894499103,-0.207822018,0.366464635,-0.823674128,-0.238820693,0.430902977,-0.734177333,-0.245772377,-0.089253826,-0.654192348,-0.150163972,0.260460211,-0.808768071,-0.2509063,0.325381715,-0.63675791,-0.239779543,0.290524801,-0.513892349,-0.215953506,-0.053585019,-0.544964276,-0.192614384,0.280547985,-0.687117679,-0.269740697,0.320910325,-0.517413114,-0.209699186,0.27070125,-0.399268322,-0.153097458,0.013524815,-0.434393944,-0.23970772,0.271409547,-0.55160317,-0.272117368,0.306198323,-0.440435186,-0.225858019,0.267056278,-0.350474665,-0.184897306,171.8814001,167.8469422,128.2700355,151.4401293,86.05905312,143.0969197,77.11780419,145.8554509,81.05315461,142.2318984,0,0,0,0,0,0,0,0,0,0,0,0,0,0,0,0,0,0,0,0,0,0,0,0,0,0,0,0,0,0,0,0,0,0,0,0,0,0,0,0,0,0,0,0,0,0,0,0,0,0,0,0,0,0,0,0,0,0,0,0,0,0,0,0,0,0,0,0,0,0,0,0,0,MALE
0,0,0,0.138740861,-0.281997471,-0.021355961,0.216898443,-0.57261237,-0.082090792,0.303565807,-0.769914298,-0.15205216,0.334843893,-0.919631352,-0.205323508,-0.070547883,-0.778053754,-0.114903979,0.243534479,-0.903560655,-0.228427521,0.357800041,-0.78074339,-0.271959018,0.380973409,-0.666243346,-0.281938578,-0.086650531,-0.667529516,-0.154606301,0.264165098,-0.787171025,-0.25287221,0.318815011,-0.628357071,-0.241868838,0.28393509,-0.530893102,-0.222281678,-0.055648421,-0.540847521,-0.200851035,0.275452755,-0.645764331,-0.272834468,0.308304567,-0.505956664,-0.214508608,0.260855214,-0.418676557,-0.16378293,0.008787151,-0.412782003,-0.252806111,0.26541964,-0.518700001,-0.275968597,0.289215293,-0.426574132,-0.227602784,0.242363995,-0.359483127,-0.188890553,169.3459216,168.6341364,114.2703219,147.5338922,89.19220202,141.0330025,81.64513084,141.8737254,80.76714676,135.8914093,0,0,0,0,0,0,0,0,0,0,0,0,0,0,0,0,0,0,0,0,0,0,0,0,0,0,0,0,0,0,0,0,0,0,0,0,0,0,0,0,0,0,0,0,0,0,0,0,0,0,0,0,0,0,0,0,0,0,0,0,0,0,0,0,0,0,0,0,0,0,0,0,0,MALE
0,0,0,0.086764707,-0.263969674,0.002735863,0.200308922,-0.551434455,-0.045593291,0.328010342,-0.739573523,-0.10563823,0.399195972,-0.903677038,-0.154952856,0.010723618,-0.743774727,-0.100357376,0.322810344,-0.845203044,-0.199144504,0.438237781,-0.719161792,-0.238703538,0.467233813,-0.602263644,-0.248404611,-0.016005049,-0.635473897,-0.145107716,0.329126057,-0.714395666,-0.219014022,0.387916443,-0.54415299,-0.204632914,0.360684374,-0.447153938,-0.191051326,-0.001852962,-0.490196815,-0.192255095,0.340153718,-0.559596788,-0.245735166,0.371788575,-0.415975981,-0.187245583,0.32143375,-0.340484016,-0.144900139,0.043509344,-0.336607659,-0.241455113,0.321465122,-0.405973367,-0.253078401,0.337728603,-0.309873652,-0.200541415,0.281994003,-0.255219501,-0.163945121,166.3149012,169.6247146,116.8424975,150.5812041,95.08460159,145.3306171,87.66565483,137.7164762,85.01966616,131.0424597,0,0,0,0,0,0,0,0,0,0,0,0,0,0,0,0,0,0,0,0,0,0,0,0,0,0,0,0,0,0,0,0,0,0,0,0,0,0,0,0,0,0,0,0,0,0,0,0,0,0,0,0,0,0,0,0,0,0,0,0,0,0,0,0,0,0,0,0,0,0,0,0,0,MALE
0,0,0,0.160791214,-0.25311059,-0.024454081,0.271744043,-0.517706146,-0.083515159,0.342393422,-0.719967808,-0.148636321,0.403719486,-0.891337443,-0.206223518,0.102331676,-0.77260192,-0.128401258,0.386329641,-0.765444906,-0.230389872,0.511068487,-0.600625854,-0.282982384,0.567556416,-0.444740472,-0.307397628,0.010206993,-0.654009801,-0.160669323,0.334665119,-0.593302699,-0.248253838,0.442921182,-0.408794173,-0.258266735,0.472153728,-0.267240388,-0.263917734,-0.040029046,-0.484697429,-0.194950136,0.295913014,-0.40805364,-0.270219928,0.37331723,-0.276462933,-0.246209574,0.367381991,-0.185473854,-0.225693364,-0.0491733,-0.305885005,-0.231782181,0.237509804,-0.236852472,-0.271133482,0.307031978,-0.152813181,-0.248156976,0.302894842,-0.104208845,-0.227949617,173.713613,179.0661394,130.6841153,162.1348826,130.1941473,161.2707289,128.9695027,146.220183,138.4793853,136.3848879,0,0,0,0,0,0,0,0,0,0,0,0,0,0,0,0,0,0,0,0,0,0,0,0,0,0,0,0,0,0,0,0,0,0,0,0,0,0,0,0,0,0,0,0,0,0,0,0,0,0,0,0,0,0,0,0,0,0,0,0,0,0,0,0,0,0,0,0,0,0,0,0,0,MALE
0,0,0,0.14113934,-0.294475659,-0.012884979,0.416060699,-0.50077287,-0.067666904,0.66133461,-0.549319182,-0.129279812,0.848849854,-0.495930085,-0.183049928,0.386894279,-0.609801175,-0.138973685,0.703046513,-0.624322029,-0.245628213,0.746235255,-0.538560285,-0.296812442,0.710086898,-0.485785991,-0.321046079,0.35396559,-0.415484028,-0.191984185,0.656131758,-0.323196995,-0.283408165,0.582948315,-0.230122627,-0.283993744,0.454020958,-0.214354663,-0.28038705,0.320848741,-0.163250058,-0.245237651,0.601278948,-0.107643357,-0.317038295,0.519970072,-0.027991511,-0.254035008,0.397628641,-0.007766772,-0.208864252,0.287736268,0.098957662,-0.299780774,0.488314279,0.12412833,-0.338105926,0.413573981,0.182128606,-0.278748969,0.314781038,0.208911452,-0.232577948,154.3839132,153.7542381,119.4490235,124.3953573,69.76448532,135.1114192,53.34325989,147.023737,46.54405953,158.6032699,0,0,0,0,0,0,0,0,0,0,0,0,0,0,0,0,0,0,0,0,0,0,0,0,0,0,0,0,0,0,0,0,0,0,0,0,0,0,0,0,0,0,0,0,0,0,0,0,0,0,0,0,0,0,0,0,0,0,0,0,0,0,0,0,0,0,0,0,0,0,0,0,0,MALE
0,0,0,0.154089779,-0.279223234,-0.003408299,0.232583927,-0.588494828,-0.040873998,0.297648811,-0.797724145,-0.089608395,0.382021458,-0.914313318,-0.134501908,-0.055228787,-0.777396089,-0.085769516,0.158616736,-0.934967932,-0.167700653,0.303355907,-0.886935547,-0.205847224,0.377728492,-0.806982874,-0.223000652,-0.125115148,-0.659250789,-0.127849679,0.135703449,-0.824283347,-0.205067444,0.257876716,-0.692416667,-0.208881272,0.28494532,-0.57540139,-0.20603456,-0.144826474,-0.509314039,-0.171149777,0.114526159,-0.673641992,-0.246519484,0.225899216,-0.556760588,-0.215719135,0.243893768,-0.446602111,-0.185363798,-0.133275776,-0.350704168,-0.214339445,0.073196907,-0.496843052,-0.257970664,0.160098948,-0.406517418,-0.225959396,0.169320947,-0.303753521,-0.196893743,173.4227917,161.3891239,127.3448552,151.4174273,100.4713703,150.0963396,98.13889131,146.2819674,95.78296254,142.5807043,0,0,0,0,0,0,0,0,0,0,0,0,0,0,0,0,0,0,0,0,0,0,0,0,0,0,0,0,0,0,0,0,0,0,0,0,0,0,0,0,0,0,0,0,0,0,0,0,0,0,0,0,0,0,0,0,0,0,0,0,0,0,0,0,0,0,0,0,0,0,0,0,0,MALE
0,0,0,0.004237605,-0.367217705,0.013736594,0.158928387,-0.664588321,-0.000727025,0.3383383,-0.821513215,-0.02664623,0.488999823,-0.870819339,-0.050525759,0.161515872,-0.800382877,-0.032378051,0.352785198,-0.879937729,-0.078784121,0.461593475,-0.805347375,-0.108330575,0.528537495,-0.700516553,-0.127298893,0.159583704,-0.669616137,-0.073274562,0.312390745,-0.708536782,-0.111961554,0.351596191,-0.617537331,-0.125851104,0.346946651,-0.516579353,-0.139249346,0.156569768,-0.490473005,-0.112991705,0.290083913,-0.551408923,-0.142292485,0.312020478,-0.476106567,-0.12674853,0.30513082,-0.387329717,-0.119151968,0.159222322,-0.285382693,-0.153291332,0.255971976,-0.364271841,-0.158813701,0.263738437,-0.335131035,-0.13260842,0.248386583,-0.275502748,-0.114810996,158.3944812,157.0142745,124.4822666,157.0478442,100.5926549,154.2838807,79.81951776,158.5652525,70.18960438,144.4887287,0,0,0,0,0,0,0,0,0,0,0,0,0,0,0,0,0,0,0,0,0,0,0,0,0,0,0,0,0,0,0,0,0,0,0,0,0,0,0,0,0,0,0,0,0,0,0,0,0,0,0,0,0,0,0,0,0,0,0,0,0,0,0,0,0,0,0,0,0,0,0,0,0,MALE
0,0,0,0.198718891,-0.278938911,0.006260558,0.245682284,-0.58604213,-0.02964823,0.28514415,-0.788233085,-0.082293394,0.33188767,-0.934994937,-0.125040163,-0.062708357,-0.751985235,-0.075188815,0.158548386,-0.947529537,-0.16380043,0.301304869,-0.875375536,-0.199193537,0.371093157,-0.776675603,-0.211505761,-0.109246816,-0.666455528,-0.126195053,0.182313788,-0.853114611,-0.215196602,0.294553809,-0.697104561,-0.216182324,0.303567218,-0.57391056,-0.206177351,-0.101529485,-0.556956193,-0.179545995,0.182526568,-0.732032552,-0.251518416,0.266869193,-0.581963436,-0.207281446,0.251155206,-0.46238356,-0.165725721,-0.056920646,-0.444119555,-0.235478115,0.165420856,-0.600757721,-0.271246794,0.226810501,-0.500463401,-0.232063001,0.207214641,-0.400646375,-0.197734106,171.9100836,173.4744374,114.0864511,151.6563905,93.08039996,148.0980384,84.79962048,144.4931067,84.15623873,139.7259183,0,0,0,0,0,0,0,0,0,0,0,0,0,0,0,0,0,0,0,0,0,0,0,0,0,0,0,0,0,0,0,0,0,0,0,0,0,0,0,0,0,0,0,0,0,0,0,0,0,0,0,0,0,0,0,0,0,0,0,0,0,0,0,0,0,0,0,0,0,0,0,0,0,MALE
0,0,0,0.194659745,-0.275332601,0.003949693,0.226117129,-0.578677844,-0.028979584,0.256628426,-0.789687213,-0.079503898,0.295787789,-0.948268134,-0.115313182,-0.082505855,-0.753296951,-0.0458161,0.159715154,-0.951259961,-0.154770123,0.290220367,-0.832424387,-0.21040846,0.329524255,-0.705184284,-0.230676081,-0.121637995,-0.679771622,-0.093971727,0.179776078,-0.877283084,-0.194113677,0.279462655,-0.706343428,-0.20304919,0.274009697,-0.579438834,-0.193940246,-0.107960035,-0.591745435,-0.149833737,0.186458392,-0.758188521,-0.224911659,0.256631054,-0.605636031,-0.182165314,0.226827667,-0.493442514,-0.138850592,-0.058220699,-0.49664519,-0.210443357,0.176886522,-0.617438528,-0.242697311,0.224179652,-0.522555229,-0.206527384,0.193595725,-0.440872799,-0.174080252,172.4673329,174.3923089,103.3428798,149.0361442,87.81806634,146.6308537,82.39904357,141.8137272,87.10043325,135.8290653,0,0,0,0,0,0,0,0,0,0,0,0,0,0,0,0,0,0,0,0,0,0,0,0,0,0,0,0,0,0,0,0,0,0,0,0,0,0,0,0,0,0,0,0,0,0,0,0,0,0,0,0,0,0,0,0,0,0,0,0,0,0,0,0,0,0,0,0,0,0,0,0,0,MALE
0,0,0,0.199611258,-0.281418823,0.004388065,0.249907191,-0.593348908,-0.035692122,0.288337536,-0.802654883,-0.090597876,0.313682144,-0.940204135,-0.132739205,-0.060130471,-0.760113115,-0.084875052,0.178270409,-0.951519998,-0.179652591,0.315938841,-0.853879482,-0.216098249,0.374553766,-0.741201052,-0.226034802,-0.111241323,-0.680763669,-0.13374908,0.184358451,-0.874564137,-0.224953807,0.303418364,-0.718325535,-0.224619314,0.321021299,-0.593255694,-0.212569566,-0.10546834,-0.582102576,-0.1847621,0.189978032,-0.745131043,-0.254379281,0.284421777,-0.594310166,-0.209282555,0.275072757,-0.47409116,-0.166523572,-0.060397186,-0.480639624,-0.238920029,0.176124308,-0.61361725,-0.268724416,0.245439969,-0.516570784,-0.228924783,0.22876244,-0.42320487,-0.19420098,172.6473525,177.6410114,108.5523119,152.0522875,93.90575998,150.2581427,90.15893468,144.732488,93.84828619,136.9954044,0,0,0,0,0,0,0,0,0,0,0,0,0,0,0,0,0,0,0,0,0,0,0,0,0,0,0,0,0,0,0,0,0,0,0,0,0,0,0,0,0,0,0,0,0,0,0,0,0,0,0,0,0,0,0,0,0,0,0,0,0,0,0,0,0,0,0,0,0,0,0,0,0,MALE
0,0,0,0.200192361,-0.26364128,0.006023346,0.241181611,-0.579510566,-0.021207322,0.266917777,-0.798955525,-0.064137139,0.305476176,-0.947276305,-0.096705264,-0.050611439,-0.741393248,-0.047087262,0.187553424,-0.910300194,-0.138425424,0.32522567,-0.84571041,-0.179136271,0.386631956,-0.746090148,-0.191728803,-0.095190032,-0.665223099,-0.092055404,0.196077464,-0.84312373,-0.185853839,0.295200828,-0.678556179,-0.194174821,0.290537127,-0.542043721,-0.182460511,-0.084330951,-0.563518354,-0.141313473,0.197017514,-0.729500577,-0.215227091,0.283205858,-0.575759232,-0.178402549,0.264829509,-0.4527027,-0.135798408,-0.03947163,-0.456090255,-0.193006165,0.180726406,-0.603003718,-0.227349786,0.242583847,-0.506536567,-0.193363239,0.220138668,-0.412456255,-0.159477396,173.836716,172.1939325,122.1049925,146.2154567,90.31586747,146.1925521,86.20528015,142.9651946,86.91230592,136.1783352,0,0,0,0,0,0,0,0,0,0,0,0,0,0,0,0,0,0,0,0,0,0,0,0,0,0,0,0,0,0,0,0,0,0,0,0,0,0,0,0,0,0,0,0,0,0,0,0,0,0,0,0,0,0,0,0,0,0,0,0,0,0,0,0,0,0,0,0,0,0,0,0,0,MALE
0,0,0,0.200192361,-0.26364128,0.006023346,0.241181611,-0.579510566,-0.021207322,0.266917777,-0.798955525,-0.064137139,0.305476176,-0.947276305,-0.096705264,-0.050611439,-0.741393248,-0.047087262,0.187553424,-0.910300194,-0.138425424,0.32522567,-0.84571041,-0.179136271,0.386631956,-0.746090148,-0.191728803,-0.095190032,-0.665223099,-0.092055404,0.196077464,-0.84312373,-0.185853839,0.295200828,-0.678556179,-0.194174821,0.290537127,-0.542043721,-0.182460511,-0.084330951,-0.563518354,-0.141313473,0.197017514,-0.729500577,-0.215227091,0.283205858,-0.575759232,-0.178402549,0.264829509,-0.4527027,-0.135798408,-0.03947163,-0.456090255,-0.193006165,0.180726406,-0.603003718,-0.227349786,0.242583847,-0.506536567,-0.193363239,0.220138668,-0.412456255,-0.159477396,173.836716,172.1939325,122.1049925,146.2154567,90.31586747,146.1925521,86.20528015,142.9651946,86.91230592,136.1783352,0,0,0,0,0,0,0,0,0,0,0,0,0,0,0,0,0,0,0,0,0,0,0,0,0,0,0,0,0,0,0,0,0,0,0,0,0,0,0,0,0,0,0,0,0,0,0,0,0,0,0,0,0,0,0,0,0,0,0,0,0,0,0,0,0,0,0,0,0,0,0,0,0,MALE
0,0,0,0.174004913,-0.294435297,0.006773928,0.205669157,-0.60415693,-0.030939891,0.238826213,-0.816171832,-0.087611545,0.293414353,-0.946716978,-0.132796763,-0.100533519,-0.749810059,-0.055479726,0.147590205,-0.950004961,-0.16759657,0.287840139,-0.863594604,-0.222658965,0.347626918,-0.750356762,-0.243050154,-0.142097294,-0.668075901,-0.10890315,0.168219889,-0.873760477,-0.219016596,0.272834272,-0.692549651,-0.227178808,0.271589147,-0.543291301,-0.214109801,-0.12876615,-0.571715332,-0.168662641,0.169893857,-0.748092743,-0.25478637,0.242603856,-0.575500847,-0.20789445,0.21610202,-0.443503218,-0.156894979,-0.079768292,-0.472582214,-0.231987369,0.15300828,-0.612288464,-0.269720799,0.204746016,-0.504573078,-0.228188969,0.176927672,-0.406778142,-0.18926898,171.5534533,166.425037,113.7840596,148.9357568,87.24343874,148.7010375,79.33950848,146.7527181,82.42308407,141.0464871,0,0,0,0,0,0,0,0,0,0,0,0,0,0,0,0,0,0,0,0,0,0,0,0,0,0,0,0,0,0,0,0,0,0,0,0,0,0,0,0,0,0,0,0,0,0,0,0,0,0,0,0,0,0,0,0,0,0,0,0,0,0,0,0,0,0,0,0,0,0,0,0,0,MALE
0,0,0,0.171265813,-0.31620873,0.017791159,0.205076578,-0.604043047,-0.01805502,0.245566674,-0.800618737,-0.073896218,0.293352588,-0.948729587,-0.117713338,-0.103243748,-0.736046052,-0.048997183,0.135302238,-0.935033149,-0.14833223,0.279124317,-0.857512444,-0.194705184,0.346922319,-0.752434397,-0.210892736,-0.136408651,-0.654909817,-0.105525141,0.160937363,-0.862020645,-0.202362944,0.258482475,-0.703920913,-0.206447606,0.256878029,-0.567276828,-0.193895683,-0.116356025,-0.564280416,-0.166783516,0.172526058,-0.751020319,-0.238224636,0.251105477,-0.606855618,-0.191095392,0.233617248,-0.480051111,-0.143945866,-0.059123064,-0.47092289,-0.231258094,0.159632158,-0.628310424,-0.261499684,0.226578765,-0.540734714,-0.222421059,0.216685068,-0.444940931,-0.186529952,170.2121815,173.9648594,115.090335,150.5384903,87.25001216,147.0381808,82.73626913,145.171663,89.42155737,139.417897,0,0,0,0,0,0,0,0,0,0,0,0,0,0,0,0,0,0,0,0,0,0,0,0,0,0,0,0,0,0,0,0,0,0,0,0,0,0,0,0,0,0,0,0,0,0,0,0,0,0,0,0,0,0,0,0,0,0,0,0,0,0,0,0,0,0,0,0,0,0,0,0,0,MALE
0,0,0,0.191328929,-0.296869688,0.013596057,0.228066676,-0.602108494,-0.016584186,0.262404891,-0.811029788,-0.064796142,0.308441494,-0.945728372,-0.102282406,-0.062082824,-0.736368012,-0.050197784,0.175736262,-0.902034514,-0.140421097,0.317028982,-0.832933398,-0.177331993,0.385457223,-0.734729974,-0.189014201,-0.100203016,-0.655330893,-0.102763032,0.187646674,-0.841516339,-0.194880671,0.287407768,-0.686266028,-0.198005488,0.288435322,-0.557556595,-0.185689546,-0.08515474,-0.558918842,-0.159210465,0.191892884,-0.734568813,-0.231863343,0.277031867,-0.589933077,-0.190096295,0.261550552,-0.469345734,-0.146074353,-0.035463693,-0.459408583,-0.218309367,0.179571641,-0.616079514,-0.252351462,0.245934832,-0.530718142,-0.218074845,0.231814707,-0.439052067,-0.185394799,172.3663514,170.528585,121.30805,150.3470003,90.08631507,147.1354296,85.21033016,143.4323437,89.49141951,135.8806703,0,0,0,0,0,0,0,0,0,0,0,0,0,0,0,0,0,0,0,0,0,0,0,0,0,0,0,0,0,0,0,0,0,0,0,0,0,0,0,0,0,0,0,0,0,0,0,0,0,0,0,0,0,0,0,0,0,0,0,0,0,0,0,0,0,0,0,0,0,0,0,0,0,MALE
0,0,0,0.179499566,-0.296292016,0.002631864,0.204747998,-0.610441576,-0.038368043,0.23221835,-0.822418454,-0.095419745,0.289778509,-0.946685833,-0.140763452,-0.107715224,-0.736560011,-0.075699954,0.131568587,-0.948491128,-0.173553097,0.280141195,-0.878423596,-0.216062158,0.355055958,-0.77709739,-0.230690371,-0.144523381,-0.65612114,-0.12307163,0.157713378,-0.8570472,-0.214210369,0.260036791,-0.693875753,-0.211629558,0.25913577,-0.567353925,-0.197849136,-0.121694768,-0.557238503,-0.174309447,0.167926504,-0.739255592,-0.244030855,0.250874874,-0.583299687,-0.194917171,0.230735769,-0.458088888,-0.148660738,-0.063112461,-0.456921432,-0.2292879,0.156125612,-0.618667337,-0.257017339,0.226036233,-0.524996503,-0.214336633,0.2124513,-0.425975497,-0.177557945,171.9755781,162.9249863,115.9951777,151.135373,88.33468397,147.1162095,83.0119379,144.4138996,88.30612414,138.3015376,0,0,0,0,0,0,0,0,0,0,0,0,0,0,0,0,0,0,0,0,0,0,0,0,0,0,0,0,0,0,0,0,0,0,0,0,0,0,0,0,0,0,0,0,0,0,0,0,0,0,0,0,0,0,0,0,0,0,0,0,0,0,0,0,0,0,0,0,0,0,0,0,0,MALE
0,0,0,0.174843154,-0.308450753,0.013037419,0.209089502,-0.602248138,-0.024261942,0.246034492,-0.804968128,-0.080392888,0.304153954,-0.944303288,-0.125625124,-0.091802773,-0.74647872,-0.053126941,0.135013956,-0.934865726,-0.149836509,0.281588071,-0.877852018,-0.195165733,0.359739588,-0.785905933,-0.212469781,-0.128614127,-0.666491339,-0.106649072,0.168638135,-0.860075229,-0.202250651,0.268895494,-0.701144402,-0.205989776,0.268924415,-0.566627687,-0.193853194,-0.110186141,-0.570564108,-0.164445301,0.177727361,-0.750300534,-0.236313813,0.26216496,-0.60638238,-0.190052291,0.246101257,-0.4792575,-0.144023598,-0.05661785,-0.471447445,-0.225431486,0.168828323,-0.614673441,-0.256222123,0.236286329,-0.526828269,-0.217384153,0.22203129,-0.433809651,-0.181932938,171.1678592,168.0650875,121.9651211,151.1747047,89.49612308,147.1904995,85.33934159,143.978707,92.59823291,136.6725989,0,0,0,0,0,0,0,0,0,0,0,0,0,0,0,0,0,0,0,0,0,0,0,0,0,0,0,0,0,0,0,0,0,0,0,0,0,0,0,0,0,0,0,0,0,0,0,0,0,0,0,0,0,0,0,0,0,0,0,0,0,0,0,0,0,0,0,0,0,0,0,0,0,MALE
0,0,0,0.17422146,-0.289476864,0.009328783,0.199791343,-0.595569306,-0.025214219,0.233291383,-0.805375316,-0.079033552,0.282294598,-0.951456005,-0.122642694,-0.111574281,-0.732332478,-0.045931723,0.12567882,-0.933633914,-0.147549635,0.271767532,-0.881518139,-0.200532795,0.356056053,-0.79605086,-0.223206133,-0.148412725,-0.658284357,-0.098886369,0.160959573,-0.863470965,-0.203572998,0.253587,-0.696619123,-0.211878009,0.249564349,-0.562827565,-0.19922774,-0.125272239,-0.567140351,-0.157402144,0.173178229,-0.748677002,-0.239229906,0.244800747,-0.586695883,-0.193727306,0.219229672,-0.460375642,-0.143813949,-0.064470176,-0.472120715,-0.219276861,0.166116853,-0.618206174,-0.253477859,0.224372315,-0.525890784,-0.213282798,0.202854464,-0.437477045,-0.175570099,171.1211077,170.701297,123.4243843,153.8158378,86.33488372,148.2743347,79.68041759,145.7888989,87.44308464,137.3225207,0,0,0,0,0,0,0,0,0,0,0,0,0,0,0,0,0,0,0,0,0,0,0,0,0,0,0,0,0,0,0,0,0,0,0,0,0,0,0,0,0,0,0,0,0,0,0,0,0,0,0,0,0,0,0,0,0,0,0,0,0,0,0,0,0,0,0,0,0,0,0,0,0,MALE
0,0,0,0.196616369,-0.297844428,0.000830729,0.232027034,-0.604900146,-0.044394783,0.26022989,-0.807897939,-0.107317951,0.309238024,-0.937478092,-0.159708085,-0.093094049,-0.755294788,-0.07743603,0.166337201,-0.93411663,-0.182056046,0.313651514,-0.875114172,-0.23019015,0.394341665,-0.783205673,-0.249160257,-0.130064278,-0.661638797,-0.130354102,0.186661712,-0.855887425,-0.238574892,0.285620329,-0.688273636,-0.245404569,0.285855185,-0.549714123,-0.232942363,-0.104395957,-0.548680628,-0.187394193,0.191361863,-0.728510171,-0.268575013,0.275424314,-0.574588898,-0.221984895,0.254447907,-0.449997833,-0.173259832,-0.042190487,-0.440178975,-0.248163312,0.178132772,-0.605611975,-0.279801436,0.242757029,-0.523498058,-0.235902635,0.223251533,-0.434709338,-0.196868653,171.150527,167.3400827,126.4390372,152.6012578,89.63750483,148.7384532,84.12878089,143.2268911,88.66017138,133.674523,0,0,0,0,0,0,0,0,0,0,0,0,0,0,0,0,0,0,0,0,0,0,0,0,0,0,0,0,0,0,0,0,0,0,0,0,0,0,0,0,0,0,0,0,0,0,0,0,0,0,0,0,0,0,0,0,0,0,0,0,0,0,0,0,0,0,0,0,0,0,0,0,0,MALE
0,0,0,0.145035283,-0.313141547,-0.001106335,0.166395653,-0.614117115,-0.043982586,0.215200873,-0.822107668,-0.100861319,0.284050624,-0.947803438,-0.144858155,-0.145153938,-0.731978457,-0.070679953,0.104649793,-0.928106047,-0.167597732,0.257281769,-0.876514239,-0.211405534,0.335535366,-0.79597802,-0.229077694,-0.16629401,-0.644185561,-0.11631641,0.146484236,-0.854312544,-0.21828187,0.238440588,-0.695187283,-0.219888459,0.225695367,-0.563046497,-0.204744831,-0.135835682,-0.550513494,-0.166695977,0.159769678,-0.749133693,-0.242984613,0.234227054,-0.603618474,-0.194754356,0.209467575,-0.48153403,-0.146004835,-0.073970635,-0.459334249,-0.221129288,0.153566013,-0.61370565,-0.254375188,0.219241952,-0.526629363,-0.217128797,0.206935947,-0.43755933,-0.182368343,168.7342198,164.9343334,125.5749351,152.7431413,86.39542034,143.8510021,80.1941738,143.2721701,90.47260527,137.8860325,0,0,0,0,0,0,0,0,0,0,0,0,0,0,0,0,0,0,0,0,0,0,0,0,0,0,0,0,0,0,0,0,0,0,0,0,0,0,0,0,0,0,0,0,0,0,0,0,0,0,0,0,0,0,0,0,0,0,0,0,0,0,0,0,0,0,0,0,0,0,0,0,0,MALE
0,0,0,0.18422643,-0.297143619,0.015790226,0.219945029,-0.595338397,-0.019194998,0.254640069,-0.797773579,-0.072484157,0.31006252,-0.943610469,-0.116019462,-0.075212279,-0.735183466,-0.061887536,0.150295436,-0.92628283,-0.154623886,0.294812138,-0.865533199,-0.195203636,0.374142975,-0.76907311,-0.209588596,-0.114130993,-0.65443663,-0.115547867,0.180348877,-0.849279773,-0.205316541,0.277645663,-0.698700819,-0.205398246,0.282034308,-0.576188889,-0.193127027,-0.098442381,-0.556162286,-0.171966303,0.186212741,-0.729077222,-0.238181067,0.262953114,-0.585381355,-0.189687757,0.245214634,-0.466170109,-0.144691073,-0.048038001,-0.452226274,-0.231145858,0.171383034,-0.596615017,-0.256696733,0.231610999,-0.514630901,-0.215408864,0.212462653,-0.430872714,-0.180257947,171.5923904,169.236705,119.552361,151.5981018,89.40352106,148.6990799,83.82000015,145.1750737,90.63823699,134.6644692,0,0,0,0,0,0,0,0,0,0,0,0,0,0,0,0,0,0,0,0,0,0,0,0,0,0,0,0,0,0,0,0,0,0,0,0,0,0,0,0,0,0,0,0,0,0,0,0,0,0,0,0,0,0,0,0,0,0,0,0,0,0,0,0,0,0,0,0,0,0,0,0,0,MALE
0,0,0,0.160774753,-0.31864732,0.014125008,0.191820132,-0.616598528,-0.021991635,0.236433098,-0.816917981,-0.075019828,0.297120283,-0.947671216,-0.116785291,-0.128152113,-0.723226794,-0.057853226,0.115735215,-0.928092902,-0.152528793,0.268459219,-0.871209446,-0.196096516,0.346564688,-0.77794703,-0.211840219,-0.153001858,-0.635582853,-0.110575213,0.152433499,-0.854518578,-0.2065901,0.254144857,-0.703879475,-0.209241051,0.248708648,-0.571741587,-0.194995286,-0.12458763,-0.535962556,-0.166593776,0.161952061,-0.749808016,-0.234980267,0.247247326,-0.612779179,-0.186645548,0.228027715,-0.489946677,-0.138572281,-0.064000763,-0.435900947,-0.22529261,0.151064795,-0.61008335,-0.251787732,0.220849579,-0.536010735,-0.210538683,0.2085099,-0.450304958,-0.173279052,169.9884242,167.9706229,122.0154489,149.9897847,88.65136459,143.01126,82.34726563,141.2477953,91.90189839,132.729524,0,0,0,0,0,0,0,0,0,0,0,0,0,0,0,0,0,0,0,0,0,0,0,0,0,0,0,0,0,0,0,0,0,0,0,0,0,0,0,0,0,0,0,0,0,0,0,0,0,0,0,0,0,0,0,0,0,0,0,0,0,0,0,0,0,0,0,0,0,0,0,0,0,MALE
0,0,0,0.160774753,-0.31864732,0.014125008,0.191820132,-0.616598528,-0.021991635,0.236433098,-0.816917981,-0.075019828,0.297120283,-0.947671216,-0.116785291,-0.128152113,-0.723226794,-0.057853226,0.115735215,-0.928092902,-0.152528793,0.268459219,-0.871209446,-0.196096516,0.346564688,-0.77794703,-0.211840219,-0.153001858,-0.635582853,-0.110575213,0.152433499,-0.854518578,-0.2065901,0.254144857,-0.703879475,-0.209241051,0.248708648,-0.571741587,-0.194995286,-0.12458763,-0.535962556,-0.166593776,0.161952061,-0.749808016,-0.234980267,0.247247326,-0.612779179,-0.186645548,0.228027715,-0.489946677,-0.138572281,-0.064000763,-0.435900947,-0.22529261,0.151064795,-0.61008335,-0.251787732,0.220849579,-0.536010735,-0.210538683,0.2085099,-0.450304958,-0.173279052,169.9884242,167.9706229,122.0154489,149.9897847,88.65136459,143.01126,82.34726563,141.2477953,91.90189839,132.729524,0,0,0,0,0,0,0,0,0,0,0,0,0,0,0,0,0,0,0,0,0,0,0,0,0,0,0,0,0,0,0,0,0,0,0,0,0,0,0,0,0,0,0,0,0,0,0,0,0,0,0,0,0,0,0,0,0,0,0,0,0,0,0,0,0,0,0,0,0,0,0,0,0,MALE
0,0,0,0.17602061,-0.300647497,0.013248579,0.209004166,-0.605101929,-0.025037891,0.244968434,-0.810015838,-0.081166485,0.298541352,-0.945974757,-0.126510158,-0.094837524,-0.733189647,-0.067962538,0.151234251,-0.92620595,-0.165407824,0.298771624,-0.868850591,-0.207057266,0.378485691,-0.772997856,-0.221112276,-0.130466169,-0.652142393,-0.121255556,0.177114539,-0.851463016,-0.215977783,0.270728719,-0.694675158,-0.213522017,0.266329471,-0.570020676,-0.197306489,-0.107161771,-0.554053456,-0.177815709,0.1867999,-0.735886609,-0.248715746,0.262634197,-0.588209125,-0.19791284,0.238540048,-0.471199101,-0.149122615,-0.049347471,-0.452665617,-0.237117398,0.177892846,-0.608139006,-0.265563548,0.238860376,-0.522425119,-0.223066426,0.215513945,-0.437293705,-0.185641736,171.2018251,168.6913322,123.1145736,150.3311912,87.77034816,146.5734042,82.34323914,143.1630969,88.75772656,133.3268971,0,0,0,0,0,0,0,0,0,0,0,0,0,0,0,0,0,0,0,0,0,0,0,0,0,0,0,0,0,0,0,0,0,0,0,0,0,0,0,0,0,0,0,0,0,0,0,0,0,0,0,0,0,0,0,0,0,0,0,0,0,0,0,0,0,0,0,0,0,0,0,0,0,MALE
0,0,0,0.157892784,-0.318433441,0.00952026,0.190029277,-0.612167058,-0.032813406,0.235472319,-0.808228297,-0.092249806,0.297660458,-0.944431684,-0.139452663,-0.117947146,-0.730522482,-0.067457451,0.128840156,-0.935361581,-0.163844513,0.280110992,-0.879373848,-0.205996302,0.354270313,-0.786957962,-0.220437167,-0.143036483,-0.646593292,-0.118498592,0.170897169,-0.84588538,-0.211543947,0.261677464,-0.687941481,-0.209027691,0.247432825,-0.562425131,-0.19386347,-0.114817342,-0.554088331,-0.173553911,0.184429317,-0.741229147,-0.242105913,0.25533827,-0.595721861,-0.191724232,0.229577097,-0.475159409,-0.144648214,-0.052925328,-0.459369656,-0.232082326,0.171841621,-0.614018003,-0.26119874,0.238072743,-0.522094725,-0.221015803,0.22534518,-0.428441281,-0.185224331,169.360196,168.9500151,122.4107218,148.6769147,87.36384203,143.231799,81.0669169,143.9473263,89.13285518,139.2481705,0,0,0,0,0,0,0,0,0,0,0,0,0,0,0,0,0,0,0,0,0,0,0,0,0,0,0,0,0,0,0,0,0,0,0,0,0,0,0,0,0,0,0,0,0,0,0,0,0,0,0,0,0,0,0,0,0,0,0,0,0,0,0,0,0,0,0,0,0,0,0,0,0,MALE
0,0,0,0.160699412,-0.313232198,0.007672493,0.179378368,-0.610358631,-0.032962651,0.213201246,-0.816349959,-0.091357166,0.273671645,-0.952061134,-0.136687334,-0.133995929,-0.725383275,-0.057801419,0.112645448,-0.935390611,-0.162229802,0.25209036,-0.870328959,-0.212168223,0.315367429,-0.779865613,-0.231401892,-0.156393214,-0.647236531,-0.110445913,0.162759206,-0.864727177,-0.218207738,0.235111777,-0.698239156,-0.222768001,0.202643655,-0.567470629,-0.206658744,-0.126061605,-0.560328657,-0.168458243,0.175234064,-0.75761535,-0.248609353,0.232520718,-0.601969655,-0.199829512,0.193995625,-0.480543494,-0.148700852,-0.063102869,-0.469555005,-0.230173694,0.169089566,-0.617275257,-0.263802978,0.221519495,-0.516878892,-0.223275981,0.197086921,-0.422886399,-0.185588462,170.341019,165.8290502,118.1107174,149.8047751,80.0136253,141.7379253,74.21044764,143.9470015,83.07792374,140.5916358,0,0,0,0,0,0,0,0,0,0,0,0,0,0,0,0,0,0,0,0,0,0,0,0,0,0,0,0,0,0,0,0,0,0,0,0,0,0,0,0,0,0,0,0,0,0,0,0,0,0,0,0,0,0,0,0,0,0,0,0,0,0,0,0,0,0,0,0,0,0,0,0,0,MALE
0,0,0,0.158700718,-0.304491572,0.002282658,0.183586213,-0.60301401,-0.038165771,0.225697062,-0.808754194,-0.093618962,0.279279064,-0.950404122,-0.136876622,-0.124196436,-0.723808254,-0.068155067,0.117810535,-0.920130732,-0.160142572,0.258255686,-0.865620079,-0.198131981,0.32108362,-0.787954551,-0.212097341,-0.145783876,-0.634511073,-0.116218692,0.161925232,-0.844535506,-0.214739649,0.246040109,-0.685954278,-0.213612385,0.222593971,-0.562357117,-0.197400185,-0.117547936,-0.538332424,-0.168710683,0.17632534,-0.735051269,-0.243060496,0.239975318,-0.586373652,-0.193353842,0.205476833,-0.468946816,-0.144760791,-0.057455069,-0.441339138,-0.22481035,0.164230649,-0.603041709,-0.255590069,0.222026474,-0.515558028,-0.216609849,0.204131201,-0.427679697,-0.18229598,170.2498342,171.0864366,122.0391527,150.1107305,83.747653,140.8010016,76.53413875,142.5057773,85.29500581,138.0663513,0,0,0,0,0,0,0,0,0,0,0,0,0,0,0,0,0,0,0,0,0,0,0,0,0,0,0,0,0,0,0,0,0,0,0,0,0,0,0,0,0,0,0,0,0,0,0,0,0,0,0,0,0,0,0,0,0,0,0,0,0,0,0,0,0,0,0,0,0,0,0,0,0,MALE
0,0,0,0.162990664,-0.288754523,-0.007860403,0.192767888,-0.600586281,-0.054679412,0.227885244,-0.809670725,-0.115035437,0.290006706,-0.94291005,-0.163758198,-0.113604208,-0.727511506,-0.087089692,0.134877507,-0.921179949,-0.190536676,0.282338839,-0.863532977,-0.236089144,0.366891486,-0.772040846,-0.253139085,-0.14488018,-0.639003818,-0.131073234,0.168743332,-0.837120648,-0.229577069,0.254353477,-0.683036983,-0.225250835,0.2482668,-0.566013934,-0.208727345,-0.11716531,-0.535774687,-0.180282721,0.180541239,-0.717451624,-0.25569128,0.243702689,-0.572369582,-0.202889734,0.215314471,-0.46122841,-0.153304228,-0.052583966,-0.433097416,-0.233975045,0.177710477,-0.590018913,-0.262882795,0.227133695,-0.49793272,-0.217915482,0.200300673,-0.411146309,-0.180190721,171.5934495,165.0177553,123.5453271,153.3690014,86.52393452,147.4110176,78.82496918,144.3947106,82.12375681,138.3446417,0,0,0,0,0,0,0,0,0,0,0,0,0,0,0,0,0,0,0,0,0,0,0,0,0,0,0,0,0,0,0,0,0,0,0,0,0,0,0,0,0,0,0,0,0,0,0,0,0,0,0,0,0,0,0,0,0,0,0,0,0,0,0,0,0,0,0,0,0,0,0,0,0,MALE
0,0,0,0.17041451,-0.300982879,0.00614954,0.202334567,-0.606852107,-0.03933874,0.239708742,-0.818126803,-0.101922027,0.29751519,-0.942417429,-0.152755036,-0.100826687,-0.735196077,-0.08031969,0.145251844,-0.938630193,-0.177503735,0.291461785,-0.886492493,-0.213019341,0.371983036,-0.793011469,-0.222535309,-0.133363591,-0.651034931,-0.131671234,0.187234045,-0.857973816,-0.225726053,0.272793456,-0.699311888,-0.21360501,0.26428837,-0.580803869,-0.190690886,-0.107635555,-0.553004556,-0.18675849,0.200682082,-0.729999343,-0.257023987,0.260201326,-0.576589116,-0.197240544,0.225253421,-0.460869775,-0.142682586,-0.046798859,-0.44960753,-0.2456493,0.191126961,-0.602621867,-0.268780496,0.244189058,-0.51422699,-0.219748185,0.215826883,-0.430035525,-0.179241901,171.1921827,165.2644069,122.8436641,149.5314395,84.71264353,147.0841121,78.17411564,144.6287294,86.39939136,135.296531,0,0,0,0,0,0,0,0,0,0,0,0,0,0,0,0,0,0,0,0,0,0,0,0,0,0,0,0,0,0,0,0,0,0,0,0,0,0,0,0,0,0,0,0,0,0,0,0,0,0,0,0,0,0,0,0,0,0,0,0,0,0,0,0,0,0,0,0,0,0,0,0,0,MALE
0,0,0,0.16967155,-0.316279341,0.013515135,0.19896929,-0.612660119,-0.025363541,0.239807185,-0.812584729,-0.08262819,0.300839871,-0.94502706,-0.128137534,-0.107506518,-0.734203545,-0.064052893,0.134523442,-0.938038218,-0.161004383,0.283091638,-0.879121576,-0.203871823,0.354776552,-0.793908047,-0.219764098,-0.136171821,-0.648779133,-0.118285593,0.169514516,-0.859575992,-0.213300101,0.263002828,-0.708119263,-0.213701125,0.252803753,-0.589873239,-0.20066812,-0.112152418,-0.555614133,-0.175882798,0.183631392,-0.749978582,-0.245650676,0.254747069,-0.607738844,-0.195498342,0.225702132,-0.493037006,-0.148630337,-0.055216926,-0.46247106,-0.236879772,0.173813456,-0.613827398,-0.264666471,0.230551393,-0.523356169,-0.222800139,0.205048063,-0.433235984,-0.186780306,169.9301098,167.2317213,120.8765951,151.4581437,87.21867988,142.8992003,80.3240456,141.4622185,86.62741509,135.5290513,0,0,0,0,0,0,0,0,0,0,0,0,0,0,0,0,0,0,0,0,0,0,0,0,0,0,0,0,0,0,0,0,0,0,0,0,0,0,0,0,0,0,0,0,0,0,0,0,0,0,0,0,0,0,0,0,0,0,0,0,0,0,0,0,0,0,0,0,0,0,0,0,0,MALE
0,0,0,0.148833283,-0.315209561,-0.001006491,0.18617953,-0.610590266,-0.045149087,0.229843979,-0.80675806,-0.103245862,0.297542159,-0.942900438,-0.149691111,-0.107375652,-0.721180636,-0.077901062,0.137876428,-0.902068561,-0.170928776,0.284381672,-0.862724895,-0.206997673,0.362890202,-0.794654556,-0.218335452,-0.133738696,-0.631246094,-0.124839265,0.17356533,-0.834416595,-0.225048203,0.25932315,-0.67811453,-0.223786337,0.242230294,-0.55137801,-0.205338123,-0.104992369,-0.531052163,-0.175258258,0.186292994,-0.715252228,-0.251472866,0.245843837,-0.560589022,-0.199865751,0.208391562,-0.441291643,-0.147114046,-0.0434559,-0.430010436,-0.229153318,0.174577372,-0.593713183,-0.260239875,0.225014943,-0.499234755,-0.216895275,0.197630401,-0.405732035,-0.177040966,170.6975136,166.6505917,130.3520822,153.518041,85.34115716,142.8691723,75.75573537,143.5239689,79.4288942,139.0051506,0,0,0,0,0,0,0,0,0,0,0,0,0,0,0,0,0,0,0,0,0,0,0,0,0,0,0,0,0,0,0,0,0,0,0,0,0,0,0,0,0,0,0,0,0,0,0,0,0,0,0,0,0,0,0,0,0,0,0,0,0,0,0,0,0,0,0,0,0,0,0,0,0,MALE
0,0,0,0.157893526,-0.315497617,0.004542399,0.185447846,-0.613804022,-0.03946852,0.231172821,-0.81605141,-0.098509067,0.288554349,-0.946376562,-0.145285206,-0.127121847,-0.716594057,-0.076711596,0.126411671,-0.919099339,-0.171174487,0.274157715,-0.864826604,-0.209215432,0.344879087,-0.779859646,-0.222182997,-0.147860831,-0.629045788,-0.126657322,0.16899052,-0.843090262,-0.226862855,0.249020034,-0.68500428,-0.224656318,0.222854635,-0.560710267,-0.207090937,-0.116825465,-0.536320309,-0.179868372,0.182600703,-0.736533502,-0.252302549,0.244332438,-0.587720369,-0.199198535,0.207790842,-0.469838757,-0.148486271,-0.05255887,-0.444052476,-0.23678803,0.172868492,-0.603299843,-0.266078475,0.225782987,-0.511723306,-0.224013592,0.200088751,-0.421089953,-0.187194952,169.5065584,169.2036202,123.3193687,149.6427692,82.8644962,140.7387044,75.92563501,142.5908498,82.93274799,137.5039752,0,0,0,0,0,0,0,0,0,0,0,0,0,0,0,0,0,0,0,0,0,0,0,0,0,0,0,0,0,0,0,0,0,0,0,0,0,0,0,0,0,0,0,0,0,0,0,0,0,0,0,0,0,0,0,0,0,0,0,0,0,0,0,0,0,0,0,0,0,0,0,0,0,MALE
0,0,0,0.166518203,-0.309569643,0.01365571,0.202183323,-0.608770212,-0.0244155,0.245384915,-0.806704361,-0.081706406,0.306535014,-0.943224596,-0.127920472,-0.096799853,-0.743146599,-0.053153878,0.145387794,-0.926567679,-0.146298381,0.2939708,-0.879254555,-0.185795838,0.374771542,-0.796969611,-0.19880014,-0.129481635,-0.660579227,-0.105827207,0.180221323,-0.852912448,-0.198767745,0.263275638,-0.688252529,-0.195127304,0.248766573,-0.563587086,-0.177279893,-0.107862443,-0.566960628,-0.162629587,0.187806273,-0.733151064,-0.234398116,0.243867492,-0.577113932,-0.182734278,0.207893867,-0.459839637,-0.132442523,-0.052840794,-0.469757045,-0.222500567,0.180264174,-0.609868756,-0.251926607,0.233746109,-0.508401715,-0.209078657,0.205303005,-0.417577087,-0.170551948,169.8459374,168.5762729,127.3133975,151.5349258,84.80338913,146.0027905,77.46823978,145.0852498,84.84329336,138.0137969,0,0,0,0,0,0,0,0,0,0,0,0,0,0,0,0,0,0,0,0,0,0,0,0,0,0,0,0,0,0,0,0,0,0,0,0,0,0,0,0,0,0,0,0,0,0,0,0,0,0,0,0,0,0,0,0,0,0,0,0,0,0,0,0,0,0,0,0,0,0,0,0,0,MALE
0,0,0,0.176475623,-0.292350225,0.010111285,0.221404899,-0.608918415,-0.02941175,0.253842918,-0.825843157,-0.084564761,0.31032866,-0.941871984,-0.128737285,-0.060973006,-0.71766537,-0.08416535,0.172251199,-0.918581702,-0.173093852,0.311084298,-0.852781587,-0.202462238,0.378592448,-0.757726275,-0.20917473,-0.098768057,-0.636758859,-0.135075458,0.203106452,-0.830672282,-0.22519303,0.284406799,-0.665956354,-0.218223201,0.265712714,-0.541753611,-0.201300447,-0.078250216,-0.536296344,-0.186834565,0.208988634,-0.707946448,-0.253841537,0.267210307,-0.54629847,-0.199163893,0.230115207,-0.426622555,-0.150183869,-0.026577052,-0.433742778,-0.241224828,0.191764882,-0.5852221,-0.264212759,0.238700141,-0.484841682,-0.217504356,0.206694884,-0.390343022,-0.179869482,172.9071866,162.5996309,115.7444182,150.023807,83.22174318,144.8795057,76.19085871,144.9742491,79.16235819,139.4325431,0,0,0,0,0,0,0,0,0,0,0,0,0,0,0,0,0,0,0,0,0,0,0,0,0,0,0,0,0,0,0,0,0,0,0,0,0,0,0,0,0,0,0,0,0,0,0,0,0,0,0,0,0,0,0,0,0,0,0,0,0,0,0,0,0,0,0,0,0,0,0,0,0,MALE
0,0,0,0.176475623,-0.292350225,0.010111285,0.221404899,-0.608918415,-0.02941175,0.253842918,-0.825843157,-0.084564761,0.31032866,-0.941871984,-0.128737285,-0.060973006,-0.71766537,-0.08416535,0.172251199,-0.918581702,-0.173093852,0.311084298,-0.852781587,-0.202462238,0.378592448,-0.757726275,-0.20917473,-0.098768057,-0.636758859,-0.135075458,0.203106452,-0.830672282,-0.22519303,0.284406799,-0.665956354,-0.218223201,0.265712714,-0.541753611,-0.201300447,-0.078250216,-0.536296344,-0.186834565,0.208988634,-0.707946448,-0.253841537,0.267210307,-0.54629847,-0.199163893,0.230115207,-0.426622555,-0.150183869,-0.026577052,-0.433742778,-0.241224828,0.191764882,-0.5852221,-0.264212759,0.238700141,-0.484841682,-0.217504356,0.206694884,-0.390343022,-0.179869482,172.9071866,162.5996309,115.7444182,150.023807,83.22174318,144.8795057,76.19085871,144.9742491,79.16235819,139.4325431,0,0,0,0,0,0,0,0,0,0,0,0,0,0,0,0,0,0,0,0,0,0,0,0,0,0,0,0,0,0,0,0,0,0,0,0,0,0,0,0,0,0,0,0,0,0,0,0,0,0,0,0,0,0,0,0,0,0,0,0,0,0,0,0,0,0,0,0,0,0,0,0,0,MALE
0,0,0,0.154657554,-0.306662052,-0.002738898,0.177997262,-0.596942236,-0.048175002,0.212975313,-0.797954735,-0.107196805,0.271277865,-0.950380784,-0.152265182,-0.134944107,-0.706131281,-0.079412942,0.116261778,-0.907646475,-0.176268817,0.248248253,-0.830102443,-0.214700868,0.295575985,-0.739920614,-0.227349694,-0.157922469,-0.628906825,-0.124484235,0.160823228,-0.825029866,-0.219517241,0.233896854,-0.663533427,-0.214520899,0.200642195,-0.554023765,-0.198133967,-0.131076186,-0.543322168,-0.174375364,0.171022859,-0.726199303,-0.24475768,0.225149164,-0.574148244,-0.191777413,0.1850226,-0.467801625,-0.144178529,-0.072884569,-0.454196144,-0.228495862,0.156829269,-0.596288712,-0.257894319,0.201745604,-0.498371666,-0.217222352,0.169856952,-0.413396785,-0.182939426,171.0864349,169.3239044,113.6018944,147.9224601,82.56881232,138.4218454,75.62736116,142.105773,81.19173544,137.8444201,0,0,0,0,0,0,0,0,0,0,0,0,0,0,0,0,0,0,0,0,0,0,0,0,0,0,0,0,0,0,0,0,0,0,0,0,0,0,0,0,0,0,0,0,0,0,0,0,0,0,0,0,0,0,0,0,0,0,0,0,0,0,0,0,0,0,0,0,0,0,0,0,0,MALE
0,0,0,0.148569605,-0.310589987,-0.004726591,0.173139303,-0.609390993,-0.049169752,0.213494799,-0.811102194,-0.105647678,0.291092007,-0.945254086,-0.147513239,-0.128144793,-0.718465023,-0.081218542,0.132096968,-0.908773723,-0.180898315,0.267847018,-0.831061479,-0.222643926,0.322189632,-0.738066958,-0.236931933,-0.142942969,-0.629741189,-0.124475711,0.175598542,-0.828222938,-0.226418745,0.246340973,-0.666929288,-0.225901452,0.212887852,-0.54512657,-0.209646447,-0.107014779,-0.535269774,-0.172202459,0.189858476,-0.717580829,-0.245940128,0.240595396,-0.567425414,-0.193410202,0.199596121,-0.457377905,-0.143114799,-0.04320533,-0.439750158,-0.224156545,0.180623613,-0.580034211,-0.252291913,0.222454209,-0.483686969,-0.209805836,0.190508166,-0.399988417,-0.172886,170.5189981,161.9228895,116.8776811,149.778591,82.0010367,140.4161675,74.20420762,143.2197183,79.76499163,139.0798218,0,0,0,0,0,0,0,0,0,0,0,0,0,0,0,0,0,0,0,0,0,0,0,0,0,0,0,0,0,0,0,0,0,0,0,0,0,0,0,0,0,0,0,0,0,0,0,0,0,0,0,0,0,0,0,0,0,0,0,0,0,0,0,0,0,0,0,0,0,0,0,0,0,MALE
0,0,0,0.162995598,-0.310731841,0.001638225,0.20140022,-0.603517197,-0.042681463,0.242780526,-0.803997776,-0.103318737,0.301657258,-0.941331125,-0.151322874,-0.112067608,-0.726824987,-0.067174921,0.130725719,-0.926763233,-0.169318856,0.268992896,-0.866140134,-0.214939686,0.33414358,-0.779294317,-0.230785191,-0.135993731,-0.645461384,-0.116758413,0.181742676,-0.842368795,-0.220413672,0.252232844,-0.685264614,-0.223068893,0.223392548,-0.568533305,-0.207644459,-0.107842446,-0.555587292,-0.171063851,0.197749926,-0.728692003,-0.247447529,0.241728716,-0.573970503,-0.195260833,0.198690369,-0.4602344,-0.143683342,-0.050183723,-0.460941438,-0.229702685,0.181716754,-0.597863663,-0.259974952,0.216082467,-0.487830871,-0.215182677,0.178670451,-0.392917477,-0.175348684,171.0380453,168.8832809,120.0391058,150.0616151,82.89548869,141.1741038,73.43456502,145.4391256,75.39295991,143.8822845,0,0,0,0,0,0,0,0,0,0,0,0,0,0,0,0,0,0,0,0,0,0,0,0,0,0,0,0,0,0,0,0,0,0,0,0,0,0,0,0,0,0,0,0,0,0,0,0,0,0,0,0,0,0,0,0,0,0,0,0,0,0,0,0,0,0,0,0,0,0,0,0,0,MALE
0,0,0,0.188328545,-0.289592186,0.004400891,0.234040353,-0.589338543,-0.036126443,0.26727433,-0.797104058,-0.092984456,0.324488606,-0.935677644,-0.138616348,-0.062070231,-0.74053144,-0.070108694,0.170264974,-0.923512328,-0.164758319,0.311055947,-0.873903738,-0.203606205,0.3877123,-0.787655765,-0.215998954,-0.101783704,-0.664030368,-0.118072383,0.207052791,-0.832837839,-0.215593218,0.28763244,-0.666377283,-0.216205618,0.271091027,-0.536640649,-0.201212864,-0.083806086,-0.567493482,-0.169221061,0.21305732,-0.712442573,-0.243963523,0.270401557,-0.550779946,-0.194197059,0.235571205,-0.425824942,-0.144925298,-0.034195322,-0.466866718,-0.223737969,0.195536197,-0.590620338,-0.254677502,0.241610506,-0.484196593,-0.212123102,0.21064086,-0.386860813,-0.173890686,172.4677019,167.0381337,124.7623942,150.3152694,87.32353242,146.2923162,80.36152832,146.4488502,83.09577162,141.5979026,0,0,0,0,0,0,0,0,0,0,0,0,0,0,0,0,0,0,0,0,0,0,0,0,0,0,0,0,0,0,0,0,0,0,0,0,0,0,0,0,0,0,0,0,0,0,0,0,0,0,0,0,0,0,0,0,0,0,0,0,0,0,0,0,0,0,0,0,0,0,0,0,0,MALE
0,0,0,0.159038287,-0.315408146,0.006912605,0.201032438,-0.611711296,-0.037448173,0.249063598,-0.820454125,-0.097631375,0.309481829,-0.939547888,-0.146529055,-0.104819126,-0.74279826,-0.075534674,0.139190043,-0.935101296,-0.166471293,0.290954366,-0.897522786,-0.200194689,0.372003422,-0.825616452,-0.211777833,-0.131645475,-0.665147553,-0.128027169,0.192908941,-0.855916808,-0.229125555,0.264556061,-0.687302273,-0.223506073,0.229606,-0.561759792,-0.202226249,-0.103956374,-0.571476608,-0.183030496,0.203313767,-0.74800121,-0.258938114,0.257344644,-0.586610236,-0.201642859,0.213436382,-0.46665802,-0.146324584,-0.04521894,-0.468857673,-0.241424019,0.190292635,-0.611235428,-0.273503693,0.238021058,-0.50837383,-0.228300793,0.205292035,-0.416069232,-0.1878293,171.2955874,166.0151947,129.4105322,152.0272218,82.37456477,140.9030864,75.55356217,143.7352959,81.7478988,138.9897711,0,0,0,0,0,0,0,0,0,0,0,0,0,0,0,0,0,0,0,0,0,0,0,0,0,0,0,0,0,0,0,0,0,0,0,0,0,0,0,0,0,0,0,0,0,0,0,0,0,0,0,0,0,0,0,0,0,0,0,0,0,0,0,0,0,0,0,0,0,0,0,0,0,MALE
0,0,0,0.157253473,-0.305943146,0.015253689,0.205938008,-0.611500402,-0.020831098,0.261075013,-0.81034009,-0.075340341,0.332463594,-0.935337451,-0.120879324,-0.090362185,-0.737193108,-0.062860833,0.136534061,-0.948021196,-0.153519272,0.290661877,-0.911657404,-0.191650636,0.378374196,-0.838417782,-0.20362205,-0.121273927,-0.661143418,-0.115765433,0.183905654,-0.855846954,-0.205581334,0.270367119,-0.696849754,-0.201831058,0.25332066,-0.573655471,-0.184388691,-0.09714426,-0.563663531,-0.171121965,0.194998538,-0.728166329,-0.237898987,0.247426546,-0.570721883,-0.186720751,0.209397758,-0.453659993,-0.137681687,-0.041287928,-0.457925358,-0.229057405,0.182508722,-0.608170194,-0.252442834,0.224145747,-0.504063836,-0.206600671,0.189623578,-0.409062443,-0.166830963,169.6767186,166.0496563,125.814909,152.750456,85.83160168,143.0924217,76.35910079,145.4296052,76.96000316,141.3462982,0,0,0,0,0,0,0,0,0,0,0,0,0,0,0,0,0,0,0,0,0,0,0,0,0,0,0,0,0,0,0,0,0,0,0,0,0,0,0,0,0,0,0,0,0,0,0,0,0,0,0,0,0,0,0,0,0,0,0,0,0,0,0,0,0,0,0,0,0,0,0,0,0,MALE
0,0,0,0.176516819,-0.286972234,-0.012853678,0.215277897,-0.597682574,-0.065241945,0.24819012,-0.803282681,-0.130374836,0.305458894,-0.934378961,-0.183387083,-0.097268378,-0.743373034,-0.103992798,0.1480971,-0.937132863,-0.210432902,0.299954794,-0.881826787,-0.252587188,0.384604551,-0.787987,-0.26579706,-0.134037983,-0.657098904,-0.147469462,0.188948511,-0.844675368,-0.254199108,0.272136953,-0.67169352,-0.248203489,0.256554394,-0.544727114,-0.227238006,-0.108509394,-0.550583272,-0.19537125,0.199972842,-0.70708552,-0.278450396,0.256273401,-0.540474511,-0.221730255,0.219196862,-0.424243159,-0.16670287,-0.047206663,-0.440540299,-0.247757258,0.192294046,-0.574974266,-0.280896057,0.234550856,-0.46984267,-0.232821265,0.197830518,-0.383581184,-0.191107597,171.8840027,165.9551405,124.2310661,151.2149215,85.21842992,146.6388064,78.22129698,145.5672809,80.5243347,138.9304092,0,0,0,0,0,0,0,0,0,0,0,0,0,0,0,0,0,0,0,0,0,0,0,0,0,0,0,0,0,0,0,0,0,0,0,0,0,0,0,0,0,0,0,0,0,0,0,0,0,0,0,0,0,0,0,0,0,0,0,0,0,0,0,0,0,0,0,0,0,0,0,0,0,MALE
0,0,0,0.163378118,-0.295596214,-0.00389277,0.209245338,-0.595196707,-0.051195043,0.253411484,-0.800395676,-0.112277472,0.32070075,-0.93345298,-0.160675336,-0.093342313,-0.736371873,-0.088574183,0.152547968,-0.940166005,-0.18569874,0.303688629,-0.884763632,-0.222418601,0.379815891,-0.794661871,-0.232997183,-0.124058251,-0.660424349,-0.133273163,0.192088696,-0.852522172,-0.231276381,0.273773353,-0.682935026,-0.223896947,0.251127712,-0.55865441,-0.203155442,-0.096616794,-0.564445766,-0.181547645,0.211055391,-0.733896336,-0.257528843,0.265100385,-0.566033133,-0.200741684,0.224518806,-0.444912004,-0.146827884,-0.036901559,-0.459987911,-0.233705426,0.203654872,-0.587518205,-0.266054605,0.243286436,-0.478686072,-0.221428966,0.205252762,-0.389014867,-0.181787081,171.903283,165.8549796,122.28527,149.714968,84.04767714,143.4718433,75.97911008,145.6169731,80.20611355,140.1437485,0,0,0,0,0,0,0,0,0,0,0,0,0,0,0,0,0,0,0,0,0,0,0,0,0,0,0,0,0,0,0,0,0,0,0,0,0,0,0,0,0,0,0,0,0,0,0,0,0,0,0,0,0,0,0,0,0,0,0,0,0,0,0,0,0,0,0,0,0,0,0,0,0,MALE
0,0,0,0.152320265,-0.300020713,-0.002458964,0.186100308,-0.587782019,-0.048883602,0.230758175,-0.793825488,-0.111126607,0.298576805,-0.94051433,-0.162125526,-0.122087718,-0.729744662,-0.069760602,0.119551612,-0.92582058,-0.166695738,0.263037144,-0.902640045,-0.209125364,0.336761965,-0.84746337,-0.226745198,-0.141287165,-0.648298262,-0.119296413,0.185986833,-0.836017203,-0.230097982,0.248840385,-0.667558959,-0.232513252,0.2055886,-0.548178097,-0.214463159,-0.110483159,-0.552671329,-0.173203355,0.199681335,-0.726889085,-0.262447093,0.241485666,-0.558678637,-0.21115951,0.19362062,-0.442449936,-0.156686682,-0.050038483,-0.449324428,-0.23045595,0.194007144,-0.582540024,-0.27118823,0.229829419,-0.469604898,-0.227982169,0.192719265,-0.37512948,-0.187006309,170.8776599,167.9103434,133.9303648,152.6084221,81.2269424,138.7835736,71.60964658,145.2364499,76.85039388,143.5918843,0,0,0,0,0,0,0,0,0,0,0,0,0,0,0,0,0,0,0,0,0,0,0,0,0,0,0,0,0,0,0,0,0,0,0,0,0,0,0,0,0,0,0,0,0,0,0,0,0,0,0,0,0,0,0,0,0,0,0,0,0,0,0,0,0,0,0,0,0,0,0,0,0,MALE
0,0,0,0.114733683,-0.306850911,-0.00775825,0.149417599,-0.605764846,-0.056209153,0.20644154,-0.804245231,-0.117118763,0.278223159,-0.946006603,-0.166323125,-0.13600197,-0.70555589,-0.082127996,0.104159935,-0.907172958,-0.181605809,0.248937092,-0.875800764,-0.225280252,0.328753747,-0.816076503,-0.241768834,-0.151500833,-0.617050123,-0.125421578,0.170740031,-0.797800546,-0.230218077,0.240515293,-0.640154272,-0.229133811,0.211874625,-0.524455592,-0.211522278,-0.120075114,-0.520390387,-0.173328891,0.183642627,-0.672042288,-0.253848408,0.224964662,-0.516657285,-0.201780698,0.184873493,-0.409029495,-0.149798196,-0.059737074,-0.422148464,-0.225406753,0.170289616,-0.54579652,-0.256967576,0.20543862,-0.441507319,-0.213007477,0.172051907,-0.356413504,-0.173651422,168.2800507,169.5981301,130.1920422,155.0487409,84.69324574,141.5142884,75.05538643,146.5283601,78.53374635,143.0901334,0,0,0,0,0,0,0,0,0,0,0,0,0,0,0,0,0,0,0,0,0,0,0,0,0,0,0,0,0,0,0,0,0,0,0,0,0,0,0,0,0,0,0,0,0,0,0,0,0,0,0,0,0,0,0,0,0,0,0,0,0,0,0,0,0,0,0,0,0,0,0,0,0,MALE
0,0,0,0.114733683,-0.306850911,-0.00775825,0.149417599,-0.605764846,-0.056209153,0.20644154,-0.804245231,-0.117118763,0.278223159,-0.946006603,-0.166323125,-0.13600197,-0.70555589,-0.082127996,0.104159935,-0.907172958,-0.181605809,0.248937092,-0.875800764,-0.225280252,0.328753747,-0.816076503,-0.241768834,-0.151500833,-0.617050123,-0.125421578,0.170740031,-0.797800546,-0.230218077,0.240515293,-0.640154272,-0.229133811,0.211874625,-0.524455592,-0.211522278,-0.120075114,-0.520390387,-0.173328891,0.183642627,-0.672042288,-0.253848408,0.224964662,-0.516657285,-0.201780698,0.184873493,-0.409029495,-0.149798196,-0.059737074,-0.422148464,-0.225406753,0.170289616,-0.54579652,-0.256967576,0.20543862,-0.441507319,-0.213007477,0.172051907,-0.356413504,-0.173651422,168.2800507,169.5981301,130.1920422,155.0487409,84.69324574,141.5142884,75.05538643,146.5283601,78.53374635,143.0901334,0,0,0,0,0,0,0,0,0,0,0,0,0,0,0,0,0,0,0,0,0,0,0,0,0,0,0,0,0,0,0,0,0,0,0,0,0,0,0,0,0,0,0,0,0,0,0,0,0,0,0,0,0,0,0,0,0,0,0,0,0,0,0,0,0,0,0,0,0,0,0,0,0,MALE
0,0,0,0.12483501,-0.293684635,-0.016512312,0.156942901,-0.591529009,-0.066616833,0.208796468,-0.807805042,-0.126699456,0.260215854,-0.949901159,-0.173134331,-0.134095887,-0.73611497,-0.09142824,0.128743365,-0.917086909,-0.190779473,0.264060173,-0.839424854,-0.228327768,0.313948907,-0.743437808,-0.239126771,-0.146054543,-0.6458059,-0.129918146,0.177388108,-0.819717766,-0.230027509,0.239191945,-0.647849459,-0.222823768,0.196559013,-0.531163235,-0.201909711,-0.114099448,-0.541568894,-0.174064686,0.194034824,-0.70432943,-0.25515025,0.231580688,-0.542993198,-0.20202811,0.183465507,-0.43353381,-0.149646701,-0.054593036,-0.430098637,-0.222279981,0.18240783,-0.561341156,-0.26046403,0.213142108,-0.453551664,-0.219848743,0.174381013,-0.368043933,-0.182121013,170.8885327,173.5170172,118.0747738,146.8712199,81.21921629,139.7294588,72.22855501,145.1482706,75.0524191,142.4026665,0,0,0,0,0,0,0,0,0,0,0,0,0,0,0,0,0,0,0,0,0,0,0,0,0,0,0,0,0,0,0,0,0,0,0,0,0,0,0,0,0,0,0,0,0,0,0,0,0,0,0,0,0,0,0,0,0,0,0,0,0,0,0,0,0,0,0,0,0,0,0,0,0,MALE
0,0,0,0.140116892,-0.292391816,-0.012541637,0.167648649,-0.59664835,-0.059140647,0.209005445,-0.80282605,-0.117502433,0.26162337,-0.951577384,-0.161411566,-0.128895167,-0.75169848,-0.084330803,0.151186685,-0.907305243,-0.191735878,0.275057771,-0.796444722,-0.238440811,0.303414137,-0.686476553,-0.252519473,-0.14508988,-0.650421741,-0.124442916,0.185015169,-0.801149322,-0.224882351,0.251116933,-0.635302855,-0.224101569,0.210705236,-0.524033391,-0.208473212,-0.117029103,-0.528099445,-0.170882485,0.188482598,-0.667495154,-0.248308676,0.238029936,-0.516537969,-0.199714943,0.191649578,-0.417472872,-0.151711715,-0.060778475,-0.405184317,-0.221368148,0.17889137,-0.52571136,-0.253774355,0.213742417,-0.43373295,-0.213124251,0.167110942,-0.362238912,-0.176521803,170.8724573,172.1441893,112.6374852,145.8908723,87.22428706,137.8035093,80.27929965,139.0435446,81.90386145,130.6429853,0,0,0,0,0,0,0,0,0,0,0,0,0,0,0,0,0,0,0,0,0,0,0,0,0,0,0,0,0,0,0,0,0,0,0,0,0,0,0,0,0,0,0,0,0,0,0,0,0,0,0,0,0,0,0,0,0,0,0,0,0,0,0,0,0,0,0,0,0,0,0,0,0,MALE
0,0,0,0.14056037,-0.275093733,-0.009237921,0.147561461,-0.577108132,-0.054518123,0.153553289,-0.786537216,-0.110215248,0.185056062,-0.970247108,-0.156124319,-0.117594252,-0.716517558,-0.090902618,0.141278398,-0.877542655,-0.196964058,0.290546257,-0.826178905,-0.242778893,0.367675259,-0.737620339,-0.258230955,-0.144481684,-0.62484394,-0.131578556,0.177380477,-0.785933368,-0.233739234,0.253840719,-0.624891362,-0.229282216,0.226621725,-0.507895807,-0.210294723,-0.126418546,-0.508045651,-0.177361566,0.178350967,-0.640758338,-0.25845475,0.230661496,-0.495897185,-0.208715819,0.186878196,-0.401901272,-0.159844578,-0.080100234,-0.388836054,-0.226133227,0.156108805,-0.497793463,-0.261436063,0.190941289,-0.407355527,-0.220805081,0.14285118,-0.339658359,-0.184420003,173.6168677,172.078459,131.6033859,149.4594758,88.46454268,140.9589578,82.40896793,137.8547392,83.63061691,128.4569249,0,0,0,0,0,0,0,0,0,0,0,0,0,0,0,0,0,0,0,0,0,0,0,0,0,0,0,0,0,0,0,0,0,0,0,0,0,0,0,0,0,0,0,0,0,0,0,0,0,0,0,0,0,0,0,0,0,0,0,0,0,0,0,0,0,0,0,0,0,0,0,0,0,MALE
0,0,0,0.133303565,-0.272044038,-0.031091102,0.164631531,-0.576628257,-0.086574125,0.171355147,-0.781377816,-0.147294657,0.191731606,-0.961015115,-0.199220834,-0.069505303,-0.704957677,-0.126509306,0.185462006,-0.831965588,-0.232650541,0.312961462,-0.760590137,-0.278196707,0.367373148,-0.66089901,-0.292299756,-0.113645048,-0.585977398,-0.15432637,0.181283684,-0.707353325,-0.245174575,0.279924375,-0.572327941,-0.242657286,0.285778522,-0.46798604,-0.23250059,-0.112041648,-0.44009795,-0.187107092,0.178166707,-0.553459226,-0.261130889,0.254842589,-0.430642524,-0.218514901,0.237080556,-0.341408537,-0.180108651,-0.078728407,-0.297019351,-0.22333987,0.152313178,-0.396305842,-0.25580906,0.194193,-0.318816832,-0.218566162,0.155332617,-0.256585853,-0.187633568,172.6413454,175.5434166,127.4280673,147.0256387,102.9986274,146.7872551,96.14595934,138.9085105,91.82701181,124.8073932,0,0,0,0,0,0,0,0,0,0,0,0,0,0,0,0,0,0,0,0,0,0,0,0,0,0,0,0,0,0,0,0,0,0,0,0,0,0,0,0,0,0,0,0,0,0,0,0,0,0,0,0,0,0,0,0,0,0,0,0,0,0,0,0,0,0,0,0,0,0,0,0,0,MALE
0,0,0,0.057448734,-0.266613002,-0.012311412,0.224955894,-0.531704202,-0.042340362,0.385658281,-0.699046738,-0.075554133,0.493508395,-0.863376518,-0.105025957,0.279269218,-0.621126188,-0.111823366,0.529117853,-0.690287777,-0.184561448,0.621561722,-0.623706031,-0.218276943,0.632980269,-0.535485203,-0.228971102,0.270219725,-0.472970477,-0.138226236,0.42880267,-0.558104265,-0.199548998,0.498300118,-0.462153769,-0.205482556,0.502373853,-0.371180394,-0.203693595,0.247317896,-0.281100962,-0.162576683,0.364697105,-0.381669323,-0.20828666,0.424130245,-0.296070098,-0.185831801,0.436759601,-0.222654726,-0.166250361,0.22081249,-0.073329545,-0.187529807,0.309714268,-0.153301967,-0.217945033,0.34975315,-0.111628701,-0.195317721,0.360926387,-0.068376556,-0.170969634,168.2151802,169.5314962,130.8960381,133.2185628,98.19747337,146.414608,81.09904021,155.5411589,86.54595501,152.4858075,0,0,0,0,0,0,0,0,0,0,0,0,0,0,0,0,0,0,0,0,0,0,0,0,0,0,0,0,0,0,0,0,0,0,0,0,0,0,0,0,0,0,0,0,0,0,0,0,0,0,0,0,0,0,0,0,0,0,0,0,0,0,0,0,0,0,0,0,0,0,0,0,0,MALE
0,0,0,0.021382179,-0.286486213,-0.013707708,0.182529481,-0.588256141,-0.047074739,0.370146709,-0.752373481,-0.0832309,0.52487923,-0.828056593,-0.1145289,0.071552596,-0.750293844,-0.11429369,0.334554564,-0.887347618,-0.178402564,0.470154087,-0.860715392,-0.195254059,0.559669196,-0.800128966,-0.20034586,0.059073974,-0.625020842,-0.147418775,0.329719525,-0.749967866,-0.217753539,0.392754585,-0.631136904,-0.209093057,0.382575525,-0.515992466,-0.194967073,0.07400192,-0.45588339,-0.178594712,0.319229095,-0.592013059,-0.239248198,0.346201792,-0.472924213,-0.198922365,0.320472161,-0.371621318,-0.16446663,0.104524721,-0.271067919,-0.210167439,0.270900099,-0.396527261,-0.242696348,0.283004203,-0.312101395,-0.209436375,0.258911135,-0.227501152,-0.181641141,159.2561868,164.9386859,141.5748424,156.7076678,92.22577879,146.9858394,70.95280036,154.363564,59.97911133,157.0152299,0,0,0,0,0,0,0,0,0,0,0,0,0,0,0,0,0,0,0,0,0,0,0,0,0,0,0,0,0,0,0,0,0,0,0,0,0,0,0,0,0,0,0,0,0,0,0,0,0,0,0,0,0,0,0,0,0,0,0,0,0,0,0,0,0,0,0,0,0,0,0,0,0,MALE
0,0,0,0.16458848,-0.286472818,-0.008204065,0.239950024,-0.594672654,-0.053509536,0.311708427,-0.793983104,-0.11171129,0.39068569,-0.906652989,-0.159201287,-0.067395621,-0.775442456,-0.086903078,0.20028351,-0.925648354,-0.180774741,0.355341708,-0.902189262,-0.221151657,0.454973662,-0.856923699,-0.238797941,-0.1000547,-0.670186399,-0.133597256,0.247619721,-0.824356862,-0.239411751,0.324981367,-0.66898703,-0.238030961,0.308445852,-0.555345658,-0.220578047,-0.077468984,-0.538101863,-0.183631027,0.250855147,-0.669195205,-0.266972252,0.295997125,-0.522875886,-0.214485457,0.249720242,-0.431321909,-0.162413704,-0.020850394,-0.403468484,-0.237323755,0.237525289,-0.508789111,-0.269110195,0.268782693,-0.414192789,-0.222259413,0.218398268,-0.348940877,-0.18261896,170.6356499,164.9930065,143.478031,163.6272441,92.3395043,144.4357252,81.45667538,138.9299655,83.73121635,129.8593195,0,0,0,0,0,0,0,0,0,0,0,0,0,0,0,0,0,0,0,0,0,0,0,0,0,0,0,0,0,0,0,0,0,0,0,0,0,0,0,0,0,0,0,0,0,0,0,0,0,0,0,0,0,0,0,0,0,0,0,0,0,0,0,0,0,0,0,0,0,0,0,0,0,MALE
0,0,0,0.169179932,-0.268351678,-0.020116772,0.224832702,-0.572353127,-0.074228232,0.28161047,-0.777063236,-0.137436222,0.343857798,-0.920120726,-0.187455766,-0.077105498,-0.743225022,-0.116227213,0.192236662,-0.908266474,-0.218596192,0.334216235,-0.836545098,-0.258530308,0.395361685,-0.738130216,-0.269583006,-0.10587644,-0.634087296,-0.153976726,0.233319211,-0.778462206,-0.247439042,0.316530384,-0.617439219,-0.235557808,0.300734489,-0.500536538,-0.215656577,-0.079844377,-0.501651552,-0.196343407,0.24266137,-0.635225641,-0.267733065,0.29988094,-0.49327686,-0.20962503,0.264122295,-0.391329663,-0.158724089,-0.019630872,-0.37066354,-0.243547658,0.2303526,-0.494824638,-0.270595083,0.273201727,-0.409053241,-0.222708819,0.240767212,-0.335907883,-0.183888469,171.6858788,172.2345466,124.0485629,147.9589579,93.20873116,144.7475921,85.4223582,141.8844549,87.64863311,135.0242158,0,0,0,0,0,0,0,0,0,0,0,0,0,0,0,0,0,0,0,0,0,0,0,0,0,0,0,0,0,0,0,0,0,0,0,0,0,0,0,0,0,0,0,0,0,0,0,0,0,0,0,0,0,0,0,0,0,0,0,0,0,0,0,0,0,0,0,0,0,0,0,0,0,MALE
0,0,0,0.16418354,-0.283320752,-0.010160708,0.212426538,-0.568546022,-0.060951439,0.266037532,-0.77174715,-0.125929235,0.315421058,-0.931931842,-0.178920646,-0.082262335,-0.754402889,-0.084682593,0.186684367,-0.917830675,-0.190776167,0.331061115,-0.852293957,-0.239165964,0.398883315,-0.75499374,-0.255623125,-0.106124178,-0.659249705,-0.12820912,0.228748853,-0.810753209,-0.225094519,0.303692251,-0.652007764,-0.222105651,0.283302533,-0.542804469,-0.205725769,-0.08129793,-0.540274514,-0.177722551,0.240840303,-0.672739228,-0.253414227,0.287957596,-0.525360566,-0.201534818,0.248865483,-0.424785551,-0.151258466,-0.026672504,-0.413436061,-0.231681506,0.223238909,-0.535063701,-0.259996041,0.264036873,-0.448111613,-0.214508427,0.231595129,-0.373446554,-0.174615294,171.1876798,177.6734949,127.1549229,148.71719,90.64944516,143.535943,81.82560699,143.3599017,86.77986374,136.449855,0,0,0,0,0,0,0,0,0,0,0,0,0,0,0,0,0,0,0,0,0,0,0,0,0,0,0,0,0,0,0,0,0,0,0,0,0,0,0,0,0,0,0,0,0,0,0,0,0,0,0,0,0,0,0,0,0,0,0,0,0,0,0,0,0,0,0,0,0,0,0,0,0,MALE
0,0,0,0.131147569,-0.278148788,-0.017471615,0.190984061,-0.577977479,-0.071103389,0.258211023,-0.77994068,-0.134204986,0.310353604,-0.932582775,-0.184309548,-0.080728797,-0.717464158,-0.105916461,0.201508352,-0.879451995,-0.210778248,0.338420348,-0.796807798,-0.253372076,0.401411268,-0.688231189,-0.264272327,-0.098887969,-0.617078977,-0.142732606,0.236324926,-0.764515161,-0.231014042,0.308509973,-0.608151836,-0.217742868,0.289648333,-0.494147898,-0.197394528,-0.068371128,-0.4969731,-0.185388481,0.246324359,-0.631468244,-0.24903594,0.293585906,-0.488628398,-0.19160531,0.258013425,-0.384631765,-0.142136963,-0.003795381,-0.376292448,-0.233358322,0.23306538,-0.499523653,-0.252932891,0.269000126,-0.412478852,-0.206617729,0.234391195,-0.339160099,-0.170004594,170.4456041,179.0122165,121.6846573,150.01221,89.97547567,145.6561717,81.80242354,145.5879191,83.62088972,137.0522843,0,0,0,0,0,0,0,0,0,0,0,0,0,0,0,0,0,0,0,0,0,0,0,0,0,0,0,0,0,0,0,0,0,0,0,0,0,0,0,0,0,0,0,0,0,0,0,0,0,0,0,0,0,0,0,0,0,0,0,0,0,0,0,0,0,0,0,0,0,0,0,0,0,MALE
0,0,0,0.084074509,-0.277221836,-0.009017729,0.155150973,-0.57701102,-0.065342108,0.258763717,-0.775986797,-0.132980335,0.327920394,-0.925687826,-0.188600809,-0.086037083,-0.732764022,-0.118647948,0.204474758,-0.894523947,-0.225957077,0.346062302,-0.815648484,-0.266016102,0.403321421,-0.706711245,-0.273582281,-0.099963821,-0.6249873,-0.161846123,0.241094724,-0.787113012,-0.248711952,0.310659866,-0.63211357,-0.230479432,0.285505605,-0.518254266,-0.206849414,-0.064507713,-0.494887231,-0.208883686,0.257748912,-0.642233602,-0.272576502,0.298361818,-0.497717176,-0.209286938,0.256014173,-0.394498025,-0.155808241,0.003384229,-0.361966487,-0.259812787,0.25580218,-0.505350633,-0.278466328,0.285766958,-0.419384465,-0.2262641,0.245232836,-0.343613125,-0.184948302,164.8078099,176.7792454,124.0620583,145.6817205,87.41405929,143.4358177,77.95755742,145.3486616,79.17005899,138.1659728,0,0,0,0,0,0,0,0,0,0,0,0,0,0,0,0,0,0,0,0,0,0,0,0,0,0,0,0,0,0,0,0,0,0,0,0,0,0,0,0,0,0,0,0,0,0,0,0,0,0,0,0,0,0,0,0,0,0,0,0,0,0,0,0,0,0,0,0,0,0,0,0,0,MALE
0,0,0,0.08608296,-0.277440203,-0.014740873,0.148098712,-0.58380939,-0.07217955,0.232137118,-0.792209292,-0.139655567,0.290419884,-0.93690104,-0.194609178,-0.089908556,-0.731769081,-0.113314549,0.203453877,-0.893436904,-0.220866326,0.344425498,-0.818267537,-0.262441078,0.407461436,-0.715472852,-0.273076891,-0.103892745,-0.6316758,-0.152821137,0.241512383,-0.778936412,-0.242327746,0.308280365,-0.625447016,-0.226019732,0.281785195,-0.522883754,-0.205058109,-0.070485497,-0.51117293,-0.197386417,0.256890235,-0.642418701,-0.264719277,0.296541109,-0.498889715,-0.204448126,0.254396422,-0.408102711,-0.154109619,-0.004939021,-0.3873509,-0.246353773,0.251541362,-0.509550666,-0.267345265,0.277158502,-0.41839489,-0.218251483,0.23212008,-0.353408576,-0.18025981,167.9874281,177.2635371,125.4378537,148.5881254,89.11684783,142.0201179,80.10244759,143.1007617,79.38087253,135.1647962,0,0,0,0,0,0,0,0,0,0,0,0,0,0,0,0,0,0,0,0,0,0,0,0,0,0,0,0,0,0,0,0,0,0,0,0,0,0,0,0,0,0,0,0,0,0,0,0,0,0,0,0,0,0,0,0,0,0,0,0,0,0,0,0,0,0,0,0,0,0,0,0,0,MALE
0,0,0,0.095239592,-0.289581085,0.005066971,0.158899426,-0.595111079,-0.045474911,0.247135637,-0.79567851,-0.109531082,0.322569316,-0.932159428,-0.164401453,-0.091923734,-0.724986922,-0.102556148,0.192844652,-0.8823829,-0.202670823,0.338069454,-0.811712538,-0.243603322,0.416915806,-0.71462469,-0.256835483,-0.103668557,-0.613350408,-0.153002658,0.235187438,-0.775746327,-0.240463902,0.311956492,-0.616976096,-0.226909079,0.295194619,-0.497230302,-0.20831047,-0.067325049,-0.482244994,-0.205632464,0.249406564,-0.641219684,-0.268029305,0.301003841,-0.494576229,-0.208012404,0.264706575,-0.386581864,-0.158149024,0.001071895,-0.353727376,-0.261023974,0.240793391,-0.497081073,-0.276771456,0.278793149,-0.410592187,-0.225978575,0.23998086,-0.337853191,-0.18787526,166.3337091,174.157798,127.246323,154.114223,89.19773161,146.1783838,79.70677833,144.9010558,82.16820415,133.8691345,0,0,0,0,0,0,0,0,0,0,0,0,0,0,0,0,0,0,0,0,0,0,0,0,0,0,0,0,0,0,0,0,0,0,0,0,0,0,0,0,0,0,0,0,0,0,0,0,0,0,0,0,0,0,0,0,0,0,0,0,0,0,0,0,0,0,0,0,0,0,0,0,0,MALE
0,0,0,0.101428029,-0.285348042,-0.003187129,0.169008562,-0.587964988,-0.051556435,0.252344935,-0.789114916,-0.11157151,0.320362924,-0.93378545,-0.159412452,-0.075134359,-0.719758321,-0.100655028,0.206638459,-0.880106194,-0.198117383,0.340247366,-0.795818812,-0.232721608,0.399391217,-0.694650121,-0.239727125,-0.085066127,-0.617679596,-0.143687527,0.246415707,-0.767297513,-0.226367154,0.309261575,-0.6087626,-0.210410552,0.281089195,-0.502005133,-0.190217578,-0.049448319,-0.493678102,-0.190025309,0.26031552,-0.636260973,-0.252609134,0.298330609,-0.490346328,-0.193713541,0.254408557,-0.394097005,-0.14430531,0.014823959,-0.365444835,-0.239339581,0.259306183,-0.500195936,-0.257820793,0.28706473,-0.406789189,-0.20736238,0.240917349,-0.333923539,-0.168590092,168.3021647,177.0982192,120.1571143,151.4129034,86.22439864,143.6068445,76.90598426,143.9567356,77.33226201,136.1320982,0,0,0,0,0,0,0,0,0,0,0,0,0,0,0,0,0,0,0,0,0,0,0,0,0,0,0,0,0,0,0,0,0,0,0,0,0,0,0,0,0,0,0,0,0,0,0,0,0,0,0,0,0,0,0,0,0,0,0,0,0,0,0,0,0,0,0,0,0,0,0,0,0,MALE
0,0,0,0.115463895,-0.284170745,-0.016811933,0.166974385,-0.579620056,-0.07093063,0.235493237,-0.782597518,-0.135664475,0.296553421,-0.936343929,-0.187925824,-0.095659494,-0.72189846,-0.101656896,0.175060792,-0.874955047,-0.20839124,0.317481328,-0.807665606,-0.253563347,0.384709093,-0.712070558,-0.266975758,-0.112504175,-0.622794767,-0.139713079,0.214307134,-0.778226026,-0.232091287,0.287081515,-0.623919094,-0.223442819,0.266089572,-0.514224196,-0.204766067,-0.078165524,-0.50223918,-0.183613713,0.230683242,-0.635947417,-0.255393122,0.280129183,-0.491074318,-0.200575562,0.239923839,-0.392583278,-0.149983398,-0.013894298,-0.381477732,-0.232026173,0.23321308,-0.496951479,-0.258379037,0.268110096,-0.410283723,-0.21263022,0.224684679,-0.34207561,-0.17375106,169.228844,176.9994058,127.8737414,149.5186576,89.10236845,143.5507073,81.74473498,141.8054872,84.78709909,131.4155728,0,0,0,0,0,0,0,0,0,0,0,0,0,0,0,0,0,0,0,0,0,0,0,0,0,0,0,0,0,0,0,0,0,0,0,0,0,0,0,0,0,0,0,0,0,0,0,0,0,0,0,0,0,0,0,0,0,0,0,0,0,0,0,0,0,0,0,0,0,0,0,0,0,MALE
0,0,0,0.108931839,-0.285119277,-0.024868376,0.14971494,-0.579522609,-0.088280634,0.21440117,-0.783556206,-0.159783534,0.286572144,-0.93281129,-0.218493714,-0.112299363,-0.718634398,-0.128333916,0.164484787,-0.887669283,-0.234035146,0.301533488,-0.812392425,-0.2720626,0.359751705,-0.713583825,-0.281047245,-0.127314257,-0.622478647,-0.163246717,0.204407733,-0.774365812,-0.253360258,0.274982396,-0.610939395,-0.236211138,0.247931337,-0.505059584,-0.214220859,-0.090795485,-0.504223964,-0.203227679,0.218720168,-0.644209857,-0.2728111,0.265734278,-0.493449272,-0.212074607,0.223297855,-0.391704396,-0.160180894,-0.02322541,-0.386496227,-0.248181791,0.215098945,-0.512731854,-0.274889231,0.254026741,-0.42133816,-0.227743385,0.217112862,-0.347326134,-0.189304039,168.641688,172.1505426,122.1716804,148.3460963,87.47874646,142.288095,79.41365575,143.141716,83.21889057,135.3871556,0,0,0,0,0,0,0,0,0,0,0,0,0,0,0,0,0,0,0,0,0,0,0,0,0,0,0,0,0,0,0,0,0,0,0,0,0,0,0,0,0,0,0,0,0,0,0,0,0,0,0,0,0,0,0,0,0,0,0,0,0,0,0,0,0,0,0,0,0,0,0,0,0,MALE
0,0,0,0.114933252,-0.283468095,-0.013107845,0.15971964,-0.583498506,-0.064191558,0.222880266,-0.785951367,-0.12642507,0.281511616,-0.94323856,-0.176216427,-0.103710642,-0.731121348,-0.096822561,0.168882455,-0.899639884,-0.200670836,0.316783578,-0.839116128,-0.244132241,0.385203425,-0.746703532,-0.257542949,-0.116497299,-0.629064182,-0.137227447,0.212917962,-0.783377728,-0.232692635,0.281657015,-0.621077085,-0.22221128,0.249259907,-0.510718665,-0.201685426,-0.082091107,-0.506296282,-0.183373854,0.229760873,-0.657913094,-0.257374245,0.272432547,-0.509870675,-0.199719478,0.224676826,-0.410690362,-0.146944756,-0.019515026,-0.382966772,-0.233994316,0.223146972,-0.517116886,-0.26398975,0.255458124,-0.431674641,-0.219601843,0.212278919,-0.363867851,-0.18144352,169.0268029,176.9663916,128.3674294,148.2039502,87.06338662,140.4163543,76.71372603,141.3659495,79.92999102,132.380945,0,0,0,0,0,0,0,0,0,0,0,0,0,0,0,0,0,0,0,0,0,0,0,0,0,0,0,0,0,0,0,0,0,0,0,0,0,0,0,0,0,0,0,0,0,0,0,0,0,0,0,0,0,0,0,0,0,0,0,0,0,0,0,0,0,0,0,0,0,0,0,0,0,MALE
0,0,0,0.13714296,-0.283601511,-0.020344241,0.184825959,-0.574257384,-0.075926803,0.24699231,-0.777307592,-0.141755746,0.308643416,-0.931053069,-0.194626372,-0.097673826,-0.724717148,-0.100613346,0.174340819,-0.886710039,-0.206774314,0.319829354,-0.826858142,-0.253143591,0.391680023,-0.738685669,-0.269065786,-0.109536953,-0.626363234,-0.137865431,0.224789834,-0.777772927,-0.234985093,0.293352099,-0.627318547,-0.229269707,0.268957872,-0.52354298,-0.212046227,-0.073351563,-0.511930123,-0.181317683,0.245343241,-0.647610604,-0.254620748,0.288350013,-0.508216768,-0.200165911,0.247864371,-0.411573843,-0.149521906,-0.009029909,-0.395782296,-0.230151295,0.235571634,-0.51946328,-0.257225854,0.270719184,-0.434332565,-0.21282379,0.234912462,-0.361681385,-0.174639412,170.0622706,175.3448083,129.4527638,150.9588782,89.62314107,141.7958567,80.39506222,143.0795987,83.61057735,136.3191458,0,0,0,0,0,0,0,0,0,0,0,0,0,0,0,0,0,0,0,0,0,0,0,0,0,0,0,0,0,0,0,0,0,0,0,0,0,0,0,0,0,0,0,0,0,0,0,0,0,0,0,0,0,0,0,0,0,0,0,0,0,0,0,0,0,0,0,0,0,0,0,0,0,MALE
0,0,0,0.125416366,-0.302821635,-0.018568799,0.170554377,-0.590472528,-0.075238131,0.235962415,-0.786814975,-0.142569098,0.30647005,-0.93154015,-0.195726998,-0.120245461,-0.717978028,-0.09972214,0.153228152,-0.900809053,-0.208536212,0.297508734,-0.830836336,-0.256206994,0.365059646,-0.736320658,-0.272378252,-0.124498552,-0.617368878,-0.1393884,0.213955352,-0.777333417,-0.243113528,0.27857538,-0.62099342,-0.239178483,0.24874339,-0.50974462,-0.221960798,-0.083641122,-0.509544542,-0.185455864,0.231806056,-0.650562292,-0.260308089,0.261731367,-0.506415853,-0.204249611,0.214750805,-0.407276487,-0.152625673,-0.017757899,-0.403713539,-0.237357092,0.22001472,-0.522172359,-0.261610272,0.243515026,-0.429090293,-0.214436156,0.202811581,-0.352443715,-0.175134337,168.4304284,172.8051816,123.3313217,150.808369,86.90760759,142.0138231,74.28729362,145.695509,76.66217358,142.009674,0,0,0,0,0,0,0,0,0,0,0,0,0,0,0,0,0,0,0,0,0,0,0,0,0,0,0,0,0,0,0,0,0,0,0,0,0,0,0,0,0,0,0,0,0,0,0,0,0,0,0,0,0,0,0,0,0,0,0,0,0,0,0,0,0,0,0,0,0,0,0,0,0,MALE
0,0,0,0.15125587,-0.297745668,-0.018156878,0.193028666,-0.593960165,-0.072640985,0.241113323,-0.788429427,-0.138434412,0.300117356,-0.934578806,-0.191028868,-0.100750966,-0.7384236,-0.093939822,0.166488142,-0.894728918,-0.199984548,0.303688588,-0.833089958,-0.245845274,0.370989544,-0.747448693,-0.262819791,-0.116863216,-0.638828423,-0.135578866,0.224018764,-0.779301697,-0.240478102,0.278813766,-0.61796472,-0.236899893,0.239775261,-0.51414344,-0.219301197,-0.083131467,-0.522739584,-0.183695597,0.233683804,-0.656153813,-0.262760448,0.265926705,-0.506786094,-0.206302082,0.218828037,-0.411049818,-0.153514122,-0.020924938,-0.402274979,-0.23722715,0.219724781,-0.517628595,-0.267095092,0.242211557,-0.421710558,-0.220906636,0.198172265,-0.349508588,-0.182007033,170.2962118,172.2937886,128.2996212,151.8944217,86.17312634,140.0531272,75.7174342,144.365535,76.07351694,139.7550352,0,0,0,0,0,0,0,0,0,0,0,0,0,0,0,0,0,0,0,0,0,0,0,0,0,0,0,0,0,0,0,0,0,0,0,0,0,0,0,0,0,0,0,0,0,0,0,0,0,0,0,0,0,0,0,0,0,0,0,0,0,0,0,0,0,0,0,0,0,0,0,0,0,MALE
0,0,0,0.112714096,-0.284444002,-0.016620023,0.149249178,-0.584845753,-0.069788871,0.206512002,-0.787574807,-0.132157279,0.273969837,-0.944347484,-0.182066904,-0.120190948,-0.721815951,-0.110424105,0.14647266,-0.893486771,-0.211578657,0.283601043,-0.828713094,-0.247309471,0.349205135,-0.73636103,-0.255166805,-0.134271529,-0.624107804,-0.147356475,0.197917183,-0.772007439,-0.242049299,0.264043616,-0.609320577,-0.227020182,0.237260503,-0.495839815,-0.203126616,-0.102649283,-0.507917384,-0.189369414,0.209204246,-0.643514717,-0.263281578,0.246577932,-0.494316229,-0.20604954,0.204605083,-0.390269513,-0.153373905,-0.041096408,-0.387442927,-0.235562654,0.194979889,-0.514916055,-0.267020159,0.230190826,-0.426054204,-0.225390112,0.1990054,-0.350390896,-0.188840336,169.1970007,172.7783215,124.0764532,149.586198,86.95511597,144.3612917,77.0427003,146.5360874,81.1672698,139.8892603,0,0,0,0,0,0,0,0,0,0,0,0,0,0,0,0,0,0,0,0,0,0,0,0,0,0,0,0,0,0,0,0,0,0,0,0,0,0,0,0,0,0,0,0,0,0,0,0,0,0,0,0,0,0,0,0,0,0,0,0,0,0,0,0,0,0,0,0,0,0,0,0,0,MALE
0,0,0,0.126431341,-0.293478534,-0.032187864,0.160368131,-0.579334105,-0.094224166,0.217614333,-0.780363667,-0.164287865,0.281545155,-0.934007764,-0.219913214,-0.133312927,-0.713432572,-0.113333589,0.133634602,-0.890616397,-0.223714463,0.275908831,-0.825073262,-0.272755924,0.341197699,-0.738480521,-0.291659595,-0.14296538,-0.615270875,-0.146978328,0.188403113,-0.772723321,-0.251579234,0.256173714,-0.61796918,-0.248479847,0.224379296,-0.516853495,-0.233505848,-0.104374873,-0.505009251,-0.187839605,0.209297188,-0.650574402,-0.271292751,0.248229682,-0.50443907,-0.21958871,0.205017191,-0.410530386,-0.170366049,-0.035310399,-0.395533673,-0.234763288,0.211312629,-0.514802581,-0.2720744,0.240867454,-0.422811614,-0.232200253,0.202620955,-0.353222436,-0.196671096,169.1343375,173.631728,124.8415381,151.5735709,88.01437695,138.4607491,76.39420583,142.8483367,79.69389914,137.3446382,0,0,0,0,0,0,0,0,0,0,0,0,0,0,0,0,0,0,0,0,0,0,0,0,0,0,0,0,0,0,0,0,0,0,0,0,0,0,0,0,0,0,0,0,0,0,0,0,0,0,0,0,0,0,0,0,0,0,0,0,0,0,0,0,0,0,0,0,0,0,0,0,0,MALE
0,0,0,0.131459913,-0.299524126,-0.019084842,0.17206691,-0.582457433,-0.07930238,0.234141318,-0.782213727,-0.149961651,0.289218539,-0.934530789,-0.207376085,-0.121053256,-0.727763181,-0.111178065,0.148296499,-0.900263039,-0.218073188,0.296786828,-0.846369675,-0.263803192,0.372019838,-0.759528596,-0.280440859,-0.134231282,-0.624796432,-0.151836558,0.1986197,-0.786339826,-0.257292033,0.265130481,-0.632442835,-0.254832963,0.23806829,-0.520848902,-0.2394649,-0.098478439,-0.511230547,-0.197349634,0.220247805,-0.667460558,-0.276572317,0.261662426,-0.526646755,-0.220909868,0.220697685,-0.422869163,-0.168974237,-0.03467473,-0.401489733,-0.248051834,0.210359066,-0.535337511,-0.278059045,0.249653402,-0.450584516,-0.232183045,0.218557977,-0.374748307,-0.192881204,168.9166409,177.3388653,129.9150116,150.4656323,87.35029921,142.4999399,76.62274836,144.9068947,83.92690382,137.7970389,0,0,0,0,0,0,0,0,0,0,0,0,0,0,0,0,0,0,0,0,0,0,0,0,0,0,0,0,0,0,0,0,0,0,0,0,0,0,0,0,0,0,0,0,0,0,0,0,0,0,0,0,0,0,0,0,0,0,0,0,0,0,0,0,0,0,0,0,0,0,0,0,0,MALE
0,0,0,0.12212438,-0.284742426,-0.018528352,0.171180445,-0.577706089,-0.076742153,0.237995263,-0.776570366,-0.146390421,0.305474902,-0.930281745,-0.203127938,-0.11298271,-0.717188715,-0.103465613,0.164752432,-0.887000991,-0.216500666,0.31036458,-0.820620444,-0.267144107,0.381215135,-0.723572814,-0.284093974,-0.125697156,-0.619402626,-0.143784957,0.215818908,-0.771798242,-0.246051516,0.281700036,-0.613916485,-0.240107048,0.251055221,-0.505916044,-0.221812937,-0.087493852,-0.506804681,-0.190836657,0.233887752,-0.643768881,-0.268532524,0.273283983,-0.494347816,-0.213205926,0.230792852,-0.395519805,-0.161398569,-0.015662275,-0.391998608,-0.24307844,0.23223756,-0.513356564,-0.271578902,0.260546442,-0.419300886,-0.225711055,0.21938143,-0.34504275,-0.186788064,168.6035994,175.1022307,127.1027327,149.8694166,88.12724065,141.0409726,78.11020504,144.5191858,79.06970667,138.675476,0,0,0,0,0,0,0,0,0,0,0,0,0,0,0,0,0,0,0,0,0,0,0,0,0,0,0,0,0,0,0,0,0,0,0,0,0,0,0,0,0,0,0,0,0,0,0,0,0,0,0,0,0,0,0,0,0,0,0,0,0,0,0,0,0,0,0,0,0,0,0,0,0,MALE
0,0,0,0.11986188,-0.294965413,-0.009038794,0.175157808,-0.582450957,-0.063929157,0.24807585,-0.780381762,-0.131097127,0.327509601,-0.926244879,-0.186568715,-0.090475251,-0.724064716,-0.101323916,0.179581961,-0.876775798,-0.206175846,0.327840515,-0.820062316,-0.249548341,0.403296697,-0.73311155,-0.263612383,-0.103777221,-0.624704528,-0.144670486,0.218070628,-0.776905465,-0.237257531,0.292431296,-0.625659195,-0.226875047,0.27176554,-0.519806204,-0.208820847,-0.067586481,-0.507931487,-0.192862938,0.242607466,-0.640670525,-0.264443253,0.286604861,-0.495587897,-0.205711153,0.24468695,-0.397971946,-0.153913913,-0.002141601,-0.388935637,-0.245223529,0.241746905,-0.509748778,-0.270022354,0.268959016,-0.417843076,-0.221650386,0.222632429,-0.345151216,-0.182086211,168.5274248,172.0092217,131.8076498,151.2173792,89.95546241,142.5543412,79.9207628,143.0636605,78.86628591,136.0685348,0,0,0,0,0,0,0,0,0,0,0,0,0,0,0,0,0,0,0,0,0,0,0,0,0,0,0,0,0,0,0,0,0,0,0,0,0,0,0,0,0,0,0,0,0,0,0,0,0,0,0,0,0,0,0,0,0,0,0,0,0,0,0,0,0,0,0,0,0,0,0,0,0,MALE
0,0,0,0.117127354,-0.297713676,-0.020776387,0.165748092,-0.580880559,-0.079489201,0.240664055,-0.776629831,-0.147477467,0.311310886,-0.928352006,-0.203096247,-0.108895873,-0.716968364,-0.10742187,0.157000297,-0.879814106,-0.214597019,0.304526848,-0.824562253,-0.266100616,0.386316841,-0.743367992,-0.286743884,-0.113507347,-0.611464199,-0.145938335,0.204585607,-0.773375392,-0.24697594,0.268862281,-0.632966928,-0.246435598,0.241873868,-0.520652184,-0.232682328,-0.073956116,-0.491642162,-0.189820334,0.231167811,-0.642976583,-0.263426124,0.265813642,-0.508555914,-0.209933006,0.222341117,-0.406861693,-0.160578399,-0.00645621,-0.372596669,-0.239110467,0.226447371,-0.502243816,-0.265745624,0.253476737,-0.414792198,-0.220181508,0.218977506,-0.336444507,-0.181327236,167.4086049,176.1231481,130.857784,155.1937431,87.65658707,141.4152254,74.66605317,145.2480335,76.79716979,143.1203015,0,0,0,0,0,0,0,0,0,0,0,0,0,0,0,0,0,0,0,0,0,0,0,0,0,0,0,0,0,0,0,0,0,0,0,0,0,0,0,0,0,0,0,0,0,0,0,0,0,0,0,0,0,0,0,0,0,0,0,0,0,0,0,0,0,0,0,0,0,0,0,0,0,MALE
0,0,0,0.126132079,-0.295345853,-0.021594235,0.180469921,-0.584576568,-0.079121247,0.250889623,-0.777636987,-0.145211245,0.323313529,-0.925205432,-0.198653643,-0.094748362,-0.740323808,-0.112021621,0.178359484,-0.883211002,-0.21048776,0.318267521,-0.822605731,-0.249068481,0.385062941,-0.739763896,-0.26151014,-0.10942766,-0.635089615,-0.149093252,0.218130752,-0.768735066,-0.24575566,0.275383352,-0.616210875,-0.239929855,0.238223803,-0.506591769,-0.223308176,-0.077573572,-0.510644485,-0.190412354,0.23298264,-0.643668613,-0.262213997,0.264166049,-0.501211091,-0.206606539,0.216805263,-0.399841259,-0.156320885,-0.018873898,-0.384436157,-0.236732077,0.22095566,-0.506189712,-0.263683663,0.246317695,-0.41297271,-0.218594596,0.205495329,-0.333903944,-0.180653242,168.6552796,174.1718301,130.9417576,151.7603617,87.89723862,140.4013278,75.76192544,145.40196,77.00154508,141.2716251,0,0,0,0,0,0,0,0,0,0,0,0,0,0,0,0,0,0,0,0,0,0,0,0,0,0,0,0,0,0,0,0,0,0,0,0,0,0,0,0,0,0,0,0,0,0,0,0,0,0,0,0,0,0,0,0,0,0,0,0,0,0,0,0,0,0,0,0,0,0,0,0,0,MALE
0,0,0,0.12032034,-0.285134829,-0.023346573,0.173817825,-0.579684544,-0.07780811,0.241302225,-0.774787223,-0.141374115,0.305664188,-0.93254205,-0.192184101,-0.091038041,-0.717129459,-0.098312805,0.170041955,-0.869854735,-0.199844451,0.305119527,-0.813621223,-0.243590455,0.376331721,-0.734233703,-0.259468861,-0.106859657,-0.619237682,-0.13368015,0.219122056,-0.757995673,-0.229197148,0.268019768,-0.613043689,-0.222753309,0.229888078,-0.517311526,-0.205613434,-0.076042331,-0.504241861,-0.175616944,0.23105923,-0.628385345,-0.248358995,0.255906015,-0.490277983,-0.19477203,0.206715039,-0.403094937,-0.145603502,-0.017471524,-0.386494089,-0.223233544,0.220508047,-0.494713796,-0.250621272,0.238120194,-0.406299403,-0.208457156,0.190433496,-0.342040203,-0.173214283,169.0818173,176.938945,129.6918663,153.8227911,85.11034323,139.2766959,74.73475863,143.4199889,75.54271987,136.6414571,0,0,0,0,0,0,0,0,0,0,0,0,0,0,0,0,0,0,0,0,0,0,0,0,0,0,0,0,0,0,0,0,0,0,0,0,0,0,0,0,0,0,0,0,0,0,0,0,0,0,0,0,0,0,0,0,0,0,0,0,0,0,0,0,0,0,0,0,0,0,0,0,0,MALE
0,0,0,0.121341948,-0.295409963,-0.019986595,0.177876099,-0.584570278,-0.079064687,0.249511296,-0.775794004,-0.148629971,0.312763906,-0.927248338,-0.205886518,-0.094785361,-0.738773867,-0.108611464,0.187930712,-0.881744263,-0.21818184,0.328460584,-0.81290437,-0.266293279,0.3936663,-0.722388316,-0.282718252,-0.111291805,-0.627479775,-0.147589008,0.225686292,-0.76296207,-0.244548589,0.280033034,-0.617224955,-0.23730074,0.242813625,-0.524102889,-0.220774599,-0.079687641,-0.49980741,-0.192657418,0.238145048,-0.622690201,-0.26792266,0.267040602,-0.484259068,-0.212920673,0.220675305,-0.396968982,-0.162938611,-0.01700197,-0.369761047,-0.242630618,0.23131557,-0.48568775,-0.270527971,0.25382104,-0.398172716,-0.224999935,0.208043266,-0.332552137,-0.186872385,168.1857586,177.8858721,129.8391008,151.2447691,87.91083037,137.4981567,76.93920859,143.4011582,77.93337115,135.9715458,0,0,0,0,0,0,0,0,0,0,0,0,0,0,0,0,0,0,0,0,0,0,0,0,0,0,0,0,0,0,0,0,0,0,0,0,0,0,0,0,0,0,0,0,0,0,0,0,0,0,0,0,0,0,0,0,0,0,0,0,0,0,0,0,0,0,0,0,0,0,0,0,0,MALE
0,0,0,0.118928864,-0.290005961,-0.020634214,0.178256131,-0.578681981,-0.07966846,0.262068687,-0.768644808,-0.148000672,0.340774871,-0.917855416,-0.203504109,-0.101874665,-0.728638566,-0.115674766,0.181845438,-0.880994887,-0.22326962,0.321855308,-0.812159876,-0.268087627,0.38451121,-0.724515938,-0.282632662,-0.11094596,-0.613992348,-0.154640462,0.234253187,-0.753899672,-0.252831286,0.297333665,-0.604069167,-0.243943753,0.266691436,-0.503002889,-0.225647344,-0.073215685,-0.48665884,-0.19901163,0.2508308,-0.616802056,-0.272721591,0.284571988,-0.477263727,-0.214654684,0.241546954,-0.385317286,-0.162811423,-0.006153788,-0.360309392,-0.248519904,0.241432956,-0.48039263,-0.274868482,0.266844098,-0.391880626,-0.227371576,0.227516906,-0.322044744,-0.18799671,166.3460385,176.1661807,128.164519,151.1472412,89.94543086,140.02011,77.98414553,144.596766,78.74850426,139.6520874,0,0,0,0,0,0,0,0,0,0,0,0,0,0,0,0,0,0,0,0,0,0,0,0,0,0,0,0,0,0,0,0,0,0,0,0,0,0,0,0,0,0,0,0,0,0,0,0,0,0,0,0,0,0,0,0,0,0,0,0,0,0,0,0,0,0,0,0,0,0,0,0,0,MALE
0,0,0,0.113020922,-0.299900825,-0.01140132,0.181315491,-0.587389412,-0.070225761,0.27021212,-0.777962912,-0.139457853,0.34939857,-0.916241059,-0.19601776,-0.08564403,-0.737135774,-0.116352028,0.197396368,-0.88011169,-0.217242625,0.341838236,-0.818854796,-0.253043178,0.410856487,-0.734596935,-0.262519624,-0.100472927,-0.620571213,-0.159510978,0.23888307,-0.771644429,-0.251375447,0.302420032,-0.628728871,-0.237175307,0.274866553,-0.535813354,-0.216788967,-0.064935244,-0.491601724,-0.206141329,0.259750481,-0.624051987,-0.275671026,0.29424013,-0.487601528,-0.21580637,0.247371241,-0.402221073,-0.16429695,0.001263362,-0.363884527,-0.256795724,0.256076099,-0.4871362,-0.279513457,0.278169905,-0.400535406,-0.230728326,0.227432294,-0.337293347,-0.191988181,166.761105,175.2541775,131.860205,151.54848,88.7284876,139.4460711,78.35455168,141.1109349,77.71556625,133.0449055,0,0,0,0,0,0,0,0,0,0,0,0,0,0,0,0,0,0,0,0,0,0,0,0,0,0,0,0,0,0,0,0,0,0,0,0,0,0,0,0,0,0,0,0,0,0,0,0,0,0,0,0,0,0,0,0,0,0,0,0,0,0,0,0,0,0,0,0,0,0,0,0,0,MALE
0,0,0,0.131316539,-0.293344953,-0.016980735,0.184123184,-0.577698422,-0.07289508,0.257302514,-0.776540142,-0.139428292,0.32675378,-0.92509922,-0.193451284,-0.08793735,-0.740239616,-0.105902831,0.191350632,-0.882455732,-0.209787423,0.332367212,-0.818686172,-0.253950486,0.398471066,-0.735012492,-0.26981838,-0.099256137,-0.62993121,-0.14618747,0.230858834,-0.766941177,-0.242400424,0.29002335,-0.62414555,-0.236144372,0.261125381,-0.528267569,-0.221136132,-0.06556033,-0.504746126,-0.191334115,0.247398061,-0.633386278,-0.266135456,0.271913908,-0.50011003,-0.211615519,0.22434467,-0.412118389,-0.162813995,-0.003589047,-0.381688867,-0.241224562,0.242892962,-0.499694829,-0.269292825,0.264999659,-0.414475099,-0.223697254,0.225798591,-0.346602273,-0.185985209,168.583316,175.2886537,131.0554701,152.2643134,89.36434933,140.4302908,74.47308046,144.4145323,77.51739506,140.3137416,0,0,0,0,0,0,0,0,0,0,0,0,0,0,0,0,0,0,0,0,0,0,0,0,0,0,0,0,0,0,0,0,0,0,0,0,0,0,0,0,0,0,0,0,0,0,0,0,0,0,0,0,0,0,0,0,0,0,0,0,0,0,0,0,0,0,0,0,0,0,0,0,0,MALE
0,0,0,0.118475904,-0.30038589,-0.021352366,0.16339261,-0.578164482,-0.084122571,0.229359306,-0.781699193,-0.158356615,0.292642519,-0.930510061,-0.220252995,-0.134720733,-0.735321023,-0.109343876,0.149136861,-0.902217174,-0.223666691,0.29990796,-0.82888492,-0.276047989,0.373607557,-0.735909541,-0.296486463,-0.147613958,-0.622401849,-0.152444776,0.191931781,-0.772841505,-0.258391459,0.263113402,-0.613934796,-0.25591168,0.236179833,-0.504783505,-0.24320186,-0.11536364,-0.490638985,-0.202153942,0.207403139,-0.637998004,-0.291574559,0.249569687,-0.493330696,-0.24012197,0.210312499,-0.399325945,-0.191085331,-0.049536273,-0.359420618,-0.25610422,0.202968311,-0.50009032,-0.294523,0.239887133,-0.411473265,-0.249351969,0.205853203,-0.341739219,-0.210580298,169.308247,174.8724362,126.6481373,153.9567807,90.00069925,141.683639,77.80393464,143.4727545,80.92636061,136.4844053,0,0,0,0,0,0,0,0,0,0,0,0,0,0,0,0,0,0,0,0,0,0,0,0,0,0,0,0,0,0,0,0,0,0,0,0,0,0,0,0,0,0,0,0,0,0,0,0,0,0,0,0,0,0,0,0,0,0,0,0,0,0,0,0,0,0,0,0,0,0,0,0,0,MALE
0,0,0,0.129388133,-0.292459837,-0.008785447,0.176423109,-0.576884758,-0.059186834,0.243838952,-0.778518551,-0.12144016,0.307152166,-0.935705646,-0.173529509,-0.103664939,-0.734902714,-0.090723734,0.164459946,-0.884479362,-0.189950508,0.31256297,-0.847873636,-0.235319417,0.392204716,-0.771865284,-0.252017392,-0.117543208,-0.630542378,-0.133591513,0.211341382,-0.785599688,-0.228695391,0.284909466,-0.647790344,-0.226747509,0.266968124,-0.541564771,-0.212185221,-0.086510438,-0.504879722,-0.180671188,0.230208431,-0.657737282,-0.256677719,0.276824788,-0.526712415,-0.207920998,0.242252937,-0.428819907,-0.159838819,-0.027499645,-0.375802391,-0.231037729,0.222245075,-0.519403519,-0.26086379,0.26962052,-0.446306902,-0.218244463,0.249750143,-0.378219693,-0.180440081,169.0644386,176.5715265,138.960327,149.9084865,92.57868001,141.7994394,80.26100811,143.5264523,90.13023499,136.4216619,0,0,0,0,0,0,0,0,0,0,0,0,0,0,0,0,0,0,0,0,0,0,0,0,0,0,0,0,0,0,0,0,0,0,0,0,0,0,0,0,0,0,0,0,0,0,0,0,0,0,0,0,0,0,0,0,0,0,0,0,0,0,0,0,0,0,0,0,0,0,0,0,0,MALE
0,0,0,0.125516773,-0.290169014,-0.013662649,0.177082275,-0.57608128,-0.067053232,0.246512374,-0.777416286,-0.131009556,0.311977869,-0.932133657,-0.183838665,-0.098086794,-0.738514617,-0.103183094,0.168195655,-0.894006263,-0.203113308,0.314103647,-0.834689394,-0.245670138,0.393534541,-0.748684843,-0.261424271,-0.110582544,-0.623304383,-0.145215774,0.220132202,-0.773577717,-0.238284235,0.285041544,-0.628365721,-0.232521424,0.262458829,-0.527956414,-0.218372137,-0.079379608,-0.492674881,-0.191345049,0.232975743,-0.638214734,-0.26673659,0.265761594,-0.500208751,-0.215487176,0.227537338,-0.405205665,-0.168901179,-0.017394406,-0.364202718,-0.241340328,0.228050303,-0.500764177,-0.271952384,0.26090758,-0.414603692,-0.228077881,0.233446558,-0.341607546,-0.191055526,169.3683793,176.1613992,129.8406876,154.2611856,89.14431623,142.9445376,75.06893461,147.0873544,79.93102803,142.6778827,0,0,0,0,0,0,0,0,0,0,0,0,0,0,0,0,0,0,0,0,0,0,0,0,0,0,0,0,0,0,0,0,0,0,0,0,0,0,0,0,0,0,0,0,0,0,0,0,0,0,0,0,0,0,0,0,0,0,0,0,0,0,0,0,0,0,0,0,0,0,0,0,0,MALE
0,0,0,0.11752599,-0.285838258,-0.025198179,0.169174573,-0.569164822,-0.090333312,0.24224129,-0.771862454,-0.165136873,0.304283915,-0.925112854,-0.227106819,-0.118206364,-0.729189392,-0.121948184,0.171101539,-0.890704083,-0.234771036,0.321584265,-0.816520786,-0.283421715,0.394023378,-0.721527063,-0.301209073,-0.132306453,-0.617876889,-0.162062912,0.21028155,-0.769486941,-0.264809183,0.279154308,-0.611830437,-0.257796535,0.25282822,-0.504715086,-0.242276623,-0.098236009,-0.487581132,-0.208199689,0.227592859,-0.639564406,-0.291576238,0.269161789,-0.498299668,-0.236475165,0.228474101,-0.403393612,-0.186711775,-0.030015113,-0.359425976,-0.259255192,0.224863168,-0.49314648,-0.294797007,0.259419609,-0.407611616,-0.250306136,0.224372489,-0.340326968,-0.212893516,168.8496891,177.4408273,127.2876489,153.0802121,89.11955677,142.333341,77.54069124,143.3378869,81.84938654,135.7728595,0,0,0,0,0,0,0,0,0,0,0,0,0,0,0,0,0,0,0,0,0,0,0,0,0,0,0,0,0,0,0,0,0,0,0,0,0,0,0,0,0,0,0,0,0,0,0,0,0,0,0,0,0,0,0,0,0,0,0,0,0,0,0,0,0,0,0,0,0,0,0,0,0,MALE
0,0,0,0.113689257,-0.297273829,-0.023857901,0.172769447,-0.583345783,-0.086394731,0.25768714,-0.776447447,-0.158801139,0.317635757,-0.922968728,-0.217339028,-0.088876289,-0.737587155,-0.108425766,0.195588934,-0.888628938,-0.219669413,0.325705124,-0.807471705,-0.269342942,0.378413361,-0.709435157,-0.286072127,-0.105073202,-0.631922442,-0.145904295,0.229490317,-0.768042262,-0.241641177,0.289331792,-0.618412489,-0.233809724,0.259421821,-0.515624176,-0.217242081,-0.076150395,-0.514477798,-0.190419743,0.243347579,-0.636875035,-0.262239181,0.270947403,-0.499667222,-0.20619894,0.226136276,-0.40847768,-0.157087524,-0.017818343,-0.393266069,-0.240953443,0.232792805,-0.497370325,-0.264588174,0.250571914,-0.404094859,-0.217879453,0.206003128,-0.332821488,-0.180418994,166.5001388,177.9963981,123.4548775,149.5716103,88.95784288,141.7177012,76.83913134,145.5322155,77.25689964,141.341876,0,0,0,0,0,0,0,0,0,0,0,0,0,0,0,0,0,0,0,0,0,0,0,0,0,0,0,0,0,0,0,0,0,0,0,0,0,0,0,0,0,0,0,0,0,0,0,0,0,0,0,0,0,0,0,0,0,0,0,0,0,0,0,0,0,0,0,0,0,0,0,0,0,MALE
0,0,0,0.11474441,-0.312158506,-0.020807997,0.165035952,-0.594499757,-0.085295784,0.237245713,-0.798825458,-0.160872717,0.292395564,-0.929935882,-0.222988989,-0.135827011,-0.73952612,-0.116266401,0.144698656,-0.914245047,-0.225923608,0.283598776,-0.842886673,-0.27167414,0.343073059,-0.75381592,-0.289166655,-0.145143379,-0.623551626,-0.162026027,0.19710668,-0.789287359,-0.266157736,0.250738902,-0.637853621,-0.261185723,0.206433246,-0.540435113,-0.247735455,-0.108010694,-0.492390315,-0.213153318,0.215822788,-0.657435099,-0.296682605,0.243543011,-0.517492455,-0.240957741,0.194834913,-0.426927517,-0.191525654,-0.039629126,-0.363089482,-0.26920782,0.212373083,-0.513769819,-0.30266815,0.23941718,-0.424668787,-0.255235766,0.202364399,-0.35274878,-0.216860617,168.8618715,174.6126671,123.7919018,150.8113836,83.42152671,135.8652945,70.81113747,143.6669451,74.60651296,140.5527248,0,0,0,0,0,0,0,0,0,0,0,0,0,0,0,0,0,0,0,0,0,0,0,0,0,0,0,0,0,0,0,0,0,0,0,0,0,0,0,0,0,0,0,0,0,0,0,0,0,0,0,0,0,0,0,0,0,0,0,0,0,0,0,0,0,0,0,0,0,0,0,0,0,MALE
0,0,0,0.132050233,-0.295102599,-0.015795983,0.181496552,-0.571097255,-0.07099212,0.254678328,-0.7712526,-0.136671064,0.326342094,-0.925726746,-0.1911304,-0.098826565,-0.733505174,-0.105026148,0.173674571,-0.887020478,-0.206604901,0.319220924,-0.820327846,-0.250529895,0.386562596,-0.726103116,-0.266385856,-0.106327785,-0.619454778,-0.146598419,0.220672639,-0.776540948,-0.239432888,0.299852968,-0.631930576,-0.23510166,0.281565144,-0.527265056,-0.222167761,-0.071429222,-0.4849493,-0.19262842,0.233747165,-0.646557036,-0.267831764,0.282395702,-0.513860477,-0.217516384,0.248951581,-0.416057783,-0.171456751,-0.007847033,-0.349925467,-0.24244837,0.233276512,-0.502259807,-0.274003538,0.273544943,-0.432362686,-0.230847179,0.247758822,-0.367009886,-0.193956783,168.6584119,175.3520291,128.3638669,149.8500599,92.57397668,141.1243955,78.70801512,143.6195883,84.97428996,134.8653024,0,0,0,0,0,0,0,0,0,0,0,0,0,0,0,0,0,0,0,0,0,0,0,0,0,0,0,0,0,0,0,0,0,0,0,0,0,0,0,0,0,0,0,0,0,0,0,0,0,0,0,0,0,0,0,0,0,0,0,0,0,0,0,0,0,0,0,0,0,0,0,0,0,MALE
0,0,0,0.155757927,-0.295183889,-0.017066047,0.207525254,-0.577041929,-0.073613426,0.265873411,-0.772302292,-0.142428889,0.318119681,-0.927101908,-0.198196673,-0.089199493,-0.742188962,-0.096205997,0.185733366,-0.899722107,-0.207545278,0.332843812,-0.834462823,-0.261367438,0.405494443,-0.733513265,-0.281220742,-0.102076958,-0.635293616,-0.137400644,0.231282532,-0.77958716,-0.239002985,0.296612198,-0.635309375,-0.239326229,0.271520313,-0.528544359,-0.22578886,-0.065966624,-0.511318184,-0.184751369,0.254082564,-0.646941994,-0.260932418,0.287744094,-0.511378239,-0.208122926,0.243509624,-0.413686938,-0.158421185,0.000135228,-0.385169303,-0.237525296,0.246323651,-0.506270866,-0.265102721,0.27372315,-0.419022389,-0.218263708,0.236483606,-0.343006382,-0.178189866,170.3792182,178.0219993,129.3744732,149.1191924,90.95216111,141.8286653,77.35238348,144.5497875,79.60513833,141.0963743,0,0,0,0,0,0,0,0,0,0,0,0,0,0,0,0,0,0,0,0,0,0,0,0,0,0,0,0,0,0,0,0,0,0,0,0,0,0,0,0,0,0,0,0,0,0,0,0,0,0,0,0,0,0,0,0,0,0,0,0,0,0,0,0,0,0,0,0,0,0,0,0,0,MALE
0,0,0,0.109775361,-0.283927936,-0.018700704,0.166902276,-0.568349499,-0.075179586,0.252160986,-0.770683421,-0.141565792,0.32868569,-0.92401484,-0.195351717,-0.096501812,-0.740152319,-0.107645583,0.184138353,-0.895258573,-0.209580699,0.320216933,-0.829590094,-0.250228856,0.378147458,-0.743900822,-0.26294849,-0.105963059,-0.637288987,-0.146291754,0.224679433,-0.780428357,-0.23833842,0.294493139,-0.632456852,-0.229130821,0.272360709,-0.535511803,-0.211955832,-0.073028565,-0.515958027,-0.190071172,0.241463682,-0.64759313,-0.262822857,0.277667929,-0.509695505,-0.209584733,0.236788476,-0.419327047,-0.161441847,-0.01263766,-0.391710772,-0.238422647,0.235491868,-0.505677141,-0.267467657,0.265599532,-0.420029145,-0.224948194,0.230805976,-0.352417797,-0.18848252,167.423447,176.4061819,127.6337172,149.3393995,90.99222788,141.5870612,78.43174774,143.823586,82.64246543,138.1077894,0,0,0,0,0,0,0,0,0,0,0,0,0,0,0,0,0,0,0,0,0,0,0,0,0,0,0,0,0,0,0,0,0,0,0,0,0,0,0,0,0,0,0,0,0,0,0,0,0,0,0,0,0,0,0,0,0,0,0,0,0,0,0,0,0,0,0,0,0,0,0,0,0,MALE
0,0,0,0.124904255,-0.288226183,-0.016878927,0.173642779,-0.569239449,-0.072332745,0.247787632,-0.770345253,-0.138697354,0.319314249,-0.927856089,-0.192669376,-0.097603598,-0.726977434,-0.103010278,0.170094353,-0.892613936,-0.207920064,0.30792721,-0.825144856,-0.252918402,0.370241729,-0.735534973,-0.268888236,-0.107015334,-0.619599056,-0.143788184,0.226213456,-0.764574961,-0.239826758,0.290083759,-0.61497676,-0.235005966,0.261398303,-0.517547469,-0.221074244,-0.072577961,-0.496250274,-0.189904046,0.241513626,-0.632088516,-0.266450873,0.274774454,-0.491679885,-0.214339906,0.233673038,-0.401723881,-0.166945512,-0.010824669,-0.372670812,-0.240387441,0.236488005,-0.494163783,-0.269890344,0.26479578,-0.408026955,-0.225212473,0.229348901,-0.339619173,-0.187793068,168.1589894,175.9734856,125.0069098,150.493089,89.18723062,140.159718,76.43899481,144.7051261,80.17024851,139.266137,0,0,0,0,0,0,0,0,0,0,0,0,0,0,0,0,0,0,0,0,0,0,0,0,0,0,0,0,0,0,0,0,0,0,0,0,0,0,0,0,0,0,0,0,0,0,0,0,0,0,0,0,0,0,0,0,0,0,0,0,0,0,0,0,0,0,0,0,0,0,0,0,0,MALE
0,0,0,0.118849205,-0.289155584,-0.017798792,0.175187894,-0.573804426,-0.073984009,0.256059468,-0.76692152,-0.139960588,0.329676628,-0.924122604,-0.193159866,-0.094535507,-0.730057696,-0.105625256,0.180853332,-0.887126953,-0.210944991,0.326996657,-0.825897498,-0.257584789,0.402230861,-0.734204067,-0.273977208,-0.099889457,-0.623663897,-0.144224673,0.230872384,-0.76599368,-0.241828381,0.297005956,-0.623202185,-0.239524996,0.275228522,-0.515881597,-0.226038832,-0.062643396,-0.49988587,-0.187968309,0.258581961,-0.631532351,-0.261499647,0.292246281,-0.498804336,-0.210091291,0.249879649,-0.404317292,-0.162772092,0.000617509,-0.376033624,-0.23641075,0.252674208,-0.489360468,-0.262354897,0.278944612,-0.406274314,-0.218954196,0.240927769,-0.338745092,-0.182572111,167.0572535,177.641091,130.0968626,151.4546525,91.29417456,143.2564845,78.39697047,144.4408215,81.65874585,137.9696681,0,0,0,0,0,0,0,0,0,0,0,0,0,0,0,0,0,0,0,0,0,0,0,0,0,0,0,0,0,0,0,0,0,0,0,0,0,0,0,0,0,0,0,0,0,0,0,0,0,0,0,0,0,0,0,0,0,0,0,0,0,0,0,0,0,0,0,0,0,0,0,0,0,MALE
0,0,0,0.12502357,-0.27953313,-0.024148274,0.187680174,-0.575716703,-0.082868048,0.263052746,-0.768965207,-0.14946573,0.334572024,-0.920368771,-0.202442303,-0.096211296,-0.754067982,-0.123683793,0.200276031,-0.88850537,-0.230475339,0.336956388,-0.805840982,-0.271131331,0.38736089,-0.709176515,-0.281563287,-0.113233196,-0.64030343,-0.159555749,0.234864024,-0.76519138,-0.253828966,0.299236732,-0.605751375,-0.24258789,0.266298639,-0.502814166,-0.223689304,-0.080285906,-0.505349232,-0.200456322,0.249894408,-0.625121703,-0.275239074,0.287827655,-0.475563339,-0.219616563,0.245483018,-0.380230471,-0.169565537,-0.013463911,-0.369527409,-0.245772123,0.242886988,-0.488336208,-0.275067062,0.270761582,-0.391623611,-0.229685925,0.232368746,-0.316984327,-0.191632152,168.6485649,176.1707135,126.7033535,147.9714995,91.2512596,140.0990815,80.67113798,144.4257766,79.57708192,140.7085884,0,0,0,0,0,0,0,0,0,0,0,0,0,0,0,0,0,0,0,0,0,0,0,0,0,0,0,0,0,0,0,0,0,0,0,0,0,0,0,0,0,0,0,0,0,0,0,0,0,0,0,0,0,0,0,0,0,0,0,0,0,0,0,0,0,0,0,0,0,0,0,0,0,MALE
0,0,0,0.112109701,-0.298790238,-0.014741718,0.172377126,-0.582634984,-0.07109928,0.260793941,-0.770484044,-0.138142263,0.338228681,-0.921282518,-0.19193718,-0.09449018,-0.74217876,-0.105679362,0.193306691,-0.886443718,-0.20892739,0.328643374,-0.81449829,-0.252234809,0.385035105,-0.728350138,-0.266753921,-0.103100812,-0.637229496,-0.145832813,0.238305022,-0.764470799,-0.23698809,0.298032728,-0.616820098,-0.229329913,0.264229663,-0.526541134,-0.214417565,-0.065612868,-0.513437088,-0.190785793,0.257465181,-0.631480361,-0.259767048,0.29065335,-0.490423401,-0.20576243,0.24504577,-0.403307057,-0.158494103,8.66E-05,-0.386825005,-0.2402939,0.253852864,-0.498052877,-0.264407389,0.27784133,-0.409937602,-0.219677481,0.231964203,-0.343345878,-0.183045252,165.4596251,178.0360966,127.8502468,150.8063506,90.86681674,137.2622681,79.75035577,142.1721385,80.24522836,135.1973691,0,0,0,0,0,0,0,0,0,0,0,0,0,0,0,0,0,0,0,0,0,0,0,0,0,0,0,0,0,0,0,0,0,0,0,0,0,0,0,0,0,0,0,0,0,0,0,0,0,0,0,0,0,0,0,0,0,0,0,0,0,0,0,0,0,0,0,0,0,0,0,0,0,MALE
0,0,0,0.124516265,-0.299211307,-0.01798646,0.184302216,-0.585693392,-0.074024854,0.263359014,-0.779102525,-0.139525331,0.337329775,-0.921727877,-0.191380105,-0.084862749,-0.75543349,-0.105021364,0.191910059,-0.898189831,-0.203378531,0.331591859,-0.835308707,-0.242133375,0.400264649,-0.75709847,-0.255653451,-0.094432784,-0.648407341,-0.145161222,0.238277455,-0.782421692,-0.242501478,0.30457583,-0.630030986,-0.237728892,0.2825267,-0.523173705,-0.222235197,-0.060345247,-0.524695633,-0.189599002,0.259756602,-0.6464406,-0.264593829,0.291098869,-0.500756155,-0.209934798,0.24887985,-0.403733215,-0.15962154,-0.000973319,-0.398667174,-0.238708507,0.251112908,-0.505466473,-0.265754109,0.273393119,-0.412115249,-0.219475829,0.232945733,-0.339058027,-0.180741419,167.9280526,175.0155171,130.4715546,155.0268821,91.08588433,144.3881448,77.75496144,146.7973153,78.97689042,141.829112,0,0,0,0,0,0,0,0,0,0,0,0,0,0,0,0,0,0,0,0,0,0,0,0,0,0,0,0,0,0,0,0,0,0,0,0,0,0,0,0,0,0,0,0,0,0,0,0,0,0,0,0,0,0,0,0,0,0,0,0,0,0,0,0,0,0,0,0,0,0,0,0,0,MALE
0,0,0,0.125549167,-0.288466161,-0.015586243,0.181887041,-0.575841893,-0.069383029,0.259690881,-0.776304325,-0.134103765,0.337694598,-0.922510168,-0.186915351,-0.090277609,-0.735151,-0.099165292,0.181358578,-0.892555184,-0.202429019,0.320677337,-0.831858816,-0.248885938,0.388844606,-0.745782067,-0.26650996,-0.10390611,-0.627996074,-0.140157367,0.228101917,-0.777123187,-0.235599731,0.291962508,-0.628367736,-0.232570692,0.26496105,-0.52502661,-0.219170604,-0.071818129,-0.505264024,-0.18617061,0.241613363,-0.646105951,-0.262389919,0.276610129,-0.504088274,-0.212426729,0.238282037,-0.408356435,-0.16572328,-0.008760481,-0.381042622,-0.236382177,0.238088715,-0.507045129,-0.266237898,0.268658315,-0.416254352,-0.222718039,0.236910052,-0.342422465,-0.185611869,168.2935912,173.3570486,129.0499596,151.5643037,88.80522954,141.7522299,76.3475684,146.4783915,79.80222817,142.0730571,0,0,0,0,0,0,0,0,0,0,0,0,0,0,0,0,0,0,0,0,0,0,0,0,0,0,0,0,0,0,0,0,0,0,0,0,0,0,0,0,0,0,0,0,0,0,0,0,0,0,0,0,0,0,0,0,0,0,0,0,0,0,0,0,0,0,0,0,0,0,0,0,0,MALE
0,0,0,0.099089932,-0.287797742,-0.029172451,0.163235563,-0.590705817,-0.093388313,0.251385118,-0.798381236,-0.164517852,0.334857827,-0.915721332,-0.222091598,-0.114882135,-0.745423925,-0.132925687,0.184114931,-0.894680871,-0.238729891,0.319086241,-0.80453869,-0.279781784,0.365812922,-0.717904891,-0.295154241,-0.12340771,-0.631186699,-0.171666065,0.222621239,-0.773286298,-0.273896977,0.275532081,-0.615242482,-0.265474249,0.223018312,-0.51970473,-0.250094635,-0.086688815,-0.500022669,-0.215045458,0.239762442,-0.63597507,-0.299141978,0.269546616,-0.482792694,-0.244509661,0.215831375,-0.3977709,-0.19586146,-0.018324408,-0.370001251,-0.263099586,0.241991261,-0.49663906,-0.300501366,0.264641698,-0.393238483,-0.256927176,0.217418596,-0.327521654,-0.221282871,167.8490804,167.5290715,122.1684432,152.1455245,85.55964612,132.6559096,74.86019858,139.6697859,74.68082405,135.9746143,0,0,0,0,0,0,0,0,0,0,0,0,0,0,0,0,0,0,0,0,0,0,0,0,0,0,0,0,0,0,0,0,0,0,0,0,0,0,0,0,0,0,0,0,0,0,0,0,0,0,0,0,0,0,0,0,0,0,0,0,0,0,0,0,0,0,0,0,0,0,0,0,0,MALE
0,0,0,0.111232224,-0.303409831,-0.015678488,0.169774649,-0.592845605,-0.069652982,0.253427281,-0.785978264,-0.133291772,0.336249497,-0.923566424,-0.184286015,-0.096474754,-0.757339158,-0.101386686,0.176263448,-0.89937578,-0.199435574,0.323122968,-0.842122284,-0.24300165,0.397861673,-0.765636136,-0.259844217,-0.10411813,-0.644858248,-0.141029206,0.224490633,-0.780438707,-0.232476428,0.287838633,-0.641554962,-0.229104646,0.261495054,-0.544920611,-0.216759919,-0.066993297,-0.516160671,-0.184759553,0.244807094,-0.645573956,-0.252955313,0.272435801,-0.516530778,-0.201526639,0.224668398,-0.431801731,-0.156326111,-0.00116292,-0.388920495,-0.233191978,0.245315779,-0.508293161,-0.255297684,0.264520126,-0.425017712,-0.210170776,0.219093668,-0.360837605,-0.173798791,166.6778148,172.6558403,133.2899736,155.3306858,91.71613622,139.937468,76.25282182,141.7987088,76.48704071,136.8968113,0,0,0,0,0,0,0,0,0,0,0,0,0,0,0,0,0,0,0,0,0,0,0,0,0,0,0,0,0,0,0,0,0,0,0,0,0,0,0,0,0,0,0,0,0,0,0,0,0,0,0,0,0,0,0,0,0,0,0,0,0,0,0,0,0,0,0,0,0,0,0,0,0,MALE
0,0,0,0.117001124,-0.305003175,-0.016504253,0.171548886,-0.586787829,-0.072728252,0.250355229,-0.779164004,-0.138829145,0.319343808,-0.927976923,-0.192037401,-0.091761707,-0.747527453,-0.104451686,0.185388597,-0.885486876,-0.201981978,0.328217156,-0.817442079,-0.2411553,0.396088398,-0.73115547,-0.254318951,-0.100432996,-0.639658846,-0.143597897,0.219695503,-0.76779829,-0.232870207,0.284878972,-0.629812685,-0.22728991,0.261547071,-0.53522945,-0.214758957,-0.06834704,-0.513038744,-0.186866221,0.240984337,-0.635632887,-0.255058827,0.279785293,-0.506291863,-0.202260797,0.239022347,-0.41666,-0.156401586,-0.011472971,-0.385541157,-0.23468097,0.234384512,-0.500279738,-0.259285869,0.264153768,-0.419445319,-0.214521969,0.222868047,-0.352252882,-0.177732621,167.2234172,177.4581994,130.0160271,153.1633505,92.83198027,140.6546876,81.29391206,142.1277753,83.36209644,133.8152054,0,0,0,0,0,0,0,0,0,0,0,0,0,0,0,0,0,0,0,0,0,0,0,0,0,0,0,0,0,0,0,0,0,0,0,0,0,0,0,0,0,0,0,0,0,0,0,0,0,0,0,0,0,0,0,0,0,0,0,0,0,0,0,0,0,0,0,0,0,0,0,0,0,MALE
0,0,0,0.115063979,-0.30477899,-0.014152963,0.174022363,-0.58879437,-0.074111324,0.258917856,-0.780591363,-0.14542179,0.339092356,-0.918278665,-0.2044032,-0.095178222,-0.747586234,-0.107960141,0.184287582,-0.899831045,-0.217384323,0.329493101,-0.837891229,-0.268551753,0.398687559,-0.749449302,-0.288219069,-0.102310825,-0.633950432,-0.151846372,0.232997417,-0.785690737,-0.250937743,0.300613247,-0.650255052,-0.249831934,0.273983751,-0.554345548,-0.238027744,-0.064856246,-0.506073539,-0.200212491,0.254026596,-0.651130076,-0.274055744,0.288110983,-0.523342089,-0.221675079,0.243057563,-0.434628408,-0.174538066,0.001171625,-0.379846881,-0.253255386,0.252673068,-0.505925081,-0.279075988,0.280597065,-0.422398003,-0.232888948,0.242987632,-0.354874855,-0.194821822,166.2990044,173.815503,131.1478821,150.9018325,91.99781179,137.5795646,76.90925231,141.5725762,80.36913157,137.8028794,0,0,0,0,0,0,0,0,0,0,0,0,0,0,0,0,0,0,0,0,0,0,0,0,0,0,0,0,0,0,0,0,0,0,0,0,0,0,0,0,0,0,0,0,0,0,0,0,0,0,0,0,0,0,0,0,0,0,0,0,0,0,0,0,0,0,0,0,0,0,0,0,0,MALE
0,0,0,0.119059299,-0.300229545,-0.017796557,0.170906577,-0.589504387,-0.074013006,0.250454423,-0.788614531,-0.141276641,0.338561977,-0.92015874,-0.196681676,-0.106953607,-0.741775412,-0.095895161,0.162117995,-0.903431982,-0.198422095,0.309785172,-0.862491113,-0.246428726,0.392712596,-0.794115295,-0.266502567,-0.115134516,-0.63930439,-0.136114662,0.221598037,-0.784729749,-0.236140988,0.286227657,-0.645283062,-0.235772688,0.263904912,-0.546842756,-0.222390443,-0.076715784,-0.522014882,-0.181514981,0.243150588,-0.649645751,-0.257384794,0.273059378,-0.515249637,-0.207557965,0.230086667,-0.424980162,-0.160191554,-0.009324128,-0.405107531,-0.232262059,0.242393411,-0.511876149,-0.2588971,0.272032591,-0.423104648,-0.215313697,0.239902456,-0.353498786,-0.178139839,166.9505024,168.4162136,135.8307771,155.7435495,91.41890228,141.742049,77.28366796,144.61254,83.56637567,141.1087626,0,0,0,0,0,0,0,0,0,0,0,0,0,0,0,0,0,0,0,0,0,0,0,0,0,0,0,0,0,0,0,0,0,0,0,0,0,0,0,0,0,0,0,0,0,0,0,0,0,0,0,0,0,0,0,0,0,0,0,0,0,0,0,0,0,0,0,0,0,0,0,0,0,MALE
0,0,0,0.117251423,-0.282538597,-0.025854684,0.177277384,-0.572094553,-0.088101078,0.259820535,-0.777719663,-0.159508655,0.329061003,-0.918701672,-0.218417249,-0.093423959,-0.742104116,-0.114348038,0.176020571,-0.897135488,-0.220041846,0.320393874,-0.844628021,-0.265995897,0.395629238,-0.770819899,-0.284724389,-0.112973465,-0.638841794,-0.153085466,0.229465966,-0.781705728,-0.255841003,0.290156795,-0.619728349,-0.249623526,0.25638802,-0.516577554,-0.232427629,-0.081317723,-0.518170097,-0.197233064,0.245372146,-0.649884556,-0.280159507,0.272421733,-0.498728978,-0.224439281,0.223187338,-0.406370481,-0.173034926,-0.017130142,-0.394128971,-0.246773332,0.247117227,-0.504313236,-0.283656024,0.265940872,-0.403253817,-0.240061755,0.220820703,-0.332093865,-0.202430407,168.5028651,175.1138948,132.5690282,155.3225949,87.42272414,140.9185568,74.60516639,144.4231605,76.05324582,140.773678,0,0,0,0,0,0,0,0,0,0,0,0,0,0,0,0,0,0,0,0,0,0,0,0,0,0,0,0,0,0,0,0,0,0,0,0,0,0,0,0,0,0,0,0,0,0,0,0,0,0,0,0,0,0,0,0,0,0,0,0,0,0,0,0,0,0,0,0,0,0,0,0,0,MALE
0,0,0,0.117908298,-0.290914364,-0.021356281,0.170197188,-0.57308173,-0.07816107,0.24523128,-0.77315906,-0.144903829,0.325962749,-0.924016347,-0.199855142,-0.105735832,-0.735721425,-0.10116425,0.149537066,-0.90233547,-0.202134233,0.292806245,-0.867125963,-0.24840725,0.367683395,-0.802937429,-0.267029702,-0.114414285,-0.636712919,-0.138744558,0.212608925,-0.787318596,-0.234301421,0.285914662,-0.646578578,-0.230733743,0.266760856,-0.550861272,-0.216355967,-0.077525741,-0.520015442,-0.181588932,0.234091167,-0.655488579,-0.256057869,0.267994351,-0.518409652,-0.204820715,0.225126936,-0.427787029,-0.157401034,-0.01267579,-0.399758436,-0.229702016,0.234036624,-0.512222012,-0.259201713,0.258387303,-0.422264149,-0.216559734,0.219581383,-0.352658061,-0.179691474,168.4718532,172.7285412,135.43974,153.1741497,92.36071915,140.6910175,76.92539523,143.5377858,78.92999151,139.945636,0,0,0,0,0,0,0,0,0,0,0,0,0,0,0,0,0,0,0,0,0,0,0,0,0,0,0,0,0,0,0,0,0,0,0,0,0,0,0,0,0,0,0,0,0,0,0,0,0,0,0,0,0,0,0,0,0,0,0,0,0,0,0,0,0,0,0,0,0,0,0,0,0,MALE
0,0,0,0.134258906,-0.276749078,-0.026855424,0.192491644,-0.568516324,-0.083933258,0.258590399,-0.774265991,-0.147263658,0.31916168,-0.927042299,-0.196795318,-0.087001331,-0.740204546,-0.113870333,0.183452092,-0.88837724,-0.212698754,0.331663837,-0.836444263,-0.250082704,0.407036556,-0.752685757,-0.261475667,-0.098944983,-0.639237851,-0.147556108,0.234914034,-0.783017238,-0.246213588,0.297491239,-0.635737142,-0.239615365,0.265731075,-0.527546089,-0.22117088,-0.064718176,-0.518718634,-0.185873588,0.255015587,-0.644690486,-0.262122853,0.278524379,-0.501490235,-0.208338104,0.226477196,-0.408721966,-0.158610807,-2.87E-05,-0.391590195,-0.229259915,0.250651227,-0.494672599,-0.259415034,0.263961143,-0.396228124,-0.216146781,0.215227097,-0.32480515,-0.17926101,171.6157964,176.2830813,133.6467499,150.7121924,89.11208411,140.244505,74.42967664,144.1764116,74.05928648,141.5589745,0,0,0,0,0,0,0,0,0,0,0,0,0,0,0,0,0,0,0,0,0,0,0,0,0,0,0,0,0,0,0,0,0,0,0,0,0,0,0,0,0,0,0,0,0,0,0,0,0,0,0,0,0,0,0,0,0,0,0,0,0,0,0,0,0,0,0,0,0,0,0,0,0,MALE
0,0,0,0.092214268,-0.284102643,-0.018669361,0.160199167,-0.583575497,-0.079400167,0.260007755,-0.780421191,-0.148221015,0.330848346,-0.921135133,-0.205059597,-0.092810626,-0.732972754,-0.127067102,0.194483485,-0.879570529,-0.232371062,0.334117555,-0.805827368,-0.27535243,0.403524997,-0.71469064,-0.289951447,-0.105578516,-0.615586271,-0.166879167,0.233801589,-0.75103745,-0.260540052,0.293110598,-0.59793053,-0.247522107,0.261270364,-0.490517652,-0.229517704,-0.07368292,-0.484957081,-0.210669299,0.249075077,-0.618884221,-0.282968625,0.278126116,-0.475075958,-0.223140361,0.229263515,-0.379390868,-0.17237548,-0.011611656,-0.355426006,-0.258900463,0.245580709,-0.477259249,-0.285211493,0.270142142,-0.382854055,-0.23683442,0.22638905,-0.312085582,-0.198727023,165.0275202,177.4279379,127.5363956,154.363244,88.31272177,142.3165428,75.44537825,144.7593782,78.02430157,138.3816851,0,0,0,0,0,0,0,0,0,0,0,0,0,0,0,0,0,0,0,0,0,0,0,0,0,0,0,0,0,0,0,0,0,0,0,0,0,0,0,0,0,0,0,0,0,0,0,0,0,0,0,0,0,0,0,0,0,0,0,0,0,0,0,0,0,0,0,0,0,0,0,0,0,MALE
0,0,0,0.130139494,-0.297504918,-0.019411576,0.180803305,-0.57637992,-0.076679968,0.249336821,-0.77471574,-0.144213565,0.309232563,-0.929739822,-0.199897687,-0.113418801,-0.747219586,-0.097322915,0.153126303,-0.89932914,-0.202391418,0.304466682,-0.856252775,-0.252258671,0.384318098,-0.777334864,-0.271857452,-0.125693635,-0.643067697,-0.137259953,0.202486815,-0.79830232,-0.237552311,0.274830033,-0.658177809,-0.238712092,0.253835909,-0.553020076,-0.226168698,-0.094268687,-0.519461652,-0.182527963,0.226426778,-0.664309827,-0.261690399,0.264157575,-0.529881138,-0.211821296,0.220963307,-0.435665032,-0.163679287,-0.034945076,-0.390116814,-0.232519584,0.221824795,-0.513902952,-0.26365269,0.252678476,-0.428348589,-0.219215451,0.214390773,-0.358397974,-0.180274492,169.3605651,177.8666423,136.78938,151.0471447,92.03164044,140.8363311,77.77997794,142.4637582,81.97633092,136.6596572,0,0,0,0,0,0,0,0,0,0,0,0,0,0,0,0,0,0,0,0,0,0,0,0,0,0,0,0,0,0,0,0,0,0,0,0,0,0,0,0,0,0,0,0,0,0,0,0,0,0,0,0,0,0,0,0,0,0,0,0,0,0,0,0,0,0,0,0,0,0,0,0,0,MALE
0,0,0,0.106129473,-0.298562704,-0.011539679,0.165653325,-0.586879477,-0.068286367,0.252997167,-0.783410705,-0.135097644,0.334279079,-0.923037005,-0.190421074,-0.094061805,-0.747839339,-0.113707306,0.177249792,-0.893999083,-0.213655446,0.322013339,-0.826868448,-0.253846559,0.391093207,-0.737099271,-0.267768594,-0.101500332,-0.637230111,-0.15662374,0.233234416,-0.77130582,-0.247316268,0.301719757,-0.628059813,-0.238897913,0.276565185,-0.531832461,-0.224795137,-0.067017213,-0.507930222,-0.202772194,0.252653356,-0.644291468,-0.271841416,0.287633322,-0.509809609,-0.217244413,0.245472218,-0.420690316,-0.171075421,-0.005220959,-0.375931764,-0.252750441,0.246278057,-0.505530012,-0.277445773,0.269140106,-0.41899253,-0.23123335,0.225276734,-0.349457931,-0.194478597,166.4902655,173.8222976,128.9027871,152.0239377,92.86512176,139.6884859,78.07993541,143.2924327,76.64868406,137.7283804,0,0,0,0,0,0,0,0,0,0,0,0,0,0,0,0,0,0,0,0,0,0,0,0,0,0,0,0,0,0,0,0,0,0,0,0,0,0,0,0,0,0,0,0,0,0,0,0,0,0,0,0,0,0,0,0,0,0,0,0,0,0,0,0,0,0,0,0,0,0,0,0,0,MALE
0,0,0,0.132175685,-0.294119916,-0.014866847,0.19440165,-0.577329282,-0.070969988,0.272780567,-0.772635112,-0.137713331,0.335933626,-0.92228329,-0.191159964,-0.087034157,-0.74788303,-0.105712158,0.20029124,-0.902427742,-0.208149421,0.343661986,-0.828403858,-0.250171079,0.408036074,-0.737063497,-0.264355721,-0.097267643,-0.639237542,-0.147023993,0.240890347,-0.781759789,-0.239743003,0.305005195,-0.634817298,-0.232260739,0.278646385,-0.539271708,-0.217528118,-0.062798841,-0.513923621,-0.192827099,0.259650471,-0.652442164,-0.261615314,0.290938261,-0.518177678,-0.204523787,0.245963776,-0.430139865,-0.156435777,-7.37E-05,-0.386998154,-0.243536457,0.251892772,-0.514001575,-0.26665073,0.27391818,-0.427944734,-0.218402971,0.23038338,-0.358074895,-0.18032006,168.6626264,178.7523507,126.6792422,152.0189172,90.04208916,140.7795503,76.52326558,143.3319236,76.8830964,138.7221736,0,0,0,0,0,0,0,0,0,0,0,0,0,0,0,0,0,0,0,0,0,0,0,0,0,0,0,0,0,0,0,0,0,0,0,0,0,0,0,0,0,0,0,0,0,0,0,0,0,0,0,0,0,0,0,0,0,0,0,0,0,0,0,0,0,0,0,0,0,0,0,0,0,MALE
0,0,0,0.098982577,-0.286083634,-0.029023113,0.161462502,-0.579357454,-0.102595462,0.254586429,-0.782580356,-0.182742924,0.335644783,-0.908649079,-0.248393702,-0.115507302,-0.734063157,-0.156741997,0.195208174,-0.897071609,-0.269774137,0.329501587,-0.801091367,-0.31017776,0.377175028,-0.706120768,-0.322298511,-0.124299457,-0.617850298,-0.197194528,0.232186552,-0.767696682,-0.300392572,0.286795596,-0.60972972,-0.283824312,0.241358463,-0.511741263,-0.263967625,-0.084122895,-0.485409961,-0.241702856,0.247160117,-0.624967095,-0.321495219,0.274838153,-0.478449714,-0.256913931,0.222563232,-0.389399755,-0.204019993,-0.012099553,-0.354355985,-0.291251222,0.246327975,-0.489352567,-0.321340842,0.266124707,-0.389145499,-0.269359098,0.219546568,-0.318329495,-0.230181514,166.5606749,171.4802409,119.2892044,151.7208201,84.95361804,136.2574726,74.06155621,142.796177,72.72608811,140.0993751,0,0,0,0,0,0,0,0,0,0,0,0,0,0,0,0,0,0,0,0,0,0,0,0,0,0,0,0,0,0,0,0,0,0,0,0,0,0,0,0,0,0,0,0,0,0,0,0,0,0,0,0,0,0,0,0,0,0,0,0,0,0,0,0,0,0,0,0,0,0,0,0,0,MALE
0,0,0,0.097492708,-0.300810437,-0.020969774,0.159889765,-0.593190444,-0.082268427,0.251760551,-0.784871659,-0.15263815,0.3309525,-0.919998811,-0.209934824,-0.10669846,-0.743751395,-0.118811883,0.179000708,-0.888392424,-0.226983004,0.312661345,-0.810757486,-0.271217526,0.372957579,-0.723685077,-0.286221494,-0.116726713,-0.627546783,-0.159165645,0.220641089,-0.77303098,-0.258427395,0.277116241,-0.62165045,-0.249345906,0.242786623,-0.523284305,-0.231701009,-0.080753449,-0.498364185,-0.204893025,0.234420491,-0.636246926,-0.279851649,0.263354688,-0.495649514,-0.222041368,0.217799806,-0.406032152,-0.170943735,-0.016249098,-0.368864278,-0.255680706,0.228560586,-0.492623377,-0.282623025,0.24762696,-0.401939894,-0.23576738,0.201647571,-0.334929628,-0.197686614,165.2745623,175.1381287,125.7390789,154.1861263,86.39550144,140.0633192,74.45724226,144.657491,74.14953313,138.5383848,0,0,0,0,0,0,0,0,0,0,0,0,0,0,0,0,0,0,0,0,0,0,0,0,0,0,0,0,0,0,0,0,0,0,0,0,0,0,0,0,0,0,0,0,0,0,0,0,0,0,0,0,0,0,0,0,0,0,0,0,0,0,0,0,0,0,0,0,0,0,0,0,0,MALE
0,0,0,0.067071825,-0.278869567,-0.009205204,0.162798891,-0.579850189,-0.06847238,0.297125682,-0.762073661,-0.13489214,0.38451418,-0.903180437,-0.190824378,-0.067988417,-0.715439013,-0.14540466,0.229324952,-0.868676106,-0.244204519,0.372592392,-0.792114098,-0.278296506,0.451417166,-0.696411865,-0.288265216,-0.073360145,-0.592385367,-0.188989407,0.270609267,-0.741750115,-0.271538084,0.341644232,-0.581036171,-0.249154452,0.324605361,-0.461587253,-0.228838749,-0.032750857,-0.455933608,-0.233698248,0.294625897,-0.597442806,-0.29298323,0.335640269,-0.450903218,-0.22738044,0.295365002,-0.348198394,-0.177772689,0.038676885,-0.323786326,-0.282004695,0.295824295,-0.45012631,-0.298116913,0.32370174,-0.360926025,-0.246836921,0.280662176,-0.292633297,-0.210772122,160.895856,175.0135807,126.2503627,156.6807182,88.80468539,148.3032498,79.22714281,146.176962,80.73129449,135.6606484,0,0,0,0,0,0,0,0,0,0,0,0,0,0,0,0,0,0,0,0,0,0,0,0,0,0,0,0,0,0,0,0,0,0,0,0,0,0,0,0,0,0,0,0,0,0,0,0,0,0,0,0,0,0,0,0,0,0,0,0,0,0,0,0,0,0,0,0,0,0,0,0,0,MALE
0,0,0,0.127960153,-0.289779922,-0.023459665,0.168943178,-0.573047334,-0.085795211,0.226194097,-0.780145352,-0.158371422,0.276915049,-0.935645058,-0.218829569,-0.121631938,-0.725372113,-0.11256582,0.148060811,-0.890082161,-0.221094743,0.296456864,-0.837871067,-0.267535915,0.375887113,-0.753685746,-0.284024874,-0.138120818,-0.620806296,-0.151645138,0.197033943,-0.774824955,-0.25426145,0.269667138,-0.621444793,-0.248036384,0.248968438,-0.512013096,-0.230113968,-0.106026376,-0.497579576,-0.196501539,0.213855662,-0.643126956,-0.283200592,0.259358766,-0.500670876,-0.231813388,0.223231689,-0.398140766,-0.180700209,-0.040462233,-0.373436297,-0.245897814,0.214179928,-0.501443387,-0.286465053,0.261103554,-0.417716555,-0.246275028,0.23834228,-0.345039455,-0.208598134,170.5551363,177.0117481,131.7034196,152.1003028,90.0715192,143.4630274,79.29384735,145.1464606,89.2362721,137.6176588,0,0,0,0,0,0,0,0,0,0,0,0,0,0,0,0,0,0,0,0,0,0,0,0,0,0,0,0,0,0,0,0,0,0,0,0,0,0,0,0,0,0,0,0,0,0,0,0,0,0,0,0,0,0,0,0,0,0,0,0,0,0,0,0,0,0,0,0,0,0,0,0,0,MALE
0,0,0,0.128788403,-0.307376672,-0.017185301,0.173078421,-0.589114306,-0.074034716,0.237074854,-0.786128343,-0.141399617,0.29889839,-0.934217058,-0.194674707,-0.099361888,-0.744883384,-0.103022802,0.179489423,-0.898120573,-0.207776361,0.315133555,-0.826818301,-0.251721741,0.371196457,-0.734592232,-0.266084835,-0.108026345,-0.638472655,-0.142096865,0.218490661,-0.781491589,-0.236089519,0.283826659,-0.639103038,-0.230370303,0.257922337,-0.540115881,-0.21596636,-0.073749357,-0.515341859,-0.18657804,0.234888289,-0.653248558,-0.257621954,0.269887505,-0.523895315,-0.204262463,0.226718468,-0.432418913,-0.15658033,-0.01366538,-0.391972702,-0.236059957,0.226413734,-0.519155843,-0.26045037,0.259358302,-0.443540084,-0.215544168,0.225470955,-0.377788249,-0.178581295,168.9377405,175.5285927,126.1480376,148.5699914,90.42777543,140.4141062,77.44912311,142.9048809,83.7185204,135.2471031,0,0,0,0,0,0,0,0,0,0,0,0,0,0,0,0,0,0,0,0,0,0,0,0,0,0,0,0,0,0,0,0,0,0,0,0,0,0,0,0,0,0,0,0,0,0,0,0,0,0,0,0,0,0,0,0,0,0,0,0,0,0,0,0,0,0,0,0,0,0,0,0,0,MALE
0,0,0,0.11889117,-0.293305964,-0.01259142,0.164383664,-0.588416787,-0.062261578,0.231816655,-0.792362445,-0.123160423,0.301632287,-0.937695982,-0.172465097,-0.100554267,-0.738615449,-0.091068449,0.170570104,-0.897094663,-0.191714561,0.31402447,-0.84202272,-0.236138048,0.388550378,-0.756487385,-0.252240181,-0.111305368,-0.634757741,-0.1305174,0.213824222,-0.777172161,-0.224196197,0.280510879,-0.627349623,-0.219502372,0.256635791,-0.519565441,-0.204374529,-0.077697434,-0.51102459,-0.175372499,0.229915379,-0.647633573,-0.248566791,0.269009189,-0.513311644,-0.198958475,0.229893376,-0.418755131,-0.152224037,-0.015578656,-0.386695494,-0.224412775,0.224438428,-0.508454406,-0.252576322,0.258777023,-0.428502819,-0.212433535,0.227157547,-0.361794678,-0.177745916,168.7154148,172.8243323,131.0421741,151.5579415,89.90982147,143.1392918,78.77263514,143.8880117,84.19358233,136.1811858,0,0,0,0,0,0,0,0,0,0,0,0,0,0,0,0,0,0,0,0,0,0,0,0,0,0,0,0,0,0,0,0,0,0,0,0,0,0,0,0,0,0,0,0,0,0,0,0,0,0,0,0,0,0,0,0,0,0,0,0,0,0,0,0,0,0,0,0,0,0,0,0,0,MALE
0,0,0,0.104777142,-0.285281013,-0.028006461,0.158122735,-0.579722955,-0.088382448,0.235516705,-0.779666633,-0.156446944,0.309430983,-0.926792151,-0.21285858,-0.104118552,-0.714014554,-0.119539509,0.167444383,-0.869066054,-0.230140703,0.313757047,-0.817200129,-0.280823362,0.398156305,-0.735615311,-0.300728825,-0.117939056,-0.608030152,-0.154821677,0.215924403,-0.7620399,-0.255180868,0.285542388,-0.618072533,-0.250302024,0.266180129,-0.509515601,-0.234571327,-0.08186722,-0.480657758,-0.195868929,0.233240733,-0.618640042,-0.27627337,0.279089204,-0.48493469,-0.223841939,0.244011654,-0.388222805,-0.173726451,-0.015226163,-0.355322444,-0.242074956,0.231956863,-0.478438516,-0.275312835,0.271210375,-0.396938012,-0.232152593,0.242870181,-0.328683425,-0.194489723,167.7646764,174.5835847,133.5161187,154.7729428,90.54581451,143.6694433,81.12435952,143.9569609,86.36864376,136.9500042,0,0,0,0,0,0,0,0,0,0,0,0,0,0,0,0,0,0,0,0,0,0,0,0,0,0,0,0,0,0,0,0,0,0,0,0,0,0,0,0,0,0,0,0,0,0,0,0,0,0,0,0,0,0,0,0,0,0,0,0,0,0,0,0,0,0,0,0,0,0,0,0,0,MALE
0,0,0,0.111549385,-0.300403424,-0.011214592,0.148428166,-0.586265529,-0.060632397,0.212600909,-0.784526152,-0.122035301,0.274957929,-0.945837736,-0.172595233,-0.118651757,-0.728777832,-0.086006565,0.14089751,-0.888717003,-0.190483221,0.286885197,-0.844738441,-0.24087291,0.368938687,-0.764721913,-0.259557452,-0.131063058,-0.622891879,-0.126369583,0.187898614,-0.775343917,-0.222380152,0.270255622,-0.639741761,-0.222437716,0.2665619,-0.5323549,-0.209122608,-0.100116927,-0.499820712,-0.172242532,0.207943367,-0.640124553,-0.248062793,0.258454674,-0.509955677,-0.200151704,0.232502451,-0.408879594,-0.151941747,-0.041453007,-0.375616713,-0.222289791,0.199016776,-0.502510617,-0.252255005,0.247704692,-0.43044795,-0.211513191,0.232028159,-0.362571122,-0.173836586,167.7089551,176.8906586,134.2643608,151.8317755,95.53051355,146.090906,82.89348808,146.5301901,92.92979664,138.1146436,0,0,0,0,0,0,0,0,0,0,0,0,0,0,0,0,0,0,0,0,0,0,0,0,0,0,0,0,0,0,0,0,0,0,0,0,0,0,0,0,0,0,0,0,0,0,0,0,0,0,0,0,0,0,0,0,0,0,0,0,0,0,0,0,0,0,0,0,0,0,0,0,0,MALE
0,0,0,0.139885339,-0.212376108,-0.046505814,0.338231783,-0.388944493,-0.124369477,0.483794683,-0.539074678,-0.194696062,0.558675265,-0.735664988,-0.266109886,0.276736615,-0.439052558,-0.259679194,0.558347989,-0.460411152,-0.389135628,0.731362897,-0.337548463,-0.463383165,0.835839239,-0.212516063,-0.5061716,0.208439961,-0.258094442,-0.292749038,0.469536622,-0.204974257,-0.411261802,0.577674686,-0.076282946,-0.433190218,0.615835693,0.001765098,-0.448154714,0.14775509,-0.036726665,-0.319302875,0.375400257,0.031140757,-0.414584138,0.462443048,0.127674159,-0.380591153,0.492438204,0.173748136,-0.354949401,0.109506844,0.193961396,-0.347106377,0.284731738,0.251446692,-0.415862235,0.364191913,0.303274363,-0.387423481,0.403115317,0.317099981,-0.361118312,175.3733644,157.9701133,142.9019256,165.1806186,139.639802,165.9606048,132.2631146,166.6287352,140.0659078,159.976795,0,0,0,0,0,0,0,0,0,0,0,0,0,0,0,0,0,0,0,0,0,0,0,0,0,0,0,0,0,0,0,0,0,0,0,0,0,0,0,0,0,0,0,0,0,0,0,0,0,0,0,0,0,0,0,0,0,0,0,0,0,0,0,0,0,0,0,0,0,0,0,0,0,MALE
0,0,0,0.091616294,-0.275759549,-0.033090998,0.1571003,-0.559644364,-0.101725009,0.250542906,-0.750245801,-0.177363583,0.339779268,-0.907184837,-0.248124406,-0.149593273,-0.660623648,-0.148451199,0.133229457,-0.831421742,-0.258874247,0.280962128,-0.784504148,-0.315424228,0.353851536,-0.736941947,-0.345065247,-0.183782021,-0.507523965,-0.188246849,0.154496747,-0.693958767,-0.30085798,0.237367159,-0.564658178,-0.311267184,0.222966024,-0.466400595,-0.311143831,-0.16819522,-0.345268729,-0.23100887,0.156525178,-0.512221134,-0.324930772,0.206932773,-0.386084961,-0.283678871,0.171746219,-0.301262733,-0.247071261,-0.115803443,-0.194364288,-0.27741664,0.142738774,-0.341510859,-0.32397416,0.179183309,-0.25451195,-0.285848989,0.136157464,-0.180990495,-0.256183357,165.8982321,176.2279426,134.1165474,165.315349,94.72287479,138.8433073,80.79186551,138.0340503,80.31431708,130.4894801,0,0,0,0,0,0,0,0,0,0,0,0,0,0,0,0,0,0,0,0,0,0,0,0,0,0,0,0,0,0,0,0,0,0,0,0,0,0,0,0,0,0,0,0,0,0,0,0,0,0,0,0,0,0,0,0,0,0,0,0,0,0,0,0,0,0,0,0,0,0,0,0,0,MALE
0,0,0,0.103555929,-0.288623592,-0.017884321,0.175760733,-0.581892802,-0.081441392,0.267862429,-0.769759949,-0.153814712,0.329453287,-0.918509253,-0.218635047,-0.120071116,-0.704455603,-0.138838522,0.173138965,-0.85592128,-0.251751641,0.329032425,-0.794473878,-0.30445469,0.396616145,-0.704971513,-0.322754396,-0.150683523,-0.551753423,-0.183613273,0.18441305,-0.76527768,-0.286864415,0.311798081,-0.668838386,-0.288713201,0.337901031,-0.572937548,-0.278568498,-0.129372078,-0.394314114,-0.230495581,0.207239067,-0.570398229,-0.313249606,0.283570374,-0.457231217,-0.264169861,0.259259956,-0.364963188,-0.217879736,-0.070122929,-0.244002492,-0.279830034,0.19007192,-0.406666768,-0.311827705,0.233845659,-0.340085468,-0.26225957,0.196952926,-0.274756586,-0.221477772,166.147855,175.5402075,133.7274567,148.3868618,109.859333,141.8538313,91.73286095,134.8908766,87.96772374,126.4043366,0,0,0,0,0,0,0,0,0,0,0,0,0,0,0,0,0,0,0,0,0,0,0,0,0,0,0,0,0,0,0,0,0,0,0,0,0,0,0,0,0,0,0,0,0,0,0,0,0,0,0,0,0,0,0,0,0,0,0,0,0,0,0,0,0,0,0,0,0,0,0,0,0,MALE
0,0,0,0.091801683,-0.282218628,0.006568924,0.193853666,-0.58692478,-0.042059695,0.322497046,-0.774219819,-0.102232877,0.417021449,-0.895714308,-0.154236796,-0.054746349,-0.70389539,-0.117074319,0.24680287,-0.848495972,-0.204222857,0.384198387,-0.771034365,-0.232970094,0.44666795,-0.679316185,-0.238195447,-0.076028728,-0.577396396,-0.166873598,0.251004017,-0.756182648,-0.244076782,0.357289572,-0.617568863,-0.228420758,0.370108385,-0.491305627,-0.210814288,-0.046650194,-0.436285997,-0.215982843,0.269158742,-0.578935876,-0.267942449,0.328554224,-0.44149221,-0.210815413,0.301491635,-0.336846555,-0.166876106,0.022469414,-0.294388074,-0.266670962,0.267929522,-0.434423785,-0.270457471,0.290620271,-0.353153817,-0.21508625,0.242233553,-0.278475551,-0.177618799,163.176617,174.9460943,126.2135891,152.7675414,97.54752098,148.4029916,86.10256491,144.8292131,77.81497802,136.3043812,0,0,0,0,0,0,0,0,0,0,0,0,0,0,0,0,0,0,0,0,0,0,0,0,0,0,0,0,0,0,0,0,0,0,0,0,0,0,0,0,0,0,0,0,0,0,0,0,0,0,0,0,0,0,0,0,0,0,0,0,0,0,0,0,0,0,0,0,0,0,0,0,0,MALE
0,0,0,0.112047406,-0.294689727,-0.008226606,0.160450594,-0.583629206,-0.065348965,0.239072211,-0.782316317,-0.134075396,0.312778271,-0.930192384,-0.192124652,-0.121978471,-0.707666482,-0.120932599,0.167608147,-0.875091023,-0.224715634,0.317073883,-0.800905343,-0.266825331,0.383200477,-0.714616764,-0.281546729,-0.132333213,-0.578870789,-0.167228862,0.194726952,-0.760055776,-0.258759007,0.279892094,-0.626440222,-0.245732183,0.26697381,-0.52736559,-0.229429939,-0.095386615,-0.438701643,-0.217019468,0.207822408,-0.612803495,-0.285504993,0.265894588,-0.500280413,-0.227889443,0.236399066,-0.413187659,-0.180743453,-0.023110903,-0.30655868,-0.270241181,0.199872096,-0.48375289,-0.29550713,0.24513103,-0.435727399,-0.249485667,0.221435366,-0.382633362,-0.213875914,166.4727287,175.0837545,125.7703668,153.5544261,92.29678686,140.1117982,83.1308134,138.7183558,91.0444736,124.6143819,0,0,0,0,0,0,0,0,0,0,0,0,0,0,0,0,0,0,0,0,0,0,0,0,0,0,0,0,0,0,0,0,0,0,0,0,0,0,0,0,0,0,0,0,0,0,0,0,0,0,0,0,0,0,0,0,0,0,0,0,0,0,0,0,0,0,0,0,0,0,0,0,0,MALE
0,0,0,0.12182164,-0.298458353,-0.016263965,0.178368366,-0.586178433,-0.070407854,0.260872213,-0.778235428,-0.134163566,0.336384518,-0.923645872,-0.183640299,-0.100732878,-0.743703483,-0.09997071,0.181978588,-0.894168529,-0.199657045,0.315496566,-0.814588611,-0.242353608,0.361692594,-0.728569017,-0.257415788,-0.104932734,-0.630458539,-0.139526343,0.217857109,-0.794315889,-0.231807224,0.284985309,-0.653258146,-0.228491195,0.255957033,-0.554846765,-0.216020943,-0.06410834,-0.506171297,-0.184005049,0.244538085,-0.668567411,-0.250133019,0.2872784,-0.543576187,-0.197580397,0.245649723,-0.45629159,-0.15238828,0.005552883,-0.381673048,-0.233281232,0.244306789,-0.528146852,-0.254916215,0.26898923,-0.450049812,-0.210507142,0.224482405,-0.383038561,-0.175429588,166.5439693,175.9524994,123.7382108,149.0381448,88.28101627,137.8520308,77.89683319,139.3005059,75.60633742,134.1196022,0,0,0,0,0,0,0,0,0,0,0,0,0,0,0,0,0,0,0,0,0,0,0,0,0,0,0,0,0,0,0,0,0,0,0,0,0,0,0,0,0,0,0,0,0,0,0,0,0,0,0,0,0,0,0,0,0,0,0,0,0,0,0,0,0,0,0,0,0,0,0,0,0,MALE
0,0,0,0.129851379,-0.28118765,-0.016759352,0.18926417,-0.568853835,-0.075201986,0.268781021,-0.762233381,-0.143292004,0.332356715,-0.922091096,-0.198209548,-0.099255052,-0.724320368,-0.123123191,0.18841698,-0.892434141,-0.226770913,0.335260317,-0.826194287,-0.266778483,0.403286734,-0.731020056,-0.278076977,-0.115958341,-0.605244926,-0.163360088,0.21582582,-0.779163565,-0.254212501,0.298796181,-0.645697595,-0.242947632,0.292189846,-0.548171052,-0.225586996,-0.080076435,-0.476935458,-0.207542417,0.239000306,-0.6466207,-0.272980628,0.294741834,-0.529489286,-0.214585598,0.268448546,-0.436452806,-0.165778401,-0.007291807,-0.352569121,-0.256573186,0.237214169,-0.51477532,-0.27844826,0.27917515,-0.456152943,-0.231484815,0.253111309,-0.393747557,-0.194105973,167.6356968,179.1354567,127.4917566,149.1301068,93.10769579,144.0521767,83.50410316,142.8580245,89.37416168,130.52173,0,0,0,0,0,0,0,0,0,0,0,0,0,0,0,0,0,0,0,0,0,0,0,0,0,0,0,0,0,0,0,0,0,0,0,0,0,0,0,0,0,0,0,0,0,0,0,0,0,0,0,0,0,0,0,0,0,0,0,0,0,0,0,0,0,0,0,0,0,0,0,0,0,MALE
0,0,0,0.093274501,-0.257178119,-0.025919007,0.167157694,-0.565916507,-0.088277706,0.275178652,-0.764620786,-0.155409529,0.366688334,-0.906184888,-0.210638585,-0.078544424,-0.716947924,-0.14858249,0.215459526,-0.844989905,-0.248996123,0.363526572,-0.78053223,-0.283109001,0.433067273,-0.690081077,-0.291545943,-0.093788611,-0.592447067,-0.183432139,0.244748347,-0.756991886,-0.273942372,0.320979491,-0.614459972,-0.256566582,0.302157276,-0.504604536,-0.234730967,-0.055376846,-0.452999385,-0.22086821,0.264526886,-0.611364467,-0.285908366,0.313639339,-0.48583135,-0.225051239,0.275712224,-0.394929686,-0.175284929,0.019312182,-0.318813616,-0.262903402,0.268601368,-0.474843615,-0.285235392,0.29423665,-0.403736762,-0.238953253,0.249026388,-0.342231654,-0.203848463,164.3969373,175.5215033,134.2527718,150.3715889,90.71144505,142.2634043,81.28962176,140.402805,77.32122706,130.5259536,0,0,0,0,0,0,0,0,0,0,0,0,0,0,0,0,0,0,0,0,0,0,0,0,0,0,0,0,0,0,0,0,0,0,0,0,0,0,0,0,0,0,0,0,0,0,0,0,0,0,0,0,0,0,0,0,0,0,0,0,0,0,0,0,0,0,0,0,0,0,0,0,0,MALE
0,0,0,0.124311412,-0.27257171,-0.021552893,0.203946047,-0.572631998,-0.082267979,0.297004418,-0.757610638,-0.14985206,0.363144892,-0.909125016,-0.204003657,-0.077820813,-0.724626825,-0.132081232,0.222071089,-0.87450219,-0.234679526,0.369383332,-0.796254697,-0.271296451,0.432965474,-0.697830947,-0.280200383,-0.092169637,-0.607276594,-0.17028434,0.261188958,-0.761426586,-0.265951561,0.3196294,-0.609689072,-0.250095782,0.279372995,-0.505587878,-0.22735081,-0.055068916,-0.480184149,-0.212655051,0.281714723,-0.63257779,-0.277352899,0.317075857,-0.505772264,-0.21461391,0.269147828,-0.421339885,-0.163388875,0.019727919,-0.354302949,-0.2601887,0.276779723,-0.505857818,-0.277478181,0.29579524,-0.42341102,-0.227314346,0.245487061,-0.356618771,-0.190211162,166.5662242,176.9894487,127.2068917,150.0760545,86.23904031,137.8794458,77.89753337,139.7885709,73.24844102,135.4344493,0,0,0,0,0,0,0,0,0,0,0,0,0,0,0,0,0,0,0,0,0,0,0,0,0,0,0,0,0,0,0,0,0,0,0,0,0,0,0,0,0,0,0,0,0,0,0,0,0,0,0,0,0,0,0,0,0,0,0,0,0,0,0,0,0,0,0,0,0,0,0,0,0,MALE
0,0,0,0.123921028,-0.281000077,-0.023617176,0.198639056,-0.569529056,-0.081494552,0.291631017,-0.757354327,-0.14717406,0.363436514,-0.909932708,-0.199840854,-0.068770387,-0.718436558,-0.115324964,0.214532879,-0.868628922,-0.217675184,0.359969214,-0.799303337,-0.260884145,0.43344632,-0.712129779,-0.27538667,-0.083622678,-0.61276035,-0.150333641,0.242967531,-0.76343314,-0.241805375,0.32293351,-0.622596846,-0.23507465,0.314245762,-0.510507072,-0.220152423,-0.050512462,-0.492621499,-0.19070703,0.27393162,-0.63021427,-0.256504497,0.32035906,-0.501605431,-0.204733695,0.288258793,-0.399897468,-0.15938238,0.017601529,-0.371555098,-0.236788023,0.270492789,-0.498480081,-0.259520672,0.298560783,-0.418726276,-0.219185044,0.262931443,-0.342380362,-0.18651658,166.8688159,178.8068892,128.8397885,154.8632928,94.07999398,145.7256471,83.38429612,145.338708,81.47648371,139.1806745,0,0,0,0,0,0,0,0,0,0,0,0,0,0,0,0,0,0,0,0,0,0,0,0,0,0,0,0,0,0,0,0,0,0,0,0,0,0,0,0,0,0,0,0,0,0,0,0,0,0,0,0,0,0,0,0,0,0,0,0,0,0,0,0,0,0,0,0,0,0,0,0,0,MALE
0,0,0,0.118731933,-0.239033475,-0.032142822,0.202480033,-0.544203097,-0.093620574,0.294002611,-0.743637512,-0.158026621,0.374229656,-0.903393391,-0.209362234,-0.060099647,-0.704653466,-0.156181266,0.228252242,-0.860407271,-0.251176485,0.37167075,-0.793528684,-0.273733804,0.43776508,-0.702878488,-0.274054228,-0.07680769,-0.595571045,-0.186624997,0.264484054,-0.765005118,-0.277735331,0.337763683,-0.604953884,-0.25424304,0.316844584,-0.486176848,-0.226084425,-0.03977104,-0.468191706,-0.220096968,0.286461309,-0.62731418,-0.286603624,0.332433167,-0.485282462,-0.224442908,0.294335843,-0.384640983,-0.172555242,0.035486309,-0.341070939,-0.258572599,0.287041072,-0.495319286,-0.284367414,0.311122049,-0.41355624,-0.24188511,0.266075667,-0.343289935,-0.208924455,169.4829493,177.9777926,127.3372964,150.1150556,86.49903228,145.5552251,78.65703361,144.7016444,74.26602021,135.1619863,0,0,0,0,0,0,0,0,0,0,0,0,0,0,0,0,0,0,0,0,0,0,0,0,0,0,0,0,0,0,0,0,0,0,0,0,0,0,0,0,0,0,0,0,0,0,0,0,0,0,0,0,0,0,0,0,0,0,0,0,0,0,0,0,0,0,0,0,0,0,0,0,0,MALE
0,0,0,0.091596652,-0.28193847,-0.022096788,0.156897519,-0.577195151,-0.079155411,0.259923174,-0.770117671,-0.141191406,0.350573891,-0.916707602,-0.191690166,-0.090156946,-0.706704416,-0.128138876,0.189454306,-0.853859204,-0.221481301,0.338081789,-0.803688818,-0.255039093,0.417685113,-0.731199744,-0.264966669,-0.09844603,-0.595764794,-0.16046349,0.227706493,-0.752762238,-0.247004264,0.30497749,-0.618111364,-0.233470958,0.294765358,-0.511384125,-0.215141843,-0.059426262,-0.474335293,-0.195801985,0.25292311,-0.624512091,-0.25403165,0.295813984,-0.506422571,-0.19723081,0.262246987,-0.412076229,-0.150836939,0.010440396,-0.354680177,-0.236134398,0.250165332,-0.497812217,-0.253221981,0.277385662,-0.433997134,-0.21129645,0.241903278,-0.372071791,-0.178891319,163.9391633,176.4451216,134.8991202,155.6421562,92.85719417,144.6726741,80.92289346,144.161372,81.56846259,133.1335409,0,0,0,0,0,0,0,0,0,0,0,0,0,0,0,0,0,0,0,0,0,0,0,0,0,0,0,0,0,0,0,0,0,0,0,0,0,0,0,0,0,0,0,0,0,0,0,0,0,0,0,0,0,0,0,0,0,0,0,0,0,0,0,0,0,0,0,0,0,0,0,0,0,MALE
0,0,0,0.086607334,-0.275191652,-0.004196383,0.167152815,-0.571838572,-0.060438157,0.275387366,-0.763023499,-0.127561692,0.357621445,-0.915582477,-0.183890266,-0.085640865,-0.722835139,-0.125902854,0.204055073,-0.880692145,-0.228653413,0.355731633,-0.809719596,-0.26702662,0.4289676,-0.711436203,-0.276618474,-0.093505508,-0.606908665,-0.172677804,0.247844504,-0.773807899,-0.258774207,0.328038163,-0.618759756,-0.238977063,0.310650534,-0.502176723,-0.216315361,-0.052839249,-0.47315847,-0.221721918,0.270587479,-0.628497048,-0.281545235,0.318488553,-0.484366202,-0.21490001,0.279821569,-0.379498943,-0.161838933,0.021426223,-0.339424117,-0.274492904,0.27002718,-0.496483966,-0.289647892,0.295438641,-0.412168323,-0.235116058,0.250540274,-0.336197422,-0.194398299,164.5914957,178.4012499,128.1591759,150.8727297,89.82607486,144.3235141,79.6075933,144.9414007,75.27655821,138.0302476,0,0,0,0,0,0,0,0,0,0,0,0,0,0,0,0,0,0,0,0,0,0,0,0,0,0,0,0,0,0,0,0,0,0,0,0,0,0,0,0,0,0,0,0,0,0,0,0,0,0,0,0,0,0,0,0,0,0,0,0,0,0,0,0,0,0,0,0,0,0,0,0,0,MALE
0,0,0,0.138699201,-0.274580744,-0.02147752,0.198750277,-0.568208407,-0.076959002,0.270756015,-0.766920741,-0.142450647,0.342101413,-0.919271992,-0.194693678,-0.082975132,-0.741762011,-0.101616686,0.204263274,-0.885245425,-0.202298118,0.341610246,-0.815084235,-0.24178268,0.404240315,-0.727961751,-0.254562007,-0.098297108,-0.635911037,-0.138178944,0.236835521,-0.784783871,-0.232072124,0.298708296,-0.634341944,-0.222757929,0.273017311,-0.533377065,-0.204819462,-0.065050266,-0.516149957,-0.180828053,0.258982893,-0.651053149,-0.252649355,0.292873199,-0.512311183,-0.196119357,0.250279407,-0.422696807,-0.146770592,0.001947373,-0.39255157,-0.228634244,0.25334527,-0.518753791,-0.253792921,0.271324116,-0.427414776,-0.20794731,0.221993288,-0.358484754,-0.171571087,169.4529706,175.0337578,128.5130741,152.2072112,87.6438771,143.0544464,77.623597,144.0454255,73.83216014,137.672133,0,0,0,0,0,0,0,0,0,0,0,0,0,0,0,0,0,0,0,0,0,0,0,0,0,0,0,0,0,0,0,0,0,0,0,0,0,0,0,0,0,0,0,0,0,0,0,0,0,0,0,0,0,0,0,0,0,0,0,0,0,0,0,0,0,0,0,0,0,0,0,0,0,MALE
0,0,0,0.102759616,-0.279462821,-0.006471634,0.158585168,-0.576633922,-0.059565962,0.246941848,-0.776681274,-0.125035781,0.330880398,-0.926682933,-0.178260775,-0.090821248,-0.736927412,-0.102774378,0.19494566,-0.898076174,-0.2018481,0.317442765,-0.822142523,-0.242297241,0.362900628,-0.739009096,-0.256819834,-0.09761899,-0.621711758,-0.148961898,0.237632141,-0.779481962,-0.239209178,0.291666742,-0.631712856,-0.229215698,0.254116231,-0.538119802,-0.213132053,-0.059099687,-0.492179077,-0.199004285,0.255994783,-0.655170208,-0.26506545,0.28551532,-0.521770181,-0.206663819,0.238137644,-0.432574098,-0.158269079,0.009572616,-0.362514571,-0.252875335,0.251487783,-0.519065769,-0.275188295,0.27545487,-0.440100789,-0.228194878,0.237539673,-0.37076344,-0.19179405,165.5201764,174.7835432,121.4623613,150.3307449,84.17667151,137.9827837,72.30307696,143.2056899,73.89773812,139.4326028,0,0,0,0,0,0,0,0,0,0,0,0,0,0,0,0,0,0,0,0,0,0,0,0,0,0,0,0,0,0,0,0,0,0,0,0,0,0,0,0,0,0,0,0,0,0,0,0,0,0,0,0,0,0,0,0,0,0,0,0,0,0,0,0,0,0,0,0,0,0,0,0,0,MALE
0,0,0,0.099822457,-0.272255397,-0.025003609,0.171904376,-0.569831451,-0.087328523,0.271433708,-0.768426928,-0.155085628,0.350095867,-0.912856544,-0.210061452,-0.098491859,-0.710905733,-0.145142709,0.202284422,-0.870905558,-0.24362661,0.339626494,-0.785550996,-0.277248332,0.39968454,-0.697378208,-0.287617504,-0.104330207,-0.591342345,-0.180549697,0.234464663,-0.745564072,-0.268393547,0.298606904,-0.600707588,-0.250546683,0.272668484,-0.500026374,-0.232392299,-0.06294528,-0.462672443,-0.219446203,0.256280753,-0.617082821,-0.282153387,0.289436722,-0.490638486,-0.222774526,0.24995358,-0.401930938,-0.177419693,0.014257986,-0.33775633,-0.263257352,0.257504206,-0.482437196,-0.283908101,0.27368737,-0.403346353,-0.23954725,0.230070146,-0.336828672,-0.207954033,166.2668739,177.5462102,121.9125564,155.6014712,87.95427802,141.9159997,75.82271497,144.9738136,71.20433482,139.0672584,0,0,0,0,0,0,0,0,0,0,0,0,0,0,0,0,0,0,0,0,0,0,0,0,0,0,0,0,0,0,0,0,0,0,0,0,0,0,0,0,0,0,0,0,0,0,0,0,0,0,0,0,0,0,0,0,0,0,0,0,0,0,0,0,0,0,0,0,0,0,0,0,0,MALE
0,0,0,0.106372523,-0.288387967,-0.024747496,0.182500962,-0.60009816,-0.094480253,0.291779807,-0.808317786,-0.171813531,0.365937915,-0.8999966,-0.236845019,-0.101166777,-0.755303302,-0.150201105,0.213909445,-0.904927434,-0.253814066,0.356115407,-0.808975527,-0.290790876,0.41355685,-0.712069494,-0.303647705,-0.110965031,-0.624616824,-0.192508393,0.241464044,-0.775928922,-0.286744716,0.30859382,-0.622510316,-0.269980963,0.276629395,-0.52043959,-0.252591871,-0.070805763,-0.478305875,-0.237859946,0.256927083,-0.63771936,-0.30910767,0.300283495,-0.502756229,-0.248074239,0.256670306,-0.407552179,-0.199748053,0.005860595,-0.338830006,-0.287941406,0.253356122,-0.503471155,-0.31253692,0.284386448,-0.424527512,-0.263266539,0.246069345,-0.353802076,-0.227698986,165.2745221,165.149625,122.4685208,154.380672,89.0213132,139.1945383,78.26784738,141.3786446,77.10607244,135.4308587,0,0,0,0,0,0,0,0,0,0,0,0,0,0,0,0,0,0,0,0,0,0,0,0,0,0,0,0,0,0,0,0,0,0,0,0,0,0,0,0,0,0,0,0,0,0,0,0,0,0,0,0,0,0,0,0,0,0,0,0,0,0,0,0,0,0,0,0,0,0,0,0,0,MALE
0,0,0,0.103573664,-0.27980972,-0.010881953,0.170578909,-0.575623173,-0.065969503,0.266588662,-0.772638447,-0.130820824,0.350912136,-0.918306362,-0.183232362,-0.073578242,-0.724675339,-0.115505323,0.205954841,-0.885805632,-0.211689123,0.344071391,-0.811507257,-0.24678621,0.404200135,-0.721159565,-0.256068698,-0.083366328,-0.613946655,-0.156838823,0.244824801,-0.771808119,-0.238082506,0.306381685,-0.629002757,-0.222530058,0.274774012,-0.538747486,-0.204082909,-0.045373535,-0.487568031,-0.201216973,0.264918596,-0.643898062,-0.259115282,0.296893445,-0.515780161,-0.199032656,0.251976057,-0.431378589,-0.151155879,0.022080749,-0.360267704,-0.249589038,0.261037737,-0.516301024,-0.265754457,0.283195539,-0.438392154,-0.215793939,0.241867632,-0.370989204,-0.177969156,165.7309128,175.9793945,123.6866827,151.2164869,86.45626957,137.5418129,74.58230228,142.1749006,73.62574048,138.2697238,0,0,0,0,0,0,0,0,0,0,0,0,0,0,0,0,0,0,0,0,0,0,0,0,0,0,0,0,0,0,0,0,0,0,0,0,0,0,0,0,0,0,0,0,0,0,0,0,0,0,0,0,0,0,0,0,0,0,0,0,0,0,0,0,0,0,0,0,0,0,0,0,0,MALE
0,0,0,0.072435152,-0.259807971,-0.024288009,0.164590376,-0.557104249,-0.090190251,0.299198798,-0.744439133,-0.162010164,0.39290656,-0.892081981,-0.223190892,-0.065238243,-0.713969112,-0.150106067,0.238231335,-0.848998077,-0.24810313,0.378747618,-0.774044007,-0.281172546,0.445490709,-0.685901385,-0.289550848,-0.07334994,-0.592403786,-0.186684844,0.262649883,-0.746540543,-0.268439789,0.332054421,-0.605712864,-0.247781112,0.313313194,-0.501874045,-0.2277633,-0.033198343,-0.453459009,-0.225873055,0.288770976,-0.602228,-0.283215753,0.326452321,-0.476625901,-0.220379722,0.284912501,-0.386631593,-0.173265115,0.041320661,-0.319111366,-0.269890525,0.294834805,-0.46618193,-0.284160618,0.313501787,-0.387242029,-0.233511885,0.26545917,-0.318084289,-0.198239594,161.3496554,176.2612337,129.4097147,154.3772448,89.92760177,143.8650239,78.79015176,142.7211271,74.28644607,136.6473801,0,0,0,0,0,0,0,0,0,0,0,0,0,0,0,0,0,0,0,0,0,0,0,0,0,0,0,0,0,0,0,0,0,0,0,0,0,0,0,0,0,0,0,0,0,0,0,0,0,0,0,0,0,0,0,0,0,0,0,0,0,0,0,0,0,0,0,0,0,0,0,0,0,MALE
0,0,0,0.091957079,-0.281983167,-0.011636136,0.159078494,-0.57013343,-0.068286601,0.263487544,-0.767922034,-0.135162972,0.345067579,-0.919030666,-0.190554456,-0.089939417,-0.706928175,-0.120626164,0.195802929,-0.880107757,-0.222361717,0.340058243,-0.800368663,-0.261501647,0.405528337,-0.706142841,-0.27302376,-0.095113413,-0.597787719,-0.163142818,0.232390497,-0.762717937,-0.247103069,0.312257543,-0.62373122,-0.23213846,0.301032972,-0.525605367,-0.215585654,-0.055105741,-0.475703723,-0.209332256,0.25490844,-0.632184469,-0.271412346,0.294685694,-0.499338419,-0.211394204,0.259955428,-0.401591598,-0.163646486,0.017361672,-0.355009375,-0.25995767,0.250111589,-0.505445524,-0.280156765,0.280078669,-0.424629322,-0.231268226,0.251039034,-0.347980803,-0.193719586,164.5735146,178.5853669,122.0414294,153.0105861,91.87081934,143.6694172,76.7895101,146.983013,77.0511395,143.2616504,0,0,0,0,0,0,0,0,0,0,0,0,0,0,0,0,0,0,0,0,0,0,0,0,0,0,0,0,0,0,0,0,0,0,0,0,0,0,0,0,0,0,0,0,0,0,0,0,0,0,0,0,0,0,0,0,0,0,0,0,0,0,0,0,0,0,0,0,0,0,0,0,0,MALE
0,0,0,0.12755275,-0.277059025,-0.012898261,0.178314854,-0.571492279,-0.066081653,0.256480401,-0.775118472,-0.12930874,0.316841588,-0.930880119,-0.181861517,-0.091560483,-0.734688791,-0.111387487,0.188279859,-0.888185042,-0.204828588,0.331955657,-0.831230922,-0.240049017,0.405828555,-0.74720915,-0.252094935,-0.105916428,-0.618126905,-0.152268226,0.223139642,-0.777522544,-0.239461247,0.28210125,-0.63204663,-0.226534075,0.253779747,-0.533598935,-0.208742563,-0.074738073,-0.485369429,-0.196492544,0.239499977,-0.657567266,-0.262061035,0.276828469,-0.537221174,-0.204161838,0.235555941,-0.448084207,-0.15615493,-0.012738202,-0.352779048,-0.244672677,0.226196067,-0.525650178,-0.270125844,0.262351903,-0.466575749,-0.225762703,0.23111265,-0.405743405,-0.190504842,167.4995384,178.6029024,131.2427036,152.5066738,85.23919316,141.8672399,75.33400338,142.1140833,83.62722808,129.5314769,0,0,0,0,0,0,0,0,0,0,0,0,0,0,0,0,0,0,0,0,0,0,0,0,0,0,0,0,0,0,0,0,0,0,0,0,0,0,0,0,0,0,0,0,0,0,0,0,0,0,0,0,0,0,0,0,0,0,0,0,0,0,0,0,0,0,0,0,0,0,0,0,0,MALE
0,0,0,0.113150185,-0.257588045,-0.028777789,0.200737406,-0.554466138,-0.094599607,0.304942881,-0.74648697,-0.164591147,0.38173823,-0.897195849,-0.222071008,-0.062459977,-0.706121705,-0.15608811,0.229935974,-0.841970651,-0.253684562,0.37927234,-0.773935916,-0.281276446,0.450815236,-0.678836086,-0.284567481,-0.077630579,-0.58359098,-0.189987943,0.263572644,-0.740873826,-0.277201752,0.337230526,-0.591690783,-0.254343579,0.31707671,-0.480672331,-0.229202715,-0.039568964,-0.447639819,-0.226685908,0.286298481,-0.602078904,-0.288291217,0.335238632,-0.470811162,-0.22379036,0.297828695,-0.374652425,-0.172490787,0.034731461,-0.317890735,-0.268692952,0.284883886,-0.472112776,-0.288157767,0.317913571,-0.399331988,-0.240496067,0.278657994,-0.331220483,-0.204967911,167.0080206,178.19991,131.4599331,150.5078531,89.71237435,143.7265985,81.54273833,142.5030471,81.84125475,131.8247485,0,0,0,0,0,0,0,0,0,0,0,0,0,0,0,0,0,0,0,0,0,0,0,0,0,0,0,0,0,0,0,0,0,0,0,0,0,0,0,0,0,0,0,0,0,0,0,0,0,0,0,0,0,0,0,0,0,0,0,0,0,0,0,0,0,0,0,0,0,0,0,0,0,MALE
0,0,0,0.10584661,-0.291802474,-0.010714821,0.162236204,-0.573037612,-0.068963458,0.255089828,-0.775999557,-0.140414175,0.33593527,-0.920125559,-0.201286986,-0.097883475,-0.711082825,-0.104549305,0.183246038,-0.883814073,-0.209936826,0.326707401,-0.814364935,-0.256536114,0.396026818,-0.724284512,-0.274135974,-0.106439275,-0.596906633,-0.151226929,0.225733957,-0.766581882,-0.244924448,0.292429533,-0.626896782,-0.239595956,0.269126851,-0.525949027,-0.227732968,-0.069532683,-0.470708352,-0.202719685,0.243960187,-0.642397155,-0.276542674,0.278344847,-0.514912484,-0.224664442,0.24064984,-0.419584168,-0.179287254,8.67E-05,-0.347592185,-0.258026243,0.240835612,-0.511295348,-0.286154666,0.279245999,-0.439245829,-0.241138844,0.258560364,-0.36943555,-0.204826549,165.7327822,174.8881048,125.3088457,153.0108084,88.03176485,141.3250835,73.23192585,146.1626622,81.96140006,140.689082,0,0,0,0,0,0,0,0,0,0,0,0,0,0,0,0,0,0,0,0,0,0,0,0,0,0,0,0,0,0,0,0,0,0,0,0,0,0,0,0,0,0,0,0,0,0,0,0,0,0,0,0,0,0,0,0,0,0,0,0,0,0,0,0,0,0,0,0,0,0,0,0,0,MALE
0,0,0,0.109042553,-0.285119533,-0.013893335,0.164833716,-0.568891122,-0.071710636,0.251271127,-0.766607476,-0.140409169,0.324528262,-0.925076695,-0.197267622,-0.105057395,-0.718945484,-0.109337488,0.173510134,-0.885171599,-0.211153722,0.318877767,-0.818606361,-0.253457686,0.390256987,-0.73132264,-0.268658166,-0.112360481,-0.605927148,-0.151460015,0.219917725,-0.764589984,-0.241413566,0.280815613,-0.620747374,-0.230790972,0.252741478,-0.526966637,-0.214770477,-0.074857793,-0.481743501,-0.198312461,0.23814605,-0.641202505,-0.264467988,0.274953592,-0.516727694,-0.20665238,0.235505255,-0.428477363,-0.158931594,-0.007517877,-0.358728929,-0.249835296,0.231247895,-0.509000505,-0.273554525,0.263458984,-0.437194548,-0.227153228,0.229418015,-0.371912786,-0.190410234,166.3395887,178.7078745,126.8670113,153.4242757,86.57740523,140.3028328,76.15792392,143.3579851,80.65525273,134.7846168,0,0,0,0,0,0,0,0,0,0,0,0,0,0,0,0,0,0,0,0,0,0,0,0,0,0,0,0,0,0,0,0,0,0,0,0,0,0,0,0,0,0,0,0,0,0,0,0,0,0,0,0,0,0,0,0,0,0,0,0,0,0,0,0,0,0,0,0,0,0,0,0,0,MALE
0,0,0,0.097119513,-0.29324671,-0.026484125,0.151215012,-0.581321764,-0.095270618,0.245028809,-0.782829296,-0.172129164,0.324208069,-0.915973395,-0.236393458,-0.112879968,-0.727245574,-0.131833397,0.171811141,-0.882211552,-0.236451316,0.307765058,-0.809920354,-0.276618325,0.37062127,-0.718349377,-0.290106755,-0.122938472,-0.612416089,-0.170511934,0.205936336,-0.774169251,-0.26192808,0.281187935,-0.632595596,-0.249642643,0.271262503,-0.527469548,-0.233346728,-0.086046035,-0.487910852,-0.213967959,0.230026411,-0.649876886,-0.281908162,0.27891827,-0.526364077,-0.22266426,0.251700118,-0.427382818,-0.173886178,-0.017681135,-0.366683018,-0.263153724,0.219844483,-0.523806038,-0.285612596,0.263446085,-0.450101699,-0.23727515,0.244000203,-0.374337632,-0.199885503,165.0407906,173.5727437,125.7980581,151.9041124,90.68415969,146.5544255,80.61511193,146.4919466,85.28400367,140.1283282,0,0,0,0,0,0,0,0,0,0,0,0,0,0,0,0,0,0,0,0,0,0,0,0,0,0,0,0,0,0,0,0,0,0,0,0,0,0,0,0,0,0,0,0,0,0,0,0,0,0,0,0,0,0,0,0,0,0,0,0,0,0,0,0,0,0,0,0,0,0,0,0,0,MALE
0,0,0,0.102863997,-0.290819075,-0.006882841,0.18641812,-0.58577083,-0.065280416,0.300250592,-0.771055534,-0.135437738,0.389568734,-0.900423205,-0.193582677,-0.059894012,-0.737755843,-0.111999262,0.231975615,-0.878911339,-0.21113772,0.367015912,-0.796170912,-0.247725028,0.430753279,-0.702075852,-0.258355414,-0.067381724,-0.62736297,-0.15928029,0.270473364,-0.772748619,-0.245129279,0.321752648,-0.627545759,-0.229379698,0.288578584,-0.533263644,-0.209868919,-0.027576623,-0.5041314,-0.210001718,0.28735868,-0.641072098,-0.268063914,0.307277707,-0.508404851,-0.203904768,0.254616419,-0.423192196,-0.153445713,0.042125895,-0.379938538,-0.265470244,0.281691387,-0.516586391,-0.276669231,0.296313284,-0.431470995,-0.221815683,0.246458341,-0.363431489,-0.182132156,163.1804897,176.2017917,124.686959,154.7470247,84.958893,141.2601733,72.44851852,143.9923763,71.96768321,139.3739834,0,0,0,0,0,0,0,0,0,0,0,0,0,0,0,0,0,0,0,0,0,0,0,0,0,0,0,0,0,0,0,0,0,0,0,0,0,0,0,0,0,0,0,0,0,0,0,0,0,0,0,0,0,0,0,0,0,0,0,0,0,0,0,0,0,0,0,0,0,0,0,0,0,MALE
0,0,0,0.109632228,-0.26870649,-0.029868434,0.175297251,-0.56600646,-0.086338518,0.271809339,-0.767388362,-0.145743631,0.360041408,-0.913331044,-0.19025401,-0.083728243,-0.704988832,-0.136175875,0.206990018,-0.856288056,-0.225278778,0.34369301,-0.783039887,-0.248132825,0.397115216,-0.698147023,-0.249771156,-0.089103996,-0.591931814,-0.163645301,0.238680087,-0.760062401,-0.245118582,0.311795616,-0.625436537,-0.225251689,0.294243421,-0.523915426,-0.202945862,-0.047326808,-0.468171641,-0.194499233,0.267389803,-0.631910969,-0.252428139,0.315033264,-0.513098949,-0.194050224,0.282388812,-0.419604233,-0.146612792,0.026984747,-0.346526154,-0.2305724,0.267529782,-0.501577289,-0.250692216,0.303836566,-0.439877114,-0.209823691,0.278475445,-0.377969938,-0.177635938,166.4390104,174.6048449,125.2060364,149.5557506,89.71764153,141.9656615,81.08018492,142.899537,85.98610569,133.5163507,0,0,0,0,0,0,0,0,0,0,0,0,0,0,0,0,0,0,0,0,0,0,0,0,0,0,0,0,0,0,0,0,0,0,0,0,0,0,0,0,0,0,0,0,0,0,0,0,0,0,0,0,0,0,0,0,0,0,0,0,0,0,0,0,0,0,0,0,0,0,0,0,0,MALE
0,0,0,0.126551818,-0.270800922,-0.019636637,0.180829799,-0.555391056,-0.074461752,0.256230348,-0.759321282,-0.139138558,0.327651569,-0.924916138,-0.192807121,-0.092737329,-0.710106792,-0.106309373,0.177795939,-0.87696686,-0.206989568,0.319931241,-0.826840359,-0.250730736,0.385148057,-0.746772716,-0.265706204,-0.101012763,-0.605646937,-0.143504728,0.222064565,-0.772041365,-0.232459923,0.301157731,-0.635035198,-0.225730561,0.287968513,-0.537895569,-0.210974573,-0.06402413,-0.485535097,-0.185693153,0.245536826,-0.647864968,-0.25554767,0.292614009,-0.521681385,-0.20402822,0.25859264,-0.42744846,-0.157687374,0.001587284,-0.365478736,-0.23234481,0.24042929,-0.519153927,-0.260274981,0.281647222,-0.447946574,-0.217401806,0.258508787,-0.377608669,-0.180993701,169.0720701,177.0482307,131.2367717,148.331903,92.08707942,141.9681492,79.339161,142.7837283,85.02610784,137.1827889,0,0,0,0,0,0,0,0,0,0,0,0,0,0,0,0,0,0,0,0,0,0,0,0,0,0,0,0,0,0,0,0,0,0,0,0,0,0,0,0,0,0,0,0,0,0,0,0,0,0,0,0,0,0,0,0,0,0,0,0,0,0,0,0,0,0,0,0,0,0,0,0,0,MALE
0,0,0,0.111797007,-0.303939989,-0.009885682,0.172696267,-0.591452083,-0.062929657,0.263090997,-0.783896312,-0.127634373,0.337636811,-0.923678108,-0.181163287,-0.083973857,-0.739613915,-0.099969539,0.201210462,-0.881101715,-0.198349197,0.337717843,-0.817909634,-0.239626478,0.404785031,-0.73642265,-0.25474431,-0.090357551,-0.623118775,-0.144305918,0.235563056,-0.771834798,-0.23571435,0.294476356,-0.639705979,-0.231238551,0.27061337,-0.540892021,-0.218718335,-0.053950463,-0.493880609,-0.19245238,0.256869472,-0.646813237,-0.257633825,0.28775879,-0.526733432,-0.203035665,0.249061423,-0.433158029,-0.156489112,0.010166118,-0.366047837,-0.245155316,0.246476359,-0.517423388,-0.265018364,0.272205612,-0.445088834,-0.218192358,0.23829027,-0.372368295,-0.181317273,165.5291456,176.6887289,130.9264516,153.8470135,89.08161678,142.1503891,75.04744819,146.4401979,76.74859117,140.3426136,0,0,0,0,0,0,0,0,0,0,0,0,0,0,0,0,0,0,0,0,0,0,0,0,0,0,0,0,0,0,0,0,0,0,0,0,0,0,0,0,0,0,0,0,0,0,0,0,0,0,0,0,0,0,0,0,0,0,0,0,0,0,0,0,0,0,0,0,0,0,0,0,0,MALE
0,0,0,0.106544836,-0.286982223,-0.010621141,0.173632275,-0.572505824,-0.068314865,0.273983652,-0.763673445,-0.136545403,0.352720383,-0.915700966,-0.192561866,-0.079357435,-0.724655212,-0.119750456,0.204574522,-0.877978654,-0.219563428,0.348151088,-0.801503312,-0.257011222,0.414771472,-0.709708655,-0.267608961,-0.088772806,-0.611289794,-0.162139095,0.239553026,-0.766229295,-0.244966123,0.313512403,-0.625042091,-0.229817033,0.298788639,-0.526802978,-0.212533432,-0.051729605,-0.486165949,-0.20796244,0.267148337,-0.633667112,-0.266337587,0.309834277,-0.506058769,-0.205743554,0.2729663,-0.411516094,-0.157654189,0.016129871,-0.363063968,-0.258264337,0.261287119,-0.508877929,-0.27383186,0.293422048,-0.436532402,-0.224287452,0.25752396,-0.367993604,-0.18661597,164.5854974,179.18877,125.5441259,153.2528543,91.10766611,143.8926341,80.41936028,143.983197,82.58697637,134.8818339,0,0,0,0,0,0,0,0,0,0,0,0,0,0,0,0,0,0,0,0,0,0,0,0,0,0,0,0,0,0,0,0,0,0,0,0,0,0,0,0,0,0,0,0,0,0,0,0,0,0,0,0,0,0,0,0,0,0,0,0,0,0,0,0,0,0,0,0,0,0,0,0,0,MALE
0,0,0,0.109968569,-0.270035167,-0.018613483,0.171648028,-0.562129588,-0.07634163,0.262594669,-0.763441269,-0.143750915,0.335654589,-0.920469685,-0.200178808,-0.089889314,-0.724189468,-0.115607652,0.198830229,-0.877414077,-0.218322375,0.346704784,-0.815857277,-0.259840667,0.42471486,-0.728434203,-0.273944122,-0.101521842,-0.611902599,-0.154717124,0.243034757,-0.764003463,-0.251451199,0.303166683,-0.604747696,-0.241444459,0.274604707,-0.494206328,-0.22300939,-0.065869881,-0.488373567,-0.198574391,0.265822141,-0.640842728,-0.271329674,0.294325842,-0.491644318,-0.213059145,0.2500775,-0.390379363,-0.162168362,0.003387089,-0.366506692,-0.247025556,0.259620226,-0.512397713,-0.275139454,0.278429403,-0.41994339,-0.229950256,0.23299197,-0.34585528,-0.192950136,166.5523772,178.672825,131.4460028,153.6708629,86.13302422,144.5760914,73.17122169,148.1416696,71.29135944,140.8815814,0,0,0,0,0,0,0,0,0,0,0,0,0,0,0,0,0,0,0,0,0,0,0,0,0,0,0,0,0,0,0,0,0,0,0,0,0,0,0,0,0,0,0,0,0,0,0,0,0,0,0,0,0,0,0,0,0,0,0,0,0,0,0,0,0,0,0,0,0,0,0,0,0,MALE
0,0,0,0.121557849,-0.276737135,-0.019899474,0.202455284,-0.57313389,-0.07820115,0.300198882,-0.760655278,-0.145221864,0.369925011,-0.907319209,-0.199818265,-0.076694755,-0.728836652,-0.122859159,0.210935733,-0.874368305,-0.221244161,0.3540227,-0.805991645,-0.258527375,0.427680882,-0.723475192,-0.270645066,-0.085277983,-0.604872362,-0.162738613,0.249635399,-0.770567828,-0.253725537,0.31518255,-0.625281161,-0.240345642,0.290456013,-0.519890539,-0.220578315,-0.044090322,-0.472600966,-0.206991693,0.275709466,-0.629376969,-0.271599476,0.3140841,-0.497429635,-0.211552236,0.273062672,-0.404669891,-0.161103517,0.032015779,-0.342754218,-0.256524719,0.279126554,-0.498257889,-0.273468139,0.302496943,-0.423647344,-0.224231258,0.257895642,-0.357001959,-0.187407581,166.2836721,177.711511,129.4297289,156.5711598,86.88930331,142.4511732,76.91084849,143.7173477,75.72940689,134.7758378,0,0,0,0,0,0,0,0,0,0,0,0,0,0,0,0,0,0,0,0,0,0,0,0,0,0,0,0,0,0,0,0,0,0,0,0,0,0,0,0,0,0,0,0,0,0,0,0,0,0,0,0,0,0,0,0,0,0,0,0,0,0,0,0,0,0,0,0,0,0,0,0,0,MALE
0,0,0,0.121557849,-0.276737135,-0.019899474,0.202455284,-0.57313389,-0.07820115,0.300198882,-0.760655278,-0.145221864,0.369925011,-0.907319209,-0.199818265,-0.076694755,-0.728836652,-0.122859159,0.210935733,-0.874368305,-0.221244161,0.3540227,-0.805991645,-0.258527375,0.427680882,-0.723475192,-0.270645066,-0.085277983,-0.604872362,-0.162738613,0.249635399,-0.770567828,-0.253725537,0.31518255,-0.625281161,-0.240345642,0.290456013,-0.519890539,-0.220578315,-0.044090322,-0.472600966,-0.206991693,0.275709466,-0.629376969,-0.271599476,0.3140841,-0.497429635,-0.211552236,0.273062672,-0.404669891,-0.161103517,0.032015779,-0.342754218,-0.256524719,0.279126554,-0.498257889,-0.273468139,0.302496943,-0.423647344,-0.224231258,0.257895642,-0.357001959,-0.187407581,166.2836721,177.711511,129.4297289,156.5711598,86.88930331,142.4511732,76.91084849,143.7173477,75.72940689,134.7758378,0,0,0,0,0,0,0,0,0,0,0,0,0,0,0,0,0,0,0,0,0,0,0,0,0,0,0,0,0,0,0,0,0,0,0,0,0,0,0,0,0,0,0,0,0,0,0,0,0,0,0,0,0,0,0,0,0,0,0,0,0,0,0,0,0,0,0,0,0,0,0,0,0,MALE
0,0,0,0.110708182,-0.288344272,-0.009604093,0.175427581,-0.581243199,-0.063004143,0.267925125,-0.780021401,-0.127769259,0.334333161,-0.925034704,-0.180366667,-0.083127142,-0.718219294,-0.104984364,0.190234151,-0.891059809,-0.203691862,0.319287142,-0.810630158,-0.244360236,0.372319619,-0.721573874,-0.258626867,-0.089560291,-0.611425594,-0.148755452,0.237560754,-0.765053973,-0.235385988,0.28936836,-0.620330865,-0.223826776,0.254016772,-0.528445546,-0.208210401,-0.051071401,-0.492558222,-0.196818023,0.260480496,-0.644448371,-0.256935709,0.28639034,-0.515415764,-0.19698219,0.241087014,-0.427329248,-0.149533185,0.015796407,-0.374677008,-0.2499057,0.249751996,-0.521270519,-0.266127681,0.273534654,-0.442807303,-0.216822509,0.239750456,-0.372465347,-0.180322381,166.2769417,178.1109868,118.4903911,152.3321143,83.69908202,139.2814012,72.69834368,145.1565779,75.24780209,142.2277783,0,0,0,0,0,0,0,0,0,0,0,0,0,0,0,0,0,0,0,0,0,0,0,0,0,0,0,0,0,0,0,0,0,0,0,0,0,0,0,0,0,0,0,0,0,0,0,0,0,0,0,0,0,0,0,0,0,0,0,0,0,0,0,0,0,0,0,0,0,0,0,0,0,MALE
0,0,0,0.105580031,-0.277699123,-0.016852556,0.173251721,-0.566635391,-0.069879166,0.270865797,-0.767990824,-0.132278258,0.345551021,-0.920486933,-0.182478211,-0.090121405,-0.705491229,-0.10518678,0.189202249,-0.871825264,-0.202319446,0.324243509,-0.799900178,-0.24404545,0.38212525,-0.71197914,-0.259092226,-0.088126458,-0.596618414,-0.143699826,0.230432842,-0.752489113,-0.230113378,0.284898398,-0.615822791,-0.224722247,0.251193666,-0.516065475,-0.2134686,-0.043529893,-0.47572571,-0.186793374,0.258263157,-0.637657097,-0.24720353,0.285715503,-0.517238422,-0.194543844,0.242314331,-0.426356825,-0.15191281,0.027823826,-0.358652477,-0.23490184,0.255223771,-0.509631606,-0.252382699,0.276139484,-0.435624661,-0.207996474,0.241086172,-0.364161903,-0.174552586,166.4877466,178.965096,123.6398714,151.1277166,85.28476192,139.5168955,72.044142,144.7847221,72.77297289,141.9799396,0,0,0,0,0,0,0,0,0,0,0,0,0,0,0,0,0,0,0,0,0,0,0,0,0,0,0,0,0,0,0,0,0,0,0,0,0,0,0,0,0,0,0,0,0,0,0,0,0,0,0,0,0,0,0,0,0,0,0,0,0,0,0,0,0,0,0,0,0,0,0,0,0,MALE
0,0,0,0.10638546,-0.278119483,-0.004560184,0.173553748,-0.579447842,-0.050568802,0.269106491,-0.780171977,-0.108515841,0.351601539,-0.923411012,-0.153910561,-0.076214875,-0.731124098,-0.095927709,0.204511633,-0.908696585,-0.190136317,0.323350191,-0.82684598,-0.229772083,0.362315032,-0.742626163,-0.244662379,-0.079285971,-0.623282732,-0.140913008,0.240204128,-0.788470369,-0.224998924,0.290014085,-0.641903669,-0.220446407,0.246222963,-0.543471753,-0.211006011,-0.037231064,-0.502588735,-0.189180687,0.269094728,-0.672602971,-0.250017482,0.294124811,-0.535358184,-0.196607262,0.246306367,-0.442925392,-0.154100484,0.033893543,-0.381949635,-0.241053849,0.268507405,-0.541331874,-0.258493994,0.288190758,-0.449177376,-0.211864568,0.253307711,-0.369329305,-0.178096925,165.9609454,175.5792517,115.8892564,149.4632275,81.27237137,137.1961421,69.13985248,145.0152059,68.63888093,147.0603911,0,0,0,0,0,0,0,0,0,0,0,0,0,0,0,0,0,0,0,0,0,0,0,0,0,0,0,0,0,0,0,0,0,0,0,0,0,0,0,0,0,0,0,0,0,0,0,0,0,0,0,0,0,0,0,0,0,0,0,0,0,0,0,0,0,0,0,0,0,0,0,0,0,MALE
0,0,0,0.108605695,-0.287542324,-0.006534758,0.178482127,-0.577452889,-0.05755262,0.279771734,-0.767080909,-0.12103903,0.3585063,-0.917394065,-0.172804404,-0.074464659,-0.731040113,-0.098781262,0.211282636,-0.878039173,-0.19747972,0.349091051,-0.80959508,-0.237001239,0.409072211,-0.721152466,-0.24908539,-0.078427257,-0.617778841,-0.14415582,0.246286719,-0.773417678,-0.232614795,0.307793299,-0.635918054,-0.223647086,0.278343738,-0.535185031,-0.207531703,-0.040227257,-0.49108561,-0.193803528,0.271377845,-0.646909764,-0.255532423,0.307518395,-0.52091057,-0.198602315,0.263202524,-0.42864641,-0.15098941,0.026650857,-0.365543671,-0.24786921,0.267414929,-0.515507161,-0.26495061,0.293554948,-0.440101306,-0.217080419,0.25087071,-0.370114532,-0.179986283,164.3028767,179.1660535,128.462325,150.0002639,87.72458346,139.4996496,76.4044519,142.1202827,77.25990351,135.1528251,0,0,0,0,0,0,0,0,0,0,0,0,0,0,0,0,0,0,0,0,0,0,0,0,0,0,0,0,0,0,0,0,0,0,0,0,0,0,0,0,0,0,0,0,0,0,0,0,0,0,0,0,0,0,0,0,0,0,0,0,0,0,0,0,0,0,0,0,0,0,0,0,0,MALE
0,0,0,0.118602012,-0.274319999,-0.015308658,0.182690912,-0.565447776,-0.0694487,0.268956285,-0.761854948,-0.134164986,0.339636797,-0.921763993,-0.187077491,-0.08525877,-0.716191345,-0.109582955,0.202160182,-0.872368819,-0.213435749,0.35321051,-0.802658516,-0.256159181,0.421722377,-0.708924042,-0.269134191,-0.090734919,-0.597779107,-0.150840764,0.244083764,-0.759059464,-0.240372441,0.320110226,-0.614807204,-0.228430113,0.300473278,-0.515408108,-0.210091416,-0.051839055,-0.464300419,-0.197295443,0.264119324,-0.627212053,-0.264053405,0.311813356,-0.49957108,-0.205676247,0.274847185,-0.406755147,-0.155218293,0.019376875,-0.333167259,-0.24831446,0.25859389,-0.500896032,-0.271400809,0.297511851,-0.437064172,-0.223367551,0.267030924,-0.372241415,-0.18409375,167.2405766,179.4939617,128.8330896,150.337684,91.02749935,140.8963987,79.66235453,141.7451911,84.47943757,131.7898416,0,0,0,0,0,0,0,0,0,0,0,0,0,0,0,0,0,0,0,0,0,0,0,0,0,0,0,0,0,0,0,0,0,0,0,0,0,0,0,0,0,0,0,0,0,0,0,0,0,0,0,0,0,0,0,0,0,0,0,0,0,0,0,0,0,0,0,0,0,0,0,0,0,MALE
0,0,0,0.099458916,-0.276392296,-0.014264224,0.165896743,-0.567268722,-0.069886374,0.264750103,-0.762868465,-0.135127007,0.342003499,-0.920531457,-0.188826491,-0.096303591,-0.706628729,-0.114355608,0.180775972,-0.87230156,-0.212184426,0.330560058,-0.816071012,-0.2495671,0.403572262,-0.731773976,-0.2600899,-0.100441195,-0.594445471,-0.154602615,0.226639977,-0.760799554,-0.240444457,0.301294052,-0.621489427,-0.225511657,0.283865601,-0.51846871,-0.205647171,-0.060359948,-0.468417112,-0.198933751,0.256187759,-0.639694403,-0.258977917,0.301974756,-0.517652259,-0.197905188,0.265880818,-0.423939346,-0.148170069,0.009672385,-0.343005467,-0.2479858,0.253342103,-0.506405931,-0.266126458,0.284342958,-0.43736594,-0.21707825,0.248198484,-0.367152028,-0.178930906,165.1705629,179.0625907,130.2930955,150.8202922,89.9629161,142.2280607,78.94016007,142.6354406,79.97056392,135.0499597,0,0,0,0,0,0,0,0,0,0,0,0,0,0,0,0,0,0,0,0,0,0,0,0,0,0,0,0,0,0,0,0,0,0,0,0,0,0,0,0,0,0,0,0,0,0,0,0,0,0,0,0,0,0,0,0,0,0,0,0,0,0,0,0,0,0,0,0,0,0,0,0,0,MALE
0,0,0,0.101817512,-0.287539497,-0.01305168,0.166220523,-0.59111824,-0.06585227,0.261618488,-0.784958001,-0.129131152,0.349396928,-0.91942272,-0.180509412,-0.100640952,-0.72923389,-0.106196298,0.185867932,-0.881680613,-0.202066981,0.317460427,-0.814141924,-0.240497287,0.377331477,-0.745733966,-0.254596582,-0.100781018,-0.614397975,-0.148867278,0.227384143,-0.777667474,-0.237082198,0.293973907,-0.637662955,-0.228890244,0.270046122,-0.538137939,-0.214178932,-0.055702514,-0.487501779,-0.195343831,0.252067433,-0.646405472,-0.259708831,0.292637926,-0.516398297,-0.205057994,0.254195164,-0.423919816,-0.158497455,0.020617077,-0.360536726,-0.246207065,0.255043477,-0.519949791,-0.264076508,0.289807937,-0.441395441,-0.215874114,0.259752393,-0.368376187,-0.179208222,164.6207515,173.2045362,126.9528615,158.0502187,88.30757348,140.9062803,76.9320597,143.3733759,79.21878273,138.8558344,0,0,0,0,0,0,0,0,0,0,0,0,0,0,0,0,0,0,0,0,0,0,0,0,0,0,0,0,0,0,0,0,0,0,0,0,0,0,0,0,0,0,0,0,0,0,0,0,0,0,0,0,0,0,0,0,0,0,0,0,0,0,0,0,0,0,0,0,0,0,0,0,0,MALE
0,0,0,0.083012104,-0.287299796,-0.019638329,0.147068409,-0.585359055,-0.082423191,0.249406798,-0.783782767,-0.153638624,0.337450424,-0.917082835,-0.212335312,-0.120199383,-0.720242937,-0.129463127,0.175912065,-0.89401189,-0.230457084,0.324960727,-0.818569778,-0.26915191,0.39581815,-0.725235745,-0.281646365,-0.121286835,-0.606977252,-0.170429386,0.221217063,-0.773622614,-0.26126315,0.285626335,-0.623419021,-0.247696734,0.252602108,-0.518491119,-0.229693537,-0.074372395,-0.480970554,-0.214925446,0.24473138,-0.644424499,-0.2815422,0.28145939,-0.503644411,-0.22082053,0.238356224,-0.40533963,-0.170850117,0.0058018,-0.357204293,-0.264214416,0.246727746,-0.518187896,-0.286375556,0.278781204,-0.429950268,-0.236087104,0.247431411,-0.351586006,-0.197211955,164.1435176,173.6466744,124.6964124,153.5003348,86.24770156,139.3893966,74.529346,144.9948693,75.79190377,142.6217456,0,0,0,0,0,0,0,0,0,0,0,0,0,0,0,0,0,0,0,0,0,0,0,0,0,0,0,0,0,0,0,0,0,0,0,0,0,0,0,0,0,0,0,0,0,0,0,0,0,0,0,0,0,0,0,0,0,0,0,0,0,0,0,0,0,0,0,0,0,0,0,0,0,MALE
0,0,0,0.098605089,-0.287378762,-0.005487588,0.15936912,-0.585545705,-0.056401061,0.253342525,-0.784729207,-0.12000259,0.339832406,-0.924645405,-0.171886043,-0.093740002,-0.732516284,-0.092160276,0.195696342,-0.890091032,-0.190772326,0.340667663,-0.837185756,-0.232560059,0.416767515,-0.756735938,-0.24720568,-0.09903477,-0.62199291,-0.13660721,0.23974684,-0.779599941,-0.229608143,0.29518565,-0.631584054,-0.221251081,0.264043327,-0.523373832,-0.203452895,-0.057657697,-0.501514893,-0.185389319,0.263719856,-0.655781756,-0.252753193,0.286167629,-0.52235435,-0.196839883,0.237335764,-0.426343916,-0.147657497,0.012715771,-0.380163955,-0.238079271,0.261504627,-0.522992683,-0.25916308,0.279882971,-0.44618326,-0.213753635,0.235838284,-0.376961096,-0.17732705,165.064265,173.636844,133.3357839,152.9070869,84.98862547,143.1474437,71.17881306,146.5449256,73.69905522,138.8822684,0,0,0,0,0,0,0,0,0,0,0,0,0,0,0,0,0,0,0,0,0,0,0,0,0,0,0,0,0,0,0,0,0,0,0,0,0,0,0,0,0,0,0,0,0,0,0,0,0,0,0,0,0,0,0,0,0,0,0,0,0,0,0,0,0,0,0,0,0,0,0,0,0,MALE
0,0,0,0.118349886,-0.290861739,-0.008029139,0.17271922,-0.579816342,-0.059800453,0.255593594,-0.777387992,-0.124633217,0.331529766,-0.926937411,-0.175712978,-0.098660453,-0.731618224,-0.096839491,0.18299475,-0.90058496,-0.198561692,0.311748712,-0.807584338,-0.238261049,0.355820509,-0.709810905,-0.249973411,-0.103093437,-0.617788078,-0.140947247,0.229226014,-0.778598123,-0.230744601,0.295694961,-0.624311442,-0.218610788,0.268994008,-0.526385447,-0.2003917,-0.063349883,-0.4941038,-0.190381976,0.248639522,-0.64783165,-0.256889474,0.283386394,-0.512301676,-0.198376795,0.238412977,-0.418875318,-0.148221837,0.003343359,-0.371598336,-0.244286865,0.243552593,-0.518518857,-0.26728104,0.274109291,-0.449515597,-0.221467114,0.235907018,-0.385520657,-0.184273054,166.3831818,175.9851328,115.899133,149.5838088,86.5856122,141.2928075,75.01558349,143.4542398,81.11739068,132.3316342,0,0,0,0,0,0,0,0,0,0,0,0,0,0,0,0,0,0,0,0,0,0,0,0,0,0,0,0,0,0,0,0,0,0,0,0,0,0,0,0,0,0,0,0,0,0,0,0,0,0,0,0,0,0,0,0,0,0,0,0,0,0,0,0,0,0,0,0,0,0,0,0,0,MALE
0,0,0,0.118349886,-0.290861739,-0.008029139,0.17271922,-0.579816342,-0.059800453,0.255593594,-0.777387992,-0.124633217,0.331529766,-0.926937411,-0.175712978,-0.098660453,-0.731618224,-0.096839491,0.18299475,-0.90058496,-0.198561692,0.311748712,-0.807584338,-0.238261049,0.355820509,-0.709810905,-0.249973411,-0.103093437,-0.617788078,-0.140947247,0.229226014,-0.778598123,-0.230744601,0.295694961,-0.624311442,-0.218610788,0.268994008,-0.526385447,-0.2003917,-0.063349883,-0.4941038,-0.190381976,0.248639522,-0.64783165,-0.256889474,0.283386394,-0.512301676,-0.198376795,0.238412977,-0.418875318,-0.148221837,0.003343359,-0.371598336,-0.244286865,0.243552593,-0.518518857,-0.26728104,0.274109291,-0.449515597,-0.221467114,0.235907018,-0.385520657,-0.184273054,166.3831818,175.9851328,115.899133,149.5838088,86.5856122,141.2928075,75.01558349,143.4542398,81.11739068,132.3316342,0,0,0,0,0,0,0,0,0,0,0,0,0,0,0,0,0,0,0,0,0,0,0,0,0,0,0,0,0,0,0,0,0,0,0,0,0,0,0,0,0,0,0,0,0,0,0,0,0,0,0,0,0,0,0,0,0,0,0,0,0,0,0,0,0,0,0,0,0,0,0,0,0,MALE
0,0,0,0.120622343,-0.254667404,-0.049540574,0.184252069,-0.564572742,-0.11565811,0.26870056,-0.768103647,-0.181718347,0.353441841,-0.905898124,-0.233296922,-0.098379619,-0.718541879,-0.15884519,0.204479743,-0.872020331,-0.256561951,0.340342067,-0.802799392,-0.285342728,0.392635351,-0.7274343,-0.291735601,-0.107345318,-0.60374323,-0.179585975,0.245914407,-0.759510177,-0.276246792,0.297894041,-0.60930937,-0.259326972,0.255500164,-0.509568695,-0.236320335,-0.064259186,-0.478992757,-0.204737467,0.266042647,-0.62727276,-0.27549204,0.292198746,-0.495920737,-0.216556691,0.244412847,-0.410676018,-0.167269906,0.012172444,-0.35838414,-0.236448059,0.268961358,-0.498946556,-0.263073848,0.286793971,-0.413197317,-0.220568364,0.243019042,-0.346404512,-0.187658795,168.3299149,171.2778295,127.4470645,151.2091979,83.98214274,138.0283671,73.85867134,143.3630721,72.50022489,138.9887055,0,0,0,0,0,0,0,0,0,0,0,0,0,0,0,0,0,0,0,0,0,0,0,0,0,0,0,0,0,0,0,0,0,0,0,0,0,0,0,0,0,0,0,0,0,0,0,0,0,0,0,0,0,0,0,0,0,0,0,0,0,0,0,0,0,0,0,0,0,0,0,0,0,MALE
0,0,0,0.10918844,-0.291472884,-0.009437034,0.165016338,-0.577220895,-0.067237484,0.247573959,-0.77213289,-0.137234766,0.314246302,-0.928919327,-0.195852356,-0.107344422,-0.727978538,-0.112485889,0.173179385,-0.891757325,-0.217133432,0.317083269,-0.817993836,-0.259987105,0.38161563,-0.729427053,-0.274440634,-0.115360282,-0.609150203,-0.159085061,0.219116631,-0.776099381,-0.249130324,0.286021267,-0.63134464,-0.23569447,0.25887312,-0.540027906,-0.217912368,-0.078529156,-0.478675381,-0.209948757,0.238572577,-0.644342649,-0.274568613,0.277482561,-0.518240752,-0.211455319,0.233969801,-0.430939324,-0.160697927,-0.012649305,-0.350017093,-0.265418825,0.229413292,-0.514604926,-0.285557723,0.259280827,-0.443560826,-0.233041777,0.219000219,-0.377336196,-0.1927177,166.496016,179.1552288,125.0301815,152.7446951,87.20712709,138.6380722,76.26144156,141.1012206,78.36065698,133.5968377,0,0,0,0,0,0,0,0,0,0,0,0,0,0,0,0,0,0,0,0,0,0,0,0,0,0,0,0,0,0,0,0,0,0,0,0,0,0,0,0,0,0,0,0,0,0,0,0,0,0,0,0,0,0,0,0,0,0,0,0,0,0,0,0,0,0,0,0,0,0,0,0,0,MALE
0,0,0,0.087175515,-0.295509597,-0.002635054,0.15206043,-0.588341578,-0.055722702,0.261955282,-0.780552949,-0.1214686,0.352089305,-0.919289345,-0.175898327,-0.095839155,-0.720838485,-0.102845128,0.179136588,-0.893898332,-0.201660692,0.329283248,-0.837989594,-0.244323922,0.408125693,-0.758045389,-0.260255456,-0.09672147,-0.605764974,-0.15059502,0.230056198,-0.775911347,-0.237135567,0.304455211,-0.644132387,-0.227349864,0.289134035,-0.548984504,-0.212965459,-0.052203232,-0.480304123,-0.201775531,0.263278754,-0.649213311,-0.259295844,0.303675815,-0.533808689,-0.199998765,0.262532296,-0.449691578,-0.153767195,0.020390976,-0.357930402,-0.257581378,0.267406627,-0.51005768,-0.271095914,0.293027128,-0.44347088,-0.221686472,0.251913416,-0.382427868,-0.185557636,161.9917761,176.4403934,129.5146225,154.6068638,91.04166813,141.3406611,78.0969592,139.4694419,79.78768928,132.380501,0,0,0,0,0,0,0,0,0,0,0,0,0,0,0,0,0,0,0,0,0,0,0,0,0,0,0,0,0,0,0,0,0,0,0,0,0,0,0,0,0,0,0,0,0,0,0,0,0,0,0,0,0,0,0,0,0,0,0,0,0,0,0,0,0,0,0,0,0,0,0,0,0,MALE
0,0,0,0.101565273,-0.275693398,-0.030325496,0.188228347,-0.570575428,-0.098981229,0.301048746,-0.754697496,-0.172552292,0.385726102,-0.892874331,-0.232359211,-0.076386702,-0.72018275,-0.152926905,0.228740439,-0.869203212,-0.255366301,0.367686902,-0.786775269,-0.288962253,0.428841705,-0.697106551,-0.29695994,-0.083647737,-0.595367333,-0.18671698,0.262386331,-0.758699865,-0.279524156,0.323034004,-0.61123674,-0.261303251,0.292055559,-0.506367383,-0.239091685,-0.040129238,-0.464614911,-0.223915907,0.286722733,-0.617375246,-0.285498956,0.321006133,-0.491868188,-0.221057454,0.27732883,-0.404717479,-0.170327331,0.037277281,-0.340538842,-0.267245755,0.291895991,-0.484792535,-0.281746312,0.309703519,-0.408124493,-0.231036244,0.259561712,-0.345239606,-0.194578245,164.1753534,178.4756189,124.9797731,154.1104304,85.65235984,141.372337,77.02101091,142.8004913,74.65360345,134.3206424,0,0,0,0,0,0,0,0,0,0,0,0,0,0,0,0,0,0,0,0,0,0,0,0,0,0,0,0,0,0,0,0,0,0,0,0,0,0,0,0,0,0,0,0,0,0,0,0,0,0,0,0,0,0,0,0,0,0,0,0,0,0,0,0,0,0,0,0,0,0,0,0,0,MALE
0,0,0,0.100396171,-0.310227804,-0.004262403,0.183583744,-0.607204117,-0.05482864,0.304423186,-0.786996443,-0.116841007,0.382016969,-0.909019324,-0.166574019,-0.077683514,-0.730681705,-0.099085323,0.204719722,-0.883138226,-0.197381145,0.350471916,-0.824622957,-0.240255819,0.426473609,-0.745416974,-0.255914215,-0.072026334,-0.605472022,-0.147351851,0.250312913,-0.782467945,-0.242655156,0.315956244,-0.660475011,-0.241082302,0.288317804,-0.554135199,-0.22804138,-0.025065107,-0.473936606,-0.198738812,0.278562964,-0.65031611,-0.25879901,0.32080257,-0.538685801,-0.204810791,0.27980083,-0.446183079,-0.157972096,0.050113929,-0.347877051,-0.255139073,0.283160754,-0.519756692,-0.267828409,0.318923692,-0.464626266,-0.221282569,0.287824996,-0.402133342,-0.185259716,160.990036,176.6512203,131.8427458,155.1620589,89.36562075,136.8221109,77.49262397,139.5959311,85.74484254,129.3344774,0,0,0,0,0,0,0,0,0,0,0,0,0,0,0,0,0,0,0,0,0,0,0,0,0,0,0,0,0,0,0,0,0,0,0,0,0,0,0,0,0,0,0,0,0,0,0,0,0,0,0,0,0,0,0,0,0,0,0,0,0,0,0,0,0,0,0,0,0,0,0,0,0,MALE
0,0,0,0.095716458,-0.28786102,-0.011226138,0.156318625,-0.583656639,-0.061623779,0.250497568,-0.777998678,-0.123326639,0.334345651,-0.926557633,-0.172348306,-0.104353679,-0.720084394,-0.09501662,0.17914978,-0.8943789,-0.194939241,0.318688881,-0.836712397,-0.238214342,0.383091799,-0.759660903,-0.253707544,-0.100085409,-0.605840725,-0.137002969,0.231696035,-0.773367117,-0.230303918,0.28675116,-0.638323759,-0.224219783,0.251245104,-0.540688982,-0.208654494,-0.052523046,-0.48430931,-0.183947248,0.259659794,-0.646085793,-0.250048037,0.285050535,-0.519973534,-0.193630624,0.237658375,-0.431654315,-0.145009575,0.022502785,-0.363541441,-0.235637214,0.261796132,-0.512139078,-0.255147305,0.279896548,-0.431438124,-0.207351317,0.239678988,-0.360816918,-0.169802849,164.6475571,176.5174664,128.309391,152.0636726,84.94900228,137.6068434,71.18999039,144.1070096,71.42246486,142.2897203,0,0,0,0,0,0,0,0,0,0,0,0,0,0,0,0,0,0,0,0,0,0,0,0,0,0,0,0,0,0,0,0,0,0,0,0,0,0,0,0,0,0,0,0,0,0,0,0,0,0,0,0,0,0,0,0,0,0,0,0,0,0,0,0,0,0,0,0,0,0,0,0,0,MALE
0,0,0,0.128581219,-0.279497701,-0.020251479,0.191706653,-0.575790301,-0.078209037,0.271507332,-0.774019885,-0.145847044,0.348184482,-0.915690417,-0.200695358,-0.089753533,-0.71805773,-0.111936382,0.189264489,-0.885082129,-0.21499481,0.330912129,-0.817210675,-0.257591911,0.400994599,-0.728590311,-0.272846694,-0.098663622,-0.603060339,-0.151490938,0.230373775,-0.773809614,-0.246737592,0.303003756,-0.629796648,-0.239240891,0.285957677,-0.525666533,-0.223574127,-0.058040374,-0.48117512,-0.196442807,0.256894514,-0.637338603,-0.266615137,0.299786327,-0.506439962,-0.210770954,0.262484583,-0.413017512,-0.162734122,0.014742434,-0.363635836,-0.246706539,0.254259143,-0.505641698,-0.268875011,0.282418908,-0.421840801,-0.221818692,0.244426685,-0.348779576,-0.18557275,168.2737229,173.6869002,125.9277982,153.4044914,88.69624655,143.6630996,78.24815687,143.4503922,77.19873753,138.5884957,0,0,0,0,0,0,0,0,0,0,0,0,0,0,0,0,0,0,0,0,0,0,0,0,0,0,0,0,0,0,0,0,0,0,0,0,0,0,0,0,0,0,0,0,0,0,0,0,0,0,0,0,0,0,0,0,0,0,0,0,0,0,0,0,0,0,0,0,0,0,0,0,0,MALE
0,0,0,0.116414802,-0.28426142,-0.013388591,0.191665276,-0.585204098,-0.06631925,0.287893664,-0.778409727,-0.129041664,0.352366264,-0.918529993,-0.179278185,-0.084601616,-0.740919008,-0.110492756,0.21296599,-0.883107543,-0.208846151,0.355343395,-0.809624451,-0.247332699,0.4230643,-0.725184556,-0.260233915,-0.089770685,-0.622399808,-0.152573423,0.250164907,-0.781853635,-0.245222049,0.317625648,-0.637541676,-0.2355934,0.293506316,-0.533835774,-0.218649853,-0.047169578,-0.492046689,-0.198416075,0.270646436,-0.638230672,-0.265252995,0.304178905,-0.507409386,-0.207954443,0.259896995,-0.419304326,-0.159136089,0.027472494,-0.365577427,-0.248801437,0.274998139,-0.506420038,-0.266217252,0.29790259,-0.427976306,-0.216663326,0.252902611,-0.363200681,-0.179334448,166.237619,177.4547017,129.0192334,155.481018,89.09871901,141.6908368,76.38845285,142.6841748,76.76814675,135.0290652,0,0,0,0,0,0,0,0,0,0,0,0,0,0,0,0,0,0,0,0,0,0,0,0,0,0,0,0,0,0,0,0,0,0,0,0,0,0,0,0,0,0,0,0,0,0,0,0,0,0,0,0,0,0,0,0,0,0,0,0,0,0,0,0,0,0,0,0,0,0,0,0,0,MALE
0,0,0,0.117405534,-0.294842262,-0.015582987,0.17853282,-0.593770444,-0.06227409,0.264669991,-0.786358318,-0.117953258,0.336095921,-0.928173588,-0.159791495,-0.083985074,-0.735525269,-0.086950096,0.202720295,-0.877189007,-0.178089707,0.334541035,-0.813998927,-0.215298229,0.392115179,-0.737482808,-0.22730745,-0.080482198,-0.62169292,-0.122603371,0.242696317,-0.776080766,-0.20866673,0.307885596,-0.649613928,-0.204518162,0.285021407,-0.548683035,-0.190727227,-0.035215763,-0.499231198,-0.163033216,0.274432605,-0.645876827,-0.223285571,0.30963588,-0.527571543,-0.172435495,0.268777213,-0.437176563,-0.127114071,0.03722808,-0.379794877,-0.208440821,0.272013962,-0.518850872,-0.224288817,0.303211597,-0.451392279,-0.181120028,0.272324058,-0.388391091,-0.146365671,166.2979137,177.4038956,129.9846636,152.1423124,91.29585675,139.6799591,78.1810666,142.5581003,83.30302873,135.3308888,0,0,0,0,0,0,0,0,0,0,0,0,0,0,0,0,0,0,0,0,0,0,0,0,0,0,0,0,0,0,0,0,0,0,0,0,0,0,0,0,0,0,0,0,0,0,0,0,0,0,0,0,0,0,0,0,0,0,0,0,0,0,0,0,0,0,0,0,0,0,0,0,0,MALE
0,0,0,0.064012631,-0.281582409,-0.013644743,0.130169129,-0.570164113,-0.060156099,0.238779505,-0.766531396,-0.11478491,0.309324872,-0.937460085,-0.159645584,-0.093142548,-0.689243998,-0.092309004,0.174334739,-0.839000847,-0.18002917,0.324544092,-0.806394707,-0.219010516,0.415567827,-0.741322568,-0.232962843,-0.087071889,-0.573260042,-0.1276058,0.210133154,-0.748019786,-0.20076419,0.304238355,-0.648975339,-0.19442556,0.323686952,-0.553453963,-0.18342538,-0.043889199,-0.446568561,-0.166818502,0.247956379,-0.611161586,-0.217193041,0.315024505,-0.515702541,-0.168270183,0.30236713,-0.423743143,-0.127949391,0.02475052,-0.320617301,-0.21076751,0.250111042,-0.475447529,-0.223689698,0.29514856,-0.431412588,-0.182303605,0.275143473,-0.374239251,-0.149561373,163.5747076,173.6474832,139.9657498,156.0221596,102.210466,147.8539532,91.8678632,140.6565587,97.79143219,124.9311466,0,0,0,0,0,0,0,0,0,0,0,0,0,0,0,0,0,0,0,0,0,0,0,0,0,0,0,0,0,0,0,0,0,0,0,0,0,0,0,0,0,0,0,0,0,0,0,0,0,0,0,0,0,0,0,0,0,0,0,0,0,0,0,0,0,0,0,0,0,0,0,0,0,MALE
0,0,0,0.036138787,-0.259479991,-0.024186329,0.136690383,-0.549579908,-0.073682022,0.255386158,-0.749956877,-0.126480806,0.318458522,-0.93212915,-0.172393204,-0.023996196,-0.615266651,-0.139106339,0.269693504,-0.73819537,-0.235572123,0.415476589,-0.689915211,-0.27629803,0.496253764,-0.605651317,-0.287080301,-0.025193874,-0.462492562,-0.170349042,0.292992112,-0.636388421,-0.256438695,0.383676451,-0.55030349,-0.255481721,0.386194975,-0.450906924,-0.244758243,0.009602743,-0.298868398,-0.201319957,0.321898532,-0.44894779,-0.262466404,0.333950345,-0.351018899,-0.210313695,0.271752961,-0.270041891,-0.164806154,0.071924516,-0.142134205,-0.235541686,0.313089739,-0.285467205,-0.251573531,0.30508505,-0.226376775,-0.200924404,0.234906533,-0.166051809,-0.161614298,168.1183847,168.7306596,140.5402706,150.9569775,107.2277799,134.6930183,68.92190851,139.9715696,59.3387053,141.0414119,0,0,0,0,0,0,0,0,0,0,0,0,0,0,0,0,0,0,0,0,0,0,0,0,0,0,0,0,0,0,0,0,0,0,0,0,0,0,0,0,0,0,0,0,0,0,0,0,0,0,0,0,0,0,0,0,0,0,0,0,0,0,0,0,0,0,0,0,0,0,0,0,0,MALE
0,0,0,0.100029134,-0.2345949,-0.043868707,0.282576345,-0.471395078,-0.11321781,0.430217185,-0.645645741,-0.172741993,0.511582405,-0.82780424,-0.230268503,0.165428157,-0.481457595,-0.255772367,0.495813031,-0.548029841,-0.361603828,0.684382953,-0.474608759,-0.409776468,0.794137246,-0.384380302,-0.432331526,0.122460641,-0.290510364,-0.276929172,0.458848872,-0.372543341,-0.372074949,0.523087701,-0.295168089,-0.364056432,0.499753161,-0.225915204,-0.355648887,0.110119479,-0.073458776,-0.28993341,0.429313645,-0.137773375,-0.358780315,0.460883005,-0.091429129,-0.29472509,0.413707574,-0.051291134,-0.247335411,0.137316988,0.144580216,-0.304763384,0.390185318,0.067886508,-0.345027429,0.426286036,0.083575432,-0.295375928,0.399239939,0.09870121,-0.255326337,176.9651941,164.2992786,148.2857069,161.66668,113.5915525,121.9442534,95.43987953,120.8643536,110.4808137,112.9144157,0,0,0,0,0,0,0,0,0,0,0,0,0,0,0,0,0,0,0,0,0,0,0,0,0,0,0,0,0,0,0,0,0,0,0,0,0,0,0,0,0,0,0,0,0,0,0,0,0,0,0,0,0,0,0,0,0,0,0,0,0,0,0,0,0,0,0,0,0,0,0,0,0,MALE
